X,Y,Z
-5244679.360745672,1160916.8803461026,-3425675.3202683763
-5244351.678076949,1161244.4200888567,-3426065.9470395474
-5244436.1122935545,1160863.03697175,-3426065.9470395474
-5244520.518774973,1160481.647715422,-3426065.9470395474
-5244108.405806336,1161190.5528838802,-3426456.5556919817
-5243865.105808113,1161136.6795392444,-3426847.146214235
-5243949.532190891,1160755.3318069594,-3426847.146214235
-5244033.930841055,1160373.9779360227,-3426847.146214235
-5243706.200537082,1160701.4700157994,-3427237.718622992
-5243790.5952709485,1160320.1338405837,-3427237.718622992
-5243462.841151946,1160647.6020862728,-3427628.272906813
-5243547.23196907,1160266.283608795,-3427628.272906813
-5243219.454042616,1160593.7280199581,-3428018.8090542587
-5243303.84094255,1160212.4272422341,-3428018.8090542587
-5242976.039198694,1160539.8478145539,-3428409.3270820137
-5243060.422180993,1160158.5647386007,-3428409.3270820137
-5242732.59662731,1160485.9614716384,-3428799.8269786336
-5242816.975691526,1160104.6960994725,-3428799.8269786336
-5242489.126335596,1160432.0689927905,-3429190.308732683
-5242573.501481284,1160050.8213264276,-3429190.308732683
-5242329.999539861,1159996.940417164,-3429580.772360845
-5241842.912492014,1159889.1601962945,-3430361.6451937514
-5241514.967915206,1160216.4377069534,-3430752.054403733
-5241599.32738232,1159835.2608839658,-3430752.054403733
-5241271.359006087,1160162.514544955,-3431142.445470197
-5241355.714552442,1159781.3554378513,-3431142.445470197
-5241027.722384369,1160108.5852487353,-3431532.818381705
-5241112.074009518,1159727.4438595306,-3431532.818381705
-5240699.682620274,1160435.7673503337,-3431923.17315493
-5240784.058039646,1160054.6498159906,-3431923.17315493
-5240868.405743143,1159673.526146701,-3431923.17315493
-5240952.725710086,1159292.3964359541,-3431923.17315493
-5240455.994483066,1160381.8080609983,-3432313.5097784405
-5240540.365979051,1160000.7082483007,-3432313.5097784405
-5240624.709760452,1159619.602300942,-3432313.5097784405
-5240709.025806586,1159238.4903124068,-3432313.5097784405
-5240212.27863757,1160327.842636282,-3432703.828240804
-5240296.646209723,1159946.760547245,-3432703.828240804
-5240380.98606858,1159565.672323832,-3432703.828240804
-5240465.298193462,1159184.5780595236,-3432703.828240804
-5239968.53507338,1160273.8710738805,-3433094.1285586935
-5240052.898721254,1159892.8067105196,-3433094.1285586935
-5240137.234657122,1159511.7362130685,-3433094.1285586935
-5240221.542860303,1159130.6596750026,-3433094.1285586935
-5239724.763797633,1160219.8933753744,-3433484.41072067
-5239809.123520783,1159838.8467397052,-3433484.41072067
-5239893.455533215,1159457.793970231,-3433484.41072067
-5239977.759814251,1159076.735160423,-3433484.41072067
-5239480.964817468,1160165.9095423445,-3433874.6747153145
-5239565.320615447,1159784.8806363815,-3433874.6747153145
-5239649.648703997,1159403.8455968988,-3433874.6747153145
-5239733.949062442,1159022.8045173637,-3433874.6747153145
-5239237.138122473,1160111.9195724851,-3434264.9205592866
-5239490.110594466,1158968.8677435217,-3434264.9205592866
-5238908.908087337,1160438.9106814824,-3434655.148241162
-5238993.283719787,1160057.9234673772,-3434655.148241162
-5239246.244417462,1158914.9248404761,-3434655.148241162
-5238665.0299119055,1160384.890707247,-3435045.3577495045
-5238749.4016165575,1160003.921228603,-3435045.3577495045
-5239002.350538575,1158860.975809808,-3435045.3577495045
-5238421.124025957,1160330.8645950228,-3435435.549100987
-5238505.491802365,1159949.9128538554,-3435435.549100987
-5238674.144283764,1159187.9907875045,-3435435.549100987
-5238758.428947387,1158807.020649212,-3435435.549100987
-5238177.190436631,1160276.832346392,-3435825.722284182
-5238261.554284349,1159895.898344716,-3435825.722284182
-5238514.479651039,1158753.0593602683,-3435825.722284182
-5237933.2291510785,1160222.7939629385,-3436215.8772876575
-5238017.58906966,1159841.8777027677,-3436215.8772876575
-5238270.5026566805,1158699.0919445583,-3436215.8772876575
-5237689.240158878,1160168.7494423531,-3436606.0141280796
-5237773.596147876,1159787.8509257026,-3436606.0141280796
-5238026.497953889,1158645.1183997765,-3436606.0141280796
-5237445.223467173,1160114.6987862187,-3436996.1327940207
-5237782.465549811,1158591.1387275034,-3436996.1327940207
-5237032.39969531,1160822.3498191147,-3437386.2332740566
-5237116.803237451,1160441.4989761128,-3437386.2332740566
-5237201.179083113,1160060.6419961187,-3437386.2332740566
-5237538.405451593,1158537.1529293202,-3437386.2332740566
-5236703.90819107,1161149.0782583544,-3437776.315584851
-5236788.335474186,1160768.251394463,-3437776.315584851
-5236872.735082823,1160387.4183004566,-3437776.315584851
-5237294.317648811,1158483.1610029212,-3437776.315584851
-5236459.820210447,1161094.9559442645,-3438166.379714973
-5236544.243558322,1160714.1468310922,-3438166.379714973
-5237050.202148615,1158429.1629498878,-3438166.379714973
-5236215.704542681,1161040.8274910268,-3438556.4256530018
-5236300.123954871,1160660.036130587,-3438556.4256530018
-5236806.058958156,1158375.1587718015,-3438556.4256530018
-5235971.561177346,1160986.692896329,-3438946.453415597
-5236055.976653404,1160605.9192906364,-3438946.453415597
-5236561.888067004,1158321.1484663556,-3438946.453415597
-5235727.390121591,1160932.552161757,-3439336.4629913336
-5235811.8016610695,1160551.7963128246,-3439336.4629913336
-5235896.185531231,1160171.0342349391,-3439336.4629913336
-5235980.541711366,1159790.2660214917,-3439336.4629913336
-5236233.444086944,1158647.9246792975,-3439336.4629913336
-5235483.191382568,1160878.4052888956,-3439726.454368794
-5235567.598985021,1160497.6671987372,-3439726.454368794
-5235651.978919447,1160116.922879916,-3439726.454368794
-5235736.33116514,1159736.172425819,-3439726.454368794
-5235820.655701419,1159355.4159298392,-3439726.454368794
-5235989.221745137,1158593.884363388,-3439726.454368794
-5235323.36861483,1160443.5319460626,-3440116.4275646284
-5235407.744613075,1160062.8053883198,-3440116.4275646284
-5235492.092923878,1159682.0726955873,-3440116.4275646284
-5235576.41352656,1159301.3339612538,-3440116.4275646284
-5235660.706461148,1158920.589004582,-3440116.4275646284
-5235079.110557647,1160389.390556386,-3440506.3825674164
-5235163.482619265,1160008.681761735,-3440506.3825674164
-5235247.826994733,1159627.9668323805,-3440506.3825674164
-5235332.143663373,1159247.2458617068,-3440506.3825674164
-5235416.432665208,1158866.5186689852,-3440506.3825674164
-5234919.192945172,1159954.5520017468,-3440896.3193657403
-5223453.435093068,721910.4723431708,-3575474.86095703
-5223610.807215929,720770.8744124244,-3575474.86095703
-5223457.989461574,719975.6178920334,-3575858.322413101
-5223252.709178207,719560.2647664578,-3576241.764958255
-5222789.686086934,719109.4620241163,-3577008.593298504
-5221697.378084628,723215.7807099618,-3577775.3459707615
-5222221.934653329,719418.264286808,-3577775.3459707615
-5221597.290451138,722040.9250173367,-3578158.6939309216
-5220139.051331846,726869.3535221174,-3579308.62425561
-5219040.31504859,730972.71596948,-3580075.149826566
-5218835.608862317,730557.0796008337,-3580458.384217835
-5218074.255568021,640121.1790215747,-3598831.3296883292
-5217461.518421665,640816.2947617237,-3599595.919010488
-5215673.657750405,650994.6652053735,-3600360.4321960118
-5215720.985619259,650615.3690531827,-3600360.4321960118
-5215176.792982675,652858.57029504,-3600742.6602198686
-5215602.970879196,649445.1054776312,-3600742.6602198686
-5217285.338667828,635788.4788154603,-3600742.6602198686
-5212508.742715737,671783.658231197,-3601124.8692103853
-5215767.032997324,645999.1748081201,-3601124.8692103853
-5215860.934608744,645240.565352856,-3601124.8692103853
-5216048.406798311,643723.3056922023,-3601124.8692103853
-5212200.131079538,672129.2259836365,-3601507.0591563582
-5212248.995917685,671750.1822865375,-3601507.0591563582
-5212297.833190866,671371.1350368891,-3601507.0591563582
-5212346.642887111,670992.0843276656,-3601507.0591563582
-5212444.179606327,670233.9720836633,-3601507.0591563582
-5212492.906605374,669854.9107348368,-3601507.0591563582
-5212736.128148439,667959.5505290237,-3601507.0591563582
-5215882.049547629,642932.6154844951,-3601507.0591563582
-5214302.197198195,653519.3729097396,-3601889.2300466057
-5211193.698386139,669687.950122839,-3603417.723129093
-5212354.586661912,660591.6859480375,-3603417.723129093
-5213024.439295177,655284.6007273032,-3603417.723129093
-5214434.812442578,639674.7145769657,-3604181.8553338572
-5214174.645348489,639642.798881854,-3604563.892850776
-5209812.321134107,672206.4825072982,-3604945.9113049703
-5209861.1915850965,671827.6125473742,-3604945.9113049703
-5209958.849853263,671069.8617888029,-3604945.9113049703
-5210007.637646488,670690.981176017,-3604945.9113049703
-5210056.397898311,670312.0969253555,-3604945.9113049703
-5209503.408056965,672551.7808145271,-3605327.9106852515
-5209032.185962477,672105.8240022933,-3606091.852261834
-5208138.097583895,670835.3394040836,-3607619.5065308395
-5208186.868326986,670456.591200738,-3607619.5065308395
-5208235.611538303,670077.8393607882,-3607619.5065308395
-5212092.316024843,639387.3515584777,-3607619.5065308395
-5208170.076678329,668529.3928290007,-3608001.3724105107
-5211831.900803985,639355.4054247037,-3608001.3724105107
-5207958.417502469,668117.2538515023,-3608383.2192092785
-5207746.698403562,667705.1455728454,-3608765.046915958
-5210490.646433349,643806.8021749998,-3609146.8555468586
-5207274.569658574,667259.7069028752,-3609528.645090798
-5209807.683540197,647184.5647066328,-3609528.645090798
-5209427.703862432,645983.3340319919,-3610292.1669005533
-5209849.383159026,642573.6334569111,-3610292.1669005533
-5210268.830721654,639163.6576236971,-3610292.1669005533
-5209728.852835607,641404.9218504155,-3610673.8991714926
-5209775.483345664,641026.0579509941,-3610673.8991714926
-5209822.086292654,640647.1907524405,-3610673.8991714926
-5209961.729842249,639510.5686545735,-3610673.8991714926
-5206099.091655209,664030.7925753489,-3611818.9813968483
-5205886.80334077,663618.9772263044,-3612200.637266365
-5205674.455114634,663207.1928477612,-3612582.2740419293
-5205510.233094487,662416.8856024372,-3612963.891712363
-5207320.9025829695,648029.2699447675,-3612963.891712363
-5207368.014835619,647650.5811389321,-3612963.891712363
-5207415.09953782,647271.8889988839,-3612963.891712363
-5207790.785783968,644242.2282699728,-3612963.891712363
-5207837.622622674,643863.5053941689,-3612963.891712363
-5207884.431930988,643484.7790224018,-3612963.891712363
-5207931.213697417,643106.0492475693,-3612963.891712363
-5205133.276029343,661214.9758894738,-3613727.069720612
-5204920.628401316,660803.3460437759,-3614108.630063546
-5204707.9209241895,660391.747040725,-3614490.171284119
-5207307.659624224,639569.1828953235,-3614490.171284119
-5204495.153578403,659980.178978285,-3614871.693398634
-5207046.7531425785,639537.1379776453,-3614871.693398634
-5207093.247819485,639158.4692218569,-3614871.693398634
-5204282.326363209,659568.6419567908,-3615253.1963959085
-5206832.311470462,639126.4398977275,-3615253.1963959085
-5204117.360814949,658778.6834219098,-3615634.6802647742
-5206245.339209242,641744.7520850413,-3615634.6802647742
-5206291.994430471,641366.1416038718,-3615634.6802647742
-5206617.810084409,638715.7729213183,-3615634.6802647742
-5203904.383974736,658367.2238137707,-3616016.1450215173
-5205844.240270916,642848.3374652647,-3616016.1450215173
-5205890.975748186,642469.7561499082,-3616016.1450215173
-5205937.683705334,642091.1713459956,-3616016.1450215173
-5205984.364130891,641712.5831463829,-3616016.1450215173
-5206031.017013419,641333.9916439388,-3616016.1450215173
-5206356.816335095,638683.7558172401,-3616016.1450215173
-5203691.347303881,657955.7950953818,-3616397.590654976
-5205676.6834354745,642058.98003308,-3616397.590654976
-5205723.361520704,641680.4108140293,-3616397.590654976
-5205770.012064285,641301.8382923126,-3616397.590654976
-5206095.795051974,638651.7353354843,-3616397.590654976
-5205462.331386332,641648.2350889232,-3616779.0171539704
-5205508.979590719,641269.6815499356,-3616779.0171539704
-5205201.273716624,641616.0559696902,-3617160.4245347944
-5205247.91958157,641237.5214154341,-3617160.4245347944
-5204575.50556296,638081.0557706362,-3618685.86273535
-5204099.429562281,637638.5511045504,-3619448.4670146685
-5201866.427510827,653497.7586080527,-3619829.740447747
-5201652.732880494,653086.6712510807,-3620210.994728218
-5203361.875600272,637164.1048721182,-3620592.2298723636
-5201177.716471282,652642.8318720838,-3620973.4458690207
-5203100.517030838,637132.1008902838,-3620973.4458690207
-5200963.872368118,652231.8223346256,-3621354.64270702
-5201885.900278241,636215.4535705368,-3622879.238551081
-5201670.622791672,635805.1929007416,-3623260.339620457
-5201455.28564366,635394.9635468968,-3623641.4215190867
-5199370.790240425,650111.8512603206,-3624022.4842632455
-5201239.888815125,634984.7656069217,-3624022.4842632455
-5200762.784718166,634542.6754028174,-3624784.5522435103
-5198727.823686132,648879.5697647483,-3625165.5574847287
-5200547.238762751,634132.5557196758,-3625165.5574847287
-5200331.633149065,633722.4674815256,-3625546.5435542697
-5200115.967910077,633312.4105162808,-3625927.5104409764
-5199900.243026721,632902.3849218492,-3626308.45816112
-5197822.616518987,647614.9624395575,-3626689.386703542
-5197131.465204047,646761.2371522166,-3627832.0572351976
-5196916.665229366,646350.7262742688,-3628212.9090374503
-5196795.698775347,645184.4102024728,-3628593.7416610513
-5198696.280784949,629686.7777959122,-3628593.7416610513
-5198742.059156629,629308.7162388249,-3628593.7416610513
-5198525.827522942,628898.9577436605,-3628974.555094848
-5195935.424315823,643542.9295881329,-3630116.880228111
-5197876.7751003755,627669.870835818,-3630116.880228111
-5195458.175189179,643100.203053736,-3630878.334327957
-5195242.867868217,642689.9580404814,-3631259.032580621
-5196964.997722923,626409.4646679694,-3631639.7116202447
-5194765.3824177645,642247.3377999401,-3632020.3714630934
-5196839.312282664,625244.0992049008,-3632020.3714630934
-5194596.587925999,641459.411043997,-3632401.012098011
-5198816.041100595,606313.1683416389,-3632401.012098011
-5194165.436363135,640639.2031234435,-3633162.2357268753
-5193949.771117901,640229.1461574648,-3633542.8187259324
-5197852.222840726,607733.3740999668,-3633542.8187259324
-5195446.9978085635,623543.4697615103,-3634303.9270649557
-5195012.747681275,622724.8981213542,-3635064.958523961
-5192731.197689887,639312.2256701823,-3635445.445422993
-5192422.2846066775,639657.5239765147,-3635825.913095978
-5196849.069505699,602636.4396861038,-3635825.913095978
-5191990.357834103,638837.7239367387,-3636586.790746651
-5196061.01171786,602545.0550156664,-3636967.200729441
-5193482.689041223,622158.386155582,-3637347.5914690113
-5191527.273654392,636098.1325583888,-3637727.9629816096
-5191310.922846939,635688.4368890899,-3638108.3152560974
-5192549.086307795,625494.1028886868,-3638108.3152560974
-5192730.815481744,623983.6251142649,-3638108.3152560974
-5195316.504536369,602075.8292411675,-3638108.3152560974
-5195883.377250864,597163.9778759187,-3638108.3152560974
-5195053.679005329,602045.370865935,-3638488.6482813302
-5195315.876313749,599778.5438394774,-3638488.6482813302
-5195663.934100284,596755.9301904413,-3638488.6482813302
-5191996.776421518,621214.4106868064,-3639629.5319144246
-5194875.200015439,596665.3389304128,-3639629.5319144246
-5193300.056970187,605669.8653687716,-3640390.0247717444
-5193344.088786275,605292.1963903297,-3640390.0247717444
-5193388.093147946,604914.5241201642,-3640390.0247717444
-5192948.947265266,606394.4869286319,-3640770.2423139974
-5193213.042433852,604128.5778506106,-3640770.2423139974
-5192597.709182904,607119.0158655233,-3641150.440611173
-5189269.108831436,632757.3486445865,-3641530.6196521353
-5191980.626743938,610108.9391670637,-3641530.6196521353
-5192024.981382019,609731.3661285444,-3641530.6196521353
-5192202.125383856,608221.0414769559,-3641530.6196521353
-5192246.342740187,607843.4522449744,-3641530.6196521353
-5188960.195754569,633102.6469516744,-3641910.779425753
-5191584.381177214,611210.6738427514,-3641910.779425753
-5193426.999154999,595351.0553869981,-3641910.779425753
-5188789.305864973,632315.8971619853,-3642290.9199482575
-5192770.700404734,596423.6234078731,-3642671.041208518
-5192857.391776769,595668.359248849,-3642671.041208518
-5190080.584343913,617157.108100538,-3643051.1431954023
-5190125.451555009,616779.6731277579,-3643051.1431954023
-5190170.29130738,616402.2349837223,-3643051.1431954023
-5192594.201342982,595638.1688927433,-3643051.1431954023
-5189952.006320084,615993.566563589,-3643431.225925144
-5189996.788916386,615616.1409443418,-3643431.225925144
-5190220.290162445,613728.9642339362,-3643431.225925144
-5190487.585860127,611464.2450589517,-3643431.225925144
-5192287.655874362,595985.5708054658,-3643431.225925144
-5192330.983441861,595607.9753858824,-3643431.225925144
-5190224.43395757,611433.2445071209,-3643811.2893866105
-5190268.8849171465,611055.7990884339,-3643811.2893866105
-5191894.271861038,597088.0648239682,-3643811.2893866105
-5192067.738081113,595577.7787291508,-3643811.2893866105
-5189916.778460132,611779.6637687312,-3644191.333568674
-5189961.254612843,611402.2407224713,-3644191.333568674
-5190005.703318456,611024.8144428097,-3644191.333568674
-5190050.124566078,610647.3850223297,-3644191.333568674
-5191195.442417013,600833.0907763006,-3644191.333568674
-5191587.574855669,597435.3328580443,-3644191.333568674
-5189698.047814706,611371.2337036788,-3644571.3584875613
-5189742.494266122,610993.8265650392,-3644571.3584875613
-5190888.46769851,601180.113449171,-3644571.3584875613
-5191193.828475853,598537.5912057229,-3644571.3584875613
-5191541.164992626,595517.3759674379,-3644571.3584875613
-5189479.25776785,610962.8354560297,-3644951.364132144
-5189568.06381728,610208.0498641323,-3644951.364132144
-5190930.518362341,598507.2319075945,-3644951.364132144
-5191191.172258952,596242.2042861104,-3644951.364132144
-5189215.9938313505,610931.8411166891,-3645331.3504912937
-5189260.40831985,610554.4691257403,-3645331.3504912937
-5189304.795375622,610177.0938153052,-3645331.3504912937
-5188908.262757972,611278.1932492924,-3645711.317581239
-5188952.702445381,610900.8435456936,-3645711.317581239
-5188997.114680371,610523.4907019135,-3645711.317581239
-5189041.499484024,610146.1345388156,-3645711.317581239
-5190447.322312527,598069.045477843,-3645711.317581239
-5188644.946185379,611247.1732985444,-3646091.2653908515
-5188689.383617651,610869.8427439505,-3646091.2653908515
-5188733.793598896,610492.509049335,-3646091.2653908515
-5188778.176150195,610115.1720355699,-3646091.2653908515
-5188292.649519861,611970.7631333517,-3646471.1939090057
-5188337.139563331,611593.4582871381,-3646471.1939090057
-5188381.602178973,611216.1501159619,-3646471.1939090057
-5188559.17824111,609706.885217609,-3646471.1939090057
-5186044.660574338,628537.0394559042,-3646851.103151924
-5188029.282583792,611939.6984121153,-3646851.103151924
-5188340.120934479,609298.6303457374,-3646851.103151924
-5188384.416665503,608921.3219638156,-3646851.103151924
-5190949.2900469145,586654.4976398217,-3646851.103151924
-5185827.059433822,628128.0065025621,-3647230.993108481
-5188165.270307308,608513.1148019952,-3647230.993108481
-5188209.508903873,608135.8192281986,-3647230.993108481
-5187368.851981035,613009.2821661724,-3647610.863767552
-5187413.417550172,612632.0444976549,-3647610.863767552
-5187990.273500233,607727.6598871523,-3647610.863767552
-5188034.454987977,607350.3769510121,-3647610.863767552
-5190889.758876092,582442.6990874193,-3647610.863767552
-5190974.416825095,581687.7086481177,-3647610.863767552
-5187770.978728218,607319.5324361827,-3647990.715145361
-5188386.607256164,602037.5036973252,-3647990.715145361
-5187551.624588197,606911.4369752012,-3648370.5472307843
-5188166.837754851,601629.6316836237,-3648370.5472307843
-5184956.060028209,626492.1913990594,-3648750.360012692
-5187288.09122229,606880.6052022632,-3648750.360012692
-5187947.008929118,601221.7917296992,-3648750.360012692
-5188988.436683267,592166.2049413141,-3648750.360012692
-5187024.530417099,606849.7702190987,-3649130.153507314
-5187683.414644991,601191.2442650625,-3649130.153507314
-5186760.942180345,606818.9320266112,-3649509.92770352
-5187419.792925818,601160.6936210279,-3649509.92770352
-5186497.326519747,606788.0906257037,-3649889.682590191
-5187199.84548403,600752.9175394205,-3649889.682590191
-5191020.6348745115,566790.1491987071,-3649889.682590191
-5183947.663078586,625987.8602145859,-3650269.4181835447
-5185211.562822119,615430.9250027714,-3650269.4181835447
-5185968.441947025,609020.1095230866,-3650269.4181835447
-5186012.717429713,608642.9736152779,-3650269.4181835447
-5186056.965486185,608265.8344886645,-3650269.4181835447
-5186233.68342405,606757.2460150593,-3650269.4181835447
-5187023.483339954,599967.9641062672,-3650269.4181835447
-5188234.394576715,589404.8198014266,-3650269.4181835447
-5183684.10877784,625956.0347017726,-3650649.1344724596
-5184947.944264125,615399.6362094351,-3650649.1344724596
-5184992.6836818205,615022.5744974489,-3650649.1344724596
-5185082.080243789,614268.4414083327,-3650649.1344724596
-5185704.784908946,608989.1466585791,-3650649.1344724596
-5185793.303947528,608234.9099718492,-3650649.1344724596
-5185837.522318742,607857.7868930218,-3650649.1344724596
-5185970.012900971,606726.3981955808,-3650649.1344724596
-5186759.772663081,599937.4614570263,-3650649.1344724596
-5184684.298291876,615368.3441623105,-3651028.8314458183
-5185441.10045261,608958.1805741775,-3651028.8314458183
-5185485.371433091,608581.0830158913,-3651028.8314458183
-5185529.614990146,608203.9822391277,-3651028.8314458183
-5185573.831112931,607826.8783363812,-3651028.8314458183
-5185618.0198224345,607449.7711286419,-3651028.8314458183
-5185662.181107809,607072.6607084059,-3651028.8314458183
-5186539.647316363,599529.7813844181,-3651028.8314458183
-5185221.657295785,608550.1328880262,-3651408.509119833
-5186319.46267098,599122.13333133,-3651408.509119833
-5182984.254317073,625106.7103540329,-3651788.1674833843
-5184603.016191573,611535.5626008984,-3651788.1674833843
-5186099.21872747,598714.5173976264,-3651788.1674833843
-5187264.794160194,588530.4878207706,-3651788.1674833843
-5191447.54838938,550414.8727553136,-3651788.1674833843
-5184205.732319196,612635.4853977838,-3652167.806525354
-5184250.270713433,612258.4777587707,-3652167.806525354
-5184383.721415239,611127.4352411781,-3652167.806525354
-5185922.411916441,597929.8040426999,-3652167.806525354
-5186052.736546806,596798.3970614902,-3652167.806525354
-5186096.123230781,596421.2551464358,-3652167.806525354
-5183584.684751663,615620.1060030091,-3652547.426261957
-5183941.960770436,612604.3146034225,-3652547.426261957
-5184164.367285837,610719.3396896751,-3652547.426261957
-5184386.088390343,608834.2840312459,-3652547.426261957
-5185918.942196987,595636.6542361627,-3652547.426261957
-5186608.486259945,589602.1617696863,-3652547.426261957
-5188676.52978099,571116.5977338218,-3652547.426261957
-5190999.314246423,549603.874076891,-3652547.426261957
-5183320.903968602,615588.7785021568,-3652927.026682074
-5183678.161806414,612573.1405693052,-3652927.026682074
-5183944.953803662,610311.276046254,-3652927.026682074
-5183989.323177342,609934.2873777322,-3652927.026682074
-5184033.665146159,609557.295393096,-3652927.026682074
-5184077.979699225,609180.3001848175,-3652927.026682074
-5184122.266825682,608803.301845372,-3652927.026682074
-5185698.342625365,595229.2306567307,-3652927.026682074
-5185957.566722218,592966.4863145557,-3652927.026682074
-5182020.260347534,624225.8012435758,-3653306.60777459
-5183369.776416485,612918.9102341576,-3653306.60777459
-5185564.142294531,594067.6356608721,-3653306.60777459
-5189218.890174694,561247.8413719113,-3653306.60777459
-5189259.691551136,560870.4692111402,-3653306.60777459
-5189300.46548419,560493.0940842067,-3653306.60777459
-5189463.286758701,558983.5641359183,-3653306.60777459
-5183105.924894337,612887.7105331146,-3653686.1695557134
-5187967.325769577,570274.8470207745,-3653686.1695557134
-5188545.23869472,564992.6374880063,-3653686.1695557134
-5190206.757610745,549519.9611015611,-3653686.1695557134
-5181538.043951595,623785.436960103,-3654065.712014328
-5182842.045961347,612856.5075908169,-3654065.712014328
-5187951.522170275,567982.1968093257,-3654065.712014328
-5187992.813286254,567604.916796359,-3654065.712014328
-5189016.173618941,558171.946806964,-3654065.712014328
-5189942.517164758,549491.9842970943,-3654065.712014328
-5182399.656705651,614332.8263609735,-3654445.23513932
-5182444.3185494775,613955.9499685261,-3654445.23513932
-5182488.952985959,613579.0703291739,-3654445.23513932
-5188751.952901002,558143.525120158,-3654445.23513932
-5189397.869819834,552105.7616769559,-3654445.23513932
-5189678.249278118,549464.0045873122,-3654445.23513932
-5188811.524860488,555096.4664422887,-3654824.7389468974
-5189373.984099224,549813.4053803075,-3654824.7389468974
-5188587.584743875,554690.8693054661,-3655204.2234259453
-5180663.715467842,622151.3988812248,-3655583.688565353
-5188645.074732804,551644.0739697566,-3655583.688565353
-5187775.902889214,557275.2833624505,-3655963.1343813217
-5188099.234548375,554257.0635754344,-3655963.1343813217
-5188420.810233462,551238.6561019212,-3655963.1343813217
-5188156.415322943,551210.5657251987,-3656342.56086274
-5188196.486761238,550833.2709468789,-3656342.56086274
-5188236.530771391,550455.973164929,-3656342.56086274
-5179916.980486959,621679.5991666886,-3656721.9679984977
-5186184.305871177,567025.3912239636,-3656721.9679984977
-5187731.441009007,552691.545732151,-3656721.9679984977
-5187891.99298122,551182.4724340749,-3656721.9679984977
-5187587.448399153,551531.629720626,-3657101.3558047977
-5187747.662971563,550022.5983573785,-3657101.3558047977
-5179434.058084108,621239.5589045391,-3657480.7242705305
-5187363.065978028,551126.277105847,-3657480.7242705305
-5187443.169175585,550371.7999344487,-3657480.7242705305
-5187138.624599867,550720.9572216669,-3657860.0733845816
-5184920.213409196,568795.0858835088,-3658239.403163155
-5184961.563648156,568418.0263114038,-3658239.403163155
-5186874.0904724365,550692.8715084407,-3658239.403163155
-5184697.09964025,568389.0335970783,-3658618.7135951407
-5184142.610332895,570999.1222024474,-3658998.00466943
-5178158.435052778,620704.5758191288,-3659377.276402225
-5184126.745463441,568708.0410207579,-3659377.276402225
-5177894.195461836,620672.9014844657,-3659756.5287824115
-5183862.201311734,568679.0200508494,-3659756.5287824115
-5183265.92538604,571665.594498116,-3660135.7617988857
-5183597.629751534,568649.9960741802,-3660135.7617988857
-5177146.428410723,620201.3676848869,-3660894.169778182
-5182861.315891101,570476.5182929805,-3660894.169778182
-5183109.7398501225,568215.0141934869,-3660894.169778182
-5185021.583609998,550496.1899800729,-3660894.169778182
-5176882.076997722,620169.6994463776,-3661273.3447187934
-5182803.750583199,568562.9060995715,-3661273.3447187934
-5176617.698200453,620138.0279273428,-3661652.50030587
-5182497.710724263,568910.7534064905,-3661652.50030587
-5176353.292026657,620106.3531287098,-3662031.636528309
-5182150.208909582,569635.414422393,-3662031.636528309
-5175869.474677757,619666.5954529055,-3662789.850862154
-5175650.031510175,619258.5478571407,-3663168.9289786485
-5175385.511244582,619226.898415128,-3663547.9877133914
-5175120.96360263,619195.2456975763,-3663927.027082566
-5174546.748000443,619508.2356757018,-3664685.0476798164
-5182731.819426357,546822.9962406025,-3664685.0476798164
-5182771.571815529,546446.0958711089,-3664685.0476798164
-5182811.296795624,546069.1926117364,-3664685.0476798164
-5183207.039013423,542300.0018750575,-3664685.0476798164
-5183246.46247988,541923.0669585798,-3664685.0476798164
-5183521.65919016,539284.4425889482,-3664685.0476798164
-5183560.863348703,538907.484891087,-3664685.0476798164
-5183452.309446822,537372.1426149397,-3665064.0289129782
-5173972.404768601,619821.1323890287,-3665442.9907634626
-5173662.638869804,620165.6658383465,-3665821.933220163
-5173397.933953312,620133.9357252243,-3666200.8562992755
-5181790.84847692,535295.567055656,-3667716.3546996657
-5180504.190606148,545064.2858035648,-3668095.1808061893
-5180543.815104167,544687.547436476,-3668095.1808061893
-5180662.524204139,543557.3151501229,-3668095.1808061893
-5171764.032735774,620319.5890563376,-3668473.9875230924
-5180278.512300708,544659.6532349208,-3668473.9875230924
-5180436.728195924,543152.748336169,-3668473.9875230924
-5171454.016360778,620663.8971456822,-3668852.7748392816
-5180052.775136734,544255.0535845443,-3668852.7748392816
-5180210.873357712,542748.2142767751,-3668852.7748392816
-5180289.758091126,541994.7774381937,-3668852.7748392816
-5180447.198814395,540487.8692905069,-3668852.7748392816
-5181305.28694411,532199.0605394841,-3668852.7748392816
-5170189.5394024,628904.6131083322,-3669231.5427436647
-5171143.94991784,621008.1601420895,-3669231.5427436647
-5180221.108672411,540083.4666972491,-3669231.5427436647
-5180962.407109543,532925.3436013669,-3669231.5427436647
-5169833.123675409,629624.3194817929,-3669610.2912524184
-5170516.861305896,623984.5328898524,-3669610.2912524184
-5170698.152295869,622480.4640938012,-3669610.2912524184
-5179601.124306166,543445.9526214603,-3669610.2912524184
-5170342.603881991,623200.5688063685,-3669989.0203544497
-5179729.521057382,539651.4422888614,-3669989.0203544497
-5169211.640074473,630311.6264272556,-3670367.730038668
-5179188.686110466,542260.3433371668,-3670367.730038668
-5179464.055029093,539623.7846429433,-3670367.730038668
-5178962.625362245,541855.924392976,-3670746.420321245
-5168681.676940258,630247.0049823753,-3671125.0911910906
-5178775.867581773,541074.9284340126,-3671125.0911910906
-5179128.891057503,537685.3119071465,-3671125.0911910906
-5178510.327441968,541047.1849834723,-3671503.742637115
-5168197.418956131,629806.5300095542,-3671882.3746754914
-5177782.112563523,542874.4201078429,-3672260.9872951284
-5177821.577817202,542497.8797016594,-3672260.9872951284
-5167713.014926907,629366.1153974308,-3672639.5804849407
-5177358.373668371,544352.6269445176,-3672639.5804849407
-5177555.96360598,542470.0504023605,-3672639.5804849407
-5177595.39945366,542093.5264432639,-3672639.5804849407
-5177634.807910182,541716.9997076753,-3672639.5804849407
-5177674.188994257,541340.4700168521,-3672639.5804849407
-5180400.244790656,514599.66539856343,-3672639.5804849407
-5167493.631120634,628958.0357989783,-3673018.1542610945
-5177995.941434451,535664.6982551502,-3673018.1542610945
-5176827.083366413,544296.7665518874,-3673396.708612502
-5176866.652049084,543920.2956839841,-3673396.708612502
-5176906.193363407,543543.82184921,-3673396.708612502
-5176945.707299673,543167.3451399056,-3673396.708612502
-5177024.653027734,542414.3831960208,-3673396.708612502
-5177103.489241088,541661.4097779122,-3673396.708612502
-5177142.866283953,541284.9187258232,-3673396.708612502
-5177182.21594751,540908.4248111477,-3673396.708612502
-5178924.60973786,523963.2695202959,-3673396.708612502
-5177152.022407426,538621.7568228376,-3673775.2435280783
-5166926.369167263,626982.4962898765,-3674153.75902399
-5178048.987560237,527298.6226762659,-3674153.75902399
-5166752.240774818,626198.8412300161,-3674532.2550891535
-5176659.659170559,538190.003089598,-3674532.2550891535
-5178695.532363668,518233.81729292986,-3674532.2550891535
-5166532.471280003,625790.9692171982,-3674910.731712479
-5176393.858500917,538162.3691958067,-3674910.731712479
-5178316.4486486735,519336.95381615864,-3674910.731712479
-5177404.5547573175,525711.3792362517,-3675289.1889101337
-5177785.493795781,521946.1256856692,-3675289.1889101337
-5177937.102708571,520439.94684715953,-3675289.1889101337
-5166092.7543106135,624975.3211943012,-3675667.6266710325
-5175862.175024253,538107.0928688337,-3675667.6266710325
-5175901.29359316,537730.6920970652,-3675667.6266710325
-5175940.384789325,537354.2884815115,-3675667.6266710325
-5175979.448603169,536977.882114498,-3675667.6266710325
-5176018.485053237,536601.472817337,-3675667.6266710325
-5176716.460054729,529825.6226731275,-3675667.6266710325
-5175713.559787403,536950.2976902192,-3676046.0449840925
-5175752.594232177,536573.9077291132,-3676046.0449840925
-5176527.534678817,529045.5158763384,-3676046.0449840925
-5175486.676032783,536546.3398025582,-3676424.4438654794
-5175875.494983426,532782.4781076,-3676424.4438654794
-5165387.359864533,624127.728189258,-3676802.823304103
-5175220.730462847,536518.7690384797,-3676802.823304103
-5175531.988597007,533507.8570668758,-3676802.823304103
-5176493.379353176,524097.5978343255,-3676802.823304103
-5176531.479121105,523721.15119712387,-3676802.823304103
-5176607.596519409,522968.2497059697,-3676802.823304103
-5176189.215830234,524447.087120262,-3677181.1832888876
-5176379.567996001,522564.9369214107,-3677181.1832888876
-5174688.757223345,536463.6189989966,-3677559.523835991
-5175193.610255296,531571.298149126,-3677559.523835991
-5176265.275617725,521032.3839046343,-3677559.523835991
-5176303.152477592,520655.95386371086,-3677559.523835991
-5175043.398377932,530414.9636886127,-3677937.8449343313
-5176037.041809359,520629.18725060474,-3677937.8449343313
-5174665.253775034,528855.1891843913,-3678694.428767644
-5173663.473387609,535977.0468379888,-3679072.6915076966
-5174591.049392835,526946.4888827559,-3679072.6915076966
-5174667.635917994,526193.8695815366,-3679072.6915076966
-5174705.888135945,525817.555710614,-3679072.6915076966
-5173280.285109923,537078.1230189579,-3679450.934781905
-5173436.295923595,535573.2541426242,-3679450.934781905
-5174209.78343827,528048.2321760586,-3679450.934781905
-5174248.170501287,527671.9516865119,-3679450.934781905
-5174477.918265259,525414.2098552439,-3679450.934781905
-5173247.964683388,534793.2865782051,-3679829.1586064254
-5173480.819810999,532535.9804911359,-3679829.1586064254
-5173558.219306464,531783.5226071391,-3679829.1586064254
-5174249.889735481,525010.8970700522,-3679829.1586064254
-5172981.764825675,534765.7677162125,-3680207.362970181
-5173292.003483977,531756.1586185929,-3680207.362970181
-5173330.660206672,531379.9447717814,-3680207.362970181
-5163183.735095861,620052.2095035444,-3680585.5478620944
-5172643.367412667,532829.9305995987,-3680963.713298322
-5162652.179908657,619988.3744774812,-3681341.8592677796
-5172221.870697122,534307.0610474899,-3681341.8592677796
-5162386.3613667255,619956.4520469214,-3681719.9857594017
-5172573.720732628,528261.3463485681,-3681719.9857594017
-5171766.869905998,533499.839193863,-3682098.092789332
-5172575.57998887,525601.0886404035,-3682098.092789332
-5172651.970854822,524848.7624915418,-3682098.092789332
-5173635.094142336,515067.5176479181,-3682098.092789332
-5171539.281448503,533096.2779984077,-3682476.1803464997
-5171771.396279112,530839.7176265708,-3682476.1803464997
-5172040.952449017,528206.9361253431,-3682476.1803464997
-5172079.351068256,527830.8132669226,-3682476.1803464997
-5171311.634313513,532692.7498190196,-3682854.248419825
-5171659.173265281,529308.020416382,-3682854.248419825
-5171697.651958645,528931.92531882,-3682854.248419825
-5171736.103292274,528555.8275142659,-3682854.248419825
-5172119.112370611,524794.6954254417,-3682854.248419825
-5171045.205640093,532665.3052106281,-3683232.297025464
-5171392.726686474,529280.7501910152,-3683232.297025464
-5170778.749619615,532637.8577852374,-3683610.3261523414
-5170817.470467933,532261.8267050876,-3683610.3261523414
-5170972.0803820705,530757.6744362271,-3683610.3261523414
-5171087.750683004,529629.5307099367,-3683610.3261523414
-5172718.642539344,513456.72669638693,-3683610.3261523414
-5172755.968491207,513080.55459395156,-3683610.3261523414
-5173016.484145457,510447.2742832652,-3683610.3261523414
-5170473.52006286,532986.4164277998,-3683988.3357893834
-5170512.266259887,532610.4075436522,-3683988.3357893834
-5170744.16918729,530354.2953379606,-3683988.3357893834
-5170168.239816447,533334.9305819399,-3684366.325952736
-5171243.506733573,522806.2454211836,-3684366.325952736
-5160393.905234921,618575.1460066732,-3684744.2966313288
-5171987.024710627,509965.91542036395,-3685122.247814093
-5159996.551053248,617385.6330507586,-3685500.179517172
-5171646.092281786,510691.8082027878,-3685500.179517172
-5171683.217157016,510315.71419598773,-3685500.179517172
-5171720.314690724,509939.6174001249,-3685500.179517172
-5163702.872564261,583194.9389185087,-3685878.0917294915
-5163745.270046272,582819.4222770145,-3685878.0917294915
-5163872.298630527,581692.8539571709,-3685878.0917294915
-5171081.390460985,513673.96871619445,-3685878.0917294915
-5171118.732215464,513297.91567752516,-3685878.0917294915
-5171156.046622493,512921.85992428096,-3685878.0917294915
-5171416.481699834,510289.39408131375,-3685878.0917294915
-5171527.68650417,509161.15388880804,-3685878.0917294915
-5170851.984774801,513271.4376729781,-3686255.984439988
-5170585.2099816995,513244.9569533611,-3686633.8576648
-5170808.663130577,510988.81476342416,-3686633.8576648
-5159066.398609848,616132.7249762911,-3687011.7113928595
-5170504.677549753,511338.45883916796,-3687011.7113928595
-5162328.361143657,583419.9068685499,-3687767.3603416667
-5170230.574359715,508653.8154331162,-3687767.3603416667
-5158357.114851566,615287.077000928,-3688145.155567482
-5169704.078247407,511259.28335458005,-3688145.155567482
-5158135.508586206,614880.200110163,-3688522.931279487
-5169362.746652665,511984.74483622477,-3688522.931279487
-5169474.321374032,510856.9526588508,-3688522.931279487
-5160975.003078542,588208.9215628224,-3688900.6874938156
-5161017.765184643,587833.603374431,-3688900.6874938156
-5161060.50000698,587458.2819872054,-3688900.6874938156
-5169133.019031802,511582.3974325394,-3688900.6874938156
-5160708.450548375,588178.5419201743,-3689278.424199405
-5160751.210445911,587803.2431161071,-3689278.424199405
-5160793.943061092,587427.9411133709,-3689278.424199405
-5160836.648383426,587052.6360040257,-3689278.424199405
-5157514.947727688,613284.6992253946,-3689656.141385194
-5160399.085742225,588523.43556508,-3689656.141385194
-5160441.870732213,588148.1591676748,-3689656.141385194
-5160612.737759582,586647.0226738323,-3689656.141385194
-5160655.386292399,586271.7307441721,-3689656.141385194
-5160698.007533101,585896.4357140175,-3689656.141385194
-5160089.670770205,588868.2842103201,-3690033.839067311
-5160132.480839116,588493.0303132943,-3690033.839067311
-5160175.263618676,588117.7733040267,-3690033.839067311
-5160431.387186609,585866.1661825568,-3690033.839067311
-5159823.040789814,588837.8564563295,-3690411.5172346947
-5159865.84864666,588462.621949265,-3690411.5172346947
-5159556.383528113,588807.4255890019,-3690789.1758762854
-5159599.18917267,588432.2104738827,-3690789.1758762854
-5159289.698973715,588776.9916070376,-3691166.8150082123
-5159332.502405755,588401.7958858486,-3691166.8150082123
-5156493.842020752,610501.3877400106,-3691544.4346194174
-5158420.90545383,593998.6947858565,-3691544.4346194174
-5159065.788353726,588371.3781860534,-3691544.4346194174
-5167412.168782025,509894.26860268106,-3691544.4346194174
-5158154.197467149,593967.983023695,-3691922.0346988365
-5167182.060896433,509492.13856083975,-3691922.0346988365
-5167430.872388662,504205.0477893082,-3692299.6152625997
-5167467.525553377,503829.2602488638,-3692299.6152625997
-5157577.495901182,594281.6212952781,-3692677.176299648
-5167236.891471672,503427.4317613543,-3692677.176299648
-5157267.479543101,594625.9292952726,-3693054.717798923
-5166380.3725828985,509413.0908538869,-3693054.717798923
-5166969.6042328905,503401.39081703755,-3693054.717798923
-5155293.561191551,609218.8343412363,-3693432.239776553
-5156697.317476063,597220.2827385718,-3693432.239776553
-5166150.118487504,509011.04450759286,-3693432.239776553
-5166297.96522109,507508.25090000674,-3693432.239776553
-5166702.28966219,503375.347209859,-3693432.239776553
-5156690.575430598,594939.4066079033,-3693809.7422214756
-5166104.399875532,506730.6166558159,-3693809.7422214756
-5166288.310808646,504852.13466090005,-3693809.7422214756
-5156380.433888693,595283.6019500123,-3694187.2251226353
-5165873.88268834,506328.7211873686,-3694187.2251226353
-5165984.223539804,505201.69029663363,-3694187.2251226353
-5166130.962193038,503698.94501692755,-3694187.2251226353
-5155853.325080133,597502.5127791464,-3694564.688496161
-5154403.351165206,607593.3938269978,-3694942.132330991
-5154224.793191358,606812.2903685056,-3695319.5566160744
-5155226.09334902,595910.1410382533,-3695696.9613675256
-5165061.21971322,503594.6448815908,-3695696.9613675256
-5154959.098806863,595879.2782298346,-3696074.3465742995
-5164866.902247068,502817.36909950705,-3696074.3465742995
-5154692.077009128,595848.4122708512,-3696451.712225336
-5153245.207724972,605937.0780011523,-3696829.0583367567
-5153940.976760133,597660.7361588186,-3697206.384897508
-5164210.237692474,501237.03812202,-3697206.384897508
-5152755.19689634,605499.5642265223,-3697583.691896539
-5163674.96134826,501185.0843252144,-3697960.9793499685
-5153313.225391591,596068.7963281113,-3698338.2472467376
-5153002.683580691,596412.6304812791,-3698715.4955758075
-5152648.680767693,597131.1323483005,-3699092.724353283
-5152251.060251438,598224.2244872913,-3699469.9335681205
-5152027.297137905,597818.5296777061,-3699847.1232092655
-5151716.530337741,598162.1605972851,-3700224.293292836
-5150969.105786497,602251.7956144363,-3700601.4438077826
-5150298.347544464,601034.4184933228,-3701732.777911873
-5150074.643439227,600628.6911430174,-3702109.850123326
-5149850.880308809,600222.9964225801,-3702486.902765233
-5160570.160544865,499747.28908305825,-3702486.902765233
-5160302.148151524,499721.33488364896,-3702863.935826547
-5149359.573000448,599786.1780703325,-3703240.949296229
-5148824.520922154,599723.8563706029,-3703994.91749796
-5148556.954044406,599692.6907639469,-3704371.87220793
-5159266.145272665,499242.30052956374,-3704371.87220793
-5159034.284944727,498841.17843707575,-3704748.8073363844
-5158947.138374365,496939.43410547584,-3705125.7228722866
-5146944.303693725,597228.7215319206,-3707010.0065756585
-5146582.170955326,595669.5152416668,-3707763.582837573
-5145009.018497687,592833.4190851323,-3710400.4819956156
-5155513.529167346,493203.3189052597,-3710400.4819956156
-5144515.9493447775,592397.521494414,-3711153.705179088
-5154259.267360083,494974.6890006485,-3711906.849865902
-5154403.031595272,493475.3548051461,-3711906.849865902
-5153846.359572754,496448.0977798301,-3712283.392755658
-5153417.037173857,495272.0336227962,-3713036.4196540494
-5153184.244027427,494871.4521799633,-3713412.903640633
-5142542.22273418,590654.5547586068,-3714165.812714762
-5152377.690367453,494793.9970838379,-3714542.2377802557
-5141683.0381080005,588661.7187431942,-3715671.3951207767
-5151032.889315486,494664.8529240398,-3716424.0684388806
-5150763.8473809045,494639.0162439293,-3716800.375608447
-5140822.649207593,586669.5359998603,-3717176.6631307597
-5140596.706119349,586265.0512241832,-3717552.9309947975
-5139692.345541518,584647.44096192,-3719057.8058103123
-5149256.780881018,493360.55942104297,-3719057.8058103123
-5149328.482807519,492611.62510502216,-3719057.8058103123
-5149400.075796587,491862.6804581727,-3719057.8058103123
-5149273.681804655,490339.1202655975,-3719433.975353117
-5139197.340820635,584212.5677956959,-3719810.1252257046
-5148861.557132516,491811.2419935578,-3719810.1252257046
-5148287.154158352,492134.18846373184,-3720562.3659432507
-5148322.929555958,491759.79312579165,-3720562.3659432507
-5146305.739010134,509701.1294752807,-3720938.456793257
-5146342.79191708,509326.87818347866,-3720938.456793257
-5148125.040289984,490985.3055807865,-3720938.456793257
-5146110.523329748,508925.99235834205,-3721314.5279560694
-5147784.19307184,491708.333855345,-3721314.5279560694
-5138022.7742448915,582565.1913655109,-3721690.579447745
-5145841.201839124,508899.35773666843,-3721690.579447745
-5145228.414143452,509594.42891584896,-3722442.6233736346
-5144921.944473911,509941.8976979014,-3722818.6158128968
-5145070.062888695,508445.27898631303,-3722818.6158128968
-5144615.424279232,510289.32181227696,-3723194.588564044
-5144837.590261173,508044.5113599998,-3723194.588564044
-5144345.974503503,510262.5953551991,-3723570.5416160678
-5159139.8875398105,328540.7773849926,-3723570.5416160678
-5144039.378511019,510609.9526787658,-3723946.4749850207
-5144187.69129246,509113.5906669469,-3723946.4749850207
-5144224.701469096,508739.49349527014,-3723946.4749850207
-5144261.684449399,508365.39354334126,-3723946.4749850207
-5159012.489955667,326272.55466566526,-3723946.4749850207
-5143769.876263242,510583.2012253149,-3724322.388659894
-5143955.189512033,508712.84003736655,-3724322.388659894
-5143992.170554753,508338.75968497223,-3724322.388659894
-5144323.775709786,504971.91604451364,-3724322.388659894
-5136124.09447158,580080.1578782083,-3724698.2826296785
-5143722.62946259,508312.1231388946,-3724698.2826296785
-5144710.782010834,498211.4740117857,-3724698.2826296785
-5144746.999370607,497837.3387389204,-3724698.2826296785
-5144783.189513716,497463.20092303393,-3724698.2826296785
-5143267.9033368705,510155.6625411563,-3725074.1569104292
-5144441.161923295,498185.3641239946,-3725074.1569104292
-5144477.3773850165,497811.248458526,-3725074.1569104292
-5143035.401556429,509754.9119115646,-3725450.0114911385
-5143109.48801083,509006.8822851535,-3725450.0114911385
-5143146.490430267,508632.8635229016,-3725450.0114911385
-5143183.465659069,508258.84198098024,-3725450.0114911385
-5143990.038759199,500029.69214518915,-3725450.0114911385
-5144171.514629392,498159.25160155154,-3725450.0114911385
-5135527.053195895,578121.655435038,-3725825.8463607957
-5143428.613076782,502995.8894194906,-3725825.8463607957
-5143465.178372481,502621.8473759377,-3725825.8463607957
-5135299.817008194,577717.8956948075,-3726201.6615354535
-5143268.544713679,501847.44148920994,-3726201.6615354535
-5143305.026492303,501473.41108919226,-3726201.6615354535
-5143776.814277251,496610.7756323815,-3726201.6615354535
-5142226.47515174,509674.73470569885,-3726577.457004105
-5143434.7980559245,497332.82125376863,-3726577.457004105
-5141956.77862996,509648.00357982295,-3726953.2327557458
-5142619.500814703,502916.76318434277,-3726953.2327557458
-5134617.756128299,576506.8149252532,-3727328.988806426
-5142129.825497629,505134.10786738835,-3727328.988806426
-5142166.546292409,504760.1602686847,-3727328.988806426
-5142203.239892852,504386.2100005604,-3727328.988806426
-5142239.906289968,504012.2571547367,-3727328.988806426
-5142276.545501162,503638.3015537,-3727328.988806426
-5141749.731603553,506229.3745777904,-3727704.7251451365
-5141786.532049385,505855.45461740304,-3727704.7251451365
-5141933.461898708,504359.74813321285,-3727704.7251451365
-5141970.126372176,503985.8149062654,-3727704.7251451365
-5142116.5123575805,502490.05509575416,-3727704.7251451365
-5141258.573994025,508446.15751621005,-3728080.4417608725
-5141295.535650173,508072.27326795086,-3728080.4417608725
-5141700.319267569,503959.3699931016,-3728080.4417608725
-5141810.143782083,502837.6130121316,-3728080.4417608725
-5141846.6975718755,502463.68866741494,-3728080.4417608725
-5141883.224169023,502089.76166541566,-3728080.4417608725
-5140988.762873681,508419.4744724729,-3728456.1386696873
-5141467.118408566,503559.02567607275,-3728456.1386696873
-5141503.724661879,503185.12627495726,-3728456.1386696873
-5141613.380267298,502063.4122026998,-3728456.1386696873
-5141649.877747378,501689.5022588161,-3728456.1386696873
-5133707.519738509,574892.503696326,-3728831.815860572
-5141380.004738581,501663.16976658587,-3728831.815860572
-5141416.473121582,501289.2767055689,-3728831.815860572
-5141452.914314211,500915.380993487,-3728831.815860572
-5141489.328307544,500541.4827220505,-3728831.815860572
-5141525.715118865,500167.58171376464,-3728831.815860572
-5141562.074739238,499793.67806034593,-3728831.815860572
-5141598.407159756,499419.7718535067,-3728831.815860572
-5140300.9638983505,509861.3747491485,-3729207.473322528
-5140412.07606385,508739.92291970126,-3729207.473322528
-5141146.571014656,501262.9611886935,-3729207.473322528
-5141183.010294281,500889.0851045178,-3729207.473322528
-5133210.2871363,574458.845912921,-3729583.1110715927
-5140068.1416148,509460.8102357903,-3729583.1110715927
-5140105.177061732,509087.01255554054,-3729583.1110715927
-5141492.379231016,494880.7249417995,-3729583.1110715927
-5141636.116673308,493385.10448751476,-3729583.1110715927
-5141437.822105146,492611.40939028945,-3729958.729096773
-5141666.635813124,487351.0152691489,-3730334.3273870614
-5140412.26081393,494776.7610056804,-3731085.4648000957
-5140663.463042075,492159.94768135354,-3731085.4648000957
-5140070.150302538,495498.3615877739,-3731461.0039008427
-5131842.643961988,572038.6710272947,-3731836.5232767845
-5131199.528798506,570455.8814941196,-3732962.9629728133
-5130202.983485558,569589.7237927505,-3734464.606176577
-5129517.226757147,568380.7319053871,-3735590.6312121986
-5128872.174927796,566799.0587103105,-3736716.478446889
-5135492.2649993235,497695.72550313926,-3737466.9444622537
-5128185.275541174,565590.7156684017,-3737842.1478270576
-5135221.722602355,497669.5064402743,-3737842.1478270576
-5134951.153054274,497643.2847461148,-3738217.331415293
-5127415.70861861,565128.4307880921,-3738967.6392991305
-5126498.554259646,563518.0399577729,-3740468.017750708
-5126269.119295045,563115.525598074,-3740843.0629194276
-5133092.568609624,497086.37146097963,-3740843.0629194276
-5135143.552492878,475431.25044364954,-3740843.0629194276
-5135178.113244922,475057.811069265,-3740843.0629194276
-5135212.646847884,474684.369092914,-3740843.0629194276
-5135247.153293287,474310.92460619344,-3740843.0629194276
-5126039.625789531,562713.0446125936,-3741218.0883047106
-5132821.779938032,497060.14840803534,-3741218.0883047106
-5125810.073744633,562310.5971000288,-3741593.0938955736
-5125580.463171863,561908.1828885368,-3741968.0797080323
-5132316.251019358,496634.4631303674,-3741968.0797080323
-5131810.578756666,496208.8435995447,-3742717.9919538116
-5131304.763178361,495783.2896634014,-3743467.8250351767
-5124160.869711718,559867.0404967758,-3744217.578918276
-5130798.804306357,495357.80144035944,-3744217.578918276
-5130292.702143105,494932.3790469244,-3744967.2535962383
-5124486.064002246,546707.2950841583,-3745716.849062211
-5124525.808121872,546334.6305556094,-3745716.849062211
-5124254.933323667,546305.7521211267,-3746091.6170733767
-5124294.64825241,545933.1043125014,-3746091.6170733767
-5129551.249952447,494107.85321007273,-3746091.6170733767
-5123984.031419359,546276.8707968153,-3746466.365282339
-5124023.744248508,545904.2426888101,-3746466.365282339
-5123752.813146219,545875.3781781056,-3746841.0936781294
-5122359.7720829155,556277.8952253006,-3747215.802249768
-5123521.536487295,545473.9191936682,-3747215.802249768
-5128845.281331333,492910.5512513863,-3747215.802249768
-5123217.029645566,543180.8417952866,-3747965.1599576296
-5122945.9755062135,543152.1037163152,-3748339.8090719073
-5128210.252950458,490967.69472194114,-3748339.8090719073
-5122674.894267672,543123.3627641959,-3748714.4383720946
-5127810.090892428,489424.13411464426,-3749089.0478472128
-5127845.669254915,489051.2280075504,-3749089.0478472128
-5119891.400062219,553749.6215055204,-3750961.7977595325
-5126877.749846891,484820.7193112437,-3750961.7977595325
-5120973.640658382,541060.092961739,-3751336.2882426665
-5132149.3498079805,411983.8548070053,-3752459.6406415724
-5125519.58041492,484692.28467459296,-3752834.0517481156
-5125554.814673718,484319.54515060695,-3752834.0517481156
-5131877.324702604,411962.01796168403,-3752834.0517481156
-5119577.477915108,541289.0456048616,-3753208.4430167954
-5119616.828030998,540916.7379636825,-3753208.4430167954
-5119306.036242409,541260.3462825861,-3753582.814436642
-5119345.384271942,540888.0583812799,-3753582.814436642
-5118042.121157715,550537.4119144985,-3753957.1659966926
-5119073.913445759,540859.3759390807,-3753957.1659966926
-5118337.936677398,540028.8851171277,-3755080.101570154
-5129822.656671679,417053.8836766978,-3755080.101570154
-5123792.839739944,482649.3368543358,-3755454.3737161476
-5129580.777843049,416658.7218808176,-3755454.3737161476
-5129308.556434492,416636.6102445904,-3755828.626001433
-5129789.862866232,410668.1080179407,-3755828.626001433
-5129819.713924567,410295.05814603745,-3755828.626001433
-5116572.933520376,548873.8492598437,-3756202.8584150486
-5117525.623819177,537309.2213932407,-3756577.0709729786
-5117564.684519485,536937.0629776398,-3756577.0709729786
-5129924.925950393,402044.7287963427,-3756577.0709729786
-5117292.976346089,536908.5552405415,-3756951.2636642624
-5117332.0079003805,536536.4138339144,-3756951.2636642624
-5122810.173665659,481429.25444878713,-3756951.2636642624
-5117021.241116425,536880.044664688,-3757325.4364779433
-5117060.270598088,536507.9230192767,-3757325.4364779433
-5118788.5857345695,519759.5395462464,-3757325.4364779433
-5118864.127559644,519015.036370694,-3757325.4364779433
-5129204.275238092,404240.1109181474,-3757325.4364779433
-5129233.658847959,403867.1035588495,-3757325.4364779433
-5116671.34280296,537595.7266725376,-3757699.589429998
-5116710.424340781,537223.6303812527,-3757699.589429998
-5116749.47881889,536851.5312488619,-3757699.589429998
-5116788.506227718,536479.4293666348,-3757699.589429998
-5116827.506585791,536107.324557934,-3757699.589429998
-5118516.729574294,519731.93539141153,-3757699.589429998
-5118592.267387383,518987.4717560299,-3757699.589429998
-5122301.083431068,481005.61979932315,-3757699.589429998
-5116516.714797226,536450.932876823,-3758073.72250947
-5116555.713083695,536078.8478334297,-3758073.72250947
-5116594.68431127,535706.7599549846,-3758073.72250947
-5116633.628470402,535334.6693327593,-3758073.72250947
-5118358.106434523,518587.68832263723,-3758073.72250947
-5127492.4361734465,418741.2245861453,-3758073.72250947
-5116283.892529234,536050.3682745578,-3758447.8357054023
-5116322.8616864355,535678.3001635381,-3758447.8357054023
-5116361.803776633,535306.2293088839,-3758447.8357054023
-5116400.7188183125,534934.155533968,-3758447.8357054023
-5118086.1901266705,518560.1379936892,-3758447.8357054023
-5121826.7856824435,480209.583148056,-3758447.8357054023
-5116012.044910799,536021.8858801015,-3758821.929033773
-5116089.952018477,535277.7864533607,-3758821.929033773
-5116128.864992452,534905.7324481393,-3758821.929033773
-5116167.75090979,534533.6756140678,-3758821.929033773
-5117663.19521437,520021.27472159365,-3758821.929033773
-5117814.246745311,518532.5849216763,-3758821.929033773
-5121589.549979942,479811.61652370036,-3758821.929033773
-5115779.135252183,535621.37208063,-3759196.0024836278
-5115818.0732038915,535249.3407670221,-3759196.0024836278
-5115856.984109957,534877.306533463,-3759196.0024836278
-5115895.867960824,534505.2694712039,-3759196.0024836278
-5115934.724746964,534133.2296715066,-3759196.0024836278
-5116321.804581553,530412.6760122419,-3759196.0024836278
-5116360.363754071,530040.6051590896,-3759196.0024836278
-5116398.8958594855,529668.5315921137,-3759196.0024836278
-5116437.4009160865,529296.4551346926,-3759196.0024836278
-5116475.87891442,528924.3758780885,-3759196.0024836278
-5117466.808673927,519249.33994354634,-3759196.0024836278
-5115585.076178796,534848.877790772,-3759570.0560440077
-5115623.957962984,534476.8605022925,-3759570.0560440077
-5115662.812683886,534104.8404765201,-3759570.0560440077
-5115701.640359945,533732.8175368517,-3759570.0560440077
-5116049.871945172,530384.4845647787,-3759570.0560440077
-5116088.429068269,530012.4334872019,-3759570.0560440077
-5116280.808814918,528152.1362727127,-3759570.0560440077
-5121080.056384655,479388.20364772883,-3759570.0560440077
-5115352.020904659,534448.4487061201,-3759944.089730889
-5115468.497731281,533332.4393065001,-3759944.089730889
-5115507.26922795,532960.4305891391,-3759944.089730889
-5115739.330117798,530728.3188069523,-3759944.089730889
-5115777.912246051,530356.2903117024,-3759944.089730889
-5117073.605586231,517705.6664848191,-3759944.089730889
-5117111.240667849,517333.5410820607,-3759944.089730889
-5125793.637112374,422730.4482007986,-3759944.089730889
-5115080.05679381,534420.0340835188,-3760318.103533318
-5115274.039255859,532560.1032321494,-3760318.103533318
-5115312.754596475,532188.1085689694,-3760318.103533318
-5115351.442875489,531816.1111805928,-3760318.103533318
-5115390.104111266,531444.1108904273,-3760318.103533318
-5115428.7382943155,531072.1077897232,-3760318.103533318
-5116839.183025872,517306.03639500536,-3760318.103533318
-5116876.789055217,516933.92795168504,-3760318.103533318
-5120570.41996468,478964.8571892633,-3760318.103533318
-5114808.065638403,534391.6166353207,-3760692.0974403406
-5116642.279330223,516534.3489257986,-3760692.0974403406
-5116679.829232378,516162.254893063,-3760692.0974403406
-5120332.952781286,478567.02865100466,-3760692.0974403406
-5114574.89388471,533991.2554499143,-3761066.071467933
-5115231.145206359,527667.8284333869,-3761066.071467933
-5116632.430715595,513902.3010282993,-3761066.071467933
-5120095.427723706,478169.2347439077,-3761066.071467933
-5113284.1025546035,543631.8794349734,-3761440.025605136
-5114380.454219412,533219.001231275,-3761440.025605136
-5114419.217469509,532847.0716389583,-3761440.025605136
-5115985.220673141,517595.55217334855,-3761440.025605136
-5123420.473375596,437918.4704615943,-3761440.025605136
-5114263.258216937,531702.978360723,-3761813.959840999
-5116125.4446577225,513475.5749509456,-3761813.959840999
-5114529.796541075,526467.8143818139,-3762187.8741914993
-5115853.231788252,513448.25453803304,-3762187.8741914993
-5122330.082749913,444204.8205971186,-3762187.8741914993
-5124555.341324325,417751.0658164572,-3762187.8741914993
-5112546.96226427,542801.5252081484,-3762561.7686456786
-5113757.652492773,531274.5135026807,-3762561.7686456786
-5114295.897295944,526067.8777760287,-3762561.7686456786
-5122057.498159905,444181.18225539784,-3762561.7686456786
-5124221.827924122,418474.1274581609,-3762561.7686456786
-5114061.939900574,525667.9751051484,-3762935.64319259
-5121784.886488453,444157.5415651936,-3762935.64319259
-5113251.903329914,530846.1137641979,-3763309.497848198
-5113827.924337662,525268.1064655517,-3763309.497848198
-5113018.265892746,530446.0241573743,-3763683.332601558
-5113632.006588784,524496.3994995521,-3763683.332601558
-5121784.710496509,437778.6555114511,-3763683.332601558
-5112823.102797304,529674.1548301774,-3764057.1474417183
-5114715.249227375,511079.9449341259,-3764057.1474417183
-5124267.375856466,404225.99066117604,-3764057.1474417183
-5111343.800733134,541170.2419054634,-3764430.942384644
-5112589.319898891,529274.15020276,-3764430.942384644
-5113163.626554945,523696.866605624,-3764430.942384644
-5114442.862146502,511052.72707985446,-3764430.942384644
-5117920.572702995,474962.83172529365,-3764430.942384644
-5112432.346388512,528130.6119675019,-3764804.7174193887
-5112470.739614922,527758.8239697879,-3764804.7174193887
-5117682.498232888,474565.36639066396,-3764804.7174193887
-5123721.557188576,404182.9339516865,-3764804.7174193887
-5110838.612894391,540740.9203183205,-3765178.472535006
-5112198.388993158,527730.7092966348,-3765178.472535006
-5112236.753138441,527358.9383138391,-3765178.472535006
-5114157.470149591,508394.96503417764,-3765178.472535006
-5120277.589960768,442526.2384362266,-3765178.472535006
-5111926.01132901,527702.5918319044,-3765552.20774746
-5117240.61593056,473398.4045165998,-3765552.20774746
-5120069.087083302,441757.9815036605,-3765552.20774746
-5120325.224963064,438779.17149196845,-3765552.20774746
-5111653.60663046,527674.4715764208,-3765925.923045798
-5112302.05089607,521354.6609895091,-3765925.923045798
-5113315.872959125,511315.68084297556,-3765925.923045798
-5110100.197129168,539911.2515929765,-3766299.6184190856
-5111381.174905483,527646.3485310071,-3766299.6184190856
-5113006.157183639,511660.25925261073,-3766299.6184190856
-5109867.054500536,539510.8733626588,-3766673.2938832743
-5111108.716142444,527618.2226944625,-3766673.2938832743
-5112621.869126856,512748.39880036825,-3766673.2938832743
-5112659.143717624,512376.5971500748,-3766673.2938832743
-5112696.391279057,512004.7927008498,-3766673.2938832743
-5110874.584272378,527218.4221441664,-3767046.949427424
-5110912.911157391,526846.7475217306,-3767046.949427424
-5110951.211022553,526475.0700238683,-3767046.949427424
-5112199.941858251,514208.1633677534,-3767046.949427424
-5112423.820843063,511977.496464403,-3767046.949427424
-5112461.039381694,511605.70912939706,-3767046.949427424
-5116321.459575919,471437.1677036845,-3767046.949427424
-5121400.463283496,412620.37696790806,-3767046.949427424
-5110755.206629659,525703.6744405003,-3767420.58504059
-5111363.4308843855,519756.6861813494,-3767420.58504059
-5116117.164270163,470667.92632666486,-3767420.58504059
-5121780.942810646,404404.63557444664,-3767420.58504059
-5109128.116733681,538681.4900114225,-3767794.2007387313
-5110559.058943654,524932.3441440176,-3767794.2007387313
-5111128.630632862,519357.27780077164,-3767794.2007387313
-5111766.7929645255,513038.12258423085,-3767794.2007387313
-5120884.273843155,412203.97230672755,-3767794.2007387313
-5110324.636383207,524532.7140541241,-3768167.7965109064
-5110969.197598525,518214.5487510182,-3768167.7965109064
-5108700.467997562,537509.4912620113,-3768541.3723461693
-5110090.155717092,524133.11797530996,-3768541.3723461693
-5110809.4822158525,517071.91125392605,-3768541.3723461693
-5110847.07122606,516700.2413926767,-3768541.3723461693
-5110997.157004986,515213.53437405237,-3768541.3723461693
-5111888.589309167,506292.38134301826,-3768541.3723461693
-5115605.4816020485,467244.5628558161,-3768541.3723461693
-5109893.69038915,523361.9554920555,-3768914.928260479
-5115535.924132889,464987.6046102466,-3768914.928260479
-5108194.381822327,537080.6558090355,-3769288.464242894
-5107960.802584781,536680.5322258805,-3769661.9802824743
-5120434.351583179,400551.62655987527,-3769661.9802824743
-5107688.1522334,536651.8855425277,-3770035.4763951753
-5110130.514048209,512873.8988437413,-3770035.4763951753
-5119701.572856824,399370.54273030616,-3770782.408796172
-5106909.045794313,536194.5449476847,-3771155.845089482
-5108295.297135478,522822.86609423446,-3771155.845089482
-5110235.847005048,503501.91661208,-3771155.845089482
-5106675.262905173,535794.5402310685,-3771529.261439047
-5108060.467838796,522423.47478988545,-3771529.261439047
-5109150.867160803,511649.7304788335,-3771529.261439047
-5110036.082269014,502731.8052578185,-3771529.261439047
-5107825.580452924,522024.11773411726,-3771902.6578339315
-5108877.945362357,511622.39905561914,-3771902.6578339315
-5106168.603188718,535365.9654203807,-3772276.03429008
-5105895.757536098,535337.3583986436,-3772649.3907965575
-5107317.713349762,521596.9219868168,-3772649.3907965575
-5109180.526591191,503022.783603017,-3772649.3907965575
-5117807.271780976,405963.42572715686,-3772649.3907965575
-5105622.884887514,535308.748546463,-3773022.7273424305
-5105349.985231311,535280.1358626173,-3773396.0439436445
-5108304.1165599525,506312.500622971,-3773396.0439436445
-5108451.180775143,504826.533759365,-3773396.0439436445
-5117407.484654682,404059.31687153614,-3773396.0439436445
-5105038.120493669,535622.7705530481,-3773769.340589266
-5111645.920169293,468382.26999437745,-3773769.340589266
-5111679.968375396,468010.5393451837,-3773769.340589266
-5111713.989548392,467638.8062209196,-3773769.340589266
-5117542.615599978,398827.7091008163,-3773769.340589266
-5104726.205922325,535965.3599707528,-3774142.617268363
-5111338.541894924,468728.93516209314,-3774142.617268363
-5104414.241520121,536307.9040180075,-3774515.8739968743
-5106104.169871539,519972.2332645234,-3774515.8739968743
-5104102.227309568,536650.4025991723,-3774889.110763871
-5105831.078093668,519944.4233850338,-3774889.110763871
-5105557.959320183,519916.61075648735,-3775262.3275584206
-5105284.813539414,519888.795377696,-3775635.524396464
-5110245.059402654,468628.6587119972,-3775635.524396464
-5110279.125522184,468257.0300248203,-3775635.524396464
-5110039.722787918,467860.3632334546,-3776008.7012670715
-5110175.601656247,466373.89312929346,-3776008.7012670715
-5110209.503804807,466002.2694991877,-3776008.7012670715
-5110243.378936174,465630.6433154436,-3776008.7012670715
-5110277.227042032,465259.0146692084,-3776008.7012670715
-5110311.0481140865,464887.38365164754,-3776008.7012670715
-5103009.960174355,536535.5605423808,-3776381.8581593144
-5103048.96464148,536164.4578268201,-3776381.8581593144
-5104776.230817667,519461.92800258973,-3776381.8581593144
-5109800.2623699,467463.7312666064,-3776381.8581593144
-5102931.567978629,534651.4000697002,-3776754.9950891277
-5102970.435435291,534280.3029708992,-3776754.9950891277
-5104503.002020716,519434.124245631,-3776754.9950891277
-5104653.883322336,517949.26252628147,-3776754.9950891277
-5105103.93555644,513494.4149993016,-3776754.9950891277
-5105141.264427864,513123.1599774064,-3776754.9950891277
-5109526.764665942,467438.7106688098,-3776754.9950891277
-5109865.3445678465,463722.83473411744,-3776754.9950891277
-5102658.396309009,534622.778949923,-3777128.112045583
-5104229.746228615,519406.31774164643,-3777128.112045583
-5104380.619453212,517921.5355103617,-3777128.112045583
-5104793.293724975,513838.1588939146,-3777128.112045583
-5104830.647594984,513466.92646162136,-3777128.112045583
-5101995.080654059,538304.5725713166,-3777501.209017754
-5102034.21377942,537933.5435661412,-3777501.209017754
-5103956.46344937,519378.50849145063,-3777501.209017754
-5104445.196056462,514553.0646352376,-3777501.209017754
-5104482.601916808,514181.857515435,-3777501.209017754
-5104519.980773141,513810.6477654729,-3777501.209017754
-5109553.604696866,461072.2032379158,-3777501.209017754
-5109587.121305404,460700.624765541,-3777501.209017754
-5101721.875905322,538275.747109283,-3777874.2860215763
-5101761.006935158,537904.7379721953,-3777874.2860215763
-5103683.153671309,519350.69649385585,-3777874.2860215763
-5104096.971421808,515267.8772635673,-3777874.2860215763
-5104134.4292567335,514896.6955545699,-3777874.2860215763
-5101448.644176141,538246.9188005793,-3778247.343046123
-5101487.773110246,537875.9295335414,-3778247.343046123
-5101877.578532896,534165.8810034777,-3778247.343046123
-5101916.410675082,533794.8606432888,-3778247.343046123
-5101955.215845119,533423.8373710832,-3778247.343046123
-5103372.037188131,519694.010751683,-3778247.343046123
-5103786.129660839,515611.4403759264,-3778247.343046123
-5103823.61249019,515240.28118198534,-3778247.343046123
-5103861.068318995,514869.11935228016,-3778247.343046123
-5101759.455241714,532653.2493962152,-3778620.3800804643
-5103060.870772698,520037.27984555834,-3778620.3800804643
-5103512.745751997,515583.82168904715,-3778620.3800804643
-5103550.226573584,515212.68237621954,-3778620.3800804643
-5108833.147761857,459883.56305726327,-3778620.3800804643
-5102673.914182804,521122.66299457126,-3778993.39714054
-5101251.512311233,532225.2027267229,-3779366.394215419
-5103003.373758358,515157.4765894066,-3779366.394215419
-5103040.823567612,514786.37440935464,-3779366.394215419
-5107201.815116795,471720.5506895545,-3779366.394215419
-5102804.775503461,514387.70221279666,-3779739.371294179
-5102842.169342649,514016.6143881898,-3779739.371294179
-5102879.536186503,513645.5239342686,-3779739.371294179
-5102916.876052761,513274.4306748714,-3779739.371294179
-5106962.412380887,471323.88398794906,-3779739.371294179
-5107371.775422608,466867.03964320215,-3779739.371294179
-5107405.713449344,466495.6198226192,-3779739.371294179
-5107439.624465576,466124.1975349752,-3779739.371294179
-5101701.830526563,522522.93455413193,-3780112.32839275
-5102792.453752386,511762.5999043384,-3780112.32839275
-5102829.656679839,511391.5130717943,-3780112.32839275
-5102866.832629921,511020.42344569985,-3780112.32839275
-5102903.981593504,510649.331117075,-3780112.32839275
-5102941.103561484,510278.23617694253,-3780112.32839275
-5106859.723086773,469441.7465961269,-3780112.32839275
-5100081.935386344,535477.7396696422,-3780485.265500209
-5102704.649721535,509879.8045089091,-3780485.265500209
-5102741.71573739,509508.723977573,-3780485.265500209
-5102778.754758521,509137.64084076067,-3780485.265500209
-5102815.76680251,508766.5549223185,-3780485.265500209
-5102852.751860271,508395.4663132632,-3780485.265500209
-5102889.709922739,508024.3751046235,-3780485.265500209
-5102926.64100746,507653.28112023714,-3780485.265500209
-5102963.545105365,507282.18445112533,-3780485.265500209
-5103000.422207411,506911.0851883185,-3780485.265500209
-5102542.185036069,508739.27797187323,-3780858.182605636
-5102837.29401804,505770.65336241253,-3780858.182605636
-5103313.162442145,500946.2736349699,-3780858.182605636
-5103349.578791641,500575.14887496113,-3780858.182605636
-5103385.968143354,500204.0215567298,-3780858.182605636
-5106243.858054893,470134.09268067224,-3780858.182605636
-5099612.857806781,534678.615818713,-3781231.0797249535
-5099651.727251405,534307.7600632733,-3781231.0797249535
-5099690.56972653,533936.9014821482,-3781231.0797249535
-5102893.584892436,502403.80470861343,-3781231.0797249535
-5102930.1072377,502032.7104572935,-3781231.0797249535
-5102966.60259613,501661.61355097475,-3781231.0797249535
-5103148.674561573,499806.08944121306,-3781231.0797249535
-5103185.007994964,499434.9766461142,-3781231.0797249535
-5099339.364492409,534649.9408916465,-3781603.9568472416
-5102546.793912243,503119.0013239233,-3781603.9568472416
-5102947.627594798,499037.0963985629,-3781603.9568472416
-5106776.325207382,458200.91429269884,-3781603.9568472416
-5099065.84421676,534621.2631377738,-3781976.813961581
-5099104.709492024,534250.4471624398,-3781976.813961581
-5099143.547800685,533879.6283617235,-3781976.813961581
-5102746.437922707,498268.1696879084,-3781976.813961581
-5098831.160158429,534221.7864735306,-3782349.651083896
-5098869.996383549,533850.9875659605,-3782349.651083896
-5102235.139237391,497843.6626907979,-3782722.4682032666
-5109425.477531842,417639.8186220903,-3782722.4682032666
-5099816.230042812,519331.91062193655,-3783095.2653087764
-5099853.983433856,518961.04020643834,-3783095.2653087764
-5100079.937427594,516735.75979107217,-3783095.2653087764
-5104223.017115088,474066.0345889163,-3783095.2653087764
-5104600.60955899,469982.79807701724,-3783095.2653087764
-5105345.994789825,461815.4253398362,-3783095.2653087764
-5099466.933926444,520045.73049404135,-3783468.042416343
-5099504.739237918,519674.8853891818,-3783468.042416343
-5099768.621264875,517078.8929906154,-3783468.042416343
-5101651.297229677,498161.23242278956,-3783468.042416343
-5104017.960557823,473298.2466874456,-3783468.042416343
-5104052.366284038,472927.0707461735,-3783468.042416343
-5104086.745017484,472555.8923038276,-3783468.042416343
-5104429.047676976,468843.97110953997,-3783468.042416343
-5112136.1669594245,375598.69871932373,-3783468.042416343
-5097775.521082458,533736.3961524183,-3783840.7995150504
-5097814.322002477,533365.6741033529,-3783840.7995150504
-5097853.095972032,532994.9491446123,-3783840.7995150504
-5097891.842981603,532624.2213671267,-3783840.7995150504
-5099117.511096504,520759.456903376,-3783840.7995150504
-5099155.368312556,520388.6372073742,-3783840.7995150504
-5099869.53142185,513342.54294805863,-3783840.7995150504
-5097540.633696468,533337.0390965425,-3784213.5365939834
-5097579.40558435,532966.3340410544,-3784213.5365939834
-5097618.150513696,532595.6261669727,-3784213.5365939834
-5097656.86847501,532224.9155652326,-3784213.5365939834
-5098805.870676863,521102.2957251425,-3784213.5365939834
-5098843.752825683,520731.49869136675,-3784213.5365939834
-5098881.608009281,520360.6989037037,-3784213.5365939834
-5098919.436218378,519989.8964531065,-3784213.5365939834
-5101067.32809117,498478.70941463346,-3784213.5365939834
-5103504.376266926,472876.2955395352,-3784213.5365939834
-5103538.751309344,472505.1569482853,-3784213.5365939834
-5103573.099353468,472134.0159472687,-3784213.5365939834
-5103607.4204156045,471762.8723602997,-3784213.5365939834
-5104017.167824387,467308.95563083544,-3784213.5365939834
-5104490.293794498,462112.269926493,-3784213.5365939834
-5097266.918425563,533308.4012684937,-3784586.2536690584
-5097305.688231568,532937.7161182191,-3784586.2536690584
-5097344.431080482,532567.0281495021,-3784586.2536690584
-5098494.1803991655,521445.08912735916,-3784586.2536690584
-5098532.087468357,521074.3148484231,-3784586.2536690584
-5103264.713966187,472479.78552187956,-3784586.2536690584
-5103299.060165974,472108.66444948484,-3784586.2536690584
-5104249.7958117025,461716.2662235187,-3784586.2536690584
-5111230.788153656,376653.31376394205,-3784586.2536690584
-5096993.176197777,533279.7606200449,-3784958.950729364
-5097031.943921698,532909.095376944,-3784958.950729364
-5097070.684689977,532538.4273155525,-3784958.950729364
-5097109.398493122,532167.7565267956,-3784958.950729364
-5098182.440258376,521787.8372814225,-3784958.950729364
-5098220.372262837,521417.0855829793,-3784958.950729364
-5100483.231846747,498796.0935531028,-3784958.950729364
-5102990.649634431,472454.41159676586,-3784958.950729364
-5103024.9939896995,472083.3104549557,-3784958.950729364
-5103469.014769264,467258.76833261666,-3784958.950729364
-5096719.407021129,533251.1171520352,-3785331.627763979
-5096758.172662762,532880.4718180681,-3785331.627763979
-5096796.911350202,532509.8236659615,-3785331.627763979
-5096835.623073954,532139.172786636,-3785331.627763979
-5097908.607204098,521759.8110664249,-3785331.627763979
-5098886.023592672,512119.89442025224,-3785331.627763979
-5100027.580427897,500623.75765086914,-3785331.627763979
-5100063.973332055,500252.87182599877,-3785331.627763979
-5100100.339255812,499881.98344455275,-3785331.627763979
-5100136.67821643,499511.0923304721,-3785331.627763979
-5100172.990204988,499140.1985747259,-3785331.627763979
-5102750.900832671,472057.95396442397,-3785331.627763979
-5096445.610883926,533222.4708632412,-3785704.2847888237
-5096484.374443066,532851.8454403684,-3785704.2847888237
-5096523.11104946,532481.2171995075,-3785704.2847888237
-5096561.820693617,532110.5862315743,-3785704.2847888237
-5097634.7471829755,521731.7820914296,-3785704.2847888237
-5099789.997524506,500225.9982053435,-3785704.2847888237
-5099826.361494684,499855.1297480483,-3785704.2847888237
-5099862.69850317,499484.2585582653,-3785704.2847888237
-5102476.780683181,472032.59497680666,-3785704.2847888237
-5102579.640789407,470919.396004227,-3785704.2847888237
-5096132.9993759645,533564.4243555825,-3786076.921792983
-5096171.787794186,533193.8217545019,-3786076.921792983
-5096210.549270628,532823.2162446834,-3786076.921792983
-5096287.991360127,532081.9968624474,-3786076.921792983
-5099515.994746734,500199.12193924456,-3786076.921792983
-5099552.356763138,499828.27340806153,-3786076.921792983
-5099588.691819302,499457.4221445375,-3786076.921792983
-5102168.294728638,472378.2748311286,-3786076.921792983
-5102612.594738235,467554.54257798847,-3786076.921792983
-5095859.151426059,533535.7525128794,-3786449.538765544
-5095897.93775993,533165.1698266563,-3786449.538765544
-5096014.135081507,532053.4046800926,-3786449.538765544
-5096052.81362489,531682.8106381194,-3786449.538765544
-5097086.9462722745,521675.7158647292,-3786449.538765544
-5099241.965006765,500172.2430284893,-3786449.538765544
-5099278.325069205,499801.4144253792,-3786449.538765544
-5095585.276520144,533507.0778478858,-3786822.135722423
-5095624.060769459,533136.5150784805,-3786822.135722423
-5095662.818079891,532765.94940065,-3786822.135722423
-5095701.54844192,532395.3809052856,-3786822.135722423
-5095740.251846058,532024.8096832886,-3786822.135722423
-5095778.928310677,531654.2355587435,-3786822.135722423
-5096164.210699712,527948.3402626107,-3786822.135722423
-5096775.056609078,522018.3279638673,-3786822.135722423
-5097976.046744486,510156.1910063624,-3786822.135722423
-5098967.9082928905,500145.3614719293,-3786822.135722423
-5099004.266401174,499774.5527988537,-3786822.135722423
-5106680.0300571835,414050.94253947295,-3786822.135722423
-5106710.127190476,413679.57316369534,-3786822.135722423
-5095311.374666245,533478.4003614419,-3787194.7126527024
-5095350.156830799,533107.8575108142,-3787194.7126527024
-5095388.912057918,532737.3117519175,-3787194.7126527024
-5095427.640338082,532366.7631756385,-3787194.7126527024
-5095466.341661804,531996.2118728734,-3787194.7126527024
-5095505.016047456,531625.6576677162,-3787194.7126527024
-5096043.627813347,526437.6049242733,-3787194.7126527024
-5096463.117127391,522360.89460791455,-3787194.7126527024
-5097702.016380051,510128.76869490807,-3787194.7126527024
-5098693.824613144,500118.47727035236,-3787194.7126527024
-5098730.180767077,499747.68852927233,-3787194.7126527024
-5101721.879308397,468221.1813250426,-3787194.7126527024
-5106615.63330514,411429.1945632491,-3787194.7126527024
-5095037.44587238,533449.7200543873,-3787567.2695454727
-5095076.225951968,533079.1971244963,-3787567.2695454727
-5095114.979095568,532708.6712864927,-3787567.2695454727
-5095153.705293664,532338.1426312581,-3787567.2695454727
-5095192.404536767,531967.611249684,-3787567.2695454727
-5095577.914974107,528262.1424027776,-3787567.2695454727
-5097427.95906301,510101.34368629736,-3787567.2695454727
-5098419.713975547,500091.5904245456,-3787567.2695454727
-5095533.930572534,526010.4422425833,-3787939.8064166466
-5095839.088695931,523045.8919471934,-3787939.8064166466
-5098145.576368396,500064.7009333608,-3787939.8064166466
-5100968.541812975,470396.59692500375,-3787939.8064166466
-5101139.245630085,468541.80139742873,-3787939.8064166466
-5095106.688873306,527464.2835969365,-3788312.3232553126
-5095221.642473286,526352.6912097709,-3788312.3232553126
-5095526.999771032,523388.3224493681,-3788312.3232553126
-5095565.048163962,523017.7639447234,-3788312.3232553126
-5096916.841687781,509675.828729787,-3788312.3232553126
-5097871.411799718,500037.8087975853,-3788312.3232553126
-5100864.920069918,468516.6044784778,-3788312.3232553126
-5095290.980690687,522989.6331769504,-3788684.8200505637
-5095329.000099866,522619.09174821497,-3788684.8200505637
-5097597.220277539,500010.9140180067,-3788684.8200505637
-5100590.567540425,468491.4050823827,-3788684.8200505637
-5095054.903628382,522590.97814672324,-3789057.2968183034
-5095092.89404717,522220.4538870564,-3789057.2968183034
-5097359.348169462,499613.3275417851,-3789057.2968183034
-5100042.782322493,471433.36741072155,-3789057.2968183034
-5094818.768586548,522192.357456737,-3789429.7535476256
-5097121.418246002,499215.7755778991,-3789429.7535476256
-5099939.462202901,469553.6442128419,-3789429.7535476256
-5099973.595624703,469182.76487826504,-3789429.7535476256
-5094544.616188574,522164.2582654796,-3789802.190227622
-5094582.575567656,521793.77120501024,-3789802.190227622
-5095968.130432825,508083.8243428939,-3789802.190227622
-5096883.430510053,498818.25822436786,-3789802.190227622
-5100072.833205772,465077.9020146845,-3789802.190227622
-5105020.6731073605,407190.7244675313,-3789802.190227622
-5105050.271355865,406819.4757817461,-3789802.190227622
-5094308.394177712,521765.68919057015,-3790174.6068741996
-5094346.324581763,521395.2192207867,-3790174.6068741996
-5095693.874474777,508056.480173455,-3790174.6068741996
-5095730.807913273,507685.9094849438,-3790174.6068741996
-5096609.12529218,498791.41271124856,-3790174.6068741996
-5099253.790685727,470986.4409760084,-3790174.6068741996
-5105040.681626749,403456.42681943206,-3790174.6068741996
-5094072.1142089255,521367.15438805876,-3790547.0034764498
-5094110.01563133,520996.701602097,-3790547.0034764498
-5095456.523018668,507658.5825751395,-3790547.0034764498
-5096371.050821781,498393.94737635844,-3790547.0034764498
-5093835.776284682,520968.65395596944,-3790919.38002347
-5093873.648718854,520598.2184469458,-3790919.38002347
-5095182.211183341,507631.2529812401,-3790919.38002347
-5096096.68975322,498367.11654033745,-3790919.38002347
-5093599.380387734,520570.18799028266,-3791291.73653116
-5093637.223854352,520199.7695846023,-3791291.73653116
-5094870.944921651,507974.4315452424,-3791291.73653116
-5094907.872395577,507603.9207020787,-3791291.73653116
-5095858.528583692,497969.7030657488,-3791291.73653116
-5093400.741040312,519801.35511307896,-3791664.072988615
-5094633.506663406,507576.58573845547,-3791664.072988615
-5094670.405196942,507206.09225226287,-3791664.072988615
-5095584.111657765,497942.8869140927,-3791664.072988615
-5098155.730806031,470885.01999640133,-3791664.072988615
-5093164.200279255,519402.975130367,-3792036.38938493
-5094432.8801544495,506808.29825659364,-3792036.38938493
-5095345.863798322,497545.5254083118,-3792036.38938493
-5092927.601581156,519004.62946576497,-3792408.6857360085
-5094195.297251092,506410.5388110951,-3792408.6857360085
-5094232.110988474,506040.0771954684,-3792408.6857360085
-5095107.558132248,497148.198646771,-3792408.6857360085
-5097572.285576008,471205.0017577098,-3792408.6857360085
-5102287.851864274,417056.39555382077,-3792408.6857360085
-5092690.944948531,518606.318217265,-3792780.9620309444
-5093994.441313126,505642.36959198467,-3792780.9620309444
-5094031.199197025,505271.9224961337,-3792780.9620309444
-5094067.93013234,504901.47281706316,-3792780.9620309444
-5094833.056468235,497121.4145197958,-3792780.9620309444
-5094869.19468853,496750.9064606565,-3792780.9620309444
-5103524.575498463,398108.6300733248,-3792780.9620309444
-5092454.230383924,518208.04148284,-3793153.2182588386
-5093866.819872892,504133.39922150824,-3793153.2182588386
-5093903.468012907,503762.9614994481,-3793153.2182588386
-5094594.664139832,496724.1396696546,-3793153.2182588386
-5092217.457897274,517809.7990918166,-3793525.454435586
-5093665.567000892,503365.39223387674,-3793525.454435586
-5094356.2140260795,496326.89949583774,-3793525.454435586
-5091980.627491118,517411.59114217054,-3793897.6705502854
-5094081.627640559,496300.1474189033,-3793897.6705502854
-5096439.312947952,471474.0659163829,-3793897.6705502854
-5093807.014321595,496273.39271792927,-3794269.866592036
-5096164.572530163,471448.64954744524,-3794269.866592036
-5093532.374057458,496246.6353917727,-3794642.042576735
-5095889.80515473,471423.2306846428,-3794642.042576735
-5093257.706856188,496219.8754412173,-3795014.1984934835
-5100484.12100032,415415.4121556592,-3795014.1984934835
-5100544.4867724525,414673.5724494592,-3795014.1984934835
-5090795.606838361,515421.06848843483,-3795758.4501063144
-5094962.388136051,472458.51873525255,-3795758.4501063144
-5090558.429020448,515023.06736391416,-3796130.5458073933
-5091998.641189954,500583.37697901914,-3796130.5458073933
-5092325.181595426,497250.5646826014,-3796130.5458073933
-5090321.193315735,514625.1008292325,-3796502.6214237185
-5091687.474774652,500926.6460728149,-3796502.6214237185
-5092050.412513704,497223.7342905563,-3796502.6214237185
-5100715.466533586,398635.8927491219,-3796502.6214237185
-5102406.283090672,376376.09886875626,-3796502.6214237185
-5090083.8997340305,514227.1687137842,-3796874.6769711813
-5091376.258429582,501269.86990500713,-3796874.6769711813
-5094103.332425492,472752.4996723854,-3796874.6769711813
-5099468.910827102,410853.39828562655,-3796874.6769711813
-5089846.5482779555,513829.27111549577,-3797246.7124388837
-5089883.901532187,513459.12573015096,-3797246.7124388837
-5091064.992176675,501613.04838013055,-3797246.7124388837
-5099133.865733832,411572.8662077224,-3797246.7124388837
-5101910.2281607175,375593.4353275478,-3797246.7124388837
-5089609.138950161,513431.40813228814,-3797618.7278159326
-5091225.943685405,497143.2273363035,-3797618.7278159326
-5093587.770677141,472331.0497415704,-3797618.7278159326
-5094538.97927975,461958.42533819407,-3797618.7278159326
-5101634.816372418,375573.1600080946,-3797618.7278159326
-5090478.82471271,501929.0809063545,-3797990.7231182125
-5090987.204744873,496746.1607622022,-3797990.7231182125
-5094398.079087706,460451.60320655437,-3797990.7231182125
-5098643.1153865,410786.86569782323,-3797990.7231182125
-5101359.37759753,375552.8827019375,-3797990.7231182125
-5089096.853325135,513005.8765499238,-3798362.6983348303
-5090203.946492833,501901.97748897166,-3798362.6983348303
-5098367.796307174,410764.68382333155,-3798362.6983348303
-5099309.883369312,398899.1417270874,-3798362.6983348303
-5099338.878651955,398528.3083636093,-3798362.6983348303
-5088859.299354915,512608.09982865537,-3798734.653454892
-5089929.041360024,501874.87141793227,-3798734.653454892
-5090437.36648598,496692.5110410066,-3798734.653454892
-5092865.5856977105,471143.4586799017,-3798734.653454892
-5093545.449125316,463735.69016814185,-3798734.653454892
-5099294.459081778,395540.2030373288,-3798734.653454892
-5088621.687517392,512210.3577505704,-3799106.588494284
-5089654.109302545,501847.7626920788,-3799106.588494284
-5089690.5912462985,501477.63124413986,-3799106.588494284
-5090126.274969873,497035.8479231155,-3799106.588494284
-5092624.742228181,470747.6650018376,-3799106.588494284
-5093067.504954152,465932.9557344299,-3799106.588494284
-5088384.017842076,511812.650147116,-3799478.5034421124
-5089452.083350106,501080.4258445399,-3799478.5034421124
-5089488.509492079,500710.30909037305,-3799478.5034421124
-5089815.133512049,497379.1396440103,-3799478.5034421124
-5089851.2904879125,497008.99649787106,-3799478.5034421124
-5097779.749106789,407732.4263263998,-3799478.5034421124
-5088146.290331644,511414.97711618955,-3799850.3982874877
-5089249.914960117,500313.15564639895,-3799850.3982874877
-5089286.285296432,499943.0536851841,-3799850.3982874877
-5089322.628726799,499572.9489911981,-3799850.3982874877
-5089503.942134357,497722.3861082211,-3799850.3982874877
-5089540.124072633,497352.2655916562,-3799850.3982874877
-5092142.882602686,469956.1828439181,-3799850.3982874877
-5092483.2978666965,466252.9480691274,-3799850.3982874877
-5097622.6918110205,406227.5748491117,-3799850.3982874877
-5100841.684271759,363582.2639101878,-3799850.3982874877
-5100868.111227981,363211.31933340634,-3799850.3982874877
-5100947.230253226,362098.47390781034,-3799850.3982874877
-5087871.329291735,511387.3404906074,-3800222.273046288
-5089120.2063017385,498805.7750810977,-3800222.273046288
-5089156.467027304,498435.68246772746,-3800222.273046288
-5089192.700838878,498065.58721837896,-3800222.273046288
-5089228.9077275805,497695.48942383716,-3800222.273046288
-5091970.107404063,468819.9022506965,-3800222.273046288
-5092174.183950285,466598.0665981672,-3800222.273046288
-5092579.428569804,462154.1292150749,-3800222.273046288
-5092646.592304143,461413.43861649756,-3800222.273046288
-5092680.13376468,461043.0897448382,-3800222.273046288
-5097376.745300971,405834.9318476477,-3800222.273046288
-5100513.10518694,364304.45956531446,-3800222.273046288
-5091728.976168966,468424.2838235925,-3800594.1277076257
-5100237.433980422,364284.76973257854,-3800594.1277076257
-5087358.498156953,510962.0973873804,-3800965.9622606086
-5091623.716015056,466547.62698926457,-3800965.9622606086
-5091793.020933117,464696.2295016812,-3800965.9622606086
-5091826.801127163,464325.9426947909,-3800965.9622606086
-5087120.597144976,510564.5281218411,-3801337.7767211194
-5086882.638311409,510166.993461814,-3801709.571078266
-5086919.725245176,509797.06362773135,-3801709.571078266
-5096185.935219308,406859.00610016484,-3801709.571078266
-5097233.624045852,393515.84347813553,-3801709.571078266
-5086755.7150560375,508659.74767574586,-3802081.345321164
-5086792.692389021,508289.8269869886,-3802081.345321164
-5096929.333466053,393865.2221434427,-3802081.345321164
-5086517.553886562,508262.334201206,-3802453.099465687
-5090420.5729928445,467557.2867734956,-3802453.099465687
-5096653.646684862,393843.91844699887,-3802453.099465687
-5097997.367958027,376050.87775036594,-3802453.099465687
-5098188.137754583,373455.67129480763,-3802453.099465687
-5086242.38848407,508234.83872747957,-3802824.8335009473
-5089974.86053491,469382.7913666103,-3802824.8335009473
-5090008.98155829,469012.63667882496,-3802824.8335009473
-5096377.932950034,393822.61266771273,-3802824.8335009473
-5089733.585471457,468987.26064407045,-3803196.5474160598
-5089492.252868155,468591.76510597393,-3803568.2412269004
-5085453.671334074,507782.5128670175,-3803939.914922584
-5089284.897494616,467826.2025495952,-3803939.914922584
-5094637.072497842,394806.2210353834,-3805054.8152901
-5084463.046014737,506563.30623862747,-3805426.4084965726
-5088216.807002859,467354.86993343575,-3805426.4084965726
-5084224.480349814,506166.1355327332,-3805797.98158698
-5093123.2179073775,406987.2363616108,-3805797.98158698
-5093999.004884052,395874.8054483323,-3805797.98158698
-5094314.052113203,391799.77257576236,-3805797.98158698
-5083269.640137498,504577.79954929545,-3807284.072650526
-5083030.7857203875,504180.80235017353,-3807655.545077616
-5093831.684272456,379840.7855164007,-3807655.545077616
-5093859.293600079,379470.3506781313,-3807655.545077616
-5093886.875995468,379099.91374413256,-3807655.545077616
-5082791.873549499,503783.8399832785,-3808026.9973768415
-5093527.902158418,380190.6063842032,-3808026.9973768415
-5093665.806644898,378338.5223126267,-3808026.9973768415
-5093994.0297240205,373893.3168500776,-3808026.9973768415
-5082552.903654083,503386.912280233,-3808398.429537332
-5092495.449785747,390169.82944487483,-3808398.429537332
-5093224.069168205,380540.3830649824,-3808398.429537332
-5093468.780563426,373482.36308907275,-3808769.841548204
-5082038.22764288,502962.7387743884,-3809141.233425322
-5086993.775673056,450087.0916640486,-3809141.233425322
-5093650.336711812,367165.2368275957,-3809141.233425322
-5092312.265018126,381589.4478228321,-3809512.6051578075
-5090116.408409569,406374.4394700027,-3809883.956734786
-5091616.734136097,387123.0668406996,-3809883.956734786
-5091757.159469301,385271.67714225396,-3809883.956734786
-5081284.208527076,502141.84363560664,-3810255.2881721193
-5081044.950040916,501745.08982132695,-3810626.599458925
-5089652.513353511,405219.95608607336,-3810626.599458925
-5080529.816290755,501321.1546084749,-3811369.161564207
-5085108.004593528,452529.2210412326,-3811369.161564207
-5090455.111484952,387779.41182336287,-3811369.161564207
-5080290.413556662,500924.48781726725,-3811740.412387665
-5083663.69470197,465445.4508745708,-3811740.412387665
-5084798.991089068,452874.4293844737,-3811740.412387665
-5084996.110793093,450655.7242395101,-3811740.412387665
-5086663.924477191,431423.3975956967,-3811740.412387665
-5086851.684225667,429203.88076204684,-3811740.412387665
-5088723.616008919,402911.6290736415,-3812111.6430438324
-5079775.051022575,500500.67173456756,-3812482.8535485705
-5086080.074810043,431746.4117030091,-3812482.8535485705
-5088082.829604084,403977.91904025833,-3812854.0438910066
-5088170.842825897,402867.8619602187,-3812854.0438910066
-5089321.209270358,388065.2894229273,-3812854.0438910066
-5090183.123977968,376591.03063389135,-3812854.0438910066
-5083297.3000523085,457212.2331433655,-3813225.2140602665
-5085496.09746837,432069.3341224448,-3813225.2140602665
-5085933.355277537,426891.52314189327,-3813225.2140602665
-5087806.40743684,403955.9719816826,-3813225.2140602665
-5087835.770485962,403585.9752500747,-3813225.2140602665
-5087865.106635125,403215.9762953051,-3813225.2140602665
-5087894.415877127,402845.97520812653,-3813225.2140602665
-5087923.698204785,402475.9720793005,-3813225.2140602665
-5079019.912785017,499680.395321404,-3813596.364072204
-5082854.521929547,459035.5986583523,-3813596.364072204
-5083186.997977339,455339.12145719037,-3813596.364072204
-5083220.097734091,454969.4604338763,-3813596.364072204
-5087471.154718688,404673.96980850067,-3813596.364072204
-5087559.319809778,403564.0461586517,-3813596.364072204
-5087588.654364944,403194.0673080022,-3813596.364072204
-5087676.4965886,402084.1180589286,-3813596.364072204
-5087705.72352004,401714.13069085137,-3813596.364072204
-5087734.923538154,401344.14128711144,-3813596.364072204
-5087764.096656805,400974.1496720651,-3813596.364072204
-5082544.9063938,459380.26714579435,-3813967.493915949
-5083338.934648172,450508.85767373303,-3813967.493915949
-5083794.967011898,445333.2333623867,-3813967.493915949
-5084245.729791919,440157.14744297473,-3813967.493915949
-5084627.903378473,435720.1390084444,-3813967.493915949
-5087282.842228051,403542.1149329814,-3813967.493915949
-5087312.175189064,403172.15618840855,-3813967.493915949
-5089243.69104471,378010.0640381384,-3813967.493915949
-5083841.145735569,441612.07202771143,-3814338.603580632
-5083873.247223606,441242.36355845124,-3814338.603580632
-5083905.3218333,440872.652666955,-3814338.603580632
-5084065.29156973,439024.0634527274,-3814338.603580632
-5084351.54320079,435696.4567061551,-3814338.603580632
-5086859.277393288,405369.8425294885,-3814338.603580632
-5086976.979486602,403890.11798744695,-3814338.603580632
-5087006.33774888,403520.1815737062,-3814338.603580632
-5087152.725546083,401670.467178759,-3814338.603580632
-5078264.40166685,498860.32541048364,-3814709.6930821063
-5084609.882115011,429387.1262669592,-3814709.6930821063
-5088413.777127702,377948.421123796,-3815080.762409497
-5081003.288997591,464084.09897417616,-3815451.8115519406
-5082135.227509972,451519.6596242239,-3815451.8115519406
-5086000.138547828,405673.59344241023,-3815451.8115519406
-5086410.522373522,400495.282884741,-3815451.8115519406
-5079874.87922341,473295.1100111835,-3815822.8405252844
-5080760.692144975,463689.37757950067,-3815822.8405252844
-5082542.415585028,443733.7529472685,-3815822.8405252844
-5085841.320141796,404172.1366743513,-3815822.8405252844
-5087860.366632504,377907.315853656,-3815822.8405252844
-5081384.941135245,453687.76093960006,-3816193.8493186603
-5082330.440423584,442970.42651429377,-3816193.8493186603
-5082362.640705651,442600.8278143136,-3816193.8493186603
-5087556.126871053,378256.7386831817,-3816193.8493186603
-5080308.975831488,462530.591452598,-3816564.8379212054
-5080610.613252591,459205.4381740269,-3816564.8379212054
-5081108.505841751,453663.0796153542,-3816564.8379212054
-5085551.43373335,400799.7664621936,-3816564.8379212054
-5087141.489004116,380085.92291278177,-3816564.8379212054
-5087169.116182948,379715.97450973035,-3816564.8379212054
-5087196.716458299,379346.0240985496,-3816564.8379212054
-5087224.289823406,378976.07176998636,-3816564.8379212054
-5076788.406613707,496851.6123405421,-3816935.8063487615
-5079114.637909126,472479.1478890788,-3816935.8063487615
-5080732.954210872,454746.85068552307,-3816935.8063487615
-5080766.010895034,454377.3682155611,-3816935.8063487615
-5081906.065934658,441443.9797179948,-3816935.8063487615
-5084923.048790627,405215.545223241,-3816935.8063487615
-5084952.503453175,404845.75808327826,-3816935.8063487615
-5084981.931216904,404475.96889103635,-3816935.8063487615
-5085011.332095783,404106.17747097573,-3816935.8063487615
-5085099.3733723415,402996.7904846845,-3816935.8063487615
-5086837.046008193,380435.1686836742,-3816935.8063487615
-5078562.52056642,475408.1047437837,-3817306.7545904634
-5078872.586673724,472084.0917592703,-3817306.7545904634
-5079587.613255351,464327.2774895218,-3817306.7545904634
-5080191.064199245,457677.7169452041,-3817306.7545904634
-5080290.793087289,456569.3803033145,-3817306.7545904634
-5080323.982318655,456199.929894727,-3817306.7545904634
-5080357.144682738,455830.47707352723,-3817306.7545904634
-5081629.518446929,441419.9571914111,-3817306.7545904634
-5086449.356900748,381894.0704462384,-3817306.7545904634
-5078286.11313653,475382.2300337947,-3817677.6826354484
-5080738.208615748,448416.5106452663,-3817677.6826354484
-5081352.944091654,441395.93233095604,-3817677.6826354484
-5086144.736159158,382243.1612831286,-3817677.6826354484
-5076031.717744227,496032.2177428951,-3818048.590499559
-5078044.234308208,474987.0682381845,-3818048.590499559
-5078078.7629176825,474617.7811552737,-3818048.590499559
-5086281.788045487,376674.3065051594,-3818048.590499559
-5086445.659033548,374454.9616217045,-3818048.590499559
-5077802.2980084885,474591.94162660645,-3818419.4781719306
-5078791.890883785,463882.1162863591,-3818419.4781719306
-5085674.247528349,381092.03185603005,-3818419.4781719306
-5085701.9478773745,380722.19015113777,-3818419.4781719306
-5085757.267881477,379982.5007917241,-3818419.4781719306
-5077560.30424085,474196.85029665584,-3818790.345641705
-5077938.009868842,470134.94229100784,-3818790.345641705
-5080715.139999566,439107.00542452844,-3818790.345641705
-5085341.848778842,381810.9179846587,-3818790.345641705
-5085369.601407625,381441.10045058664,-3818790.345641705
-5077283.783746499,474171.0258574357,-3819161.1929247174
-5077593.040461509,470847.8500691166,-3819161.1929247174
-5077627.268059714,470478.5958088938,-3819161.1929247174
-5080470.365279441,438713.6309430598,-3819161.1929247174
-5081477.540904495,426889.66225602326,-3819161.1929247174
-5081508.571755104,426520.1257118611,-3819161.1929247174
-5083262.375484568,405083.2068116868,-3819161.1929247174
-5083291.820527586,404713.5404396543,-3819161.1929247174
-5083321.238680569,404343.87201601296,-3819161.1929247174
-5083350.629957483,403974.2013652805,-3819161.1929247174
-5085396.14295198,377352.42374600255,-3819161.1929247174
-5080542.9455035925,434625.7321088878,-3819532.020010107
-5081107.516408134,427974.94648433285,-3819532.020010107
-5085036.711685803,378441.26218627684,-3819532.020010107
-5085091.699949432,377701.6696056663,-3819532.020010107
-5085446.501609811,372894.12355526246,-3819532.020010107
-5077278.888448128,468212.00546285044,-3819902.826887014
-5078155.095009073,458611.19063319947,-3819902.826887014
-5078520.3328152,454548.81181583455,-3819902.826887014
-5078553.375103422,454179.4902527389,-3819902.826887014
-5078586.39054166,453810.16619907983,-3819902.826887014
-5080044.2843969995,437188.13079265633,-3819902.826887014
-5080076.064184668,436818.6983619347,-3819902.826887014
-5080768.4220667975,428690.6045966779,-3819902.826887014
-5085196.570389517,372504.00486344105,-3819902.826887014
-5085223.646194314,372134.19800767314,-3819902.826887014
-5085250.695112418,371764.38909512386,-3819902.826887014
-5076454.061168731,474093.5374950289,-3820273.613571276
-5076831.684506369,470032.51445328514,-3820273.613571276
-5076865.852805506,469663.3156511996,-3820273.613571276
-5077711.334034529,460432.54193024506,-3820273.613571276
-5077744.804209778,460063.27909501304,-3820273.613571276
-5077778.247523364,459694.0139153606,-3820273.613571276
-5077811.66399116,459324.7462159904,-3820273.613571276
-5078044.82732804,456739.80459118093,-3820273.613571276
-5078078.028950985,456370.51760202105,-3820273.613571276
-5078111.2037264975,456001.2281107211,-3820273.613571276
-5078276.674751008,454154.74469711893,-3820273.613571276
-5078309.688390429,453785.44076574437,-3820273.613571276
-5082431.675893744,405017.00868353766,-3820273.613571276
-5084038.931431637,384315.83513890393,-3820273.613571276
-5084973.629862626,371744.13385118335,-3820273.613571276
-5076452.3756269915,471114.4225852982,-3820644.380052035
-5076486.622605698,470745.25136446755,-3820644.380052035
-5077233.263654437,462622.85678263224,-3820644.380052035
-5077401.142429021,460776.6921593035,-3820644.380052035
-5077966.908854653,454499.2780565481,-3820644.380052035
-5079870.237232427,432707.63115175586,-3820644.380052035
-5080183.567832608,429013.33114526054,-3820644.380052035
-5080401.300697057,426427.1861085511,-3820644.380052035
-5082007.125997572,406842.8351178131,-3820644.380052035
-5082036.699000606,406473.26011414896,-3820644.380052035
-5083789.823496614,383925.1902246962,-3820644.380052035
-5076175.7059133835,471088.7465653676,-3821015.1263184277
-5077023.779780032,461859.22529904795,-3821015.1263184277
-5077057.353708452,461490.0124604037,-3821015.1263184277
-5077690.156598072,454474.50757200684,-3821015.1263184277
-5079906.694766777,428989.9496601841,-3821015.1263184277
-5081670.93012596,407559.7653823585,-3821015.1263184277
-5081995.328602431,403494.59043316595,-3821015.1263184277
-5075761.767903938,472539.56730264885,-3821385.8523862925
-5075864.739250137,471432.1966296167,-3821385.8523862925
-5076747.036986903,461834.04987785907,-3821385.8523862925
-5076780.609085245,461464.8571645869,-3821385.8523862925
-5077413.3774815,454449.7346833841,-3821385.8523862925
-5077611.185245166,452234.25197022624,-3821385.8523862925
-5079567.35043927,429705.36363100965,-3821385.8523862925
-5083291.437188706,383144.0092000151,-3821385.8523862925
-5083319.286768048,382774.3407725662,-3821385.8523862925
-5075312.905593772,474359.27294235426,-3821756.558244769
-5075588.017708981,471406.4955026751,-3821756.558244769
-5077334.3684928,452209.5974599906,-3821756.558244769
-5079259.16626427,430051.31255873974,-3821756.558244769
-5079539.546273417,426726.853335418,-3821756.558244769
-5083919.102397442,370923.6711123937,-3821756.558244769
-5076859.738700809,454400.18169679627,-3822127.243883002
-5077090.395282158,451815.7253803716,-3822127.243883002
-5074793.891188796,473938.4930783658,-3822497.9093168257
-5075034.494108078,471355.0857704492,-3822497.9093168257
-5076714.8366925325,452898.66435486375,-3822497.9093168257
-5076846.364788959,451421.88870017696,-3822497.9093168257
-5077722.942609334,441452.6603921472,-3822497.9093168257
-5077755.03252851,441083.3967629032,-3822497.9093168257
-5074620.373182867,472805.54440698226,-3822868.554535378
-5074689.086292818,472067.4657346724,-3822868.554535378
-5074723.4025834305,471698.4227413177,-3822868.554535378
-5076437.942979982,452873.96239766973,-3822868.554535378
-5077220.6248975545,444013.22149175033,-3822868.554535378
-5077252.90102733,443643.99438531336,-3822868.554535378
-5077285.150306066,443274.7649326639,-3822868.554535378
-5077317.37272586,442905.53322437423,-3822868.554535378
-5077349.56830201,442536.2990851606,-3822868.554535378
-5077381.737026608,442167.06260559923,-3822868.554535378
-5077510.143390701,440690.09350011876,-3822868.554535378
-5072124.268729983,496022.76024783147,-3823239.179527807
-5074412.261140617,472041.71437417925,-3823239.179527807
-5076358.131970582,450634.32192820456,-3823239.179527807
-5076749.451618902,446204.1927309891,-3823239.179527807
-5076781.8870818615,445834.9998834491,-3823239.179527807
-5076814.295696272,445465.80467810726,-3823239.179527807
-5077265.197066173,440296.8257711333,-3823239.179527807
-5075851.131275575,453193.6787486652,-3823609.7843099423
-5076146.658656839,449871.4451221433,-3823609.7843099423
-5076472.472110588,446179.8485282491,-3823609.7843099423
-5076504.905803919,445810.67582329334,-3823609.7843099423
-5077116.044790493,438795.9492294957,-3823609.7843099423
-5075508.194383538,453907.15706552373,-3823980.3688709293
-5075935.043968934,449108.6370777655,-3823980.3688709293
-5076195.465755364,446155.50196588825,-3823980.3688709293
-5076870.8982887585,438402.80633049365,-3823980.3688709293
-5077628.322627731,429541.33181621815,-3823980.3688709293
-5082255.483333849,370802.2931600756,-3823980.3688709293
-5075723.287938002,448345.89773607673,-3824350.9331999165
-5075755.879152869,447976.7795076059,-3824350.9331999165
-5075918.432561343,446131.1530446196,-3824350.9331999165
-5077351.211235594,429517.8896127175,-3824350.9331999165
-5079236.192262874,406621.00651572767,-3824350.9331999165
-5075673.800900116,445737.68949791405,-3824721.4773127246
-5076348.595974296,437985.7910167415,-3824721.4773127246
-5075396.712242639,445713.3560078565,-3825092.0011985092
-5076135.115759871,437223.59144572803,-3825092.0011985092
-5076166.898136647,436854.4432977006,-3825092.0011985092
-5076198.653668127,436485.29283936956,-3825092.0011985092
-5076230.38234653,436116.14016128547,-3825092.0011985092
-5076293.759181506,435377.82771067834,-3825092.0011985092
-5076859.31821704,428732.6036120739,-3825092.0011985092
-5081504.073271622,369632.9743016555,-3825092.0011985092
-5074234.705880967,455653.12864865473,-3825462.504846413
-5074267.82849664,455284.1186536146,-3825462.504846413
-5074300.92426912,454915.1063393657,-3825462.504846413
-5075119.596750596,445689.0201612295,-3825462.504846413
-5076048.241123953,434984.91674612294,-3825462.504846413
-5076457.201636649,430185.8946613757,-3825462.504846413
-5073924.4642241495,455997.2337585132,-3825832.9882722623
-5073957.611864675,455628.2463239749,-3825832.9882722623
-5073990.732671588,455259.2564798477,-3825832.9882722623
-5075771.0480740545,434961.1630720038,-3825832.9882722623
-5076179.986254218,430162.40305245086,-3825832.9882722623
-5076211.255126725,429793.25166002254,-3825832.9882722623
-5078186.140560222,405793.6269457882,-3825832.9882722623
-5070161.435869898,493225.265181584,-3826203.451465205
-5074370.354897853,447854.4957121537,-3826203.451465205
-5075430.51541863,435675.60311902023,-3826203.451465205
-5075462.185224374,435306.50621507294,-3826203.451465205
-5075493.828180956,434937.4070975938,-3826203.451465205
-5075525.444303397,434568.30559136637,-3826203.451465205
-5075557.033583934,434199.201786921,-3826203.451465205
-5075588.5960148275,433830.0957748036,-3826203.451465205
-5075620.131611061,433460.98737979005,-3826203.451465205
-5075651.640364889,433091.87669242127,-3826203.451465205
-5075683.122268592,432722.76380323374,-3826203.451465205
-5075714.577337115,432353.64853700454,-3826203.451465205
-5075058.106890181,436759.0208278669,-3826573.8944143923
-5075216.581452778,434913.6488235889,-3826573.8944143923
-5075342.877983611,433437.3097545949,-3826573.8944143923
-5075374.385016287,433068.2192297431,-3826573.8944143923
-5075437.318550606,432330.0313997307,-3826573.8944143923
-5075468.745059472,431960.93400989444,-3826573.8944143923
-5075065.597508571,433413.6298365996,-3826944.3171356483
-5075097.102819927,433044.5594762172,-3826944.3171356483
-5075160.0329160085,432306.41197551397,-3826944.3171356483
-5075191.457707954,431937.3347505221,-3826944.3171356483
-5075222.855652228,431568.25532980706,-3826944.3171356483
-5074693.618404668,434497.0843601216,-3827314.7196181165
-5074725.20250805,434128.04104795563,-3827314.7196181165
-5074914.143516305,431913.7332068508,-3827314.7196181165
-5075008.251700667,430806.54842359305,-3827314.7196181165
-5071802.765197266,463987.57742593286,-3827685.1018509576
-5071971.140557251,462143.38729727524,-3827685.1018509576
-5074636.802492639,431890.1293795711,-3827685.1018509576
-5070982.274742794,469862.8895035946,-3828055.4638499855
-5071458.018015896,464699.83558266517,-3828055.4638499855
-5071592.979156307,463224.5885752719,-3828055.4638499855
-5071961.90950708,459167.45768571476,-3828055.4638499855
-5074734.377042568,427438.1454089556,-3828055.4638499855
-5074827.508809428,426330.9999511714,-3828055.4638499855
-5079417.737127406,367624.5604469051,-3828055.4638499855
-5068570.960577827,492326.3841902064,-3828425.8056043554
-5070773.34607074,469099.6949063071,-3828425.8056043554
-5071214.560592866,464305.6443912174,-3828425.8056043554
-5071315.73568398,463199.2659608721,-3828425.8056043554
-5071349.407078007,462830.4682193978,-3828425.8056043554
-5071383.051644143,462461.6681187551,-3828425.8056043554
-5071416.669398359,462092.8654838761,-3828425.8056043554
-5071450.260332399,461724.06040521554,-3828425.8056043554
-5071483.824438035,461355.2529732462,-3828425.8056043554
-5071684.645866823,459142.35685824865,-3828425.8056043554
-5074050.62199926,432211.91141795216,-3828425.8056043554
-5074238.727002483,429997.89810051146,-3828425.8056043554
-5068329.627989483,491930.8885640317,-3828796.127103215
-5070188.011196363,472392.578476937,-3828796.127103215
-5070564.275869438,468336.56845910527,-3828796.127103215
-5070632.339027877,467599.0798580459,-3828796.127103215
-5070937.29583923,464280.25883740856,-3828796.127103215
-5071206.5449626045,461330.0287298177,-3828796.127103215
-5071407.355411637,459117.25360321236,-3828796.127103215
-5073647.269049591,433664.1630859485,-3828796.127103215
-5073961.296904876,429974.3882963302,-3828796.127103215
-5074023.780474693,429236.40602436697,-3828796.127103215
-5074054.982012492,428867.41143810883,-3828796.127103215
-5074117.304578068,428129.4155519059,-3828796.127103215
-5074396.42780996,424808.3220805899,-3828796.127103215
-5078835.622911385,367953.7097594376,-3828796.127103215
-5069876.39571142,472735.43987161847,-3829166.428362389
-5070929.23866146,461304.8020460414,-3829166.428362389
-5070962.772287194,460936.0324164354,-3829166.428362389
-5071130.038129672,459092.1479195334,-3829166.428362389
-5075924.113860839,402641.09853377397,-3829166.428362389
-5070785.8718031505,459804.5605485816,-3829536.7093710294
-5073933.987424964,423654.91007837374,-3829536.7093710294
-5069287.429893603,473052.37908931164,-3829906.970118289
-5073748.749332866,422524.8263505093,-3829906.970118289
-5073871.442163402,421048.9147807243,-3829906.970118289
-5073902.048290391,420679.93129447143,-3829906.970118289
-5075427.376130533,401858.86809186987,-3829906.970118289
-5079357.26653906,348688.05413463607,-3829906.970118289
-5079054.019012698,349038.3385190799,-3830277.2106199833
-5079104.730857894,348299.6163968056,-3830277.2106199833
-5068663.899773397,473737.8299642736,-3830647.430865268
-5069550.569809212,464153.29423844157,-3830647.430865268
-5073285.629612495,421371.78449993854,-3830647.430865268
-5078801.483337615,348649.90069260326,-3830647.430865268
-5066702.081180636,491400.9897503056,-3831017.630843302
-5069273.144171761,464127.89395457896,-3831017.630843302
-5068724.8300164025,467051.4346317754,-3831387.8105698973
-5068995.691718815,464102.4912155676,-3831387.8105698973
-5067693.691469493,475134.2005366834,-3831757.9700342077
-5068447.36558319,467025.86801177985,-3831757.9700342077
-5068684.4504148215,464445.6924144445,-3831757.9700342077
-5068169.874352167,467000.29892253294,-3832128.109225395
-5068305.504801232,465526.00838849536,-3832128.109225395
-5068339.345408717,465157.4295510532,-3832128.109225395
-5073614.587073787,403571.77343897807,-3832128.109225395
-5073643.922227771,403202.8086779676,-3832128.109225395
-5067000.354544044,476556.1228298432,-3832498.2281592675
-5067892.356311485,466974.72736294277,-3832498.2281592675
-5072019.535106638,419781.0937294681,-3832498.2281592675
-5072050.049039969,419412.24492105766,-3832498.2281592675
-5073041.959805872,407239.0025587829,-3832498.2281592675
-5073307.410525731,403918.6173733189,-3832498.2281592675
-5073395.411161557,402811.7837910515,-3832498.2281592675
-5067614.81146927,466949.15333375824,-3832868.3268249854
-5071863.652346693,418282.77663119126,-3832868.3268249854
-5073029.569126237,403896.4966333653,-3832868.3268249854
-5073380.103600327,399469.28995127213,-3832868.3268249854
-5075779.1877262,367732.27580320655,-3832868.3268249854
-5066410.6700379895,476872.3637779696,-3833238.4052117113
-5067337.239833649,466923.5768357282,-3833238.4052117113
-5071646.627773433,417522.22911401966,-3833238.4052117113
-5064831.726858282,490476.0223029403,-3833608.463335247
-5066098.431720394,477214.6581618513,-3833608.463335247
-5066787.153650063,469845.8145509655,-3833608.463335247
-5066821.308406756,469477.34611971886,-3833608.463335247
-5067025.674210962,467266.48363789293,-3833608.463335247
-5067059.641392772,466897.9978677606,-3833608.463335247
-5072503.161395981,403483.36703282717,-3833608.463335247
-5075249.849119566,367322.908155999,-3833608.463335247
-5075568.466275378,362893.77784053556,-3833608.463335247
-5066406.923929272,470925.4013266074,-3833978.501184756
-5066441.1571967425,470556.96054359607,-3833978.501184756
-5066475.36367035,470188.5172720431,-3833978.501184756
-5066509.543341716,469820.07160232804,-3833978.501184756
-5066543.6962270625,469451.6233595424,-3833978.501184756
-5066577.822318004,469083.1726340628,-3833978.501184756
-5066782.016154764,466872.4164306044,-3833978.501184756
-5066815.954671699,466503.9484692635,-3833978.501184756
-5074998.472726725,366933.7191844123,-3833978.501184756
-5075237.543283132,363612.0620970767,-3833978.501184756
-5075316.750346848,362504.8083843967,-3833978.501184756
-5066129.292456756,470899.59532354085,-3834348.518749402
-5066163.523848295,470531.1747305298,-3834348.518749402
-5066197.72844744,470162.75164911343,-3834348.518749402
-5066231.906245811,469794.3261696664,-3834348.518749402
-5066266.05725963,469425.8981172898,-3834348.518749402
-5066300.181480515,469057.46758235537,-3834348.518749402
-5066538.300784914,466478.3847551575,-3834348.518749402
-5066572.210655841,466109.9344299077,-3834348.518749402
-5070873.706298614,416716.08024364,-3834348.518749402
-5075012.2565648565,362854.0098727771,-3834348.518749402
-5065817.377887422,471242.18465193873,-3834718.5160449874
-5065851.63418537,470873.786829504,-3834718.5160449874
-5065885.863700796,470505.3864284421,-3834718.5160449874
-5065920.0664252965,470136.9835391113,-3834718.5160449874
-5065954.242350492,469768.5782518812,-3834718.5160449874
-5065988.391492604,469400.1703918625,-3834718.5160449874
-5066294.528109531,466084.38844179746,-3834718.5160449874
-5066328.409328879,465715.95584524225,-3834718.5160449874
-5066362.263746839,465347.52087417105,-3834718.5160449874
-5066396.091379482,464979.08335368935,-3834718.5160449874
-5074442.241329496,366893.50241264194,-3834718.5160449874
-5064604.699530643,481161.6026718313,-3835088.4930606754
-5064744.449486601,479688.3486059168,-3835088.4930606754
-5064918.534282811,477846.7238268587,-3835088.4930606754
-5065264.69490021,474163.2851572207,-3835088.4930606754
-5065299.163636276,473794.9274308931,-3835088.4930606754
-5065333.605584519,473426.5671989023,-3835088.4930606754
-5065471.105479147,471953.1014300766,-3835088.4930606754
-5065505.413485559,471584.7286989913,-3835088.4930606754
-5065539.6947030565,471216.3534739312,-3835088.4930606754
-5065573.949123242,470847.9758452526,-3835088.4930606754
-5065608.176762374,470479.59563808807,-3835088.4930606754
-5065642.37761205,470111.212942791,-3835088.4930606754
-5065676.551663889,469742.8278497262,-3835088.4930606754
-5066152.175459113,464585.17570462445,-3835088.4930606754
-5066185.9476449005,464216.7535526299,-3835088.4930606754
-5066589.124072611,459795.4960879116,-3835088.4930606754
-5074190.7517431965,366504.3864913717,-3835088.4930606754
-5064987.00000983,474137.2899270748,-3835458.449785634
-5065021.466856204,473768.9523953599,-3835458.449785634
-5065055.9069162235,473400.6123581191,-3835458.449785634
-5065090.320181451,473032.2699056997,-3835458.449785634
-5065227.705398175,471558.87483400526,-3835458.449785634
-5065261.98473626,471190.51980451716,-3835458.449785634
-5065296.237278503,470822.16237154225,-3835458.449785634
-5065330.463041161,470453.80236022285,-3835458.449785634
-5065364.66201583,470085.4398609073,-3835458.449785634
-5065398.834194133,469717.0749639555,-3835458.449785634
-5065432.97959229,469348.7074944972,-3835458.449785634
-5065467.098201915,468980.33754288923,-3835458.449785634
-5065874.431914058,464559.7055787356,-3835458.449785634
-5065908.20224834,464191.3036248858,-3835458.449785634
-5065941.945799685,463822.89912774577,-3835458.449785634
-5065975.662559809,463454.49217768176,-3835458.449785634
-5066344.7786175255,459401.85474474815,-3835458.449785634
-5066378.173869138,459033.4185115429,-3835458.449785634
-5063237.565954657,489578.3308667725,-3835828.386235659
-5063979.327314454,481845.3734141168,-3835828.386235659
-5065086.919624785,470059.6642923601,-3835828.386235659
-5065121.08992937,469691.3195934698,-3835828.386235659
-5065155.233455277,469322.97232221405,-3835828.386235659
-5065189.350194123,468954.6225689448,-3835828.386235659
-5065223.440137547,468586.2704240165,-3835828.386235659
-5065596.6615714785,464534.23299541336,-3835828.386235659
-5065630.430054077,464165.851241657,-3835828.386235659
-5065664.171755208,463797.4669447499,-3835828.386235659
-5065697.886666586,463429.08019505325,-3835828.386235659
-5066133.742525978,458639.83057347947,-3835828.386235659
-5073660.993024046,366095.2324395836,-3835828.386235659
-5064809.150447042,470033.8862379037,-3836198.302399917
-5064843.318877729,469665.5617390229,-3836198.302399917
-5064877.460531207,469297.23466791783,-3836198.302399917
-5064911.575399091,468928.9051149353,-3836198.302399917
-5064945.663473025,468560.57317042485,-3836198.302399917
-5065251.250798229,465245.47386403236,-3836198.302399917
-5065285.071012742,464877.11713896855,-3836198.302399917
-5065318.864439506,464508.7579554032,-3836198.302399917
-5065352.631070242,464140.3964036884,-3836198.302399917
-5065889.253948356,458246.2781022499,-3836198.302399917
-5069483.846674339,416601.863860377,-3836198.302399917
-5070849.101731283,399641.0541161163,-3836198.302399917
-5065007.248953025,464851.6194391573,-3836568.198267575
-5065041.040526277,464483.28045945126,-3836568.198267575
-5065074.805304973,464114.9391117257,-3836568.198267575
-5065611.398750257,458221.14409240533,-3836568.198267575
-5065644.7081401,457852.7611952154,-3836568.198267575
-5065400.1050850665,457459.27994789724,-3836938.0738544315
-5065433.35907114,457090.9124184298,-3836938.0738544315
-5068897.408931134,416924.7835491176,-3836938.0738544315
-5064586.515215767,463327.4077580602,-3837307.929149654
-5065188.670185602,456697.484456175,-3837307.929149654
-5072970.318378187,360112.4903958613,-3837307.929149654
-5072996.493085375,359743.57260231563,-3837307.929149654
-5063043.660203093,476926.90580862743,-3837677.764142408
-5063182.178410075,475454.10592141724,-3837677.764142408
-5064308.605394267,463301.9835231697,-3837677.764142408
-5064342.284268575,462933.6954427451,-3837677.764142408
-5064943.924079584,456304.09217563854,-3837677.764142408
-5062417.642322503,480582.3521490349,-3838047.578848491
-5062696.377068823,477637.0757274184,-3838047.578848491
-5063007.9054323975,474323.44663138944,-3838047.578848491
-5064064.345809478,462908.28896925796,-3838047.578848491
-5064097.996062234,462540.0185645476,-3838047.578848491
-5064131.619533519,462171.74571369536,-3838047.578848491
-5064699.1207608525,455910.7354071413,-3838047.578848491
-5072361.127671341,360810.71628203377,-3838047.578848491
-5061788.958784798,484237.13757063186,-3838417.3732570717
-5063176.130139069,469510.96245802456,-3838417.3732570717
-5064652.535093649,453307.58591464005,-3838417.3732570717
-5061475.850253992,484578.63611583604,-3838787.147357319
-5062898.171627096,469485.18722028343,-3838787.147357319
-5062932.300168511,469117.0016047663,-3838787.147357319
-5062966.40193462,468748.8135083249,-3838787.147357319
-5063238.252106478,465803.21992230293,-3838787.147357319
-5063743.352093426,460279.8077407883,-3838787.147357319
-5064506.135852059,451809.5142879356,-3838787.147357319
-5068521.712611103,404279.4653133668,-3838787.147357319
-5062654.313000872,469091.24409926636,-3839156.901165029
-5062960.248140134,465777.6443644826,-3839156.901165029
-5064195.194174014,452152.986876957,-3839156.901165029
-5064228.062270836,451784.7070735107,-3839156.901165029
-5067620.141862465,411996.827690191,-3839156.901165029
-5067650.089719582,411628.29883529665,-3839156.901165029
-5068243.41854919,404257.2678007725,-3839156.901165029
-5068302.161783135,403520.1173440235,-3839156.901165029
-5071525.785262342,360751.2961253561,-3839156.901165029
-5062546.521421441,467224.721208321,-3839526.634669367
-5062580.485578045,466856.5611715077,-3839526.634669367
-5062614.422961204,466488.39866572456,-3839526.634669367
-5063487.396787191,456915.31408106163,-3839526.634669367
-5063520.611220006,456547.0856491184,-3839526.634669367
-5063620.093839295,455442.3859627605,-3839526.634669367
-5067311.882220221,412342.70937447634,-3839526.634669367
-5067341.855224191,411974.20302438183,-3839526.634669367
-5067371.8014367325,411605.69440712436,-3839526.634669367
-5067965.097683889,404235.068150265,-3839526.634669367
-5068053.167485702,403129.4000723214,-3839526.634669367
-5068286.840978981,400180.85814269545,-3839526.634669367
-5068315.929545736,399812.28092377185,-3839526.634669367
-5068344.991315697,399443.701501982,-3839526.634669367
-5071062.99514318,363312.9793360144,-3839526.634669367
-5071273.503873336,360362.69309791166,-3839526.634669367
-5071378.114570636,358887.50426631427,-3839526.634669367
-5060430.164149197,486706.88454568456,-3839896.3478595056
-5061790.188373174,472352.7565118007,-3839896.3478595056
-5062234.482310341,467567.1970993918,-3839896.3478595056
-5062268.471365169,467199.0598421539,-3839896.3478595056
-5062302.433656361,466830.9200257808,-3839896.3478595056
-5062336.3691755785,466462.77774057345,-3839896.3478595056
-5062640.584055852,463149.38666249986,-3839896.3478595056
-5062674.251837416,462781.219884394,-3839896.3478595056
-5063142.789515947,457626.62801447464,-3839896.3478595056
-5063375.0903110495,455049.15395240334,-3839896.3478595056
-5067033.570436213,412320.06229102536,-3839896.3478595056
-5067063.541793977,411951.57618039154,-3839896.3478595056
-5067093.486361783,411583.0878027193,-3839896.3478595056
-5067123.404132277,411214.59724838636,-3839896.3478595056
-5067686.750023352,404212.86636249465,-3839896.3478595056
-5067804.11637709,402738.7189315798,-3839896.3478595056
-5067833.390965,402370.1767221587,-3839896.3478595056
-5068008.475647349,400158.87902415206,-3839896.3478595056
-5068037.562616473,399790.3220485815,-3839896.3478595056
-5068066.622790276,399421.76287026564,-3839896.3478595056
-5068153.642489368,398316.0727575281,-3839896.3478595056
-5071021.165967383,359974.1268564035,-3839896.3478595056
-5061956.407342663,467541.5130395808,-3840266.040751241
-5061990.394530429,467173.39600459,-3840266.040751241
-5062024.354956029,466805.27641060436,-3840266.040751241
-5062831.373544267,457969.6707301161,-3840266.040751241
-5063229.099641802,453551.34306189406,-3840266.040751241
-5066815.144482843,411560.4790211155,-3840266.040751241
-5067408.375555686,404190.6624365126,-3840266.040751241
-5067555.00844216,402348.0740174583,-3840266.040751241
-5067584.25461521,401979.55001315934,-3840266.040751241
-5067613.473995375,401611.0237945476,-3840266.040751241
-5067642.666575478,401242.49545201473,-3840266.040751241
-5067671.832348367,400873.9650759609,-3840266.040751241
-5070768.771549019,359585.597231084,-3840266.040751241
-5070794.907945273,359216.83953994536,-3840266.040751241
-5061336.980095398,471196.6589272829,-3840635.7133337404
-5061371.233102685,470828.5868403034,-3840635.7133337404
-5061678.305604845,467515.82650717814,-3840635.7133337404
-5061712.29092537,467147.7296963811,-3840635.7133337404
-5061746.249485198,466779.6303267298,-3840635.7133337404
-5062519.9076823415,458312.66814851365,-3840635.7133337404
-5067159.352852189,403799.9631847702,-3840635.7133337404
-5067188.704617669,403431.4678610755,-3840635.7133337404
-5067276.599119573,402325.9691849415,-3840635.7133337404
-5067305.843685851,401957.465427195,-3840635.7133337404
-5067335.061460716,401588.9594552574,-3840635.7133337404
-5067364.252436991,401220.45135951537,-3840635.7133337404
-5067393.416607524,400851.9412303641,-3840635.7133337404
-5061024.5924601415,471538.8170395094,-3841005.3655961794
-5061058.870350697,471170.76766909694,-3841005.3655961794
-5061093.121475855,470802.71580689884,-3841005.3655961794
-5061127.345827223,470434.6615431921,-3841005.3655961794
-5061434.160558134,467122.06091827876,-3841005.3655961794
-5062041.285416659,460496.26078679296,-3841005.3655961794
-5062074.7602671115,460128.13750957564,-3841005.3655961794
-5062108.2083467925,459760.01179896947,-3841005.3655961794
-5062141.629647508,459391.8837452761,-3841005.3655961794
-5062175.024185124,459023.75317373784,-3841005.3655961794
-5062208.391951438,458655.62017465575,-3841005.3655961794
-5065867.075362097,416304.6435287992,-3841005.3655961794
-5066018.113118329,414462.6147415087,-3841005.3655961794
-5066763.254616533,405251.6540731719,-3841005.3655961794
-5066939.596682388,403040.8230359246,-3841005.3655961794
-5066998.16300539,402303.86222525546,-3841005.3655961794
-5067027.4059647415,401935.3787160098,-3841005.3655961794
-5067056.622134151,401566.8929926947,-3841005.3655961794
-5067085.811506444,401198.4051456918,-3841005.3655961794
-5067114.974074468,400829.91526539146,-3841005.3655961794
-5059565.150464055,484024.39646575553,-3841374.9975543404
-5060746.457827158,471512.90306232584,-3841374.9975543404
-5060780.733833931,471144.87391850475,-3841374.9975543404
-5060814.983076777,470776.84228303505,-3841374.9975543404
-5060849.205547306,470408.8082461886,-3841374.9975543404
-5060883.40126176,470040.7716332614,-3841374.9975543404
-5061494.347174441,463415.6899432371,-3841374.9975543404
-5061528.0343332365,463047.6064327747,-3841374.9975543404
-5061561.694716075,462679.5205618239,-3841374.9975543404
-5061595.32833894,462311.4321556563,-3841374.9975543404
-5061628.9351935685,461943.3413045556,-3841374.9975543404
-5061662.515271728,461575.24809880834,-3841374.9975543404
-5061696.0685893595,461207.15236368234,-3841374.9975543404
-5061729.595138223,460839.0541894589,-3841374.9975543404
-5065649.166759083,415545.0005443424,-3841374.9975543404
-5065679.372644598,415176.6151018435,-3841374.9975543404
-5065709.551747532,414808.2273752703,-3841374.9975543404
-5065739.704060472,414439.8374549869,-3841374.9975543404
-5066218.497455945,408545.3025058731,-3841374.9975543404
-5066690.431933106,402650.2143572189,-3841374.9975543404
-5066719.700087725,402281.7531374564,-3841374.9975543404
-5066748.941439995,401913.2898786608,-3841374.9975543404
-5066778.156003795,401544.82440591743,-3841374.9975543404
-5066807.34377195,401176.35680960293,-3841374.9975543404
-5066836.504737311,400807.88718010276,-3841374.9975543404
-5060468.296430429,471486.9865915473,-3841744.6091974066
-5060502.5705532385,471118.977676264,-3841744.6091974066
-5060536.817913592,470750.96626946895,-3841744.6091974066
-5060571.038503099,470382.95246142923,-3841744.6091974066
-5060605.232338003,470014.9360774502,-3841744.6091974066
-5060639.399409909,469646.91720779607,-3841744.6091974066
-5061182.432596922,463758.2793600267,-3841744.6091974066
-5061384.30352436,461549.8778462623,-3841744.6091974066
-5061417.85499775,461181.80234333413,-3841744.6091974066
-5065370.735887411,415522.16032132023,-3841744.6091974066
-5065400.940112675,415153.79512694286,-3841744.6091974066
-5065431.117556829,414785.4276486167,-3841744.6091974066
-5065880.5644718865,409259.6537757747,-3841744.6091974066
-5066441.210374724,402259.6419221913,-3841744.6091974066
-5066470.450119757,401891.1989157943,-3841744.6091974066
-5066499.663077793,401522.7536955712,-3841744.6091974066
-5066528.849241658,401154.3063518938,-3841744.6091974066
-5066558.0086042015,400785.85697514244,-3841744.6091974066
-5066587.141179265,400417.405390409,-3841744.6091974066
-5066645.325938361,399680.49595849565,-3841744.6091974066
-5060190.108278107,471461.0676279335,-3842114.2005145447
-5060224.380516772,471093.07894313365,-3842114.2005145447
-5060258.625994451,470725.08776695904,-3842114.2005145447
-5060292.844702757,470357.09418967174,-3842114.2005145447
-5060327.036657929,469989.09803658683,-3842114.2005145447
-5060361.201851575,469621.0993979633,-3842114.2005145447
-5060904.205186529,463732.78526515205,-3842114.2005145447
-5065092.278234226,415499.31790135877,-3842114.2005145447
-5065602.078791992,409237.1556233835,-3842114.2005145447
-5066191.932012192,401869.10582805774,-3842114.2005145447
-5066221.14336431,401500.68086230307,-3842114.2005145447
-5066250.327923729,401132.2537732108,-3842114.2005145447
-5066279.4856833005,400763.82465115626,-3842114.2005145447
-5066308.616656865,400395.393321241,-3842114.2005145447
-5066337.720837269,400026.9598738313,-3842114.2005145447
-5058801.114180075,483208.80865728506,-3842483.771521545
-5059946.163712649,471067.17771800765,-3842483.771521545
-5059980.407307474,470699.2067744,-3842483.771521545
-5060014.624134396,470331.2334298118,-3842483.771521545
-5060048.814209657,469963.25750956754,-3842483.771521545
-5060082.977524862,469595.2791039214,-3842483.771521545
-5060117.11407164,469227.29830313893,-3842483.771521545
-5060592.215883122,464075.30653625727,-3842483.771521545
-5065323.566315995,409214.65530620306,-3842483.771521545
-5065353.311853884,408846.2934703632,-3842483.771521545
-5066030.065334625,400373.3791340551,-3842483.771521545
-5066059.167914848,400004.965943529,-3842483.771521545
-5060280.176757207,464417.782515057,-3842853.3222075817
-5060313.936793447,464049.7872989162,-3842853.3222075817
-5064505.05652121,415821.9287979521,-3842853.3222075817
-5065045.027052049,409192.1528248921,-3842853.3222075817
-5065074.770954247,408823.8112450602,-3842853.3222075817
-5065780.588200588,399982.9698978016,-3842853.3222075817
-5059934.276139326,465128.18308169796,-3843222.852561832
-5059968.087830161,464760.2131065936,-3843222.852561832
-5060001.872769482,464392.24058529624,-3843222.852561832
-5064226.520174635,415799.05953045585,-3843222.852561832
-5064736.691956955,409537.96733809117,-3843222.852561832
-5064766.461008312,409169.64818010974,-3843222.852561832
-5064796.203274663,408801.3268582333,-3843222.852561832
-5064825.918748722,408433.0034628114,-3843222.852561832
-5058974.133434154,472461.075017286,-3843592.36260008
-5059588.24915139,465838.4904787304,-3843592.36260008
-5059622.112506267,465470.54557723005,-3843592.36260008
-5059655.949103341,465102.5982140919,-3843592.36260008
-5059689.758934327,464734.64847956516,-3843592.36260008
-5064458.100759009,409515.44026909146,-3843592.36260008
-5064517.608803234,408778.8403089222,-3843592.36260008
-5064547.322642762,408410.5371735182,-3843592.36260008
-5064577.009705579,408042.2317898397,-3843592.36260008
-5065019.101444637,402517.39361585246,-3843592.36260008
-5059276.010841987,466180.7847742702,-3843961.852311498
-5059309.8990819035,465812.86266678025,-3843961.852311498
-5059343.760573808,465444.9380075375,-3843961.852311498
-5064179.482777694,409492.91103437083,-3843961.852311498
-5064209.248553938,409124.63239790674,-3843961.852311498
-5064238.987548122,408756.3515977857,-3843961.852311498
-5064268.699752962,408388.06872434734,-3843961.852311498
-5064298.385182563,408019.7836027582,-3843961.852311498
-5064328.043829634,407651.4963233618,-3843961.852311498
-5058997.6358876545,466155.1342554224,-3844331.3216852727
-5063390.750434554,415730.4385336412,-3844331.3216852727
-5063930.602159617,409102.12126180425,-3844331.3216852727
-5063960.339517482,408733.860725482,-3844331.3216852727
-5063990.050087476,408365.59811595647,-3844331.3216852727
-5064019.733883706,407997.3332584038,-3844331.3216852727
-5064049.390898878,407629.06624316267,-3844331.3216852727
-5064079.021125728,407260.7971605604,-3844331.3216852727
-5064108.624578322,406892.5258357744,-3844331.3216852727
-5058685.322900502,466497.3605112867,-3844700.770737178
-5063081.862464129,416075.75930317875,-3844700.770737178
-5063202.679788388,414602.95087787014,-3844700.770737178
-5063232.817179828,414234.7432630174,-3844700.770737178
-5063651.928978029,409079.6079616264,-3844700.770737178
-5063681.664699418,408711.3676910509,-3844700.770737178
-5063711.373634409,408343.12534738623,-3844700.770737178
-5063741.05579711,407974.8807558182,-3844700.770737178
-5063770.711180227,407606.6340066804,-3844700.770737178
-5063800.3397764955,407238.3851902952,-3844700.770737178
-5063829.941599983,406870.1341318496,-3844700.770737178
-5064503.39187484,398399.77055866504,-3844700.770737178
-5064532.350934222,398031.4683961956,-3844700.770737178
-5058305.007583482,467575.24689423403,-3845070.199456398
-5062833.436712286,415684.680208918,-3845070.199456398
-5062924.00455406,414580.13141323556,-3845070.199456398
-5062954.140286759,414211.94406427967,-3845070.199456398
-5063373.229017331,409057.092498032,-3845070.199456398
-5063402.9631020855,408688.87249515083,-3845070.199456398
-5063432.670401918,408320.6504192945,-3845070.199456398
-5063462.350930932,407952.42609565845,-3845070.199456398
-5063492.004681837,407584.1996145714,-3845070.199456398
-5063521.631647368,407215.97106635076,-3845070.199456398
-5063551.23184159,406847.74027619325,-3845070.199456398
-5064282.5331989,397641.27701845503,-3845070.199456398
-5056715.20439983,481525.24763261306,-3845439.607832105
-5057992.545308378,467917.3368458885,-3845439.607832105
-5062554.73969494,415661.79774952465,-3845439.607832105
-5062645.302551167,414557.3097566434,-3845439.607832105
-5063094.502285693,409034.57487168134,-3845439.607832105
-5063124.234733656,408666.37513844116,-3845439.607832105
-5063153.9403981725,408298.17333233997,-3845439.607832105
-5063183.619293343,407929.9692785829,-3845439.607832105
-5063213.271411879,407561.76306749356,-3845439.607832105
-5063242.896746516,407193.55478938436,-3845439.607832105
-5063272.495311318,406825.3442694617,-3845439.607832105
-5063625.589402029,402406.65112423914,-3845439.607832105
-5064032.658714946,397251.12206826993,-3845439.607832105
-5062785.9911855,409380.23238020187,-3845808.995880085
-5062815.748771205,409012.05508161196,-3845808.995880085
-5062845.479582219,408643.8756199606,-3845808.995880085
-5062875.183611262,408275.6940855623,-3845808.995880085
-5062934.511358443,407539.32436448795,-3845808.995880085
-5062964.135062029,407171.13635843794,-3845808.995880085
-5062993.731997253,406802.9461106979,-3845808.995880085
-5057093.994422653,471543.5579352122,-3846178.363589518
-5062507.212534904,409357.6901536565,-3846178.363589518
-5062536.968482029,408989.53312848345,-3846178.363589518
-5062566.697655938,408621.3739403679,-3846178.363589518
-5062596.400049348,408253.21267961967,-3846178.363589518
-5062685.346602068,407148.715774168,-3846178.363589518
-5063532.7395234965,396470.9210390219,-3846178.363589518
-5065992.729749005,363690.33199423744,-3846178.363589518
-5055984.832134433,480342.6741557393,-3846547.710949582
-5056849.763475375,471149.84561981866,-3846547.710949582
-5061718.487995582,415593.13718137296,-3846547.710949582
-5062198.626045127,409703.2802594561,-3846547.710949582
-5062228.407117947,409335.1457627656,-3846547.710949582
-5062258.161426335,408967.00901295576,-3846547.710949582
-5062287.888962981,408598.8701003227,-3846547.710949582
-5065713.732375566,363670.3026233353,-3846547.710949582
-5056605.475269076,470756.16874166037,-3846917.037976055
-5061919.795490268,409680.7134260697,-3846917.037976055
-5061949.574922719,409312.5992065658,-3846917.037976055
-5061979.327592212,408944.4827340667,-3846917.037976055
-5062009.053491438,408576.3640988634,-3846917.037976055
-5062127.689368331,407103.8681466711,-3846917.037976055
-5062157.281413884,406735.73872716114,-3846917.037976055
-5063003.804559746,396059.0586554851,-3846917.037976055
-5056531.824185289,468523.9515847231,-3847286.3446581187
-5061191.059087014,415179.293347884,-3847286.3446581187
-5061221.238389343,414811.2321090387,-3847286.3446581187
-5061640.938165463,409658.1444260883,-3847286.3446581187
-5061670.715957387,409290.0504857177,-3847286.3446581187
-5061700.466987828,408921.95429247606,-3847286.3446581187
-5061730.191249477,408553.8559366494,-3847286.3446581187
-5062724.887517703,396037.24006214034,-3847286.3446581187
-5065155.657246735,363630.23811086756,-3847286.3446581187
-5060912.199787669,415156.4179801112,-3847655.6309849573
-5060942.377427192,414788.3770205436,-3847655.6309849573
-5061362.054078877,409635.5732601727,-3847655.6309849573
-5061391.830230118,409267.49960088165,-3847655.6309849573
-5061421.579621349,408899.4236888436,-3847655.6309849573
-5061451.302245264,408531.3456143397,-3847655.6309849573
-5062445.943708148,396015.41937487747,-3847655.6309849573
-5062474.729378046,395647.2668405798,-3847655.6309849573
-5064876.57950769,363610.2029704755,-3847655.6309849573
-5055838.105282077,469943.0236302027,-3848024.896972347
-5056042.675321944,467736.953430319,-3848024.896972347
-5060663.489693571,414765.51973789284,-3848024.896972347
-5060693.638914067,414397.49677773716,-3848024.896972347
-5060873.972184283,412189.3132392423,-3848024.896972347
-5060903.934057184,411821.27497918106,-3848024.896972347
-5060933.869158325,411453.234629531,-3848024.896972347
-5060963.7775019165,411085.1920155849,-3848024.896972347
-5062138.1622711895,396361.7266571299,-3848024.896972347
-5062166.973119169,395993.5965927645,-3848024.896972347
-5060414.722755494,414374.65758489707,-3848394.142609466
-5060565.0591022605,412534.61154488433,-3848394.142609466
-5060595.046086783,412166.5957487051,-3848394.142609466
-5060625.006308358,411798.57777278376,-3848394.142609466
-5060654.93975965,411430.5577073887,-3848394.142609466
-5060684.846454866,411062.53537782247,-3848394.142609466
-5061772.5780876,397444.1984097531,-3848394.142609466
-5061801.4676561,397076.0949285555,-3848394.142609466
-5061830.330462211,396707.98925907345,-3848394.142609466
-5055314.939542258,469523.5883994425,-3848763.3678855035
-5060286.107901472,412511.871589185,-3848763.3678855035
-5060316.093233034,412143.87607897125,-3848763.3678855035
-5060346.051803127,411775.8783891356,-3848763.3678855035
-5060375.983604411,411407.8786099414,-3848763.3678855035
-5061493.560325297,397422.2902759581,-3848763.3678855035
-5055036.235638298,469497.70315615827,-3849132.5728162294
-5055206.615644832,467659.6091451992,-3849132.5728162294
-5059977.119501605,412857.1024039157,-3849132.5728162294
-5060007.129932681,412489.12945137225,-3849132.5728162294
-5060037.113611126,412121.15422907064,-3849132.5728162294
-5060067.070529577,411753.1768272673,-3849132.5728162294
-5060097.000680694,411385.1973362206,-3849132.5728162294
-5060365.167851101,408073.28371803777,-3849132.5728162294
-5060394.830399211,407705.28247015405,-3849132.5728162294
-5061214.515788605,397400.38003987086,-3849132.5728162294
-5053825.956002977,479395.8972243342,-3849501.7573908283
-5054757.505000792,469471.8154299368,-3849501.7573908283
-5054927.875612711,467633.82277000503,-3849501.7573908283
-5059698.116427733,412834.33779492235,-3849501.7573908283
-5059728.125204057,412466.3851321119,-3849501.7573908283
-5059758.107229227,412098.4301996685,-3849501.7573908283
-5059788.062495877,411730.4730878435,-3849501.7573908283
-5060086.143380553,408050.7828849641,-3849501.7573908283
-5060115.804293095,407682.8019283736,-3849501.7573908283
-5060145.438445224,407314.8188157579,-3849501.7573908283
-5060906.532923379,397746.5082918876,-3849501.7573908283
-5054649.108854307,467608.03392234957,-3849870.9215984927
-5059358.992075111,413547.42937066784,-3849870.9215984927
-5059389.052717018,413179.50127948215,-3849870.9215984927
-5059419.086602357,412811.5710032022,-3849870.9215984927
-5059449.093723772,412443.63863207016,-3849870.9215984927
-5059479.074095507,412075.70399143035,-3849870.9215984927
-5059509.027710198,411707.7671715291,-3849870.9215984927
-5059836.751433267,407660.3192311033,-3849870.9215984927
-5059866.383951147,407292.35641184537,-3849870.9215984927
-5059895.989702832,406924.3915269339,-3849870.9215984927
-5060598.499725793,398092.5917464773,-3849870.9215984927
-5054370.31535772,467582.2426011318,-3850240.0654549836
-5059109.997784771,413156.71201055386,-3850240.0654549836
-5059140.030013566,412788.802027783,-3850240.0654549836
-5059170.035479913,412420.88995027577,-3850240.0654549836
-5059200.014198055,412052.9756033859,-3850240.0654549836
-5059587.302691287,407269.8918534295,-3850240.0654549836
-5059616.9068100415,406901.9472639361,-3850240.0654549836
-5059646.484178132,406534.0004342347,-3850240.0654549836
-5054091.495131111,467556.44880710676,-3850609.188949492
-5058830.916097436,413133.9205566476,-3850609.188949492
-5059308.194673816,407247.4251411681,-3850609.188949492
-5059337.797159484,406879.5008490387,-3850609.188949492
-5059367.372895963,406511.5743168248,-3850609.188949492
-5059924.227943735,399520.56448415545,-3850609.188949492
-5052815.416319945,478187.7900948806,-3850978.2920712074
-5053778.635036079,467898.17487267527,-3850978.2920712074
-5058551.807663187,413111.12691843073,-3850978.2920712074
-5059029.059906906,407224.9562757191,-3850978.2920712074
-5059058.660759331,406857.0522828989,-3850978.2920712074
-5059088.234864042,406489.14605011785,-3850978.2920712074
-5059557.781721728,400602.355728755,-3850978.2920712074
-5059586.900963728,400234.4133037174,-3850978.2920712074
-5052536.597665818,478161.40328573197,-3851347.3748358944
-5053465.725227453,468239.85551856086,-3851347.3748358944
-5053499.763230725,467872.35585325,-3851347.3748358944
-5058272.672470106,413088.33109493006,-3851347.3748358944
-5059161.852898223,402051.91769731336,-3851347.3748358944
-5059191.0775633855,401684.00397289364,-3851347.3748358944
-5059220.275466023,401316.08821247047,-3851347.3748358944
-5062137.131367883,362673.4916853076,-3851347.3748358944
-5052257.752291367,478135.01394782815,-3851716.4372327426
-5053152.7657266995,468581.49064994237,-3851716.4372327426
-5053186.82857521,468214.0137427872,-3851716.4372327426
-5058232.966322557,410122.842034933,-3851716.4372327426
-5058262.777924404,409754.9958397172,-3851716.4372327426
-5058292.562775638,409387.1474775109,-3851716.4372327426
-5058322.320868966,409019.2970385475,-3851716.4372327426
-5058352.052218513,408651.4443482033,-3851716.4372327426
-5058381.756816976,408283.5894967047,-3851716.4372327426
-5058411.434657079,407915.7325742867,-3851716.4372327426
-5058441.085752912,407547.8734063181,-3851716.4372327426
-5058470.71009719,407180.0120830379,-3851716.4372327426
-5058765.482141926,403501.28108901216,-3851716.4372327426
-5058794.812208826,403133.3961856593,-3851716.4372327426
-5057923.927720834,410468.02790603664,-3852085.479250945
-5057953.764418966,410100.2042721085,-3852085.479250945
-5057983.574375286,409732.3783810896,-3852085.479250945
-5058013.35758247,409364.5503231998,-3852085.479250945
-5058043.114033225,408996.7201886675,-3852085.479250945
-5058072.843741675,408628.8878028787,-3852085.479250945
-5058102.546700519,408261.05325605476,-3852085.479250945
-5058132.222902479,407893.2166384257,-3852085.479250945
-5058161.872361644,407525.37777537,-3852085.479250945
-5058191.495070732,407157.53675712174,-3852085.479250945
-5058221.091022486,406789.6936739037,-3852085.479250945
-5058250.660230955,406421.8483510956,-3852085.479250945
-5058280.2026888775,406054.00087892887,-3852085.479250945
-5058309.718389016,405686.15134762984,-3852085.479250945
-5058339.207345381,405318.29958257533,-3852085.479250945
-5058368.669550733,404950.445673996,-3852085.479250945
-5058398.104997851,404582.5897121221,-3852085.479250945
-5058427.51370071,404214.7315223319,-3852085.479250945
-5058456.8956520865,403846.871194853,-3852085.479250945
-5057614.838903259,410813.1689133849,-3852454.500906261
-5057644.70070873,410445.36766783736,-3852454.500906261
-5057971.415181304,406399.41148569586,-3852454.500906261
-5051421.055867508,478055.83076361497,-3852823.5021878826
-5057275.786249477,411526.0414644866,-3852823.5021878826
-5057305.699890229,411158.26496192894,-3852823.5021878826
-5060381.261241657,363657.3815703826,-3853561.443613384
-5060101.729801931,363637.2934255988,-3853930.3837622185
-5049606.622682147,476402.13064251054,-3855405.940505342
-5048872.899391098,475221.6333716805,-3856512.3939862666
-5057970.032102648,362005.23051119974,-3856881.1710284865
-5052332.47481683,427031.389663813,-3857618.6639108127
-5059647.239030365,329224.93893896125,-3857618.6639108127
-5057130.617669864,361945.15257216373,-3857987.3797558653
-5059102.318498808,333253.8200898142,-3857987.3797558653
-5047335.0795675665,473595.7100286208,-3858724.7502263165
-5046810.675508624,473176.26154165994,-3859462.0390781984
-5057885.1561830435,334651.3346418663,-3859462.0390781984
-5057349.311820419,334246.4917730304,-3860199.246278224
-5045727.081505728,472704.50782690267,-3860936.371819641
-5054996.02761839,360314.4370164658,-3860936.371819641
-5045202.284768751,472285.22766781016,-3861673.415695706
-5056470.335866337,330495.34491856507,-3861673.415695706
-5052859.205976992,358684.87258678634,-3863884.0571051
-5052604.977838388,358297.54034983437,-3864252.425825985
-5043747.1227293415,463640.19907954294,-3864620.774119626
-5043848.153296487,462539.81313033414,-3864620.774119626
-5052350.693360553,357910.2450924873,-3864620.774119626
-5043221.042725866,463221.9899169459,-3865357.4093820113
-5042118.815695573,469037.6515258247,-3866093.962885513
-5041872.95485165,468644.95496541116,-3866462.208960663
-5041975.077331744,467544.97777709726,-3866462.208960663
-5041695.088103679,467519.01422999403,-3866830.4345968757
-5041347.024784893,468226.2873335806,-3867198.639783367
-5041066.986018977,468200.27811203134,-3867566.824509354
-5040786.920586674,468174.2664137822,-3867934.988790562
-5040820.9538536975,467807.68877741025,-3867934.988790562
-5040540.859872143,467781.69497216487,-3868303.132616208
-5040260.739240426,467755.6986936813,-3868671.2559755123
-5039980.591946584,467729.6999408493,-3869039.358884193
-5048397.285924304,357999.15849137155,-3869775.5033065667
-5038545.4375781575,467966.0837074462,-3870879.566449963
-5038265.132275515,467940.04973070725,-3871247.546561031
-5037704.441743895,467887.9743538938,-3871983.4453531476
-5037424.056511153,467861.9329534694,-3872351.364039138
-5046561.428156225,356024.80990800774,-3872351.364039138
-5046306.383716636,355638.01468335075,-3872719.262246208
-5036863.206132678,467809.8427305248,-3873087.139963582
-5047588.593074506,324017.0460187077,-3873822.8339656224
-5035741.185731637,467705.63259698125,-3874558.4460120327
-5044901.37368885,355538.9967207268,-3874558.4460120327
-5044927.215876387,355172.120170696,-3874558.4460120327
-5035494.611353278,467313.3835843538,-3874926.221304741
-5035528.582020976,466947.190905765,-3874926.221304741
-5044594.424208635,355886.0417157449,-3874926.221304741
-5044620.291634812,355519.18748679204,-3874926.221304741
-5044646.132382524,355152.3313776791,-3874926.221304741
-5044235.558915896,356966.70013018564,-3875293.9760960853
-5044261.504930724,356599.87199579796,-3875293.9760960853
-5044287.424268987,356233.0419755326,-3875293.9760960853
-5044313.316924336,355866.210159371,-3875293.9760960853
-5044339.182909064,355499.3763731709,-3875293.9760960853
-5044468.11266298,353665.179456194,-3875293.9760960853
-5044493.818583816,353298.3344187514,-3875293.9760960853
-5044519.4978268575,352931.4875128915,-3875293.9760960853
-5035069.09209072,465796.67710097315,-3875661.710401776
-5043928.458044201,357313.6110721563,-3875661.710401776
-5044109.696553084,354745.93114612415,-3875661.710401776
-5044264.0034971945,352544.98939573456,-3875661.710401776
-5044289.627956043,352178.15920449264,-3875661.710401776
-5043647.303182728,357293.6939659444,-3876029.4242110406
-5043828.5315891495,354726.157165593,-3876029.4242110406
-5043854.314668159,354359.3586369947,-3876029.4242110406
-5044008.4529625075,352158.52835477126,-3876029.4242110406
-5043366.121654687,357273.77497066394,-3876397.1175131127
-5043547.339957691,354706.3813095682,-3876397.1175131127
-5043573.121599303,354339.60322985623,-3876397.1175131127
-5043727.251300497,352138.8956431317,-3876397.1175131127
-5043752.846228791,351772.1044866879,-3876397.1175131127
-5049723.897116748,251942.35496254195,-3876397.1175131127
-5043084.913448072,357253.85408546415,-3876764.790323696
-5043266.121646699,354686.60357720515,-3876764.790323696
-5043291.901850777,354319.8459483198,-3876764.790323696
-5042829.644017109,356867.2073931352,-3877132.4426320167
-5043010.65543082,354300.08679296414,-3877132.4426320167
-5042729.382347664,354280.3257643676,-3877500.074427316
-5042960.178189562,350979.79145594523,-3877500.074427316
-5042344.819032387,355727.3365723231,-3877867.6857252885
-5042370.674923147,355360.6459397079,-3877867.6857252885
-5042448.0825893,354260.5628616865,-3877867.6857252885
-5042089.352816511,355340.8197880867,-3878235.2765151723
-5042166.756163964,354240.7980854994,-3878235.2765151723
-5042423.03404718,350573.9375705595,-3878235.2765151723
-5041833.8303935025,354954.3401644743,-3878602.846786195
-5041885.4030799,354221.03143638547,-3878602.846786195
-5042192.599397053,349821.0220778737,-3878602.846786195
-5041936.627450905,349434.84002918407,-3878970.396554062
-5041962.025733354,349068.1791857399,-3878970.396554062
-5041705.969541445,348682.0529906583,-3879337.9258080083
-5041092.641249071,353428.5268147881,-3879705.4345372654
-5041143.992028916,352695.3258164427,-3879705.4345372654
-5041449.857199223,348295.96404198965,-3879705.4345372654
-5047243.6891735345,250714.74491927042,-3879705.4345372654
-5047280.100768805,249980.65046169245,-3879705.4345372654
-5040785.464700403,353775.37074952625,-3880072.9227575324
-5041193.688692521,347909.912434961,-3880072.9227575324
-5040478.237702396,354122.17009155673,-3880440.390458046
-5040606.666945228,352289.377144862,-3880440.390458046
-5040912.178063133,347890.4844295186,-3880440.390458046
-5031069.667554837,466164.70009473746,-3880807.837628044
-5040145.169243527,354835.4553252641,-3880807.837628044
-5039786.103713303,355915.1538419691,-3881175.264283223
-5039811.97326308,355548.64937186375,-3881175.264283223
-5040069.202865177,351883.5009574078,-3881175.264283223
-5040374.359993986,347485.0774224415,-3881175.264283223
-5049228.141971088,177242.0329472041,-3881175.264283223
-5039504.544563613,355895.2698298275,-3881542.670412815
-5039813.202835766,351497.3375245582,-3881542.670412815
-5040118.023070928,347099.1375387713,-3881542.670412815
-5049557.111483207,158872.51377731882,-3881542.670412815
-5030361.864376712,464623.3210929517,-3881910.056006065
-5030395.639431148,464257.5016853094,-3881910.056006065
-5039222.958769278,355875.3839360121,-3881910.056006065
-5039557.146644498,351111.2114179158,-3881910.056006065
-5039861.630018607,346713.2350303091,-3881910.056006065
-5030080.747120009,464597.3560357754,-3882277.421078662
-5038915.454450051,356221.937403147,-3882277.421078662
-5039301.034295537,350725.12246879225,-3882277.421078662
-5039605.18084104,346327.36972835613,-3882277.421078662
-5048804.536130224,164729.4197576323,-3882277.421078662
-5048816.502242333,164362.25986614442,-3882277.421078662
-5049084.353292123,155917.34708965835,-3882277.421078662
-5038633.816797778,356202.02726354543,-3882644.765619847
-5039044.865794922,350339.0707737887,-3882644.765619847
-5039070.329842522,349972.62022275955,-3882644.765619847
-5039323.504638225,346308.0126210163,-3882644.765619847
-5039348.675544351,345941.5417295107,-3882644.765619847
-5048869.694636266,153705.66218687102,-3882644.765619847
-5048914.192193804,152236.99901397305,-3882644.765619847
-5029720.6502060145,462350.8329882509,-3883012.0896188635
-5038814.077131352,349586.6244247095,-3883012.0896188635
-5038839.486466223,349220.1905711489,-3883012.0896188635
-5038864.869147114,348853.7549586843,-3883012.0896188635
-5047739.646399325,179395.0223449977,-3883012.0896188635
-5048665.044174514,151127.04458202797,-3883012.0896188635
-5029439.44184323,462324.9832582523,-3883379.3930913964
-5038532.360361069,349567.07926720625,-3883379.3930913964
-5038557.768275321,349200.66590072063,-3883379.3930913964
-5038583.149537084,348834.25077542936,-3883379.3930913964
-5038608.504158405,348467.8337173904,-3883379.3930913964
-5029191.812920053,461933.3992141798,-3883746.676026689
-5037736.891894744,356874.9984158791,-3883746.676026689
-5038250.616944524,349547.5322610187,-3883746.676026689
-5038276.023438023,349181.1393835458,-3883746.676026689
-5038301.403280523,348814.7447473656,-3883746.676026689
-5028977.678036156,461176.13471674477,-3884113.9384139855
-5037455.150570861,356855.03976447036,-3884113.9384139855
-5037917.956821134,350260.72254446393,-3884113.9384139855
-5037610.679386481,350607.4771984542,-3884481.1802689712
-5039751.235751594,318362.123809451,-3884481.1802689712
-5036891.587989366,356815.11679912015,-3884848.40158089
-5037303.351521657,350954.1871570846,-3884848.40158089
-5037783.462958325,343993.7166258092,-3884848.40158089
-5039446.13294923,318710.7934122257,-3884848.40158089
-5046393.178561152,177509.95494866345,-3884848.40158089
-5047318.882266576,148882.4954441582,-3884848.40158089
-5036609.766748255,356795.15248634777,-3885215.6023389907
-5037526.5930264415,343608.1312965087,-3885215.6023389907
-5046110.825692548,177500.02301446573,-3885215.6023389907
-5047014.771349775,149608.22543850867,-3885215.6023389907
-5036353.850966526,356408.9333000654,-3885582.78255895
-5037269.667003412,343222.58341896016,-3885582.78255895
-5036097.879020414,356022.7512514051,-3885949.942230017
-5036406.649838243,351627.79177372693,-3885949.942230017
-5036432.2076173695,351261.53298783826,-3885949.942230017
-5036457.738755212,350895.2724322036,-3885949.942230017
-5037012.684913417,342837.07282594865,-3885949.942230017
-5045507.199645916,178580.9194840374,-3885949.942230017
-5047696.983609219,98940.42725257938,-3885949.942230017
-5036201.317646026,350509.38848224934,-3886317.081341439
-5036226.794093107,350143.1446314975,-3886317.081341439
-5036755.646762663,342451.5996140054,-3886317.081341439
-5047421.611685485,98567.830269653,-3886317.081341439
-5035663.150435864,354151.8961136645,-3886684.199908896
-5035970.288790333,349757.31672056246,-3886684.199908896
-5036498.5525370855,342066.1638782694,-3886684.199908896
-5044903.235448189,179661.5572206435,-3886684.199908896
-5047131.850257533,98929.35001568262,-3886684.199908896
-5035406.925789037,353765.88168095774,-3887051.297921637
-5035713.727379971,349371.5260329986,-3887051.297921637
-5036241.4022608325,341680.7654515465,-3887051.297921637
-5026512.065105983,460212.8140199254,-3887418.3753689085
-5035124.933180093,353746.07010159566,-3887418.3753689085
-5035457.109868114,348985.77266533,-3887418.3753689085
-5035984.1959401425,341295.40443035366,-3887418.3753689085
-5036009.002321965,340929.17648139514,-3887418.3753689085
-5034842.913936137,353726.25665097305,-3887785.4322663895
-5035200.436240565,348600.0567126624,-3887785.4322663895
-5035502.729877983,344205.88322780293,-3887785.4322663895
-5035527.747923037,343839.69019645936,-3887785.4322663895
-5035577.704115894,343107.2987684069,-3887785.4322663895
-5035751.711927899,340543.87158262974,-3887785.4322663895
-5044029.529954957,180365.0010385175,-3887785.4322663895
-5034943.706521696,348214.3780078582,-3888152.468603329
-5035320.553839648,342721.900341689,-3888152.468603329
-5034686.92071762,347828.7366474236,-3888519.4843689776
-5035063.347518964,342336.5393205003,-3888519.4843689776
-5035088.229616676,341970.3783347649,-3888519.4843689776
-5035113.08509231,341604.21545264457,-3888519.4843689776
-5036809.7544054175,315602.1508311537,-3888519.4843689776
-5043264.656049422,185846.25023260698,-3888519.4843689776
-5043331.898262483,184012.45515170982,-3888519.4843689776
-5043385.211939896,182545.4016642923,-3888519.4843689776
-5033996.696456498,353666.8050759185,-3888886.4795790142
-5034022.402523241,353300.72154140536,-3888886.4795790142
-5034430.078814161,347443.13272645616,-3888886.4795790142
-5034855.766678762,341218.9292655896,-3888886.4795790142
-5036664.733715434,313386.83618617576,-3888886.4795790142
-5042968.525704997,186202.5716694419,-3888886.4795790142
-5025170.978483986,459353.02961798315,-3889253.4542226833
-5033740.275340558,353280.9211255077,-3889253.4542226833
-5034198.406264478,346691.4697264952,-3889253.4542226833
-5034573.592790947,341199.805962693,-3889253.4542226833
-5034598.3922243845,340833.6805959266,-3889253.4542226833
-5036382.458445715,313369.2727074875,-3889253.4542226833
-5042672.3435355965,186558.85012011265,-3889253.4542226833
-5044003.349796947,146214.8284343967,-3889253.4542226833
-5044159.8444417855,140712.58841323588,-3889253.4542226833
-5033611.781630226,351064.8248589322,-3889620.4082892393
-5033764.483388093,348868.46403831255,-3889620.4082892393
-5033789.840504133,348502.39749135723,-3889620.4082892393
-5033815.171005076,348136.32901349285,-3889620.4082892393
-5033840.474884699,347770.2586945058,-3889620.4082892393
-5033916.226788258,346672.0367980641,-3889620.4082892393
-5034167.00268904,343011.17832615046,-3889620.4082892393
-5034316.190327947,340814.5760113022,-3889620.4082892393
-5042376.109557515,186915.0854893153,-3889620.4082892393
-5043773.4495401075,144372.67447178139,-3889620.4082892393
-5024574.190339855,459666.9299071176,-3889987.341794361
-5033406.058977679,349947.0333156515,-3889987.341794361
-5033431.494530426,349580.9928311966,-3889987.341794361
-5033608.798082627,347018.657343958,-3889987.341794361
-5033759.734367205,344822.29821032315,-3889987.341794361
-5034058.731837409,340429.38341333374,-3889987.341794361
-5035634.685387145,316263.8076124875,-3889987.341794361
-5042093.429183639,186904.60685283496,-3889987.341794361
-5043695.326030721,137028.97086199364,-3889987.341794361
-5043764.427721886,134461.4380666675,-3889987.341794361
-5024259.0262574,460006.532340866,-3890354.254727294
-5024325.878351021,459275.77865317604,-3890354.254727294
-5033326.566771641,346999.2002239219,-3890354.254727294
-5033527.590910381,344070.8709977813,-3890354.254727294
-5033577.580754269,343338.77039046667,-3890354.254727294
-5033801.217325603,340044.22826526,-3890354.254727294
-5033998.195145616,337115.62407564424,-3890354.254727294
-5034120.4410624225,335285.18846306246,-3890354.254727294
-5043442.302557538,135920.9825536523,-3890354.254727294
-5043510.8402552195,133353.57870458788,-3890354.254727294
-5023977.276822255,459980.73618267174,-3890721.1470772987
-5033195.228206668,344783.6284442035,-3890721.1470772987
-5033220.288272644,344417.60321760236,-3890721.1470772987
-5033245.321714442,344051.5762573933,-3890721.1470772987
-5033270.328543945,343685.54738982493,-3890721.1470772987
-5033518.932785294,340025.15933017177,-3890721.1470772987
-5033543.646798821,339659.1106635413,-3890721.1470772987
-5033568.334198398,339293.0601127714,-3890721.1470772987
-5033740.400615977,336730.6562996912,-3890721.1470772987
-5033862.506571597,334900.31444929296,-3890721.1470772987
-5035069.968962023,316228.3405109226,-3890721.1470772987
-5041514.384557724,187250.27632307127,-3890721.1470772987
-5043237.6950855125,132979.34634403166,-3890721.1470772987
-5023695.500811061,459954.9375912518,-3891088.018860036
-5023728.936396772,459589.602899835,-3891088.018860036
-5032887.84991821,345130.29370012047,-3891088.018860036
-5032912.93519521,344764.2908257799,-3891088.018860036
-5032937.993855663,344398.2861281586,-3891088.018860036
-5033433.577345267,337077.8128816886,-3891088.018860036
-5033458.077027848,336711.7703422214,-3891088.018860036
-5033482.550085126,336345.7261099072,-3891088.018860036
-5033604.516099069,334515.4779541983,-3891088.018860036
-5023413.698232067,459929.1365673615,-3891454.8700647713
-5032555.2841190575,345842.8928495199,-3891454.8700647713
-5032605.531697357,345110.93372759863,-3891454.8700647713
-5033224.643577039,335960.8333391795,-3891454.8700647713
-5033346.469651238,334130.6790742157,-3891454.8700647713
-5032298.077798395,345457.5318283527,-3891821.7006807537
-5032323.186868362,345091.5719304235,-3891821.7006807537
-5032942.264013942,335941.98489110614,-3891821.7006807537
-5040514.648749381,191250.94994082404,-3891821.7006807537
-5040528.543583665,190884.39283687464,-3891821.7006807537
-5032065.896474318,344706.2670316728,-3892188.5107236532
-5032364.793333195,340314.83043108846,-3892188.5107236532
-5032389.528421179,339948.8656072347,-3892188.5107236532
-5032414.236889457,339582.8990733958,-3892188.5107236532
-5032438.918749756,339216.9306558403,-3892188.5107236532
-5032463.573996014,338850.9604443368,-3892188.5107236532
-5032488.202622192,338484.9885286558,-3892188.5107236532
-5032561.9288262455,337387.0618732268,-3892188.5107236532
-5032659.857827368,335923.1346659523,-3892188.5107236532
-5032854.4382856265,332995.1951897527,-3892188.5107236532
-5034009.071623892,315059.14333527297,-3892188.5107236532
-5040273.419859063,190140.60600778757,-3892188.5107236532
-5040314.782154325,189040.98441178456,-3892188.5107236532
-5040328.516275897,188674.4418483912,-3892188.5107236532
-5032008.01632442,341393.55393175007,-3892555.300182725
-5032205.7794537,338465.99275577004,-3892555.300182725
-5032279.501520241,337368.1277159698,-3892555.300182725
-5032304.022318165,337002.169102504,-3892555.300182725
-5032328.516502761,336636.208706803,-3892555.300182725
-5032352.9840680305,336270.2466186348,-3892555.300182725
-5032377.425025589,335904.28266426997,-3892555.300182725
-5031700.738896589,341740.3085861675,-3892922.069047228
-5031947.928935513,338081.06247859454,-3892922.069047228
-5031972.501580397,337715.1279758865,-3892922.069047228
-5031997.047607819,337349.1917749969,-3892922.069047228
-5032021.56702943,336983.25370221096,-3892922.069047228
-5032046.059839207,336617.3138472899,-3892922.069047228
-5032070.52603115,336251.37229999655,-3892922.069047228
-5032094.965616876,335885.42888661136,-3892922.069047228
-5032362.044601653,331859.9348787452,-3892922.069047228
-5031418.274999529,341721.1243571454,-3893288.8173328293
-5031714.567076917,337330.2540494994,-3893288.8173328293
-5041389.862796148,127794.50742257816,-3893288.8173328293
-5031061.116963714,342799.55373725196,-3893655.54502878
-5031432.059935811,337311.31454003206,-3893655.54502878
-5031554.377183168,335481.811899755,-3893655.54502878
-5031869.288677095,330724.8982687967,-3893655.54502878
-5038831.235772397,198159.71858844333,-3893655.54502878
-5038974.009179255,194495.3250918481,-3893655.54502878
-5031149.5261927685,337292.3732471492,-3894022.2521243496
-5031271.836571554,335462.9733402933,-3894022.2521243496
-5031296.218819548,335097.08809914585,-3894022.2521243496
-5038490.434278077,199614.23708924782,-3894022.2521243496
-5021424.927391616,456801.3717207567,-3894388.9386351923
-5030989.269345297,335444.13300628465,-3894388.9386351923
-5031013.65022393,335078.2683140524,-3894388.9386351923
-5031038.004501915,334712.401761955,-3894388.9386351923
-5031424.054331721,328858.29794609593,-3894388.9386351923
-5038178.377268385,200335.8017458815,-3894388.9386351923
-5030682.269392795,335791.13335356716,-3894755.604550572
-5030706.675512667,335425.2908982808,-3894755.604550572
-5030731.055021811,335059.4467568985,-3894755.604550572
-5030755.4079318,334693.60075575556,-3894755.604550572
-5040266.779457792,127399.26497468102,-3894755.604550572
-5020893.990176345,456384.92312803335,-3895122.249859749
-5030472.784763335,334674.79797998123,-3895122.249859749
-5020611.878606149,456359.279992064,-3895488.8745783833
-5030311.486806085,332826.94263353996,-3895488.8745783833
-5030335.6773648895,332461.1271501644,-3895488.8745783833
-5030719.108193743,326607.84205280594,-3895488.8745783833
-5029760.966778486,336831.866348692,-3895855.478695739
-5030028.803605569,332808.2391028325,-3895855.478695739
-5030052.992804961,332442.44417681044,-3895855.478695739
-5030077.1554029295,332076.64749266737,-3895855.478695739
-5030101.291393558,331710.8491401266,-3895855.478695739
-5030483.84939316,325857.83727105305,-3895855.478695739
-5030507.533143825,325492.00927154126,-3895855.478695739
-5029478.272037074,336812.93491278763,-3896222.062201075
-5029770.281650399,332423.75944578415,-3896222.062201075
-5029794.442890323,332057.9833210274,-3896222.062201075
-5029818.577524401,331692.2055279668,-3896222.062201075
-5030295.684080536,324376.2826384389,-3896222.062201075
-5019798.553116321,455917.287229017,-3896588.6251100507
-5029195.550690498,336794.00169519486,-3896588.6251100507
-5029317.679979596,334965.3123946109,-3896588.6251100507
-5029366.345518095,334233.82419037726,-3896588.6251100507
-5029463.357408943,332770.82676179946,-3896588.6251100507
-5029487.543889129,332405.0729562874,-3896588.6251100507
-5029511.70377088,332039.3173928519,-3896588.6251100507
-5030060.039546279,323626.4593982563,-3896588.6251100507
-5030083.561027673,323260.6622249691,-3896588.6251100507
-5038832.14780932,128096.34212684688,-3896588.6251100507
-5028912.802747036,336775.066696468,-3896955.1674119295
-5029132.144383777,333483.5790669507,-3896955.1674119295
-5029156.382697652,333117.84934604686,-3896955.1674119295
-5029847.72367106,322510.9298342031,-3896955.1674119295
-5028630.028214972,336756.1299171617,-3897321.689095976
-5028825.093972166,333830.53475967137,-3897321.689095976
-5035869.843486054,201344.40933345142,-3897321.689095976
-5028371.702007556,336371.51870775904,-3897688.1901778476
-5028517.993100188,334177.4457018324,-3897688.1901778476
-5029398.965484094,320645.938904056,-3897688.1901778476
-5029422.270217652,320280.1898133163,-3897688.1901778476
-5035259.358855452,202420.2897616892,-3898054.670646805
-5018104.837182377,455763.4574755381,-3898787.5697294367
-5034618.887458026,204228.16694602594,-3898787.5697294367
-5037113.331955935,128785.74127212047,-3898787.5697294367
-5034290.906320383,205314.9913901732,-3899153.9883480305
-5036820.505070063,129144.78253261426,-3899153.9883480305
-5028239.082579074,316533.54477079277,-3899520.3863371685
-5028626.562431364,310317.01878970896,-3899520.3863371685
-5028298.322004749,311030.89098077547,-3899886.7637124965
-5033754.020413946,204559.7521178223,-3899886.7637124965
-5016975.162439617,455660.8560984667,-3900253.120463285
-5027969.95370528,311744.67269439105,-3900253.120463285
-5027481.747860502,315017.66599410627,-3900619.4565788056
-5027504.643299541,314652.05634226237,-3900619.4565788056
-5027664.16689265,312092.74247009505,-3900619.4565788056
-5027198.628728992,314999.9259937483,-3900985.7720747045
-5027221.522878691,314634.3369309572,-3900985.7720747045
-5027244.39044194,314268.7462042187,-3900985.7720747045
-5027335.594817106,312806.36687200493,-3900985.7720747045
-5017044.89611054,445369.01575234154,-3901352.0669402513
-5017077.270995584,445004.16474515153,-3901352.0669402513
-5017109.6193478275,444639.31138456025,-3901352.0669402513
-5017141.941159342,444274.4557600598,-3901352.0669402513
-5026984.081831413,313885.4740102174,-3901352.0669402513
-5027052.441384963,312788.7487530818,-3901352.0669402513
-5032620.311935076,204513.6809104349,-3901352.0669402513
-5035052.885841278,131664.29494150667,-3901352.0669402513
-5015944.331203549,454463.9176940036,-3901718.341164722
-5016729.880252218,445708.7555830313,-3901718.341164722
-5016794.652898229,444979.09711641824,-3901718.341164722
-5016826.99942825,444614.26430846285,-3901718.341164722
-5026723.7174912235,313502.2395933075,-3901718.341164722
-5026746.502727341,313136.685070997,-3901718.341164722
-5034750.053186955,132389.15421121102,-3901718.341164722
-5026757.069716478,308366.9524491778,-3902084.594763755
-5026473.821260982,308349.576542247,-3902450.827726626
-5026496.2317854995,307984.04020653176,-3902450.827726626
-5034173.074249601,132740.33176123883,-3902450.827726626
-5026302.326719785,306504.6041486393,-3902817.0400426094
-5033879.6993999975,133098.92532111524,-3902817.0400426094
-5015469.322743597,447067.25688687677,-3903183.231727346
-5033586.272389039,133457.47629523472,-3903183.231727346
-5015251.549550499,446312.6201043858,-3903549.4027701085
-5025629.759745785,303529.0295039,-3903915.5531601785
-5032715.448713683,134166.8839438687,-3904281.6829131874
-5029978.2415379565,206604.71906625398,-3904647.792018415
-5029380.659554509,207312.90591160854,-3905379.948268995
-5024562.177057988,297597.29189742066,-3905745.9954192634
-5029021.170685047,209129.82586896242,-3905745.9954192634
-5024256.972851581,297945.87273496634,-3906112.021905218
-5024278.626803209,297580.49764053506,-3906112.021905218
-5025225.529252969,276005.0704412861,-3906478.027742499
-5025285.624626382,274908.72974228894,-3906478.027742499
-5025305.603266843,274543.2799031041,-3906478.027742499
-5025325.555326202,274177.8286997033,-3906478.027742499
-5025345.480813929,273812.3759586085,-3906478.027742499
-5024054.2573428955,291701.3506703309,-3906844.012920381
-5024921.772579962,276354.9133994607,-3906844.012920381
-5024941.856390838,275989.4900165192,-3906844.012920381
-5024961.913627319,275624.06517400785,-3906844.012920381
-5024981.944284497,275258.6389615611,-3906844.012920381
-5025001.94837188,274893.2112057104,-3906844.012920381
-5025021.925884551,274527.7819960877,-3906844.012920381
-5025041.87681762,274162.35142232594,-3906844.012920381
-5025061.801180558,273796.91931095696,-3906844.012920381
-5024617.965039209,276704.712086992,-3907209.97742815
-5024638.074284146,276339.31088433304,-3907209.97742815
-5024658.156961123,275973.9081325567,-3907209.97742815
-5024678.213065209,275608.5039212929,-3907209.97742815
-5024698.242591491,275243.09834017104,-3907209.97742815
-5024718.245549478,274877.6912157324,-3907209.97742815
-5024738.221934253,274512.2826376038,-3907209.97742815
-5024758.171740929,274146.8726954132,-3907209.97742815
-5027809.446602361,210910.78906014847,-3907209.97742815
-5024354.349408741,276323.7069074116,-3907575.92128143
-5024374.430951716,275958.3247887333,-3907575.92128143
-5024394.4859233,275592.94121065,-3907575.92128143
-5024414.51431858,275227.556262786,-3907575.92128143
-5027510.192355369,211264.49106386077,-3907575.92128143
-5029836.63447379,135554.30922553586,-3907941.844469511
-5029542.660246243,135912.41167098048,-3908307.746981669
-5022443.805130285,294906.2352167222,-3908673.6288335365
-5026596.666979015,212690.88080293953,-3908673.6288335365
-5009722.321221966,460145.1181512136,-3909039.4900143947
-5026312.661034177,212678.86363136937,-3909039.4900143947
-5009439.226207857,460119.11575420183,-3909405.33051353
-5022004.420493587,292681.6739997248,-3909405.33051353
-5023487.409368388,266017.3108458908,-3909405.33051353
-5026028.628514517,212666.8453353362,-3909405.33051353
-5028366.242574792,137344.39359483315,-3909771.1503465693
-5022900.195415879,266352.51645916107,-3910136.9495027917
-5008589.782203505,460041.0939624372,-3910502.727971493
-5025160.895234823,212996.22421597582,-3910502.727971493
-5021143.325528754,287868.7053545455,-3910868.4857682884
-5022351.5880580675,265957.1637596237,-3910868.4857682884
-5027168.754729002,139506.8644527007,-3911234.222882468
-5020762.705146875,284550.1246678445,-3911599.9393033204
-5020783.384941377,284185.0037191778,-3911599.9393033204
-5020540.644257381,283438.7227871011,-3911965.6350464663
-5020297.766153326,282692.5169823079,-3912331.310101196
-5023630.892790076,215493.3247389663,-3912331.310101196
-5006856.722047717,460249.09474779037,-3912696.9644567952
-5020034.2336632535,282311.4542124994,-3912696.9644567952
-5020054.750658958,281946.3862456976,-3912696.9644567952
-5020075.241101201,281581.31687543704,-3912696.9644567952
-5020095.704999707,281216.24592842074,-3912696.9644567952
-5026031.247971389,139475.297976859,-3912696.9644567952
-5019791.135028424,281565.38106605917,-3913062.5981288855
-5019872.826701023,280105.17109384225,-3913062.5981288855
-5019893.183251705,279740.11487071874,-3913062.5981288855
-5019913.513249818,279375.0572558058,-3913062.5981288855
-5019933.816705014,279009.9980758056,-3913062.5981288855
-5019954.093612299,278644.93742025935,-3913062.5981288855
-5019974.343966712,278279.8753787167,-3913062.5981288855
-5019547.024635115,275693.184724331,-3913793.803379698
-5022462.286563313,216175.03249890252,-3913793.803379698
-5005856.770194483,458688.7655968084,-3914159.374963331
-5019322.844637338,274582.5352938604,-3914159.374963331
-5019342.799572035,274217.5190811699,-3914159.374963331
-5019362.7279571695,273852.5015058821,-3914159.374963331
-5019382.629802201,273487.4823947248,-3914159.374963331
-5019402.50510224,273122.4618372296,-3914159.374963331
-5022162.184355021,216528.01532612593,-3914159.374963331
-5019197.497834816,271646.9816724043,-3914524.9258469413
-5019236.954201751,270916.96605882637,-3914524.9258469413
-5024598.613125702,139801.22280679253,-3914524.9258469413
-5018972.36967122,270536.6330864053,-3914890.4560198267
-5018805.62966943,268331.4670960158,-3915255.965497598
-5018825.130014951,267966.48851278925,-3915255.965497598
-5020581.198211901,220117.823769136,-3915986.922324983
-5020597.192357364,219752.71619039992,-3915986.922324983
-5020280.659853108,220470.43523025364,-3916352.369679499
-5023165.2931576725,140126.92147466392,-3916352.369679499
-5003594.921592457,448943.05562342517,-3918179.295721633
-5018777.19895328,222232.83700884867,-3918179.295721633
-5016706.128027586,259439.1945344787,-3918544.618777458
-5018427.67301235,223680.0424581596,-3918544.618777458
-5020866.463281015,140793.619642642,-3919275.2027087766
-5001668.523553503,457571.43342715706,-3919640.463589173
-5016150.680117771,253558.65307355762,-3919640.463589173
-5016169.106160876,253193.86760278692,-3919640.463589173
-5015810.551876528,254638.54838875512,-3920005.703740563
-5015829.056452742,254273.7876499568,-3920005.703740563
-5015847.534498323,253909.02565397666,-3920005.703740563
-5015902.809485788,252814.7314418815,-3920005.703740563
-5015921.181430036,252449.9639987426,-3920005.703740563
-5017141.293208486,226913.0375798802,-3920005.703740563
-5020286.347774568,141142.7255997949,-3920005.703740563
-5015544.337933724,254259.35405275287,-3920370.9231522516
-5015562.814930418,253894.61276212256,-3920370.9231522516
-5015654.802057837,252070.88585658092,-3920370.9231522516
-5016435.693168968,236020.6796082404,-3920370.9231522516
-5016452.8438137965,235655.87345711328,-3920370.9231522516
-5016469.96792502,235291.0661472738,-3920370.9231522516
-5016504.13656683,234561.4476214074,-3920370.9231522516
-5016521.181089036,234196.63658434822,-3920370.9231522516
-5016538.199085477,233831.8242211824,-3920370.9231522516
-5016673.387959146,230913.28122232974,-3920370.9231522516
-5016740.345664975,229453.9803089683,-3920370.9231522516
-5016823.44584575,227629.8269444019,-3920370.9231522516
-5015388.36754255,251691.8465489326,-3920736.121839834
-5015406.657829658,251327.11652003968,-3920736.121839834
-5015424.9215928,250962.3851620061,-3920736.121839834
-5015552.025242619,248409.22886439977,-3920736.121839834
-5015642.017828862,246585.50624471734,-3920736.121839834
-5015713.534439537,245126.50476924717,-3920736.121839834
-5015766.893381381,244032.2400004381,-3920736.121839834
-5016133.721314908,236372.06431344585,-3920736.121839834
-5016287.3520820225,233088.96207729864,-3920736.121839834
-5016338.084825808,231994.57240737547,-3920736.121839834
-5016354.942684094,231629.77336517398,-3920736.121839834
-5016472.204867635,229076.14605364052,-3920736.121839834
-5016522.062146381,227981.71615059162,-3920736.121839834
-5014882.048975366,256053.96233857836,-3921101.299792615
-5015176.5865116175,250218.710072482,-3921101.299792615
-5015249.1600024225,248759.84374424128,-3921101.299792615
-5015393.033863378,245842.0481515814,-3921101.299792615
-5015499.825259457,243653.64677552824,-3921101.299792615
-5015831.698361337,236723.4050073614,-3921101.299792615
-5014726.944403942,253486.68543682728,-3921466.4569999008
-5014928.1146902805,249475.111210776,-3921466.4569999008
-5015512.3704907205,237439.44086692738,-3921466.4569999008
-5015529.624313229,237074.70185797397,-3921466.4569999008
-5000624.889223095,450142.9436144794,-3921831.593477287
-5014442.117691314,253472.28788734786,-3921831.593477287
-5015140.837119692,239249.52718406369,-3921831.593477287
-5015158.222576384,238884.8151889931,-3921831.593477287
-5018788.745418614,143657.51377097017,-3921831.593477287
-5014046.195283996,255645.70363749456,-3922196.709214081
-4999443.985500465,453702.04119278584,-3922926.878449396
-4999040.322630694,451832.7965963976,-3923656.9646991664
-4999105.9861694295,451105.7109067629,-3923656.9646991664
-4998359.952005101,456169.17534548877,-3924021.9767040275
-4998042.571996268,456506.70777602826,-3924386.967956706
-4997725.142905506,456844.1940425665,-3924751.9384465218
-5016454.657983561,145416.25100140422,-3924751.9384465218
-4997440.898700785,456818.2111581733,-3925116.8881890555
-5015905.107053482,144670.1768647488,-3925481.817173621
-4995701.655909219,457025.5619508271,-3927306.1506418656
-4996239.821074044,447916.8664653537,-3927670.955038095
-4995595.434734313,451887.69436429674,-3928035.7386540943
-4995628.283727798,451524.40318884444,-3928035.7386540943
-4995922.735753301,448254.675647045,-3928035.7386540943
-4995987.878908437,447528.04342986736,-3928035.7386540943
-5013979.970234426,142060.17719324373,-3928035.7386540943
-4994815.051440235,457310.72770913993,-3928400.5015054434
-4995474.899683225,450045.5825876438,-3928400.5015054434
-4995507.614714869,449682.3001826195,-3928400.5015054434
-4995540.303327784,449319.01539944916,-3928400.5015054434
-4995572.9655139595,448955.7283272447,-3928400.5015054434
-4995605.601288901,448592.4387935533,-3928400.5015054434
-4995703.35008973,447502.5560530719,-3928400.5015054434
-5013694.416739795,142052.08665832214,-3928400.5015054434
-4994196.679344959,460916.6831935215,-3928765.2435814585
-4995418.794851261,447477.06630966056,-3928765.2435814585
-4993878.63721987,461253.59171307524,-3929129.9648714596
-4993912.167317181,460890.425449065,-3929129.9648714596
-4995101.66039369,447814.82945677615,-3929129.9648714596
-4993560.546081906,461590.4540582449,-3929494.6653910205
-4993594.100685424,461227.3108384243,-3929494.6653910205
-4993627.628872288,460864.1652665609,-3929494.6653910205
-4993961.458284943,457232.5752043937,-3929494.6653910205
-4994784.476814809,448152.5463871939,-3929494.6653910205
-4993208.800455662,462290.38769022084,-3929859.3451294606
-4993242.405952663,461927.2701353653,-3929859.3451294606
-4993275.985050981,461564.1500504613,-3929859.3451294606
-4993309.537742371,461201.0275245741,-3929859.3451294606
-4994467.244112519,448490.2172687316,-3929859.3451294606
-4992890.586858957,462627.1343525526,-3930224.0040761
-4992924.216853771,462264.0398508042,-3930224.0040761
-4992957.820435456,461900.94299151853,-3930224.0040761
-4992991.397619963,461537.84360232856,-3930224.0040761
-4993024.9483990455,461174.74177229457,-3930224.0040761
-5012266.251586951,142011.62271632822,-3930224.0040761
-4992605.978762171,462600.76337046537,-3930588.642246513
-4992639.606839986,462237.6895660732,-3930588.642246513
-4992673.208506177,461874.6134042781,-3930588.642246513
-4992706.783776694,461511.534712723,-3930588.642246513
-4992740.332643293,461148.45358046296,-3930588.642246513
-4993041.084213152,457880.6141367746,-3930588.642246513
-4993865.282423627,448802.2576221094,-3930588.642246513
-4993547.9269695515,449139.8130451033,-3930953.2596300235
-4992405.097951231,458554.52385535656,-3931317.856215947
-4993132.342853216,450566.66560099844,-3931317.856215947
-5011112.904048576,142343.65677563852,-3931682.432019858
-4991231.2004068615,465036.12318281335,-3932046.987031079
-4990594.038927993,465708.92178299185,-3932776.0346589913
-5010182.2731722845,144869.77187147868,-3932776.0346589913
-5009854.029400053,146318.81890971225,-3933140.5272805737
-5008138.127722881,146268.70393524476,-3935327.046116684
-4987643.433331498,466531.2121170019,-3936420.0245992336
-5006781.270034838,143678.21501992768,-3937148.5728325048
-4986304.31106328,462382.59859461285,-3938605.4194332077
-4984307.265901019,462197.4115554687,-3941154.0989712314
-5003589.491977029,145043.3174583484,-3941154.0989712314
-5002995.315912637,145754.36423532618,-3941882.10557629
-4982342.514413338,461649.77976334863,-3943701.7572217383
-5000999.468593714,145332.22749597693,-3944429.4718978624
-4999289.1888382165,144918.6609024239,-3946612.115230932
-4999044.231606635,143456.1873716344,-3946975.816083147
-4998204.1788369175,142704.52568818774,-3948066.7933819564
-4996972.1404008325,145578.88853287877,-3949521.13746356
-4977517.530121037,460837.629807217,-3949884.6712646484
-4996121.306835918,145190.4650105381,-3950611.6762154927
-4995259.661890131,145165.42506001054,-3951702.026932249
-4994737.547224081,143332.59964303861,-3952428.822917566
-4994397.779187608,145140.3782001209,-3952792.1895619337
-4993812.491757425,145486.8371616208,-3953518.8601270393
-4973965.916124922,464886.9733750991,-3953882.1640526545
-4993493.235165962,146567.87894378166,-3953882.1640526545
-4992332.711875016,146897.181792566,-3955335.170617535
-4992406.8436768325,144355.79408074787,-3955335.170617535
-4972044.473971352,466895.89208419557,-3956061.5484097106
-4971724.063204433,467230.5488455952,-3956424.7059156136
-4970611.981302809,466761.3749965297,-3957877.126710772
-4989253.005544734,143901.46929217814,-3959329.2126063965
-4968858.1773993345,466961.2198601925,-3960055.129924134
-4988645.82153074,144973.2226497185,-3960055.129924134
-4988017.007742465,146770.19410742747,-3960780.9634709135
-4967745.024618403,466492.1557033919,-3961506.7132400908
-4987131.758604929,147470.12604837224,-3961869.556691309
-4985082.90806875,148498.07566123497,-3964408.874120544
-4964131.3769224305,467973.80697358196,-3965859.451448181
-4963844.231417602,467946.73746940354,-3966222.043344767
-4963303.874629836,467531.65060011094,-3966947.164227372
-4983086.594112068,147713.20797068905,-3966947.164227372
-4963050.63318016,467143.67253940454,-3967309.693192152
-4982499.071720663,148058.44876356723,-3967672.201184525
-4982509.825658205,147696.110872943,-3967672.201184525
-4982232.128871213,147325.24336842805,-3968034.6881938744
-4981943.678152488,147316.71384366148,-3968397.1542095896
-4981644.475352857,147670.4593681563,-3968759.599247145
-4960683.8985593915,467648.80961724475,-3970209.1694817757
-4980447.149759407,149085.00600740322,-3970209.1694817757
-4960396.438139534,467621.71042570035,-3970571.5095476084
-4980125.902167097,150162.86536021437,-3970571.5095476084
-4960108.951479738,467594.60876048973,-3970933.8286237787
-4959567.886859667,467179.7292644584,-3971658.4037646954
-4978871.898744111,153386.7456649199,-3972020.659834305
-4959026.683210122,466764.92106051545,-3972382.8948978963
-4978572.001943992,153739.90302456048,-3972382.8948978963
-4977972.054275276,154446.0867838189,-3973107.301990666
-4977672.003409754,154799.11325517244,-3973469.474024703
-4977371.901208715,155152.0960823754,-3973831.62503637
-4976482.633413824,155848.8828896367,-3974917.9519875203
-4956724.975094478,466548.2743926238,-3975280.0189340007
-4975344.627901759,145673.05690322386,-3976728.0764595387
-4954353.711735883,467052.0563482997,-3978175.7974817683
-4973755.068436428,159746.1847220105,-3978175.7974817683
-4973766.672353098,159384.4826822439,-3978175.7974817683
-4973778.249968803,159022.77971276513,-3978175.7974817683
-4953489.5215389095,466970.5882432639,-3979261.367354494
-4971589.1188506195,164019.74735809152,-3980708.4992250707
-4970993.383185363,173048.00363116083,-3981070.2295697583
-4971005.954447762,172686.5023048478,-3981070.2295697583
-4970754.158104629,171592.00440478008,-3981431.9388518864
-4970477.244068812,171220.55216652332,-3981793.6270869067
-4950861.582138701,467086.08857817017,-3982516.940373238
-4969646.177862032,170106.43698656524,-3982878.5654294104
-4969369.047773888,169735.14582646996,-3983240.169422139
-4969091.863693512,169363.89497747482,-3983601.7523408397
-4968170.672138715,179099.47625465214,-3984324.8549918793
-4967881.098815593,179089.03731566816,-3984686.3747030487
-4948213.228252168,470466.95243682654,-3985409.350921818
-4965338.512978402,177189.6080000835,-3987939.1036411542
-4965351.385441747,176828.51789661555,-3987939.1036411542
-4945531.349852432,468034.6524024183,-3989022.967065662
-4964481.785120821,176797.54926539992,-3989022.967065662
-4964178.996376181,177148.23029911105,-3989384.2126873992
-4962967.331458913,178550.51384791196,-3990828.9841681067
-4942539.879819354,468839.52096502634,-3992634.4736247235
-4942216.705678673,469171.5099498704,-3992995.5081820455
-4940702.712662609,469752.8665198182,-3994800.3641589843
-4939477.321289667,470361.2808251833,-3996243.8686803826
-4938830.200881265,471024.5062840811,-3996965.4941396425
-4956224.455600839,180112.41858924908,-3999129.8631544956
-4936170.845322488,474393.4665557611,-3999851.1503151567
-4935384.26775805,476491.32101769897,-4000572.352871666
-4935418.906128801,476132.40854329726,-4000572.352871666
-4935025.320380504,477181.1371014747,-4000932.9224067037
-4954757.855178842,180419.9183729847,-4000932.9224067037
-4934411.3468762785,477483.96830253134,-4001653.9980154084
-4933797.25104584,477786.70270714315,-4002374.988964522
-4953303.710920567,180366.96793705042,-4002735.452694536
-4930225.377886347,481421.99599248776,-4006338.925380632
-4929865.326782206,482110.70499912585,-4006699.1561528314
-4929505.15357802,482799.3168162612,-4007059.3657356123
-4927463.819693064,497436.4391746686,-4007779.7213166617
-4927499.98125649,497078.1026360297,-4007779.7213166617
-4927572.226223295,496361.42150225607,-4007779.7213166617
-4927608.309608955,496003.0770829157,-4007779.7213166617
-4927644.366943632,495644.7299544604,-4007779.7213166617
-4927680.398218473,495286.3802047912,-4007779.7213166617
-4927860.163671251,493494.5923765419,-4007779.7213166617
-4927896.038583092,493136.22693937615,-4007779.7213166617
-4927931.887425167,492777.85898026626,-4007779.7213166617
-4928003.506942268,492061.1150737656,-4007779.7213166617
-4949202.359544402,180938.4140614231,-4007779.7213166617
-4926774.352983073,501348.460444536,-4008139.867319765
-4926810.799047235,500990.1739489904,-4008139.867319765
-4926847.219055968,500631.8848039594,-4008139.867319765
-4926883.61300035,500273.5930973253,-4008139.867319765
-4926919.980897657,499915.29865900637,-4008139.867319765
-4926956.3227389585,499557.00157688657,-4008139.867319765
-4926992.63851535,499198.70193885436,-4008139.867319765
-4927028.928244072,498840.3995748202,-4008139.867319765
-4927065.191916212,498482.0945726674,-4008139.867319765
-4927101.429522885,498123.7870202889,-4008139.867319765
-4927137.641081293,497765.476747591,-4008139.867319765
-4927963.3146953825,489523.6184479639,-4008139.867319765
-4928282.651640101,486298.1693828403,-4008139.867319765
-4928388.628157354,485222.9733340816,-4008139.867319765
-4928423.901538638,484864.56948776304,-4008139.867319765
-4928564.734413892,483430.92856540624,-4008139.867319765
-4926374.869266272,502393.7307114658,-4008499.992117192
-4926411.391345694,502035.4732644342,-4008499.992117192
-4927815.42885209,488061.3817582359,-4008499.992117192
-4926048.308031562,502722.38844970753,-4008860.0957243205
-4925758.26886923,502692.78882515774,-4009220.178130605
-4925104.955213228,503349.914459126,-4009940.279324381
-4924778.226716161,503678.4059173792,-4010300.298116707
-4924304.632449393,505439.29348411143,-4010660.2956919353
-4924341.376013883,505081.1865809039,-4010660.2956919353
-4923613.928242839,506453.9053340042,-4011380.2272266657
-4923250.022092586,507140.1179757355,-4011740.1611650893
-4922885.99444821,507826.2327891003,-4012100.073896075
-4922558.812371393,508154.2725728972,-4012459.9654090824
-4922194.591710117,508840.21814701945,-4012819.83569357
-4921465.7861087965,510211.81567881355,-4013539.5126125584
-4921502.876748428,509853.9152097387,-4013539.5126125584
-4921539.94135181,509496.0121301968,-4013539.5126125584
-4921576.979936537,509138.1062702929,-4013539.5126125584
-4944525.701261506,181127.49725579994,-4013539.5126125584
-4944538.860151297,180767.92069241838,-4013539.5126125584
-4920578.501676715,515907.4180064955,-4013899.3192259823
-4944247.169110491,180757.25672871573,-4013899.3192259823
-4920400.61076692,514803.5261490979,-4014259.1046205494
-4920475.4338673595,514087.87738950364,-4014259.1046205494
-4920512.806375828,513730.04901651107,-4014259.1046205494
-4920587.473344148,513014.3839500777,-4014259.1046205494
-4920624.767785687,512656.54743218434,-4014259.1046205494
-4920662.036213466,512298.7081172261,-4014259.1046205494
-4920699.278618335,511940.8660929794,-4014259.1046205494
-4942270.9892479805,222086.26659208882,-4014259.1046205494
-4942287.126749729,221726.8538877019,-4014259.1046205494
-4943001.196026087,205192.63401910264,-4014259.1046205494
-4943016.104982603,204833.1683435161,-4014259.1046205494
-4943134.435569077,201957.40358354888,-4014259.1046205494
-4943149.109252682,201597.92822706784,-4014259.1046205494
-4943163.756797979,201238.45171816336,-4014259.1046205494
-4943178.378201365,200878.97414500537,-4014259.1046205494
-4943131.230333799,194756.20166854997,-4014618.868785717
-4943650.552012761,181095.43885369474,-4014618.868785717
-4943663.708573513,180735.92593305232,-4014618.868785717
-4941655.325644354,222778.79170695122,-4014978.61171095
-4942725.35792428,197620.3016795647,-4014978.61171095
-4942768.354357458,196541.96159113556,-4014978.61171095
-4943171.857369726,186117.53278925255,-4014978.61171095
-4941314.913823739,223843.67459971967,-4015338.3334116186
-4941331.179130342,223484.33141845814,-4015338.3334116186
-4942433.600461352,197608.63661754612,-4015338.3334116186
-4942447.957895603,197249.21223872338,-4015338.3334116186
-4942934.000628044,184668.71329613382,-4015338.3334116186
-4942561.144813305,186814.42796728955,-4015698.0338771804
-4942655.603108481,184298.3716023986,-4015698.0338771804
-4940633.323569492,225973.02296495088,-4016057.7130971053
-4940308.6427914975,226678.21949233365,-4016417.371086752
-4942071.896829642,184276.6067607179,-4016417.371086752
-4939867.4447385445,229898.0159455189,-4016777.0078355856
-4941780.004481754,184265.72287789886,-4016777.0078355856
-4941737.957321469,177426.91634680514,-4017136.6233330807
-4941573.712163706,173822.8663490275,-4017496.217594588
-4916931.748792354,519863.46628978365,-4017855.79060958
-4938548.575880815,233076.00912101878,-4018215.342367527
-4916237.042273567,520874.5868290763,-4018574.87288378
-4915832.669345669,521916.27583741816,-4018934.3821478137
-4915870.611172626,521558.78498923726,-4018934.3821478137
-4937759.4943441,237357.55308156364,-4018934.3821478137
-4937776.742413022,236998.46850816696,-4018934.3821478137
-4937793.964372666,236639.3825952271,-4018934.3821478137
-4937811.160218797,236280.29543082044,-4018934.3821478137
-4937896.747735408,234484.84107560798,-4018934.3821478137
-4937913.786898575,234125.7464422786,-4018934.3821478137
-4939871.697980628,172324.2832994058,-4019653.336902988
-4936779.574281615,239469.5477610209,-4020012.782398952
-4913883.722954726,526407.7135044048,-4020731.609600879
-4936108.131972721,241236.0525068812,-4020731.609600879
-4936125.662102605,240877.08792751684,-4020731.609600879
-4938944.834048161,173730.39395947242,-4020731.609600879
-4913148.890687896,527774.6170059413,-4021450.3517483016
-4937991.810339983,175854.17534963877,-4021809.690926133
-4934763.038795182,244767.6761975578,-4022169.0088346363
-4934417.370220324,245829.71385613695,-4022528.3054632875
-4937381.554035053,176551.47017528303,-4022528.3054632875
-4911716.342962069,530150.052630085,-4022887.580827437
-4934089.388447778,246532.7946367284,-4022887.580827437
-4933761.280456701,247235.78381817348,-4023246.834916554
-4933360.715108323,249373.7484814751,-4023606.067720122
-4936465.789326476,177597.07941051104,-4023606.067720122
-4910689.241576123,531484.3403440609,-4023965.279253483
-4910359.635238595,531809.944203575,-4024324.4695061157
-4910029.981554373,532135.5001211002,-4024683.6384675037
-4909622.785275562,533175.0893851621,-4025042.7861529826
-4909661.545883029,532818.0501027592,-4025042.7861529826
-4935347.357488919,176119.3645371734,-4025042.7861529826
-4909292.989574491,533500.5013467022,-4025401.912552034
-4935054.821261305,176108.92529333106,-4025401.912552034
-4908963.146545324,533825.8654244032,-4025761.017654143
-4931460.992092075,252154.1437504688,-4025761.017654143
-4931150.250284087,252497.79726758544,-4026120.101474645
-4934100.887614424,186135.32535320328,-4026120.101474645
-4930839.458497007,252841.4055855,-4026479.164003023
-4933808.294963246,186124.2875107344,-4026479.164003023
-4908012.212468413,534444.750344602,-4026838.205228764
-4933406.565026622,188983.42007226724,-4026838.205228764
-4933845.886077336,177143.56140639164,-4026838.205228764
-4933858.755275352,176784.76151168524,-4026838.205228764
-4933871.598377588,176425.9607681624,-4026838.205228764
-4933566.090090199,176774.27504510272,-4027197.2251671976
-4933578.932430613,176415.49558481705,-4027197.2251671976
-4907391.048171443,534738.2204347869,-4027556.2238078094
-4929869.807016723,254588.98234580946,-4027556.2238078094
-4933273.3988139,176763.7876436501,-4027556.2238078094
-4933286.240392422,176405.02946849898,-4027556.2238078094
-4932980.68145502,176753.2993076343,-4027915.2011400918
-4906769.763346984,535031.5916883937,-4028274.1571793705
-4906478.532126436,534999.8359894321,-4028633.0919151357
-4906187.274964981,534968.0774618876,-4028992.005336871
-4931786.4232021365,185329.69770291616,-4028992.005336871
-4928443.934631992,253796.62788968178,-4029350.8974599065
-4931119.466074373,187459.31500364255,-4029709.768273736
-4905235.5018214565,535586.2281212811,-4030068.6177678434
-4927840.145244429,254124.84923780896,-4030068.6177678434
-4930826.615801607,187448.1821337316,-4030068.6177678434
-4931146.264354522,178841.9850740096,-4030068.6177678434
-4931159.257069427,178483.38158292146,-4030068.6177678434
-4904905.185911502,535911.1121169883,-4030427.4459575606
-4927528.953861414,254468.09570053074,-4030427.4459575606
-4930840.3509888025,179189.9437263058,-4030427.4459575606
-4930853.3690119,178831.3623948828,-4030427.4459575606
-4930866.360955076,178472.78020376968,-4030427.4459575606
-4904613.805965339,535879.2758744763,-4030786.2528323717
-4930521.317620865,179896.4159280954,-4030786.2528323717
-4930534.387017785,179537.85788162073,-4030786.2528323717
-4930547.430342725,179179.2987996096,-4030786.2528323717
-4930560.447592475,178820.73877000692,-4030786.2528323717
-4930573.438763854,178462.17788076523,-4030786.2528323717
-4904322.400088137,535847.4367987328,-4031145.03838177
-4930241.441078519,179527.19070393115,-4031145.03838177
-4930254.483628495,179168.65292557978,-4031145.03838177
-4903991.989696598,536172.2246100924,-4031503.8026210843
-4903700.53425754,536140.3586707794,-4031862.545539802
-4929616.19154785,180581.33320632263,-4031862.545539802
-4903370.053013782,536465.0744764016,-4032221.2671274203
-4929243.911705838,182721.40497568616,-4032221.2671274203
-4929296.854661994,181287.53830510293,-4032221.2671274203
-4929310.025230567,180929.06921436483,-4032221.2671274203
-4929349.380521001,179853.6562947063,-4032221.2671274203
-4903039.524538527,536789.7422112693,-4032579.9673992544
-4928924.242217988,183427.42708237632,-4032579.9673992544
-4929030.121831096,180559.86434410475,-4032579.9673992544
-4929043.239482426,180201.414652649,-4032579.9673992544
-4902747.995943514,536757.8253648762,-4032938.6463448005
-4902417.396660985,537082.4208970899,-4033297.30395356
-4902125.818533418,537050.4771693402,-4033655.9402408446
-4901873.254602624,536662.0577952844,-4034014.555196152
-4901581.622311188,536630.1295961016,-4034373.148808982
-4901289.964090756,536598.1985581861,-4034731.721094643
-4900162.072304584,536114.0975785798,-4036165.796833073
-4899870.282181945,536082.1735736239,-4036524.2624028423
-4899033.721407245,535630.1181497838,-4037599.531038899
-4921256.591850785,262039.27972666387,-4037599.531038899
-4898196.887613413,535178.1618427061,-4038674.6074994626
-4920262.069082388,264139.33120260545,-4038674.6074994626
-4897904.911482586,535146.2604609154,-4039032.92360801
-4897612.909449204,535114.3562490054,-4039391.218356142
-4919636.99527719,264823.37466188753,-4039391.218356142
-4897320.881521821,535082.4492079106,-4039749.4917333676
-4896483.534722209,534630.630159555,-4040824.1836894494
-4896191.400878822,534598.7330440694,-4041182.371607095
-4895938.102996168,534210.7918196484,-4041540.53815296
-4895392.532533502,533791.0244303549,-4042256.807113177
-4895100.2904876135,533759.1585115303,-4042614.909532337
-4894808.022561016,533727.2897706866,-4042972.9905635477
-4894515.728741229,533695.4182064633,-4043331.0502221
-4894262.20520641,533307.6244104278,-4043689.088497507
-4893462.584643095,532500.3284845287,-4044763.074997347
-4892447.3627438545,530949.8912880202,-4046194.757512537
-4891977.956046485,529819.1409810635,-4046910.4703965634
-4891723.868763841,529431.7163308827,-4047268.294727822
-4891469.725118994,529044.3287249097,-4047626.0976637066
-4891215.525142821,528656.978001355,-4047983.8791937307
-4890706.956188087,527882.3875765215,-4048699.378020053
-4890236.481379272,526752.3184533867,-4049414.791200237
-4890020.237054276,526009.5602551263,-4049772.465672591
-4889765.642835593,525622.4686208523,-4050130.1187277352
-4910612.414782338,268277.3437322549,-4050130.1187277352
-4910434.8902222635,266118.71995475714,-4050487.750355199
-4910531.329105527,264333.2179193394,-4050487.750355199
-4909906.660976129,270387.5833849195,-4050845.3605702487
-4909926.311129901,270030.5242390607,-4050845.3605702487
-4910121.384546405,266459.85394912225,-4050845.3605702487
-4909710.49313261,268586.1811426532,-4051202.9493624177
-4909730.012289935,268229.1361815934,-4051202.9493624177
-4909768.972704525,267515.04209146317,-4051202.9493624177
-4909788.41396626,267157.99288048083,-4051202.9493624177
-4888708.578380023,524429.990579431,-4051560.5167212333
-4909455.31821779,267856.03926108015,-4051560.5167212333
-4888236.895515121,523300.6964616168,-4052275.5871741357
-4887981.907343219,522913.86414792016,-4052633.090247283
-4908533.597655648,268521.79896325525,-4052633.090247283
-4887433.778169781,522495.7364229824,-4053348.032111832
-4887178.649349429,522108.99693648005,-4053705.470882298
-4886923.464284871,521722.2944750031,-4054062.888223332
-4886668.222979417,521335.6291327827,-4054420.284124465
-4886195.415114887,520207.07711442234,-4055135.0115908994
-4885722.24407781,519078.7452322184,-4055849.653275062
-4885466.665431375,518692.30286253605,-4056206.9419483515
-4885105.789563318,516498.5317476542,-4056921.454930755
-4884849.929964668,516112.2752569037,-4057278.679244665
-4884706.41191582,514660.3906164611,-4057635.882101667
-4884743.8261532,514305.16343821434,-4057635.882101667
-4884818.577146858,513594.7007533916,-4057635.882101667
-4884930.509877766,512528.98644502636,-4057635.882101667
-4884967.769114493,512173.7429755544,-4057635.882101667
-4885005.002526025,511818.49671219545,-4057635.882101667
-4884971.411279774,509301.09722615225,-4057993.063491302
-4904092.443719525,263271.28109283966,-4058350.223428826
-4884532.255513976,507819.0576097318,-4058707.361903777
-4903816.855068361,262898.84437847213,-4058707.361903777
-4884275.581900391,507433.3415707014,-4059064.4789056983
-4884018.852182354,507047.66286668874,-4059421.574449838
-4884055.712808455,506692.48570932075,-4059421.574449838
-4884202.897044324,505271.75004648435,-4059421.574449838
-4884239.628530748,504916.55942444905,-4059421.574449838
-4884384.707632265,500623.9634921765,-4059778.648525737
-4884421.101112874,500268.7597460395,-4059778.648525737
-4884236.408132963,499173.11419517506,-4060135.7011229447
-4884272.696113949,498817.9211522686,-4060135.7011229447
-4884308.95826447,498462.72547136474,-4060135.7011229447
-4884381.405064663,497752.32628832845,-4060135.7011229447
-4884417.5897226455,497397.12270470586,-4060135.7011229447
-4884453.748540721,497041.91657584655,-4060135.7011229447
-4884268.306149024,495946.4536002192,-4060492.732256705
-4884082.592437172,494851.0925807821,-4060849.74191656
-4902105.200930528,261734.54603103927,-4060849.74191656
-4902124.221842959,261378.0541605969,-4060849.74191656
-4883380.626506835,492986.1606036992,-4061920.642025264
-4883194.146404728,491891.15383878903,-4062277.5657620616
-4882455.094031378,490382.0904600628,-4063348.2080819844
-4900172.858902327,259129.87622798135,-4063348.2080819844
-4882445.5146777,487512.14987058635,-4063705.0458826562
-4899915.398046882,258401.61000059752,-4063705.0458826562
-4899934.1765871355,258045.277385936,-4063705.0458826562
-4899695.228357829,256960.79366409022,-4064061.8621924343
-4899713.902115057,256604.47714995127,-4064061.8621924343
-4899732.549964644,256248.159193245,-4064061.8621924343
-4899751.1719020065,255891.83988136877,-4064061.8621924343
-4899769.767922587,255535.5193017277,-4064061.8621924343
-4900009.158164726,250903.22870537365,-4064061.8621924343
-4900045.598731148,250190.54863935945,-4064061.8621924343
-4900063.780145777,249834.2065779505,-4064061.8621924343
-4899493.178155969,255163.82546584363,-4064418.6570008714
-4899567.19501687,253738.6098680124,-4064418.6570008714
-4899640.797291823,252313.37288535674,-4064418.6570008714
-4899677.442963682,251600.74629482976,-4064418.6570008714
-4899786.75808107,249462.8348204144,-4064418.6570008714
-4881704.801703604,486004.04325968906,-4064775.4303232078
-4899509.681994025,249091.5034431894,-4064775.4303232078
-4881257.609959629,484525.5904622957,-4065488.9124677707
-4880032.206330884,481895.4017867408,-4067272.2415533145
-4879478.484541661,481482.419395301,-4067985.4226273065
-4878994.5424015485,480359.89394569513,-4068698.5176471835
-4878180.8463778,479563.41186758655,-4069767.9987968216
-4877661.400407579,478796.0732196211,-4070480.878623981
-4877401.593735545,478412.46052464965,-4070837.286239861
-4877141.731256641,478028.885705514,-4071193.672335684
-4893344.318732507,253773.1495864725,-4071906.3799254103
-4876327.116686229,477233.00562796363,-4072262.7014240944
-4893011.626483049,254469.47497064277,-4072262.7014240944
-4876067.058980552,476849.5631426369,-4072619.00138663
-4875806.945523567,476466.15840081195,-4072975.2798025818
-4875841.582230289,476111.5784258142,-4072975.2798025818
-4875321.132261418,475344.9203882279,-4073687.7720299526
-4875095.350953617,474607.1224815613,-4074043.985820502
-4891495.533311788,255103.9968142964,-4074043.985820502
-4874087.83777433,472720.03548590763,-4075468.6255338243
-4890293.283273056,255397.89714065695,-4075468.6255338243
-4873566.496117901,471953.98353886325,-4076180.816075126
-4873579.265890777,468735.7604285695,-4076536.879015688
-4872761.983613292,467941.8947135153,-4077604.938468779
-4872534.80061243,467204.87071890093,-4077960.9151630327
-4871784.747011864,465702.81747087755,-4079028.715832022
-4871557.12297728,464966.0546005585,-4079384.606241303
-4886683.94965192,256278.42703779382,-4079740.4750853144
-4871101.4638497075,463492.7498867663,-4080096.322353633
-4871135.1571159065,463138.51213838876,-4080096.322353633
-4871168.824621117,462784.2719407042,-4080096.322353633
-4870940.682462779,462047.76324402157,-4080452.148035832
-4870974.270647,461693.5371918182,-4080452.148035832
-4871007.8330630325,461339.30878296186,-4080452.148035832
-4871041.36972681,460985.0778493021,-4080452.148035832
-4871074.8806300955,460630.84447772143,-4080452.148035832
-4886165.670706321,254826.0308540157,-4080452.148035832
-4870684.487403006,458449.77361599146,-4081163.7346770545
-4870751.114699614,457741.3564550471,-4081163.7346770545
-4885295.061233842,254424.39269259,-4081519.495615235
-4869999.415537512,453026.4304136079,-4082586.6489287154
-4869736.715010055,452644.793697791,-4082942.3235237314
-4869473.958986458,452263.19510926085,-4083297.9765261216
-4869506.835620627,451909.07574607775,-4083297.9765261216
-4869307.896737805,447605.08956710726,-4084009.217736963
-4869567.478763712,444772.1655031346,-4084009.217736963
-4869599.810634544,444418.03935881116,-4084009.217736963
-4869689.9796115905,440141.6071970152,-4084364.8059501853
-4869353.501891503,437255.3274017188,-4085075.9175657644
-4869152.877099631,436166.482598715,-4085431.440972893
-4868687.647696089,434697.2376991457,-4086142.422959367
-4881346.725735909,255998.5203845221,-4086142.422959367
-4868454.828337188,433962.7271793895,-4086497.881543479
-4867755.551892162,431759.64342352905,-4087564.127611189
-4867490.829091981,431379.40659535653,-4087919.4997297707
-4866758.85312738,429531.0904566203,-4088985.486381361
-4866493.853874096,429151.0462402094,-4089340.7720214003
-4866228.799340942,428771.04065532965,-4089696.036034971
-4865963.6895556105,428391.0735407832,-4090051.278411669
-4865698.52450199,428011.14498828835,-4090406.499166674
-4877520.957119635,260777.6532484842,-4090406.499166674
-4865199.086369939,426897.5975280854,-4091116.8757699723
-4865230.11836951,426543.78919442504,-4091116.8757699723
-4876907.853643136,261100.54742194005,-4091116.8757699723
-4864995.710987318,425810.2235990682,-4091472.031623033
-4864761.167408571,425076.73305046593,-4091827.1658383543
-4864526.487665911,424343.31749229657,-4092182.2784055425
-4875700.295524094,261391.48567594503,-4092537.369339758
-4863760.181857676,422850.93063527904,-4093247.486267677
-4863259.15370465,421738.3739411273,-4093957.516615607
-4862696.539751726,421333.30206053954,-4094667.4603514946
-4862399.865784991,421307.5964420585,-4095022.399742684
-4873600.313613553,261634.34169000897,-4095022.399742684
-4873619.32731429,261279.92275389584,-4095022.399742684
-4862133.789732538,420928.305418936,-4095377.317468838
-4861867.658517475,420549.05301354243,-4095732.2135451203
-4861601.472145199,420169.8393193797,-4096087.0879611387
-4861335.230621139,419790.6644299283,-4096441.940706495
-4872296.031038872,263696.43976294936,-4096441.940706495
-4861099.421566909,419058.02013669146,-4096796.7717963485
-4860833.042181443,418678.94207983324,-4097151.5812203013
-4860566.607678549,418299.9026860693,-4097506.368967967
-4860300.118042304,417920.9020470329,-4097861.1350545003
-4860063.924936206,417188.5075090869,-4098215.879469506
-4870769.984470096,264324.3531140456,-4098215.879469506
-4870827.535182094,263261.7096653191,-4098215.879469506
-4870529.9259992475,263245.62428727554,-4098570.6022025985
-4859500.318432436,416784.13282756886,-4098925.3032689216
-4859530.614975288,416430.7389466836,-4098925.3032689216
-4870232.291051479,263229.53751667246,-4098925.3032689216
-4859233.608340406,416405.2873748682,-4099279.9826580933
-4869857.858621189,264630.04478724714,-4099279.9826580933
-4858936.576014608,416379.83360150544,-4099634.640359726
-4858966.843164746,416026.4806333839,-4099634.640359726
-4858669.783284926,416001.0462601255,-4099989.2763889628
-4858700.022889575,415647.7126947176,-4099989.2763889628
-4858372.697710047,415975.609686847,-4100343.8907354185
-4858402.935465681,415622.2977261807,-4100343.8907354185
-4858433.147520415,415268.98365229607,-4100343.8907354185
-4858463.33388859,414915.66729746584,-4100343.8907354185
-4858166.217084542,414890.2933451388,-4100698.4833887094
-4858196.375914285,414536.99640304263,-4100698.4833887094
-4857692.372803582,413426.51090729714,-4101407.603650841
-4857395.171556734,413401.2168242033,-4101762.131238916
-4867811.966454723,263808.7905559715,-4101762.131238916
-4857097.944614433,413375.9205542315,-4102116.63714334
-4867514.102102456,263792.6479368517,-4102116.63714334
-4856830.738843473,412997.42454865796,-4102471.121353732
-4856563.478039659,412618.9673264283,-4102825.583859715
-4866918.29618115,263760.3585138853,-4102825.583859715
-4856296.1621871665,412240.5489791097,-4103180.024676422
-4866283.978131973,264435.83867664135,-4103534.443793477
-4866303.195582683,264081.951792093,-4103534.443793477
-4855731.42858943,411836.94889958145,-4103888.8412004947
-4865928.184226223,265481.2329015837,-4103888.8412004947
-4855196.466704472,411080.3455560821,-4104597.570919456
-4865409.142778478,264033.4338103622,-4104597.570919456
-4854928.903235001,410702.10233296454,-4104951.903210643
-4854631.432319929,410676.93781817186,-4105306.2138013104
-4854363.786336972,410298.75289201364,-4105660.5026810765
-4854066.262253667,410273.60567072814,-4106014.7698395657
-4853798.533769929,409895.4791448654,-4106369.015291914
-4853530.750285603,409517.39164724876,-4106723.2390277404
-4853262.911827795,409139.3430170504,-4107077.441036676
-4852965.279582848,409114.25204972166,-4107431.6213338436
-4862888.898366914,266379.5003498977,-4107431.6213338436
-4852667.621673012,409089.1589187938,-4107785.7799088685
-4851804.225477824,408661.03443904035,-4108848.1252738894
-4851506.463106638,408635.95430946985,-4109202.1969331354
-4851208.675071133,408610.8720182278,-4109556.2468693717
-4850642.720583642,408207.9533968532,-4110264.2815313553
-4850076.630541672,407805.11053839664,-4110972.2292533554
-4849808.352385743,407427.37380826334,-4111326.170495498
-4849540.019278816,407049.6761856465,-4111680.090003402
-4849242.044399237,407024.6654469451,-4112033.9877667
-4848944.043881611,406999.6525562955,-4112387.863775024
-4848377.547296374,406597.03739900666,-4113095.550561735
-4857521.708419853,271400.44968815707,-4113449.3613193952
-4847512.782880389,406169.51790423214,-4114156.9175879364
-4856765.614823216,274192.66973097535,-4114156.9175879364
-4856785.541835928,273839.47501559753,-4114156.9175879364
-4856805.443158768,273486.27893678466,-4114156.9175879364
-4856864.993025225,272426.6818603015,-4114156.9175879364
-4856426.959093536,274882.1463939788,-4114510.6630780944
-4855251.775871794,274461.4154424573,-4115925.427449714
-4845752.964171348,405667.19908698625,-4116279.06413177
-4845454.6505787745,405642.22545740934,-4116632.6790364096
-4854614.076395586,275133.7041355406,-4116632.6790364096
-4845156.311353871,405617.2496819953,-4116986.2721787365
-4854234.939616826,276528.81530692807,-4116986.2721787365
-4854295.1533229165,275469.7789549115,-4116986.2721787365
-4844857.946505372,405592.27176147583,-4117339.8435483947
-4844559.556042016,405567.29169658205,-4117693.3931350308
-4844261.139951063,405542.3094862477,-4118046.920953741
-4843962.698241252,405517.32513120427,-4118400.426994171
-4843664.230921318,405492.3386321829,-4118753.911245974
-4843365.73797852,405467.34998811723,-4119107.37372424
-4843395.211591566,405115.1293922344,-4119107.37372424
-4843096.691218048,405090.1603128055,-4119460.814418622
-4842798.1452389965,405065.189091658,-4119814.233318764
-4842827.589607575,404713.00977335277,-4119814.233318764
-4842974.427264056,402952.0812832634,-4119814.233318764
-4842499.573641659,405040.2157277255,-4120167.630439761
-4842529.016194913,404688.05812222726,-4120167.630439761
-4842646.530295261,403279.40648597217,-4120167.630439761
-4842230.417172546,404663.1043309098,-4120521.005771269
-4841931.792549226,404638.1484001318,-4120874.3593029315
-4841603.705205853,404965.282784731,-4121227.6910498454
-4841633.142312199,404613.1903288272,-4121227.6910498454
-4850300.839242937,282320.89430861844,-4121227.6910498454
-4841305.031179812,404940.30085337505,-4121581.0010016565
-4850022.145564075,281950.7753495947,-4121581.0010016565
-4841006.331557714,404915.3167810933,-4121934.2891480187
-4840707.606326798,404890.3305668183,-4122287.5555040273
-4849444.133687465,281563.3214409372,-4122287.5555040273
-4840408.855495816,404865.3422112821,-4122640.800059329
-4849144.843669856,281545.94437892566,-4122640.800059329
-4839781.825243484,405167.3190431343,-4123347.2237518695
-4839482.999440244,405142.302533314,-4123700.4028938455
-4839184.148050582,405117.2838814999,-4124053.5602191733
-4847926.94482387,281828.97312777315,-4124053.5602191733
-4838615.81301134,404715.3671201795,-4124759.8094547745
-4847266.4919608515,282851.6753002255,-4124759.8094547745
-4838316.883031305,404690.3637801153,-4125112.9013443682
-4838017.927456677,404665.35829924763,-4125465.9714267845
-4837718.946296204,404640.3506783082,-4125819.0196916885
-4837419.939558643,404615.3409180297,-4126172.0461287415
-4846027.300274821,283486.59710274375,-4126172.0461287415
-4837120.9072312275,404590.32901734416,-4126525.050753017
-4836821.849322711,404565.31497698365,-4126878.0335541787
-4836522.765841859,404540.2987976815,-4127230.994521884
-4836223.656775891,404515.28047836863,-4127583.9336712137
-4835924.522133567,404490.2600197778,-4127936.850991831
-4835625.361923655,404465.2374226423,-4128289.746473396
-4835326.17613337,404440.2126858928,-4128642.6201309836
-4835026.96477148,404415.18581026286,-4128995.471954254
-4834727.727846746,404390.15679648495,-4129348.301932879
-4843432.999328088,281567.72248212947,-4129348.301932879
-4843453.462700159,281215.4974070178,-4129348.301932879
-4834428.465346387,404365.12564349023,-4129701.1100819283
-4843092.196925047,282254.6961023404,-4129701.1100819283
-4834129.177279168,404340.09235201176,-4130053.8963910635
-4842771.834834384,282589.3993762114,-4130053.8963910635
-4833829.863653853,404315.05692278274,-4130406.6608499573
-4833530.524457665,404290.0193547343,-4130759.403473671
-4842172.111716425,282554.4038402919,-4130759.403473671
-4833231.159699364,404264.9796485991,-4131112.124251878
-4841872.211741336,282536.90383064374,-4131112.124251878
-4832931.769387718,404239.9378051107,-4131464.8231742484
-4841572.2861672165,282519.40232721996,-4131464.8231742484
-4832632.353509945,404214.8938231998,-4131817.5002558427
-4841272.334981262,282501.8993292733,-4131817.5002558427
-4832303.505779401,404541.2638287429,-4132170.1554863327
-4832332.912074808,404189.84770359955,-4132170.1554863327
-4841013.392677328,281780.30099138914,-4132170.1554863327
-4841033.871519853,281428.2517899568,-4132170.1554863327
-4841054.324755676,281076.20118468354,-4132170.1554863327
-4832004.040618029,404516.19379439816,-4132522.7888553906
-4831704.549895431,404491.121620169,-4132875.4003780773
-4831405.033620377,404466.0473067898,-4133227.9900440658
-4831105.49180164,404440.9708549948,-4133580.557843031
-4830805.92442643,404415.8922637133,-4133933.103790028
-4829995.167528289,403286.9117827557,-4134990.6104413467
-4829636.789360234,403964.3364548462,-4135343.06892799
-4829666.153707346,403613.11426033644,-4135343.06892799
-4829695.49250574,403261.890015613,-4135343.06892799
-4829754.093490964,402559.4349614848,-4135343.06892799
-4829307.7043809155,404290.46722987987,-4135695.505536424
-4828978.571971151,404616.5500531051,-4136047.9202817017
-4837547.290675161,284402.5520539815,-4136047.9202817017
-4828678.827620947,404591.4346952567,-4136400.3131535063
-4828349.6240789,404917.4457900527,-4136752.684141512
-4805614.312906499,616501.4349996088,-4137105.033260774
-4828020.373116747,405243.40900008305,-4137105.033260774
-4828049.83048492,404892.3043513025,-4137105.033260774
-4805046.446796169,618559.8064600619,-4137457.3605009643
-4805807.484605836,612618.9769693079,-4137457.3605009643
-4827720.555818928,405218.24361666385,-4137457.3605009643
-4804658.001125413,619220.2042934478,-4137809.6658517686
-4805553.538201441,612231.4600404688,-4137809.6658517686
-4806218.519899483,606989.0511029786,-4137809.6658517686
-4806306.752049761,606290.0084815456,-4137809.6658517686
-4806350.829987227,605940.4824442469,-4137809.6658517686
-4806394.8825169,605590.953118546,-4137809.6658517686
-4806438.909627964,605241.4205901809,-4137809.6658517686
-4806482.91130963,604891.8849448862,-4137809.6658517686
-4827391.233764749,405544.1349038628,-4137809.6658517686
-4835753.68456549,289237.7419960136,-4137809.6658517686
-4835774.705742381,288886.07527165994,-4137809.6658517686
-4835837.615823682,287831.0660238029,-4137809.6658517686
-4804134.088310807,620928.6131770741,-4138161.949328238
-4806360.08520706,603456.2224886719,-4138161.949328238
-4827091.367236926,405518.94342761324,-4138161.949328238
-4827647.072465747,398848.8746941821,-4138161.949328238
-4835662.346506306,285703.2581421365,-4138161.949328238
-4803790.457414949,621239.3799992607,-4138514.2109200493
-4806236.805180972,602020.679492483,-4138514.2109200493
-4806280.572644309,601671.1585531505,-4138514.2109200493
-4806629.797346596,598874.8761407646,-4138514.2109200493
-4806673.336039654,598525.3266305602,-4138514.2109200493
-4806716.849323084,598175.773871163,-4138514.2109200493
-4806760.3371862015,597826.2179483167,-4138514.2109200493
-4806803.799618351,597476.6589477618,-4138514.2109200493
-4826791.475181048,405493.74980677816,-4138514.2109200493
-4803446.781330688,621550.0968399978,-4138866.4506168887
-4806548.558320465,597089.9936068478,-4138866.4506168887
-4806591.967223852,596740.4499253385,-4138866.4506168887
-4806635.350697181,596390.9031718596,-4138866.4506168887
-4826491.557605894,405468.5540420953,-4138866.4506168887
-4803057.824366751,622210.0535016004,-4139218.668433798
-4806423.32687738,595654.7806725979,-4139218.668433798
-4806596.392470119,594256.6236756503,-4139218.668433798
-4806639.595324888,593907.0765230354,-4139218.668433798
-4806682.772759754,593557.5262295464,-4139218.668433798
-4826191.614498658,405443.35613248864,-4139218.668433798
-4805515.692506542,600510.6060773385,-4139570.864360459
-4805602.982412548,599811.6657465365,-4139570.864360459
-4805646.589233572,599462.1909059321,-4139570.864360459
-4806384.016687903,593520.6340684993,-4139570.864360459
-4806427.166010202,593171.1024461219,-4139570.864360459
-4803806.590370599,611653.887871353,-4139923.038386565
-4805434.985593424,598726.0103510406,-4139923.038386565
-4806171.503077804,592784.7157602751,-4139923.038386565
-4801935.638665703,623840.0987573474,-4140275.1905271513
-4805136.219113778,598688.7859867696,-4140275.1905271513
-4825262.140114466,405718.6536053459,-4140275.1905271513
-4803164.746592023,611927.1260312563,-4140627.320771904
-4805141.550837134,596205.5575854585,-4140627.320771904
-4805184.895426235,595856.1162267698,-4140627.320771904
-4805228.214603126,595506.6717168973,-4140627.320771904
-4805874.952584406,590264.6276028403,-4140627.320771904
-4824962.096757411,405693.42529995803,-4140627.320771904
-4804582.129678369,598264.9303267265,-4140979.429110514
-4804799.347335163,596517.8953989265,-4140979.429110514
-4804842.714628613,596168.4790090121,-4140979.429110514
-4804886.056522073,595819.0593824054,-4140979.429110514
-4804929.373004904,595469.6366048111,-4140979.429110514
-4804972.664066492,595120.2107619365,-4140979.429110514
-4805015.929727384,594770.7816879113,-4140979.429110514
-4805059.169976961,594421.3494684419,-4140979.429110514
-4805102.384804626,594071.9141892388,-4140979.429110514
-4805145.574230892,593722.4756844242,-4140979.429110514
-4805188.738245157,593373.0340397118,-4140979.429110514
-4805231.876836841,593023.5893408118,-4140979.429110514
-4805704.724156132,589179.4903991491,-4140979.429110514
-4805747.557783402,588830.0081877917,-4140979.429110514
-4824632.514107191,406019.0531284153,-4140979.429110514
-4802656.233978679,611152.4985400101,-4141331.5155580128
-4802700.665535998,610803.2379629745,-4141331.5155580128
-4802745.07170491,610453.974071888,-4141331.5155580128
-4803055.203672367,608009.0367106054,-4141331.5155580128
-4803099.406629672,607659.7471279938,-4141331.5155580128
-4803143.584196408,607310.4542479467,-4141331.5155580128
-4803187.736361731,606961.1581561354,-4141331.5155580128
-4803231.863114818,606611.8589382471,-4141331.5155580128
-4803275.964476619,606262.5564284604,-4141331.5155580128
-4803320.040436305,605913.2507124578,-4141331.5155580128
-4803364.090983075,605563.9418759182,-4141331.5155580128
-4803408.116137841,605214.6297530198,-4141331.5155580128
-4803452.115889793,604865.3144294474,-4141331.5155580128
-4803496.09022815,604515.9959908823,-4141331.5155580128
-4803540.039173785,604166.674271496,-4141331.5155580128
-4803583.962715909,603817.3493569801,-4141331.5155580128
-4803627.860843759,603468.0213330138,-4141331.5155580128
-4803671.733578172,603118.6900337725,-4141331.5155580128
-4803715.580908377,602769.3555449395,-4141331.5155580128
-4804326.775907738,597878.3392479785,-4141331.5155580128
-4804370.242147119,597528.9571369762,-4141331.5155580128
-4804413.682968175,597179.5719497954,-4141331.5155580128
-4804457.09839153,596830.1835205782,-4141331.5155580128
-4804500.488406524,596480.7919350261,-4141331.5155580128
-4804543.853002525,596131.3972788409,-4141331.5155580128
-4804932.991004831,592986.7032230459,-4141331.5155580128
-4804976.10151277,592637.2770397688,-4141331.5155580128
-4805019.186609603,592287.8477223286,-4141331.5155580128
-4805491.445435686,588443.9192398903,-4141331.5155580128
-4805534.225581548,588094.45245667,-4141331.5155580128
-4824332.42155389,405993.7987087293,-4141331.5155580128
-4832323.1449121805,296086.6450754156,-4141331.5155580128
-4802401.89316439,610765.2403560653,-4141683.5801040954
-4802446.296570829,610415.998192421,-4141683.5801040954
-4802712.1836277675,608320.4776509831,-4141683.5801040954
-4802756.409245211,607971.2129288402,-4141683.5801040954
-4802800.6094526835,607621.9450752691,-4141683.5801040954
-4802844.784271166,607272.6739244675,-4141683.5801040954
-4802888.933689816,606923.3995621015,-4141683.5801040954
-4802933.057697812,606574.1220738532,-4141683.5801040954
-4802977.156316101,606224.8412939111,-4141683.5801040954
-4803021.229533854,605875.5573079525,-4141683.5801040954
-4803065.277340273,605526.2702016511,-4141683.5801040954
-4803109.299756267,605176.9798091954,-4141683.5801040954
-4803153.296771028,604827.6862162647,-4141683.5801040954
-4803197.268373774,604478.3895085352,-4141683.5801040954
-4803241.214585379,604129.0895201886,-4141683.5801040954
-4803285.135395053,603779.786336911,-4141683.5801040954
-4803329.030792033,603430.4800443766,-4141683.5801040954
-4803372.900797157,603081.170476771,-4141683.5801040954
-4803416.745399653,602731.8577197719,-4141683.5801040954
-4804071.365912414,597491.7853130252,-4141683.5801040954
-4804114.804031051,597142.4218608324,-4141683.5801040954
-4804677.187588013,592600.4095235326,-4141683.5801040954
-4804720.270004556,592251.0019438256,-4141683.5801040954
-4804763.327001016,591901.5913158611,-4141683.5801040954
-4804806.358597833,591552.1774737688,-4141683.5801040954
-4805235.276936317,588057.8675461111,-4141683.5801040954
-4805278.028998125,587708.4194768771,-4141683.5801040954
-4802413.366560066,608282.6289241795,-4142035.6227384503
-4802457.589425863,607933.3859327289,-4142035.6227384503
-4802501.7868832685,607584.1398100448,-4142035.6227384503
-4802545.958953265,607234.8903903352,-4142035.6227384503
-4802590.105625009,606885.6377592613,-4142035.6227384503
-4802634.226887679,606536.3820024993,-4142035.6227384503
-4802678.322762222,606187.1229542486,-4142035.6227384503
-4802722.3932378115,605837.8607001808,-4142035.6227384503
-4802766.438303646,605488.5953259643,-4142035.6227384503
-4802810.457980636,605139.326665798,-4142035.6227384503
-4802854.452257973,604790.0548053557,-4142035.6227384503
-4802898.4211248765,604440.7798303085,-4142035.6227384503
-4802942.364602217,604091.5015748482,-4142035.6227384503
-4802986.2826792095,603742.2201246559,-4142035.6227384503
-4803074.04262069,603043.6477312768,-4142035.6227384503
-4803117.884495245,602694.3567079586,-4142035.6227384503
-4803161.70095801,602345.062581121,-4142035.6227384503
-4804464.382314456,591864.7641458949,-4142035.6227384503
-4804507.411233915,591515.3720437728,-4142035.6227384503
-4804550.414744749,591165.9768134187,-4142035.6227384503
-4804936.302885787,588021.279526488,-4142035.6227384503
-4823702.626136648,406294.0740007252,-4142035.6227384503
-4802114.524087646,608244.776979567,-4142387.6434761095
-4802158.744201562,607895.555720656,-4142387.6434761095
-4802202.938908667,607546.3313307064,-4142387.6434761095
-4802247.1082299445,607197.1036439367,-4142387.6434761095
-4802291.252154549,606847.8727460022,-4142387.6434761095
-4802335.37067166,606498.6387225742,-4142387.6434761095
-4802379.463802224,606149.4014078623,-4142387.6434761095
-4802423.531535415,605800.160887533,-4142387.6434761095
-4802467.573860433,605450.9172472489,-4142387.6434761095
-4802511.590798185,605101.6703212196,-4142387.6434761095
-4802555.582337866,604752.4201951135,-4142387.6434761095
-4802599.548468694,604403.1669545962,-4142387.6434761095
-4802643.48921154,604053.91043387,-4142387.6434761095
-4802687.404555617,603704.6507186105,-4142387.6434761095
-4802731.294490162,603355.387894481,-4142387.6434761095
-4802775.1590360105,603006.1217956879,-4142387.6434761095
-4802818.998182393,602656.8525078984,-4142387.6434761095
-4802862.811918566,602307.5801167823,-4142387.6434761095
-4804208.438454202,591478.5634846666,-4142387.6434761095
-4804251.439289032,591129.1899963256,-4142387.6434761095
-4804294.414706278,590779.8134656537,-4142387.6434761095
-4804680.050158845,587635.2838130522,-4142387.6434761095
-4831356.523760031,297085.4279459578,-4142387.6434761095
-4801904.065537629,607508.5196383608,-4142739.6423067665
-4801948.232109951,607159.3136863776,-4142739.6423067665
-4801992.373287182,606810.1045234295,-4142739.6423067665
-4802036.489058502,606460.8922351826,-4142739.6423067665
-4802080.5794448545,606111.6766558565,-4142739.6423067665
-4802124.644435414,605762.4578711124,-4142739.6423067665
-4802168.684019382,605413.2359666079,-4142739.6423067665
-4802212.698217665,605064.0107765625,-4142739.6423067665
-4802256.687019455,604714.7823866395,-4142739.6423067665
-4802300.650413976,604365.5508824991,-4142739.6423067665
-4802344.5884220945,604016.3160983541,-4142739.6423067665
-4802388.501033024,603667.0781198746,-4142739.6423067665
-4802432.388236004,603317.8370327185,-4142739.6423067665
-4802476.250051865,602968.5926711026,-4142739.6423067665
-4802520.086469843,602619.3451206887,-4142739.6423067665
-4802563.897479193,602270.0944671415,-4142739.6423067665
-4802607.6831007125,601920.8405446734,-4142739.6423067665
-4803909.440267445,591441.7517975274,-4142739.6423067665
-4803952.438426043,591092.4000530472,-4142739.6423067665
-4803995.41116864,590743.0452664255,-4142739.6423067665
-4804038.358515634,590393.6872718162,-4142739.6423067665
-4804081.280456482,590044.3261549092,-4142739.6423067665
-4804124.176980666,589694.9620014034,-4142739.6423067665
-4804167.048108548,589345.5946454486,-4142739.6423067665
-4804209.893829604,588996.2241727432,-4142739.6423067665
-4804252.7141333325,588646.8506689819,-4142739.6423067665
-4804295.509040061,588297.4739683102,-4142739.6423067665
-4804551.744894439,586201.1486612735,-4142739.6423067665
-4804594.361943895,585851.7502209387,-4142739.6423067665
-4804636.953574046,585502.3487661842,-4142739.6423067665
-4801649.330602049,607121.5205187661,-4143091.619220106
-4801693.469031674,606772.3330926507,-4143091.619220106
-4801737.5820569685,606423.1425414311,-4143091.619220106
-4801781.669698875,606073.9486993371,-4143091.619220106
-4801825.731946571,605724.7516520246,-4143091.619220106
-4801869.768789256,605375.5514851459,-4143091.619220106
-4801913.780247835,605026.3480329307,-4143091.619220106
-4801957.766311505,604677.1413810374,-4143091.619220106
-4802001.726969485,604327.9316151204,-4143091.619220106
-4802045.662242644,603978.7185694028,-4143091.619220106
-4802089.572120193,603629.5023295496,-4143091.619220106
-4802133.456591376,603280.2829812133,-4143091.619220106
-4802177.315677021,602931.0603586212,-4143091.619220106
-4802221.149366362,602581.8345474295,-4143091.619220106
-4802264.957648657,602232.6056332977,-4143091.619220106
-4802308.740544701,601883.3734504483,-4143091.619220106
-4803653.412164549,591055.6069846621,-4143091.619220106
-4803696.382232269,590706.2739439376,-4143091.619220106
-4803739.326905969,590356.9376954252,-4143091.619220106
-4803782.246175103,590007.5983248095,-4143091.619220106
-4803825.140029154,589658.2559177838,-4143091.619220106
-4803868.008488485,589308.9103085087,-4143091.619220106
-4803910.851542571,588959.5615826767,-4143091.619220106
-4803953.669180912,588610.2098259777,-4143091.619220106
-4804210.041524587,586514.0336449383,-4143091.619220106
-4804252.681328585,586164.6600531505,-4143091.619220106
-4804295.295725305,585815.28336143,-4143091.619220106
-4804337.884704301,585465.9036554777,-4143091.619220106
-4822772.49408884,406568.94250327867,-4143091.619220106
-4799518.981136012,621396.7306621238,-4143443.574231168
-4801394.5393752465,606734.5584520515,-4143443.574231168
-4801438.649654282,606385.3896397062,-4143443.574231168
-4801482.734551512,606036.2175366916,-4143443.574231168
-4801526.794056109,605687.0422286579,-4143443.574231168
-4801570.828157279,605337.8638012523,-4143443.574231168
-4801614.836875923,604988.6820887148,-4143443.574231168
-4801658.820201239,604639.4971766982,-4143443.574231168
-4801702.778122446,604290.3091508518,-4143443.574231168
-4801746.710660411,603941.1178454092,-4143443.574231168
-4801790.61780435,603591.9233460296,-4143443.574231168
-4801834.499543502,603242.7257383607,-4143443.574231168
-4801878.355898697,602893.5248566396,-4143443.574231168
-4801922.18685917,602544.3207865173,-4143443.574231168
-4801965.992414178,602195.1136136483,-4143443.574231168
-4802009.772584517,601845.9031722652,-4143443.574231168
-4802053.527359437,601496.6895480192,-4143443.574231168
-4802402.651264678,598702.8664441484,-4143443.574231168
-4802446.17747046,598353.6242572673,-4143443.574231168
-4802489.67826808,598004.3789898151,-4143443.574231168
-4802533.153678187,597655.1304759983,-4143443.574231168
-4803354.360491768,591018.8107895979,-4143443.574231168
-4803397.327884385,590669.4994966184,-4143443.574231168
-4803440.269884561,590320.1849960509,-4143443.574231168
-4803483.186481754,589970.8673735744,-4143443.574231168
-4803996.204092032,585778.8134029635,-4143443.574231168
-4804038.79041965,585429.4554476613,-4143443.574231168
-4804081.351351343,585080.0943124741,-4143443.574231168
-4822472.2521567,406543.63153432985,-4143443.574231168
-4830432.77033549,297381.23416154785,-4143443.574231168
-4799220.14286758,621358.0398842084,-4143795.507329643
-4801139.691859202,606347.633531114,-4143795.507329643
-4801183.77401152,605998.4831690252,-4143795.507329643
-4801227.830772787,605649.3296021171,-4143795.507329643
-4801271.862132208,605300.1729160311,-4143795.507329643
-4801315.868110685,604951.0129450179,-4143795.507329643
-4801359.848697413,604601.8497747248,-4143795.507329643
-4801403.8038816145,604252.6834907958,-4143795.507329643
-4801447.733684155,603903.5139274746,-4143795.507329643
-4801491.63809425,603554.3411704155,-4143795.507329643
-4801535.517101141,603205.1653052605,-4143795.507329643
-4801579.370725654,602855.9861662572,-4143795.507329643
-4801623.198957027,602506.8038390514,-4143795.507329643
-4801667.001784517,602157.6184092918,-4143795.507329643
-4801710.779228917,601808.4297112217,-4143795.507329643
-4801754.531279481,601459.2378304871,-4143795.507329643
-4802060.0845552245,599014.8059573607,-4143795.507329643
-4802103.633446797,598665.5886818108,-4143795.507329643
-4802147.156942454,598316.3682402194,-4143795.507329643
-4802190.655031531,597967.1447182486,-4143795.507329643
-4802234.127734677,597617.9179501154,-4143795.507329643
-4803055.283416462,590982.0114689324,-4143795.507329643
-4803098.248133748,590632.7219255454,-4143795.507329643
-4803141.187460175,590283.42917477,-4143795.507329643
-4803184.101385199,589934.1333022801,-4143795.507329643
-4803697.08705284,585742.3403466073,-4143795.507329643
-4803739.670728854,585393.004143803,-4143795.507329643
-4803782.229010524,585043.6647613117,-4143795.507329643
-4800928.842105365,605611.613773507,-4144147.418505221
-4800972.870722804,605262.4788305868,-4144147.418505221
-4801016.87396088,604913.3406029438,-4144147.418505221
-4801060.851808788,604564.1991762202,-4144147.418505221
-4801104.804255752,604215.0546360546,-4144147.418505221
-4801148.731322636,603865.906816701,-4144147.418505221
-4801192.632998655,603516.7558038085,-4144147.418505221
-4801236.509273051,603167.6016830134,-4144147.418505221
-4801280.360166652,602818.444288574,-4144147.418505221
-4801324.185668692,602469.2837061307,-4144147.418505221
-4801367.985768433,602120.1200213268,-4144147.418505221
-4801411.760486663,601770.953068416,-4144147.418505221
-4801455.50981264,601421.7829330387,-4144147.418505221
-4801499.233735639,601072.6097008449,-4144147.418505221
-4801673.875529667,599675.8847514336,-4144147.418505221
-4801717.472497271,599326.6955600508,-4144147.418505221
-4801761.044060549,598977.5032829382,-4144147.418505221
-4801804.590240184,598628.3077543271,-4144147.418505221
-4801848.111025487,598279.1090598716,-4144147.418505221
-4801891.606405791,597929.9072852287,-4144147.418505221
-4801935.076401744,597580.7022646255,-4144147.418505221
-4802713.193495993,591294.4737743075,-4144147.418505221
-4802756.180947393,590945.2090237438,-4144147.418505221
-4802799.142989121,590595.941231796,-4144147.418505221
-4802842.079641571,590246.6702326596,-4144147.418505221
-4802884.990894201,589897.3961120029,-4144147.418505221
-4802927.876736495,589548.1189555036,-4144147.418505221
-4803355.338179332,586055.1756282205,-4144147.418505221
-4803397.944616492,585705.8641934302,-4144147.418505221
-4803440.525640677,585356.5497449707,-4144147.418505221
-4803483.081272098,585007.2321170223,-4144147.418505221
-4821842.11803238,406843.6585047431,-4144147.418505221
-4797805.0248083,627561.4964239676,-4144499.307772936
-4799743.9791949205,612555.4848760782,-4144499.307772936
-4799788.512798654,612206.4359966717,-4144499.307772936
-4800629.828041068,605573.8947412164,-4144499.307772936
-4800673.853916293,605224.7815433089,-4144499.307772936
-4800717.854413735,604875.6650608832,-4144499.307772936
-4800761.829522591,604526.5453795759,-4144499.307772936
-4800805.779232085,604177.4225850207,-4144499.307772936
-4800849.703563078,603828.2965114817,-4144499.307772936
-4800893.60250479,603479.1672446027,-4144499.307772936
-4800937.476046461,603130.0348700148,-4144499.307772936
-4800981.324208915,602780.8992219863,-4144499.307772936
-4801025.146981392,602431.7603861524,-4144499.307772936
-4801068.944353151,602082.6184481513,-4144499.307772936
-4801112.7163449805,601733.4732422468,-4144499.307772936
-4801156.462946137,601384.3248540739,-4144499.307772936
-4801200.1841458995,601035.1733692776,-4144499.307772936
-4801243.879965021,600686.0186221149,-4144499.307772936
-4801287.550392776,600336.8606982235,-4144499.307772936
-4801331.19541846,599987.6996832523,-4144499.307772936
-4801374.815062793,599638.5354114501,-4144499.307772936
-4801418.409315066,599289.3679684586,-4144499.307772936
-4801461.9781645965,598940.1974399296,-4144499.307772936
-4801505.521632065,598591.0236601045,-4144499.307772936
-4801549.039706782,598241.8467146324,-4144499.307772936
-4801592.532378084,597892.6666891645,-4144499.307772936
-4801635.999666615,597543.4834179385,-4144499.307772936
-4801679.441561705,597194.296986607,-4144499.307772936
-4802371.058126163,591606.8863205237,-4144499.307772936
-4802414.068297751,591257.6464499263,-4144499.307772936
-4802457.053071784,590908.40345246,-4144499.307772936
-4802500.012437726,590559.1574137989,-4144499.307772936
-4802542.946415972,590209.9081681491,-4144499.307772936
-4802585.85499598,589860.6558011733,-4144499.307772936
-4802628.738167235,589511.400398544,-4144499.307772936
-4802671.595950094,589162.1417944627,-4144499.307772936
-4802714.428334035,588812.8800746008,-4144499.307772936
-4802757.235308561,588463.6153246266,-4144499.307772936
-4802800.016893993,588114.3473787371,-4144499.307772936
-4802842.773079828,587765.0763226106,-4144499.307772936
-4802885.503855588,587415.802241913,-4144499.307772936
-4803013.543802212,586367.9612002842,-4144499.307772936
-4803056.172986685,586018.6746206593,-4144499.307772936
-4803098.776770208,585669.3849418738,-4144499.307772936
-4803141.355142337,585320.0922496071,-4144499.307772936
-4803183.908123286,584970.7963780494,-4144499.307772936
-4803226.435702609,584621.497412875,-4144499.307772936
-4803268.937869882,584272.1954397612,-4144499.307772936
-4821541.801436044,406818.3192464738,-4144499.307772936
-4797506.16131772,627522.4045437423,-4144851.175122475
-4799444.9949235525,612517.3277460078,-4144851.175122475
-4799489.525753211,612168.3006094537,-4144851.175122475
-4799534.0312007805,611819.2702354487,-4144851.175122475
-4800330.788588658,605536.1725063507,-4144851.175122475
-4800374.811721436,605187.081055302,-4144851.175122475
-4800418.809478011,604837.9863199397,-4144851.175122475
-4800462.781847582,604488.8883858953,-4144851.175122475
-4800506.728819374,604139.7873387968,-4144851.175122475
-4800550.650414246,603790.6830129188,-4144851.175122475
-4800594.546621417,603441.5754938995,-4144851.175122475
-4800638.417430129,603092.4648673651,-4144851.175122475
-4800682.262861207,602743.350967594,-4144851.175122475
-4800726.082903889,602394.2338802161,-4144851.175122475
-4800769.877547434,602045.1136908642,-4144851.175122475
-4800813.646812632,601695.9902338122,-4144851.175122475
-4800857.390688738,601346.8635946905,-4144851.175122475
-4800901.109165031,600997.733859138,-4144851.175122475
-4800944.802262265,600648.6008614224,-4144851.175122475
-4800988.469969714,600299.4646871758,-4144851.175122475
-4801032.112276675,599950.3254220423,-4144851.175122475
-4801075.729203866,599601.1829002803,-4144851.175122475
-4801119.320740579,599252.0372075269,-4144851.175122475
-4801162.8868761305,598902.8884294279,-4144851.175122475
-4801206.427631202,598553.7364002356,-4144851.175122475
-4801249.942995104,598204.5812055932,-4144851.175122475
-4801293.432957172,597855.422931147,-4144851.175122475
-4801336.897538052,597506.2614111449,-4144851.175122475
-4802028.877331722,591919.2490180494,-4144851.175122475
-4802071.910209549,591570.0341145289,-4144851.175122475
-4802114.91770196,591220.8159986811,-4144851.175122475
-4802157.899798398,590871.5947561591,-4144851.175122475
-4802200.8564883275,590522.3704726319,-4144851.175122475
-4802243.7877921425,590173.1429823156,-4144851.175122475
-4802286.693699301,589823.9123708679,-4144851.175122475
-4802329.57419929,589474.6787239556,-4144851.175122475
-4802372.429312465,589125.4418757907,-4144851.175122475
-4802415.2590283025,588776.2019120395,-4144851.175122475
-4802458.063336309,588426.9589183646,-4144851.175122475
-4802500.842256803,588077.7127289736,-4144851.175122475
-4802543.595779282,587728.4634295392,-4144851.175122475
-4802714.355864066,586331.4353359061,-4144851.175122475
-4802756.982393094,585982.1705139405,-4144851.175122475
-4802799.583522754,585632.9025930072,-4144851.175122475
-4802842.159242604,585283.6316587804,-4144851.175122475
-4802884.709572855,584934.3575454606,-4144851.175122475
-4802927.2345030615,584585.0803387169,-4144851.175122475
-4821241.459341003,406792.97783674725,-4144851.175122475
-4797389.596988556,626087.8318436713,-4145203.020543539
-4799145.985277508,612479.1673775571,-4145203.020543539
-4799190.513332857,612130.1619857007,-4145203.020543539
-4799235.016007697,611781.1533565952,-4145203.020543539
-4800031.723756889,605498.4470700138,-4145203.020543539
-4800075.744146987,605149.3773676697,-4145203.020543539
-4800119.739162464,604800.3043812166,-4145203.020543539
-4800163.708792517,604451.2281962807,-4145203.020543539
-4800207.653026373,604102.1488984844,-4145203.020543539
-4800251.571884892,603753.0663221132,-4145203.020543539
-4800295.465357291,603403.9805527995,-4145203.020543539
-4800339.333432813,603054.8916761642,-4145203.020543539
-4800383.176132282,602705.7995264963,-4145203.020543539
-4800426.993444936,602356.7041894202,-4145203.020543539
-4800470.785360036,602007.6057505632,-4145203.020543539
-4800514.5518983705,601658.5040442098,-4145203.020543539
-4800558.293049195,601309.3991559849,-4145203.020543539
-4800602.008801789,600960.2911715221,-4145203.020543539
-4800645.699176905,600611.1799250994,-4145203.020543539
-4800689.364163817,600262.0655023437,-4145203.020543539
-4800733.003751824,599912.9479888936,-4145203.020543539
-4800776.617961641,599563.827219018,-4145203.020543539
-4800820.206782563,599214.7032783483,-4145203.020543539
-4800863.770203905,598865.5762525254,-4145203.020543539
-4800907.30824635,598516.4459758118,-4145203.020543539
-4800950.820899206,598167.3125338452,-4145203.020543539
-4800994.308151812,597818.1760122668,-4145203.020543539
-4801037.77002481,597469.0362453345,-4145203.020543539
-4801643.570111618,592580.7489975384,-4145203.020543539
-4801686.651106428,592231.5620287914,-4145203.020543539
-4801729.70670753,591882.371928027,-4145203.020543539
-4801772.736904371,591533.1787809023,-4145203.020543539
-4801815.741717378,591183.9824216503,-4145203.020543539
-4801858.721135993,590834.782935919,-4145203.020543539
-4801901.675149684,590485.5804093719,-4145203.020543539
-4801944.60377884,590136.3746762355,-4145203.020543539
-4801987.507012923,589787.1658221622,-4145203.020543539
-4802030.384841419,589437.9539328135,-4145203.020543539
-4802073.237284682,589088.7388424114,-4145203.020543539
-4802116.064332192,588739.5206366172,-4145203.020543539
-4802158.865973452,588390.2994010882,-4145203.020543539
-4802201.642228781,588041.074970042,-4145203.020543539
-4802457.766407317,585945.6633091326,-4145203.020543539
-4802500.364882888,585596.4171478981,-4145203.020543539
-4802542.937950234,585247.1679735578,-4145203.020543539
-4802585.485629561,584897.9156203227,-4145203.020543539
-4802628.007910428,584548.6601738562,-4145203.020543539
-4798846.950244016,612441.003769096,-4145554.8440511557
-4798891.475524819,612092.0201237835,-4145554.8440511557
-4799732.633532987,605460.7184305945,-4145554.8440511557
-4799776.651180172,605111.6704788016,-4145554.8440511557
-4799820.643454317,604762.6192431042,-4145554.8440511557
-4799864.61034462,604413.5648091234,-4145554.8440511557
-4799908.55184031,604064.5072624761,-4145554.8440511557
-4799952.467962242,603715.4464374583,-4145554.8440511557
-4799996.358699636,603366.3824196969,-4145554.8440511557
-4800040.224041736,603017.3152948074,-4145554.8440511557
-4800084.064009365,602668.2448970893,-4145554.8440511557
-4800127.878591759,602319.1713121616,-4145554.8440511557
-4800171.667778184,601970.0946256464,-4145554.8440511557
-4800215.431589422,601621.0146718383,-4145554.8440511557
-4800259.1700147325,601271.9315363568,-4145554.8440511557
-4800433.869831129,599875.5673822097,-4145554.8440511557
-4800477.481323343,599526.4683660673,-4145554.8440511557
-4800521.067428242,599177.3661793284,-4145554.8440511557
-4800564.628135147,598828.2609076285,-4145554.8440511557
-4800608.163464733,598479.1523852403,-4145554.8440511557
-4800651.673406314,598130.0406977965,-4145554.8440511557
-4800695.157949227,597780.9259309327,-4145554.8440511557
-4801301.275761505,592892.9872539778,-4145554.8440511557
-4801344.379453487,592543.8252605512,-4145554.8440511557
-4801387.457763918,592194.6600496622,-4145554.8440511557
-4801430.510682222,591845.491706951,-4145554.8440511557
-4801473.53819785,591496.3203180693,-4145554.8440511557
-4801516.540331224,591147.1457172605,-4145554.8440511557
-4801559.51707179,590797.9679901671,-4145554.8440511557
-4801602.468409014,590448.7872224473,-4145554.8440511557
-4801645.394363285,590099.6032483382,-4145554.8440511557
-4801688.2949240655,589750.4161534866,-4145554.8440511557
-4801731.1700808415,589401.2260235486,-4145554.8440511557
-4801774.019853966,589052.032692757,-4145554.8440511557
-4801816.844232921,588702.8362467671,-4145554.8440511557
-4801859.643207208,588353.6367712312,-4145554.8440511557
-4802371.2501359265,584163.0002250185,-4145554.8440511557
-4802413.718972798,583813.7603601412,-4145554.8440511557
-4802456.162412117,583464.5174077641,-4145554.8440511557
-4796837.232470882,625660.9711820764,-4145906.6456350163
-4799433.517925718,605422.9865891987,-4145906.6456350163
-4799477.532829757,605073.9603898028,-4145906.6456350163
-4799521.522362337,604724.9309067072,-4145906.6456350163
-4799565.486512659,604375.8982255273,-4145906.6456350163
-4799609.425269948,604026.8624318751,-4145906.6456350163
-4799653.338655061,603677.8233600565,-4145906.6456350163
-4799697.226657218,603328.7810956934,-4145906.6456350163
-4799741.089265665,602979.735724396,-4145906.6456350163
-4799784.926501221,602630.6870804736,-4145906.6456350163
-4799828.738353125,602281.6352495404,-4145906.6456350163
-4800265.46067862,598790.9423958305,-4145906.6456350163
-4800308.993295119,598441.8556296141,-4145906.6456350163
-4800352.500525194,598092.7656985393,-4145906.6456350163
-4800958.935991447,593205.1758062169,-4145906.6456350163
-4801002.062397671,592856.0386238209,-4145906.6456350163
-4801045.1634034645,592506.8983898984,-4145906.6456350163
-4801088.239029288,592157.754938714,-4145906.6456350163
-4801131.289264569,591808.6083559025,-4145906.6456350163
-4801174.314098755,591459.4587271103,-4145906.6456350163
-4801217.31355227,591110.3058865913,-4145906.6456350163
-4801260.287614558,590761.1499199824,-4145906.6456350163
-4801303.236275088,590411.9909129367,-4145906.6456350163
-4801346.159554248,590062.8286997015,-4145906.6456350163
-4801389.057441498,589713.6633659182,-4145906.6456350163
-4801431.929926327,589364.4949972378,-4145906.6456350163
-4801474.777029089,589015.323427903,-4145906.6456350163
-4801517.598739261,588666.1487435643,-4145906.6456350163
-4802114.436282368,583777.3775403477,-4145906.6456350163
-4802156.877076644,583428.1563525201,-4145906.6456350163
-4820340.280086709,406716.94070077094,-4145906.6456350163
-4796492.744110578,625970.7872171083,-4146258.425284822
-4799090.339392402,605734.2528742662,-4146258.425284822
-4799134.376943835,605385.2515469304,-4146258.425284822
-4799178.389104496,605036.2471017769,-4146258.425284822
-4799222.375895279,604687.2393731283,-4146258.425284822
-4799266.337305387,604338.2284465948,-4146258.425284822
-4799310.273324043,603989.214407783,-4146258.425284822
-4799354.183972105,603640.197091009,-4146258.425284822
-4800659.699932707,593168.2022804694,-4146258.425284822
-4800702.82365093,592819.0868592331,-4146258.425284822
-4800832.042463326,591771.7218759608,-4146258.425284822
-4800875.064615843,591422.5940091042,-4146258.425284822
-4800918.061389271,591073.4629307209,-4146258.425284822
-4800961.032773055,590724.3287264425,-4146258.425284822
-4801003.978756663,590375.191481917,-4146258.425284822
-4801046.899360484,590026.0510314016,-4146258.425284822
-4801089.7945739785,589676.9074605326,-4146258.425284822
-4801132.664386635,589327.7608549558,-4146258.425284822
-4801175.508818804,588978.6110489242,-4146258.425284822
-4801815.128203151,583740.9916341223,-4146258.425284822
-4801857.566352161,583391.7922126903,-4146258.425284822
-4820010.247832229,407042.11274377577,-4146258.425284822
-4798791.175768331,605696.4928736205,-4146610.183015592
-4798835.210574569,605347.5133021789,-4146610.183015592
-4798879.219991619,604998.530613114,-4146610.183015592
-4798923.204040373,604649.5446407587,-4146610.183015592
-4798967.162710032,604300.5554707178,-4146610.183015592
-4800360.438478515,593131.2256168667,-4146610.183015592
-4819709.780111927,407016.73872807977,-4146610.183015592
-4827463.776244851,301427.40279410855,-4146610.183015592
-4795666.817300793,627636.5359995271,-4146961.918817028
-4795712.44764038,627287.7835798458,-4146961.918817028
-4819379.676909443,407341.8388449962,-4146961.918817028
-4819079.160066255,407316.4386707591,-4147313.63267883
-4818748.985945788,407641.4667625835,-4147665.324616016
-4818448.419973871,407616.04042184475,-4148016.994618287
-4793321.798551372,636195.5202610132,-4148368.642675342
-4795962.548598748,615972.2695918584,-4148368.642675342
-4818147.828526818,407590.6119260401,-4148368.642675342
-4792631.067227026,636813.1957061412,-4149071.8729885696
-4817516.919316729,407890.08920563955,-4149071.8729885696
-4792285.634195835,637121.9581178522,-4149423.4552241466
-4795466.824695548,612718.4691847467,-4149423.4552241466
-4795511.3701631455,612369.7313483885,-4149423.4552241466
-4795555.89025901,612020.9903572119,-4149423.4552241466
-4795600.3850042755,611672.2460456649,-4149423.4552241466
-4817216.253282642,407864.6323784984,-4149423.4552241466
-4791847.395040255,638127.6229557497,-4149775.0155239454
-4795122.922735421,613028.9360140706,-4149775.0155239454
-4795167.490781714,612680.2231861476,-4149775.0155239454
-4795301.042753583,611634.065352505,-4149775.0155239454
-4816885.890124396,408189.468327805,-4149775.0155239454
-4791501.827322906,638436.2345298898,-4150126.5538776703
-4794823.566244716,612990.665005393,-4150126.5538776703
-4794868.131508654,612641.9739473913,-4150126.5538776703
-4794957.185952667,611944.582197056,-4150126.5538776703
-4795001.675142958,611595.8814247204,-4150126.5538776703
-4816585.174985403,408163.98531751503,-4150126.5538776703
-4794524.184403782,612952.3907558343,-4150478.070275032
-4794568.74688513,612603.7214695973,-4150478.070275032
-4794613.284010412,612255.0489436091,-4150478.070275032
-4794657.795768713,611906.3732633933,-4150478.070275032
-4794702.282181162,611557.6942634289,-4150478.070275032
-4816284.434381129,408138.5001492625,-4150478.070275032
-4794224.777199838,612914.1132637603,-4150829.5647310372
-4794269.3368983595,612565.4657511327,-4150829.5647310372
-4794313.871242398,612216.8149989559,-4150829.5647310372
-4794358.380221041,611868.1610927486,-4150829.5647310372
-4815983.668298733,408113.01282195916,-4150829.5647310372
-4793925.344641651,612875.8325302919,-4151181.037235395
-4793969.90155711,612527.2067931172,-4151181.037235395
-4794014.433119671,612178.577816596,-4151181.037235395
-4815682.876747021,408087.5233363514,-4151181.037235395
-4823350.932210672,304339.9100343462,-4151181.037235395
-4793402.735837159,614580.5195368977,-4151532.487777808
-4815352.371891035,408412.21510722244,-4151532.487777808
-4815051.531260227,408386.6994275933,-4151883.916373287
-4822704.004761438,305003.3236192786,-4151883.916373287
-4805438.011045754,506308.54657199373,-4152235.323011545
-4814720.955575264,408711.3190011152,-4152235.323011545
-4805137.701477135,506276.90548103396,-4152586.7076822836
-4814420.065881158,408685.77712134965,-4152586.7076822836
-4788595.73302206,641948.0423686648,-4152938.0704005165
-4814089.419375915,409010.3246507496,-4152938.0704005165
-4788296.387922269,641907.9128585709,-4153289.411155946
-4804278.693333743,508659.320134124,-4153289.411155946
-4813758.725670644,409334.8240861309,-4153289.411155946
-4813788.480612655,408984.75656288536,-4153289.411155946
-4804052.2497430155,507928.80242887966,-4153640.7299382836
-4813427.98478672,409659.2753372324,-4153640.7299382836
-4813457.763317223,409309.23194929666,-4153640.7299382836
-4803603.905568112,509294.37460472464,-4153992.026762542
-4813126.998832179,409633.6591467724,-4153992.026762542
-4812796.187157457,409958.0383170761,-4154343.301618423
-4812495.152167292,409932.3959027221,-4154694.554495645
-4820069.568375833,308356.14938159677,-4154694.554495645
-4786425.142447522,644491.952548215,-4155045.7854092056
-4802702.58185744,509198.81320862146,-4155045.7854092056
-4812164.269731889,410256.7028933926,-4155045.7854092056
-4811863.185700244,410231.0342471884,-4155396.994348817
-4811532.232534299,410555.2689594252,-4155748.1813042006
-4811231.099476985,410529.5740752671,-4156099.3462903486
-4789252.501042577,613694.3956729103,-4156450.4892969783
-4789564.284298282,611256.3264271421,-4156450.4892969783
-4810900.075567475,410853.7366603662,-4156450.4892969783
-4789086.439198313,612611.1738936524,-4156801.610313807
-4789130.9768693615,612262.9001359269,-4156801.610313807
-4789264.437939123,611218.0592752442,-4156801.610313807
-4810598.893500315,410828.0155321441,-4156801.610313807
-4788831.11353144,612224.5643297426,-4157152.709355827
-4800788.086216286,510054.9993278016,-4157152.709355827
-4810267.798877382,411152.10589131276,-4157152.709355827
-4788531.224867797,612186.2252858104,-4157503.7864127588
-4800040.541861878,514212.07924932323,-4157503.7864127588
-4809966.56779452,411126.3585110719,-4157503.7864127588
-4799515.096845258,516274.1058614136,-4157854.8414743217
-4809665.311281395,411100.60895720834,-4157854.8414743217
-4788330.970804897,608975.712851264,-4158205.874555506
-4788375.24411042,608627.4939587826,-4158205.874555506
-4809334.122405588,411424.6029071985,-4158205.874555506
-4787631.406945616,612071.188730475,-4158556.885646031
-4788075.251670458,608589.3633533824,-4158556.885646031
-4788119.496880527,608241.1630583442,-4158556.885646031
-4809032.816888701,411398.8270930247,-4158556.885646031
-4798949.891597042,513036.28273526335,-4158907.8747356166
-4808701.5573363025,411722.7488656614,-4158907.8747356166
-4808370.250667664,412046.6224544957,-4159258.841839255
-4808400.202831481,411696.9467850729,-4159258.841839255
-4797823.631438629,517856.95123898925,-4159609.7869466674
-4808068.872610968,412020.79627974826,-4159609.7869466674
-4781051.614011831,652620.3758812351,-4159960.710047573
-4797522.8702052785,517824.4883334474,-4159960.710047573
-4797823.316376019,515033.31513515656,-4159960.710047573
-4807737.495306391,412344.59749767825,-4159960.710047573
-4807767.469134049,411994.9679266502,-4159960.710047573
-4780609.375560575,653622.4417619889,-4160311.6111569605
-4807436.068275622,412318.74504466914,-4160311.6111569605
-4815039.314131584,311198.8133650606,-4160311.6111569605
-4807104.6203220235,412642.47404287074,-4160662.4902645526
-4814760.001779408,310829.16106878594,-4160662.4902645526
-4788068.879201335,591612.4839073116,-4161013.347360075
-4806773.125294693,412966.1548311137,-4161013.347360075
-4806803.144333019,412616.5953055033,-4161013.347360075
-4814321.971086413,312910.3414813001,-4161013.347360075
-4785674.400723683,608284.2026630415,-4161364.1824585125
-4787076.982844673,597145.7956564168,-4161364.1824585125
-4787120.395857589,596797.6679877995,-4161364.1824585125
-4788197.492584319,588093.4559750175,-4161364.1824585125
-4796769.518961569,513508.8343082286,-4161364.1824585125
-4806471.6257606,412940.2519852684,-4161364.1824585125
-4786646.291831768,598152.6332892786,-4161714.9955495866
-4786689.778065126,597804.536938738,-4161714.9955495866
-4786733.238984088,597456.4374267071,-4161714.9955495866
-4786776.674578,597108.3348385759,-4161714.9955495866
-4786820.084867482,596760.2290090928,-4161714.9955495866
-4787939.866037363,587708.3758360292,-4161714.9955495866
-4796431.24890127,513825.42792383797,-4161714.9955495866
-4806140.060124945,413263.8603603028,-4161714.9955495866
-4813786.1428970285,311820.88812371704,-4161714.9955495866
-4786345.9664379675,598115.1037928017,-4162065.786623025
-4786389.449942898,597767.0292826409,-4162065.786623025
-4786432.908135019,597418.9516111885,-4162065.786623025
-4786476.34100368,597070.8708638283,-4162065.786623025
-4805808.447425885,413587.4205921561,-4162065.786623025
-4805838.511646487,413237.9312182606,-4162065.786623025
-4813484.114685438,311801.32375122915,-4162065.786623025
-4785170.685271478,605037.9572428259,-4162416.55569381
-4786045.615724382,598077.5711322941,-4162416.55569381
-4786089.096500655,597729.5184643546,-4162416.55569381
-4786132.551965706,597381.4626353217,-4162416.55569381
-4786175.982108886,597033.4037305743,-4162416.55569381
-4795717.145497129,514807.22340595647,-4162416.55569381
-4805506.875411104,413561.4673330779,-4162416.55569381
-4813182.061010501,311781.75772931136,-4162416.55569381
-4778081.822296701,656462.8569686479,-4162767.302751668
-4786437.851121897,592471.1642681054,-4162767.302751668
-4794776.094739496,520702.9714302345,-4162767.302751668
-4805175.19212281,413884.95520993473,-4162767.302751668
-4805205.277982416,413535.51188688126,-4162767.302751668
-4812879.981881068,311762.1900585367,-4162767.302751668
-4777734.153047316,656769.0990947431,-4163118.0277863285
-4784613.999178073,604614.0633409698,-4163118.0277863285
-4785878.45263506,594522.2647840137,-4163118.0277863285
-4786008.043376029,593478.1339362302,-4163118.0277863285
-4804843.461803084,414208.39475875197,-4163118.0277863285
-4804873.571177534,413858.97564281506,-4163118.0277863285
-4795446.779469605,508782.18602749327,-4163468.7308127675
-4804511.684430021,414531.7861391635,-4163468.7308127675
-4812162.083455918,313472.8219375785,-4163468.7308127675
-4811859.935109355,313453.1394553182,-4163819.4118207153
-4783712.799834432,604500.1820963945,-4164170.0707999007
-4784847.221046933,595454.1902563089,-4164170.0707999007
-4803878.168529409,414829.077308812,-4164170.0707999007
-4811512.123379048,314133.26476321084,-4164170.0707999007
-4784978.433536481,591937.2138873753,-4164520.707765302
-4803576.451621186,414803.02316208807,-4164520.707765302
-4794205.228985458,509003.03305999684,-4164871.3227066486
-4803244.53318085,415126.2696626917,-4164871.3227066486
-4775695.084954681,658258.193440284,-4165221.915613673
-4783249.630163181,600907.954045679,-4165221.915613673
-4783293.316778117,600560.1047000791,-4165221.915613673
-4783336.978096616,600212.2521784183,-4165221.915613673
-4783554.905213616,598472.9421605613,-4165221.915613673
-4783598.41474867,598125.0706211681,-4165221.915613673
-4783641.898975241,597777.1960020837,-4165221.915613673
-4783685.357913972,597429.3181381671,-4165221.915613673
-4802912.567729715,415449.46796875325,-4165221.915613673
-4784762.017250394,586258.7295562575,-4165572.486501347
-4792405.474185655,520092.9058335186,-4165572.486501347
-4802580.555267563,415772.6179883486,-4165572.486501347
-4810280.333842131,314404.1500276627,-4165572.486501347
-4802248.495815923,416095.7196314553,-4165923.0353594013
-4801946.6595072085,416069.56671658746,-4166273.5621775766
-4801614.529566353,416392.5959916852,-4166624.066970837
-4801282.352646306,416715.57695701875,-4166974.549728919
-4790861.530884532,520277.85772505664,-4167325.0104415594
-4800919.788175068,417387.6433931788,-4167325.0104415594
-4800950.12876862,417038.50952259795,-4167325.0104415594
-4808722.831251316,315004.74528264214,-4167325.0104415594
-4800557.104383712,418059.61096768786,-4167675.449123722
-4800587.493837796,417710.5035542272,-4167675.449123722
-4808420.410253471,314984.93460676464,-4167675.449123722
-4783208.494700989,581479.0439327769,-4168025.86576515
-4790523.105878268,517773.844800127,-4168025.86576515
-4799580.204100488,425712.6339673195,-4168025.86576515
-4800224.739617188,418382.3986256728,-4168025.86576515
-4808072.103152765,315664.4313140439,-4168025.86576515
-4808117.963826304,314965.1222650901,-4168025.86576515
-4808140.856024308,314615.4651991911,-4168025.86576515
-4782907.589872563,581442.4639149623,-4168376.2603555745
-4799861.866129778,419054.19479732716,-4168376.2603555745
-4798914.348855422,426357.04804388795,-4168726.632909964
-4799529.38401633,419376.8615827367,-4168726.632909964
-4789051.3883795105,522900.47408095415,-4169076.9834180567
-4798581.350937912,426679.1824833734,-4169076.9834180567
-4799105.176542286,420746.4923428842,-4169076.9834180567
-4799166.320883582,420048.48628527037,-4169076.9834180567
-4799196.854976416,419699.4800071646,-4169076.9834180567
-4799227.363696039,419350.47142571845,-4169076.9834180567
-4798772.530231588,421068.9897518957,-4169427.311869587
-4771264.421911089,661537.1722742226,-4169777.6182795255
-4788223.084407713,522105.32422908937,-4170127.9026376065
-4806164.916253571,316943.3283989156,-4170127.9026376065
-4805862.300551906,316923.37235716864,-4170478.164933573
-4787658.038190189,521691.4067498385,-4170828.405182386
-4790287.839872708,496964.6121117918,-4170828.405182386
-4797472.178090377,422009.6147868276,-4170828.405182386
-4789768.851164959,499023.29035778966,-4171178.623373782
-4790202.50727406,494843.2390312278,-4171178.623373782
-4797170.0209219055,421983.03553310013,-4171178.623373782
-4789503.409897272,498643.5547403601,-4171528.819497512
-4789900.763639471,494812.06794873794,-4171528.819497512
-4796867.838390863,421956.45404835424,-4171528.819497512
-4796565.630484349,421929.87033145525,-4171878.993568528
-4786451.73010174,521559.96031849005,-4172229.145576574
-4796294.066196425,421554.48920670163,-4172229.145576574
-4795991.80563277,421527.92300876626,-4172579.275511399
-4795689.519698278,421501.3545809445,-4172929.38338795
-4795356.54521531,421823.5131521552,-4173279.4691959783
-4795387.208401793,421474.78392401396,-4173279.4691959783
-4785735.830048379,516904.33049595734,-4173629.5329252323
-4786445.478008483,510291.29714944755,-4173629.5329252323
-4795023.5238796845,422145.6233751149,-4173629.5329252323
-4795054.2104989225,421796.91828042635,-4173629.5329252323
-4802998.952946568,318839.42649630137,-4173629.5329252323
-4767465.778344095,662424.0056171933,-4173979.5745906583
-4794721.16573241,422119.00428389915,-4173979.5745906583
-4802649.670708677,319517.84197728615,-4173979.5745906583
-4786505.603315267,503961.8522942333,-4174329.5941820065
-4794418.782228266,422092.3829603083,-4174329.5941820065
-4784263.841511958,522025.6713384795,-4174679.5916890255
-4785428.5292338515,511238.7879747547,-4174679.5916890255
-4786276.93662721,503233.93431444693,-4174679.5916890255
-4794116.373376112,422065.7594051222,-4174679.5916890255
-4793813.939163031,422039.1336172037,-4175029.567126665
-4786255.257682739,497601.71645756013,-4175379.5204846743
-4793511.479597877,422012.50559733226,-4175379.5204846743
-4793208.994689514,421985.8753462884,-4175729.4517528024
-4800948.35734184,322210.2045263764,-4175729.4517528024
-4776196.786144782,581331.6016707995,-4176079.360945996
-4785578.7636105735,498234.95296935947,-4176079.360945996
-4792906.484425021,421959.24286293436,-4176079.360945996
-4800598.447231733,322888.091321355,-4176079.360945996
-4783695.39045185,513164.8345013124,-4176429.248054007
-4784913.121407027,501683.3230095446,-4176429.248054007
-4800271.933799623,323216.7965540617,-4176429.248054007
-4783318.709227628,513828.14890157036,-4176779.1130665885
-4785907.9688426545,489123.8640866496,-4176779.1130665885
-4782979.313164625,514143.53520839853,-4177128.955998685
-4784079.721684,500892.48908615875,-4177478.7768400465
-4784659.2979470305,495325.6218085458,-4177478.7768400465
-4781622.448682092,521033.7333830427,-4177828.5755804284
-4782822.000896644,509904.9919373467,-4177828.5755804284
-4783777.565752131,500860.8534016362,-4177828.5755804284
-4785072.421164302,488335.2509049592,-4177828.5755804284
-4764000.435077231,660883.1299864406,-4178178.3522347724
-4781244.5765117975,521696.23009299836,-4178178.3522347724
-4782556.946371402,509524.9862679729,-4178178.3522347724
-4784520.964698565,490740.0485762645,-4178178.3522347724
-4784770.158132877,488304.40378702694,-4178178.3522347724
-4773615.013030146,582426.5722350865,-4178877.8392443685
-4773699.673047106,581732.271944982,-4178877.8392443685
-4773741.96519223,581385.1171426219,-4178877.8392443685
-4790239.317340248,424533.0226024208,-4178877.8392443685
-4782532.261955037,501082.08108807605,-4179227.5496043134
-4783255.997559536,494125.64236138406,-4179227.5496043134
-4783969.614680651,487168.1582786239,-4179227.5496043134
-4784146.437764924,485428.62570053857,-4179227.5496043134
-4789905.710935183,424854.52684282925,-4179227.5496043134
-4797823.356990963,323402.417647566,-4179227.5496043134
-4780451.8545343485,517740.4554614172,-4179577.2378624263
-4781311.143611074,509743.9168080878,-4179577.2378624263
-4762495.30236491,660674.3313451476,-4179926.9040084663
-4779047.217914609,527787.6145655817,-4179926.9040084663
-4782830.650832812,492324.1235206434,-4179926.9040084663
-4782564.050952834,491945.2005002158,-4180276.5480573676
-4788873.63213998,426167.00617953314,-4180276.5480573676
-4781902.6410773955,495391.72174900817,-4180626.169998889
-4796539.566642295,324367.0950564577,-4180626.169998889
-4780360.805021796,507181.6104375876,-4180975.7698227935
-4780021.546604359,507497.14480383915,-4181325.347544009
-4771200.9287929125,582132.0309275992,-4181674.903152296
-4771243.2500159405,581785.0578380043,-4181674.903152296
-4778374.24015794,519976.5622999437,-4181674.903152296
-4778788.662649002,516153.97129500215,-4181674.903152296
-4780379.333873967,501207.96942679526,-4181674.903152296
-4787538.084806323,427451.8579620892,-4181674.903152296
-4770899.054705764,582095.1994090657,-4182024.4366374235
-4770941.373251126,581748.248272473,-4182024.4366374235
-4777041.795394044,529324.3773206339,-4182024.4366374235
-4782392.494361879,478575.63794931566,-4182024.4366374235
-4795207.809718096,326028.638291198,-4182024.4366374235
-4770597.155380489,582058.3648112399,-4182373.9480143148
-4770639.471247962,581711.4356294848,-4182373.9480143148
-4782124.655888942,478197.5894023516,-4182373.9480143148
-4794904.37215094,326008.00741538365,-4182373.9480143148
-4770295.230825926,582021.5271352002,-4182723.4372727345
-4770337.544015286,581674.6199101176,-4182723.4372727345
-4776205.807290332,531341.4473720944,-4182723.4372727345
-4776283.0372592425,530646.7707232237,-4182723.4372727345
-4759784.47686638,660298.2736884092,-4183072.9044024483
-4770035.591561938,581637.8011154492,-4183072.9044024483
-4775903.483388114,531307.8145626509,-4183072.9044024483
-4777240.334626343,519150.1340395136,-4183072.9044024483
-4769733.61387503,581600.9792439081,-4183422.3494183784
-4775639.756945028,530926.885995475,-4183422.3494183784
-4781147.029307564,478802.18308845995,-4183422.3494183784
-4785585.757762239,432189.08071587794,-4183422.3494183784
-4769431.610963395,581564.1542965713,-4183771.772310295
-4775337.380076995,530893.2695551418,-4183771.772310295
-4775375.975100912,530545.9957897852,-4183771.772310295
-4775414.544861011,530198.7193019853,-4183771.772310295
-4775453.089375601,529851.4399268854,-4183771.772310295
-4776974.1586064575,515957.9878494879,-4183771.772310295
-4782047.420840605,466601.7810202696,-4183771.772310295
-4758784.346631082,660865.0023593185,-4184121.173067961
-4769129.582835888,581527.3262745185,-4184121.173067961
-4774375.040655057,536762.4989270496,-4184121.173067961
-4775840.118681621,523566.77690196317,-4184121.173067961
-4776970.997636903,513146.2723437463,-4184121.173067961
-4778516.029354136,498553.4738520718,-4184121.173067961
-4793339.352355328,326601.99363474874,-4184121.173067961
-4758482.948491491,660823.1464003755,-4184470.5517062997
-4768785.229684167,581837.2925903815,-4184470.5517062997
-4768827.529479604,581490.4951761764,-4184470.5517062997
-4774267.499464829,534992.5657956576,-4184470.5517062997
-4775117.31557909,527353.6046710227,-4184470.5517062997
-4768483.153787407,581800.43644915,-4184819.908215082
-4768525.450903389,581453.6610026234,-4184819.908215082
-4774929.768368217,526278.4842246143,-4184819.908215082
-4773311.498018115,538049.0254766371,-4185169.242584068
-4779002.501809457,484906.69063980493,-4185169.242584068
-4783495.5831849305,431649.6152796038,-4185867.8449372035
-4791749.820505413,327543.95492378133,-4185867.8449372035
-4791446.1116261985,327523.1946564114,-4186217.112900888
-4782351.9616397815,437507.5301243688,-4186566.3587341607
-4782920.560279088,431247.0730045162,-4186566.3587341607
-4782951.908798956,430899.24812165654,-4186566.3587341607
-4756070.857582391,660488.1729390415,-4187264.783968544
-4782282.688552365,431540.16697084776,-4187264.783968544
-4782345.402940532,430844.6076144217,-4187264.783968544
-4782376.72220133,430496.8244757761,-4187264.783968544
-4777443.01759982,479133.07894461195,-4187613.963374344
-4781410.455991215,437772.0241062657,-4187613.963374344
-4765636.365931453,582508.3071695272,-4187963.1206339607
-4770380.641655066,542286.3025491772,-4187963.1206339607
-4770616.804577688,540204.7797741387,-4187963.1206339607
-4773790.520822319,511400.0034384273,-4187963.1206339607
-4781107.179895405,437744.25702967856,-4187963.1206339607
-4782050.810771528,427312.4657779453,-4187963.1206339607
-4755213.918777183,660016.6930537224,-4188312.25573717
-4769959.60621452,543292.5579498074,-4188312.25573717
-4777631.560966921,471081.8571061741,-4188312.25573717
-4781120.930745691,434239.67348375334,-4188312.25573717
-4781152.496898331,433891.97946571436,-4188312.25573717
-4781184.037773436,433544.2830695909,-4188312.25573717
-4781215.553363259,433196.5843806717,-4188312.25573717
-4765074.044062852,582087.8739229444,-4188661.3686988787
-4773481.496041949,508558.104167803,-4188661.3686988787
-4773518.466811584,508210.96542521025,-4188661.3686988787
-4780532.368841374,437341.0669369144,-4188661.3686988787
-4780564.16053523,436993.41571209516,-4188661.3686988787
-4780754.379801055,434907.45956199,-4188661.3686988787
-4764771.671023343,582050.9368936198,-4189010.4595088656
-4764813.986355894,581704.4314362563,-4189010.4595088656
-4764856.276499895,581357.922819392,-4189010.4595088656
-4764982.995727288,580318.3786122289,-4189010.4595088656
-4775458.292476985,486652.30600308534,-4189010.4595088656
-4754308.734157637,659891.0547608085,-4189359.5281569087
-4764469.272792609,582013.996787007,-4189359.5281569087
-4775155.216015343,486621.42041055777,-4189359.5281569087
-4764124.514191096,582323.512080195,-4189708.5746579124
-4780221.835829654,430653.2940723119,-4189708.5746579124
-4787680.312331958,329014.80774203164,-4190406.6011779155
-4763597.137813659,579094.9552889927,-4190755.5812015994
-4763639.238194402,578748.5351707566,-4190755.5812015994
-4771255.489159413,512181.33096962824,-4190755.5812015994
-4771441.408130068,510446.4197243381,-4190755.5812015994
-4763210.321183218,579750.9627620244,-4191104.539062485
-4763378.762371358,578365.3765910724,-4191104.539062485
-4763420.809696215,578018.9723554772,-4191104.539062485
-4766862.82995162,548910.286909859,-4191104.539062485
-4770989.68899732,511801.84654912143,-4191104.539062485
-4771026.895665164,511454.8890072897,-4191104.539062485
-4774862.181416083,474315.18121632445,-4191104.539062485
-4752497.686096675,659639.6839555041,-4191453.4747503554
-4762865.585098473,580060.5031268239,-4191453.4747503554
-4763118.230840262,577982.2558178538,-4191453.4747503554
-4763160.250304477,577635.8705296607,-4191453.4747503554
-4774902.523072311,470812.7697512576,-4191453.4747503554
-4762182.352465857,583140.6172373247,-4191802.388280109
-4762815.626787314,577945.5362226925,-4191802.388280109
-4762857.643582005,577599.1729405858,-4191802.388280109
-4751941.754002454,659210.2966185993,-4192151.2796415286
-4762512.99754623,577908.8135710678,-4192151.2796415286
-4762555.011671173,577562.4722968794,-4192151.2796415286
-4774295.792388194,470752.9451679281,-4192151.2796415286
-4762084.157662311,578911.0272304793,-4192500.148824396
-4762126.244671428,578564.7171397598,-4192500.148824396
-4762168.306485959,578218.404072419,-4192500.148824396
-4769403.93961144,515140.3332358006,-4192500.148824396
-4772391.011099005,486690.3936681116,-4192500.148824396
-4761486.190649061,581298.1630037169,-4192848.995843613
-4765468.192576893,547696.2694697882,-4192848.995843613
-4765627.3093472365,546310.0277836984,-4192848.995843613
-4765165.261445403,547661.4535306363,-4193197.8206889625
-4780304.363642887,394237.52676032454,-4193197.8206889625
-4780333.020759954,393889.89223048714,-4193197.8206889625
-4780361.652603121,393542.2555341325,-4193197.8206889625
-4780390.259165356,393194.6167565263,-4193197.8206889625
-4772078.877271107,480698.3533265494,-4193546.6233502254
-4779943.058374011,394907.68097117735,-4193546.6233502254
-4779971.764233901,394560.0726309986,-4193546.6233502254
-4780000.44481492,394212.46220418776,-4193546.6233502254
-4780029.100110045,393864.84977601387,-4193546.6233502254
-4780057.730132877,393517.23518146056,-4193546.6233502254
-4761041.474362197,577378.9232674312,-4193895.4038423006
-4761083.449946247,577032.6890899363,-4193895.4038423006
-4761125.400361395,576686.4517777081,-4193895.4038423006
-4761167.325597343,576340.211415677,-4193895.4038423006
-4761209.2256438155,575993.96808877,-4193895.4038423006
-4775692.416351004,440050.3221654683,-4193895.4038423006
-4779581.634015304,395577.7362466406,-4193895.4038423006
-4779610.388603948,395230.15418821113,-4193895.4038423006
-4779639.117908742,394882.5701230298,-4193895.4038423006
-4779667.821943322,394534.98388609354,-4193895.4038423006
-4779696.500700641,394187.3955626579,-4193895.4038423006
-4779725.154173671,393839.8052379865,-4193895.4038423006
-4779753.7823760165,393492.21274707344,-4193895.4038423006
-4779782.385300645,393144.61817517335,-4193895.4038423006
-4779810.962940549,392797.0216075559,-4193895.4038423006
-4779839.515309296,392449.422879208,-4193895.4038423006
-4750129.48131926,658958.8901673239,-4194244.1621549735
-4760696.693253035,577688.4134882323,-4194244.1621549735
-4760948.304181961,575611.1127626338,-4194244.1621549735
-4771015.450994127,485147.8894154208,-4194244.1621549735
-4772234.828626789,473002.79985468386,-4194244.1621549735
-4779277.671928673,395552.57910040027,-4194244.1621549735
-4779506.986269524,392772.041303535,-4194244.1621549735
-4779535.536822455,392424.4646810622,-4194244.1621549735
-4779564.0620988235,392076.8859832556,-4194244.1621549735
-4749827.347943918,658916.9768943319,-4194592.89827803
-4760309.821370412,578344.0345330073,-4194592.89827803
-4760645.482672227,575574.5008494076,-4194592.89827803
-4768770.15878905,503847.7849098723,-4194592.89827803
-4779231.53306635,392399.5044081797,-4194592.89827803
-4779260.05652836,392051.9478182179,-4194592.89827803
-4779288.554708428,391704.3892383039,-4194592.89827803
-4749525.189441877,658875.0601356536,-4194941.612226365
-4760342.635978565,575537.8858913787,-4194941.612226365
-4778927.504027998,392374.54205949465,-4194941.612226365
-4778956.025675498,392027.00757921615,-4194941.612226365
-4778984.522042664,391679.471109112,-4194941.612226365
-4749223.00582199,658833.1398925168,-4195290.303989762
-4759997.899886581,575847.4262552796,-4195290.303989762
-4770596.356531327,480198.5717383174,-4195290.303989762
-4778221.518627458,397214.53167650994,-4195290.303989762
-4778623.4497163035,392349.5776357381,-4195290.303989762
-4778651.969549144,392002.0652669809,-4195290.303989762
-4748920.797093103,658791.216166149,-4195638.973558012
-4759485.320169147,577541.4189956057,-4195638.973558012
-4759569.269818849,576849.1738376068,-4195638.973558012
-4759611.206892394,576503.0466401587,-4195638.973558012
-4767713.255392214,505138.51359646063,-4195638.973558012
-4777801.7248117635,398579.07866169716,-4195638.973558012
-4777830.69766891,398231.6260339916,-4195638.973558012
-4777859.645251567,397884.17138362763,-4195638.973558012
-4777888.567573474,397536.7145456681,-4195638.973558012
-4778319.370140172,392324.6111376412,-4195638.973558012
-4748570.645093339,659094.6164441827,-4195987.620946007
-4777468.656623497,398901.14044452936,-4195987.620946007
-4777497.652902521,398553.7120373763,-4195987.620946007
-4777526.623915759,398206.2815224728,-4195987.620946007
-4778015.265286614,392299.64256413764,-4195987.620946007
-4782740.964791353,329723.745845733,-4195987.620946007
-4777135.541603735,399223.1536977694,-4196336.246143534
-4777164.561294144,398875.7495979532,-4196336.246143534
-4777193.555727498,398528.34330530546,-4196336.246143534
-4777682.59550967,392622.1158645846,-4196336.246143534
-4760969.724863439,557354.9640303742,-4196684.849140385
-4767496.165929886,498455.19842748996,-4196684.849140385
-4768251.828576945,491173.8757997719,-4196684.849140385
-4769347.005272544,480423.1679398487,-4196684.849140385
-4776773.31137858,399892.4964248128,-4196684.849140385
-4776802.379752889,399545.1185819755,-4196684.849140385
-4776831.42286509,399197.73862614686,-4196684.849140385
-4776860.440708067,398850.3566425331,-4196684.849140385
-4777378.441944853,392597.1210237221,-4196684.849140385
-4782108.08988052,330029.53457960807,-4196684.849140385
-4747711.711025253,658623.4864197241,-4197033.429951446
-4760585.481588127,558011.8819186074,-4197033.429951446
-4766241.689655842,507436.24590349564,-4197033.429951446
-4776410.962249468,400561.74002656655,-4197033.429951446
-4776440.079293508,400214.38853273605,-4197033.429951446
-4777074.263107588,392572.12410601124,-4197033.429951446
-4767501.547677874,492498.157302713,-4197381.988566506
-4776770.05900678,392547.12511218403,-4197381.988566506
-4781185.002149114,334507.72380000656,-4197381.988566506
-4747154.895141459,658194.3795145495,-4197730.524975364
-4759938.561049576,558286.9644934883,-4197730.524975364
-4766038.979219683,503559.2202002311,-4197730.524975364
-4776437.272011392,392869.47734639834,-4197730.524975364
-4746852.507586566,658152.4533938599,-4198079.0391929
-4766281.816170965,498328.2347281023,-4198079.0391929
-4767640.714529721,485155.02455169475,-4198079.0391929
-4776104.438121128,393191.7812580652,-4198079.0391929
-4757771.366751344,571365.8083120874,-4198427.531208907
-4757812.9050680185,571019.8118763518,-4198427.531208907
-4757854.418223009,570673.8124207772,-4198427.531208907
-4757426.653187952,571675.3736629119,-4198776.001013183
-4757468.214007796,571329.4023776682,-4198776.001013183
-4757509.749677757,570983.4279879204,-4198776.001013183
-4757551.260187639,570637.4505785257,-4198776.001013183
-4757592.745527268,570291.4702343533,-4198776.001013183
-4757634.205716338,569945.4867911617,-4198776.001013183
-4765456.62739304,500344.1073416473,-4198776.001013183
-4775409.97653119,394183.5224386363,-4198776.001013183
-4756748.3222391615,574752.3500357682,-4199124.448620603
-4757165.036097119,571292.9934209018,-4199124.448620603
-4757206.569120147,570947.0410789718,-4199124.448620603
-4757248.0769847,570601.0857175875,-4199124.448620603
-4757289.559680604,570255.1274216125,-4199124.448620603
-4757331.017227552,569909.1660268155,-4199124.448620603
-4757372.449615367,569563.201618051,-4199124.448620603
-4758685.0005903095,558490.7610279034,-4199124.448620603
-4775076.978613851,394505.65687799506,-4199124.448620603
-4745451.105578613,659365.1377839086,-4199472.874020969
-4756319.649016749,575753.3992424703,-4199472.874020969
-4756361.50640186,575407.5084500475,-4199472.874020969
-4756861.833028188,571256.581442854,-4199472.874020969
-4757069.23332671,569526.8998901584,-4199472.874020969
-4757110.6379061015,569180.9546028995,-4199472.874020969
-4758381.700644794,558455.165014011,-4199472.874020969
-4764958.259061992,499240.7933642594,-4199472.874020969
-4767126.022986224,478098.38038798724,-4199472.874020969
-4774686.457980114,395522.19702992175,-4199472.874020969
-4774715.208542776,395174.9709589143,-4199472.874020969
-4774743.933854368,394827.7427980249,-4199472.874020969
-4756807.393827622,569144.6719163689,-4199821.277204077
-4756848.7706212355,568798.7455886013,-4199821.277204077
-4757997.106385617,559111.5945587397,-4199821.277204077
-4763368.459903086,511334.67977874563,-4199821.277204077
-4766787.36178623,478414.5556512709,-4199821.277204077
-4771753.346825228,426042.52910497226,-4199821.277204077
-4744846.078803569,659281.071263358,-4200169.658184802
-4756545.498741149,568762.4819457396,-4200169.658184802
-4763064.772361598,511302.0797451588,-4200169.658184802
-4765853.169569556,484622.9550563888,-4200169.658184802
-4773672.596346911,400332.09382999194,-4200169.658184802
-4773701.696697848,399984.9414763725,-4200169.658184802
-4773730.771796099,399637.7870907502,-4200169.658184802
-4773759.821655466,399290.6305083261,-4200169.658184802
-4773788.846268816,398943.47181425657,-4200169.658184802
-4773817.845629037,398596.31109369354,-4200169.658184802
-4773846.819749897,398249.1481818351,-4200169.658184802
-4773875.768624279,397901.98316383694,-4200169.658184802
-4773904.692245091,397554.81612485467,-4200169.658184802
-4773933.590626064,397207.64690008765,-4200169.658184802
-4773962.463760099,396860.47557468887,-4200169.658184802
-4744591.456445332,658893.9980601362,-4200518.016952944
-4756242.201706085,568726.215294979,-4200518.016952944
-4757349.7238998255,559386.2652621702,-4200518.016952944
-4773309.934501748,401000.8209974433,-4200518.016952944
-4773339.083477867,400653.69509888097,-4200518.016952944
-4773455.426963899,399265.17008449667,-4200518.016952944
-4773484.44972652,398918.03352670284,-4200518.016952944
-4773513.447237622,398570.89494254475,-4200518.016952944
-4744288.877272907,658851.9780880314,-4200866.353498297
-4755773.253110236,570073.3681266088,-4200866.353498297
-4755814.697443283,569727.5170012268,-4200866.353498297
-4757005.641383206,559696.5319655732,-4200866.353498297
-4773005.523851649,400975.2477741905,-4200866.353498297
-4773468.848649144,395421.3335445499,-4200866.353498297
-4777820.586270874,338811.6371262488,-4200866.353498297
-4777845.212716627,338464.18328493903,-4200866.353498297
-4777869.813888855,338116.7277370533,-4200866.353498297
-4743986.27300306,658809.9546305811,-4201214.667835741
-4756539.226027127,561044.4777618555,-4201214.667835741
-4756580.013748876,560698.5710402385,-4201214.667835741
-4756620.776325253,560352.6612703518,-4201214.667835741
-4761630.629080531,516052.3878095709,-4201214.667835741
-4761930.050359128,513282.0961698672,-4201214.667835741
-4763764.913331831,495963.87496509525,-4201214.667835741
-4763800.968248893,495617.44286569965,-4201214.667835741
-4772467.017203473,403726.24941513437,-4201214.667835741
-4772671.917446706,401296.7520145108,-4201214.667835741
-4772701.087952217,400949.6724297673,-4201214.667835741
-4756194.985605198,561354.5692674967,-4201562.959955078
-4761326.874149697,516019.46768838196,-4201562.959955078
-4763676.960055325,493853.7372254789,-4201562.959955078
-4765371.809351869,477222.39277722547,-4201562.959955078
-4772338.264284395,401618.20773034013,-4201562.959955078
-4772367.4581677085,401271.15240869345,-4201562.959955078
-4755440.988539572,565123.0140518101,-4201911.229846101
-4755482.072863705,564777.1871854773,-4201911.229846101
-4755523.132048345,564431.3572493264,-4201911.229846101
-4755850.700093213,561664.6107029752,-4201911.229846101
-4760910.409941542,517025.226660638,-4201911.229846101
-4762576.875256518,501442.4431229205,-4201911.229846101
-4771887.442997002,403327.7176946251,-4201911.229846101
-4771916.761200591,402980.69515310554,-4201911.229846101
-4771946.054160882,402633.67056371324,-4201911.229846101
-4772033.781636672,401592.5838603436,-4201911.229846101
-4754642.597495162,569236.3776558755,-4202259.477523691
-4754683.9809536,568890.6088392941,-4202259.477523691
-4754725.339276838,568544.8369311524,-4202259.477523691
-4754766.672454723,568199.0620162605,-4202259.477523691
-4754972.961136414,566470.1425705653,-4202259.477523691
-4755014.1434376,566124.3496535904,-4202259.477523691
-4755137.539449137,565086.9530292865,-4202259.477523691
-4755178.621151642,564741.1482304861,-4202259.477523691
-4755219.677716258,564395.3403620634,-4202259.477523691
-4755465.488969397,562320.4307006535,-4202259.477523691
-4760644.19599328,516646.0323256242,-4202259.477523691
-4761649.45056706,507297.5393955029,-4202259.477523691
-4761796.815984674,505912.4102456308,-4202259.477523691
-4764029.448393252,484437.50722276635,-4202259.477523691
-4768809.546608383,434869.8560938261,-4202259.477523691
-4771612.260775856,402954.98058200657,-4202259.477523691
-4771641.551866936,402607.9781365744,-4202259.477523691
-4771670.817730232,402260.97347867116,-4202259.477523691
-4771700.05835856,401913.96669340966,-4202259.477523691
-4776797.716576143,335946.21366412035,-4202259.477523691
-4753715.425411173,574385.8886505499,-4202607.70297764
-4754545.807523551,567471.2847653445,-4202607.70297764
-4754587.062630988,567125.522909212,-4202607.70297764
-4754628.292583909,566779.7581368207,-4202607.70297764
-4754710.677074808,566088.2194356571,-4202607.70297764
-4754834.065211176,565050.8890183026,-4202607.70297764
-4754875.144291835,564705.1062888635,-4202607.70297764
-4754916.198236208,564359.3204899979,-4202607.70297764
-4755080.162538076,562976.14754968,-4202607.70297764
-4761308.658780283,507611.4170277365,-4202607.70297764
-4761345.560737068,507265.16352142766,-4202607.70297764
-4761382.437513489,506918.90733244387,-4202607.70297764
-4764320.625838003,478516.947544796,-4202607.70297764
-4771307.735116467,402929.26387988165,-4202607.70297764
-4771337.02433818,402582.28358024487,-4202607.70297764
-4771366.288333722,402235.30106827815,-4202607.70297764
-4776492.859979481,335924.77348066785,-4202607.70297764
-4742424.9681000225,658944.6657337009,-4202955.9061977565
-4754694.720820583,563631.7613107647,-4202955.9061977565
-4770973.871640679,403250.50115200994,-4202955.9061977565
-4771003.184231338,402903.5450474837,-4202955.9061977565
-4771584.137188657,395963.9785220048,-4202955.9061977565
-4770610.60026753,403918.6194668266,-4203304.087198912
-4770639.961439045,403571.6898616403,-4203304.087198912
-4770669.297388091,403224.75803890586,-4203304.087198912
-4770698.608107463,402877.8240837141,-4203304.087198912
-4770727.893589981,402530.8880811723,-4203304.087198912
-4770757.153849547,402183.94986658305,-4203304.087198912
-4771250.7178837545,396285.67679223156,-4203304.087198912
-4771279.523977321,395938.70057329774,-4203304.087198912
-4763303.745969535,479464.51232219813,-4203652.245970905
-4770276.620001344,404239.73532090907,-4203652.245970905
-4770306.004532991,403892.82991934527,-4203652.245970905
-4770335.363829843,403545.9224650505,-4203652.245970905
-4770364.697905836,403199.01279334916,-4203652.245970905
-4770394.006753766,402852.1009893267,-4203652.245970905
-4770423.290366454,402505.1871380849,-4203652.245970905
-4770452.548757799,402158.27107493684,-4203652.245970905
-4770481.781920618,401811.3528849737,-4203652.245970905
-4741468.7145561455,659163.2671769187,-4204000.382503543
-4753249.168200071,568017.7188392978,-4204000.382503543
-4762403.220407028,485321.9036545003,-4204000.382503543
-4767224.281018722,435424.434747977,-4204000.382503543
-4767539.670005428,431957.4965602463,-4204000.382503543
-4770089.380179163,402826.3757650743,-4204000.382503543
-4770118.661921865,402479.4840669666,-4204000.382503543
-4770147.9184448365,402132.5901570939,-4204000.382503543
-4770177.1497408915,401785.694120542,-4204000.382503543
-4775003.001271532,339658.8314145906,-4204000.382503543
-4752904.274579943,568327.083673654,-4204348.496811689
-4762555.718907715,480788.666314749,-4204348.496811689
-4769872.492326791,401760.0332306524,-4204348.496811689
-4740815.09958167,659423.8295633588,-4204696.588885154
-4761794.8733912315,485259.9088762078,-4204696.588885154
-4762216.529337404,481104.274688108,-4204696.588885154
-4765394.00464981,448539.3805065706,-4204696.588885154
-4761172.060725322,488345.1918383437,-4205044.658713741
-4767063.352420754,427021.5594440565,-4205044.658713741
-4773864.742540122,342718.3072953249,-4205044.658713741
-4761115.806121271,485890.3851666418,-4205392.706312315
-4773534.781221067,343043.55141574057,-4205392.706312315
-4765775.109265829,431098.78574453207,-4206088.734778649
-4766118.4386697905,427286.30183984886,-4206088.734778649
-4772974.491270746,342305.5080580867,-4206088.734778649
-4750916.847713533,569491.2320082234,-4206436.715651083
-4751329.737130757,566036.1174691045,-4206436.715651083
-4759955.045244712,488220.3646632766,-4206436.715651083
-4765751.579794832,427952.1432422137,-4206436.715651083
-4772569.618646593,343671.92552497954,-4206436.715651083
-4750984.798518996,566345.432137435,-4206784.674277788
-4759686.217970236,487843.0185271852,-4206784.674277788
-4759275.33643338,488850.14926276513,-4207132.610648578
-4771934.344879023,343975.005750846,-4207132.610648578
-4771984.323546746,343280.9523428213,-4207132.610648578
-4738295.519560096,659775.8732539265,-4207480.524778307
-4738343.4872786235,659431.2929907971,-4207480.524778307
-4771604.14712906,344300.00974734325,-4207480.524778307
-4758702.119103753,488441.5600796734,-4207828.416656789
-4764000.10697756,433732.6327282933,-4207828.416656789
-4771348.974062381,343584.0271163322,-4207828.416656789
-4770792.642900439,347031.55777190765,-4208176.286273835
-4737290.256124369,660338.2813093433,-4208524.133644302
-4757646.542073457,489731.77911692933,-4208871.958758005
-4762896.100382163,435727.63481897506,-4208871.958758005
-4736731.96481259,659909.3059191601,-4209219.761604751
-4769977.593227857,345577.4278222209,-4209219.761604751
-4735802.831210224,664344.5277584008,-4209567.5421994
-4735851.13118881,664000.1286739182,-4209567.5421994
-4735899.4061218565,663655.7260778727,-4209567.5421994
-4769621.9682694115,346249.0252161451,-4209567.5421994
-4769672.277698311,345555.3081888867,-4209567.5421994
-4735257.798621587,666023.830611188,-4209915.300531764
-4735306.220723974,665679.4711581585,-4209915.300531764
-4735354.617772091,665335.1082673295,-4209915.300531764
-4735402.989788914,664990.7417752334,-4209915.300531764
-4735451.33676257,664646.3717663352,-4209915.300531764
-4735499.658681208,664301.9983251035,-4209915.300531764
-4735547.955567767,663957.6212880637,-4209915.300531764
-4735596.227410392,663613.2407396856,-4209915.300531764
-4736173.53595616,659480.4012683701,-4209915.300531764
-4764583.457577236,406200.24388214503,-4209915.300531764
-4734857.703426958,666669.851582029,-4210263.0365916565
-4734906.172498747,666325.5213056743,-4210263.0365916565
-4734954.616541631,665981.1874228223,-4210263.0365916565
-4735003.035543717,665636.8500179306,-4210263.0365916565
-4735293.023662017,663570.7518930016,-4210263.0365916565
-4734554.502504849,666627.1607713642,-4210610.7503939355
-4734602.968472877,666282.8525445121,-4210610.7503939355
-4734651.409413602,665938.5407113937,-4210610.7503939355
-4734989.79486378,663528.2595360059,-4210610.7503939355
-4762000.261741671,428662.5897361294,-4210610.7503939355
-4763973.312974324,406148.22655708133,-4210610.7503939355
-4734251.276544064,666584.466435244,-4210958.44192841
-4734299.739408075,666240.1802597153,-4210958.44192841
-4734686.541024567,663485.7636699431,-4210958.44192841
-4768172.88409576,349281.18719133094,-4210958.44192841
-4733996.485313223,666197.5044525338,-4211306.111184899
-4734044.920048863,665853.2367243445,-4211306.111184899
-4767842.048840042,349605.5423037752,-4211306.111184899
-4733741.637808079,665810.579448151,-4211653.758178253
-4734031.701850216,663745.0316952604,-4211653.758178253
-4763146.3845317345,405031.03676787537,-4211653.758178253
-4733486.734029669,665423.6915139314,-4212001.382898289
-4733680.097660605,664046.7479588945,-4212001.382898289
-4733728.375989644,663702.5032447516,-4212001.382898289
-4754440.458179803,493944.6123665335,-4212001.382898289
-4762485.94607071,409161.2933084839,-4212001.382898289
-4762515.688528783,408814.95444774715,-4212001.382898289
-4733328.449610735,664348.4129989876,-4212348.9853348285
-4762477.024474126,405671.80960070906,-4212348.9853348285
-4733314.487413941,662240.598452658,-4212696.565502714
-4761335.931616014,415341.77890491014,-4212696.565502714
-4760268.919290356,416992.8101463277,-4213739.172317681
-4765524.88160059,351874.68013652664,-4213739.172317681
-4758799.497637875,426630.1529658432,-4214434.132106213
-4760938.85967096,402053.62902619765,-4214434.132106213
-4758587.184063765,425564.63267205184,-4214781.578573531
-4759394.017058056,405757.82283458195,-4215823.78422065
-4759423.512016927,405411.70883428346,-4215823.78422065
-4759452.981805598,405065.5926899681,-4215823.78422065
-4759118.022306276,405385.6869630812,-4216171.141517512
-4759147.49020339,405039.59303467505,-4216171.141517512
-4759176.932924701,404693.49704727856,-4216171.141517512
-4759235.742874618,404001.2984875319,-4216171.141517512
-4759323.769023015,402962.9847113544,-4216171.141517512
-4759586.488289391,399847.928502805,-4216171.141517512
-4757245.598888242,423352.39354248665,-4216518.476508824
-4757307.122685282,422660.4756865533,-4216518.476508824
-4758900.829942,404321.4414757652,-4216518.476508824
-4759135.249248261,401552.756960269,-4216518.476508824
-4758624.672841596,403949.426065121,-4216865.78920943
-4758829.688480394,401526.975224233,-4216865.78920943
-4749543.653867348,496578.21255252406,-4217213.079609157
-4758348.461629618,403577.450906883,-4217213.079609157
-4758524.102545469,401501.1913647227,-4217213.079609157
-4758698.837505501,399424.85538240493,-4217213.079609157
-4762003.236014664,357882.69217625615,-4217213.079609157
-4762029.249388612,357536.38855477714,-4217213.079609157
-4749238.619533977,496546.3203508577,-4217560.347697829
-4761619.21528169,358898.5402410501,-4217560.347697829
-4761697.401478029,357859.70754522865,-4217560.347697829
-4748933.56007695,496514.4255224421,-4217907.593490282
-4757912.855188251,401449.6172764438,-4217907.593490282
-4757607.193761858,401423.82704732945,-4218254.81697634
-4757125.911393327,403473.76079003955,-4218602.01814584
-4760492.011521198,361598.9777899025,-4218602.01814584
-4756690.05853293,401346.44362357835,-4219296.353569479
-4759801.161005437,362590.93817495974,-4219296.353569479
-4755902.958620974,403370.03653225856,-4219990.5997298425
-4746600.3344455995,495223.6366245079,-4220684.756620581
-4746636.335576393,494878.4527705653,-4220684.756620581
-4746672.31159598,494533.2663823078,-4220684.756620581
-4758497.963860614,363535.84852812614,-4220684.756620581
-4746367.014578869,494501.4589346523,-4221031.8015894145
-4746402.963192032,494156.2920501224,-4221031.8015894145
-4746133.559962239,493779.35689706734,-4221378.824235333
-4723648.511492392,669295.9923401178,-4222419.7582089305
-4723344.472657006,669252.9129336919,-4222766.69153652
-4744983.750649431,492962.14349844266,-4222766.69153652
-4745019.587324065,492617.0772117848,-4222766.69153652
-4753805.86152477,399014.1598771359,-4222766.69153652
-4744678.293805608,492930.40921474644,-4223113.602540345
-4744714.1281732675,492585.3651416227,-4223113.602540345
-4744749.937439925,492240.3185462733,-4223113.602540345
-4744785.721622582,491895.26926489756,-4223113.602540345
-4744480.232769898,491863.5990209151,-4223460.491210245
-4743887.779770775,494591.8917306468,-4223807.357536067
-4743546.281250122,494905.00029042823,-4224154.201532619
-4743797.600180232,492490.21330235153,-4224154.201532619
-4743904.931982315,491455.2655005203,-4224154.201532619
-4743940.659067961,491110.2777545551,-4224154.201532619
-4744012.037991262,490420.29430715455,-4224154.201532619
-4743527.840712831,492113.5330907338,-4224501.023189746
-4743563.6156786205,491768.5726830823,-4224501.023189746
-4743599.365558084,491423.6096747181,-4224501.023189746
-4743635.090342462,491078.64415025053,-4224501.023189746
-4743670.790048713,490733.675945926,-4224501.023189746
-4743043.01426492,493806.4819062777,-4224847.822497289
-4743078.912346712,493461.5567517309,-4224847.822497289
-4743114.785336137,493116.62907029607,-4224847.822497289
-4743150.633250221,492771.6986982313,-4224847.822497289
-4743222.253817189,492081.8302206483,-4224847.822497289
-4743258.026478288,491736.89203598857,-4224847.822497289
-4743293.774054677,491391.9512507837,-4224847.822497289
-4743329.496537598,491047.0079496375,-4224847.822497289
-4743365.193944008,490702.06196880696,-4224847.822497289
-4743436.513492259,490012.16230652586,-4224847.822497289
-4743472.135642281,489667.2085459386,-4224847.822497289
-4743507.732706462,489322.25219574524,-4224847.822497289
-4743649.870083974,487942.4011010066,-4224847.822497289
-4742880.846399169,492395.0380222839,-4225194.599470057
-4742916.641829698,492050.12474742904,-4225194.599470057
-4742952.412185919,491705.20878758584,-4225194.599470057
-4743023.87764032,491015.3691513649,-4225194.599470057
-4743059.572746699,490670.4453958532,-4225194.599470057
-4743095.242769419,490325.519045432,-4225194.599470057
-4743130.887699739,489980.59018470586,-4225194.599470057
-4743166.5075545795,489635.65864993865,-4225194.599470057
-4743202.1023251945,489290.7245257323,-4225194.599470057
-4743237.672002863,488945.78789669747,-4225194.599470057
-4743273.216604469,488600.8485990923,-4225194.599470057
-4742682.51578013,491328.6266053884,-4225541.354097901
-4742718.23365957,490983.7277563586,-4225541.354097901
-4742753.926465731,490638.8262279899,-4225541.354097901
-4742789.594189848,490293.9221048788,-4225541.354097901
-4742825.236823182,489949.0154716246,-4225541.354097901
-4742860.854382653,489604.1061645017,-4225541.354097901
-4742896.446859514,489259.19426810637,-4225541.354097901
-4742305.342614963,491986.7059953018,-4225888.086370658
-4742376.849026891,491296.960385782,-4225888.086370658
-4742412.564604307,490952.083765546,-4225888.086370658
-4742448.255110059,490607.2044661436,-4225888.086370658
-4742483.920535385,490262.3225721662,-4225888.086370658
-4742555.176135458,489572.55109055224,-4225888.086370658
-4719912.807016302,671567.9717497159,-4226234.796303144
-4719559.671500984,671867.8941729016,-4226581.483885197
-4750553.992076251,397349.6299824679,-4226581.483885197
-4752187.702468201,377308.8928037739,-4226581.483885197
-4751826.364387318,377975.6936673266,-4226928.1491066655
-4751853.838992594,377630.13007576676,-4226928.1491066655
-4741451.698312839,485277.2250166081,-4227621.412502126
-4750854.057815405,382418.50621071574,-4227621.412502126
-4750073.815158387,384441.8141817083,-4228314.586458217
-4748744.635631173,396850.53794927464,-4228661.139899191
-4717282.351133218,672593.7396198792,-4229007.670968593
-4740228.123291561,485151.9947857197,-4229007.670968593
-4739957.433297536,484775.9826357626,-4229354.179681215
-4748344.799524117,386734.9775347666,-4230047.129995533
-4715721.390430074,674820.7148493337,-4230393.571601877
-4747106.816768616,394280.35727339884,-4230739.990835799
-4737544.084505322,484181.033981407,-4232125.44399399
-4736625.449751888,484087.14872845006,-4233164.29886659
-4711136.161777103,682907.3321519432,-4234202.952255504
-4711185.811746249,682564.7268293393,-4234202.952255504
-4710881.061084841,682520.5740278437,-4234549.125271883
-4734481.091996685,483867.99354242516,-4235587.509938983
-4708491.755219582,681824.8122891686,-4237317.703025826
-4733018.959622012,483022.99270583654,-4237317.703025826
-4732712.392910837,482991.7063806477,-4237663.674426711
-4731651.873138805,484274.2343148794,-4238701.454148519
-4731687.078046056,483930.137572763,-4238701.454148519
-4731722.257921352,483586.0383539666,-4238701.454148519
-4731757.412781391,483241.9364951416,-4238701.454148519
-4731792.542617543,482897.8320806927,-4238701.454148519
-4731274.735130661,484930.98968440946,-4239047.33589494
-4731309.987791055,484586.9204493847,-4239047.33589494
-4731345.21543839,484242.8485690454,-4239047.33589494
-4731380.418064017,483898.7741277911,-4239047.33589494
-4731415.59565931,483554.69721001724,-4239047.33589494
-4731450.748240967,483210.61765238584,-4239047.33589494
-4731485.875800359,482866.5355392963,-4239047.33589494
-4731520.978328876,482522.45095514803,-4239047.33589494
-4706214.425662335,684640.1361690254,-4239393.195214876
-4730968.056984386,484899.5567735528,-4239393.195214876
-4731003.307359725,484555.50984087173,-4239393.195214876
-4731038.532723627,484211.4602630476,-4239393.195214876
-4731073.733067443,483867.4081244744,-4239393.195214876
-4731108.908382547,483523.3535095422,-4239393.195214876
-4731144.058685637,483179.2962549236,-4239393.195214876
-4731179.183968083,482835.23644501244,-4239393.195214876
-4731214.284221278,482491.1741642028,-4239393.195214876
-4730626.080694396,485212.143444411,-4239739.032123093
-4730661.353811042,484868.12129755213,-4239739.032123093
-4730696.601901141,484524.0966690348,-4239739.032123093
-4730731.824981423,484180.0693955458,-4239739.032123093
-4730767.023043241,483836.0395614738,-4239739.032123093
-4730802.196077971,483492.00725120335,-4239739.032123093
-4730837.344102307,483147.97230141767,-4239739.032123093
-4730872.467107622,482803.934796505,-4239739.032123093
-4730907.565085308,482459.89482085407,-4239739.032123093
-4730942.638052026,482115.8522111486,-4239739.032123093
-4731047.706825567,481083.70917386824,-4239739.032123093
-4731082.679712863,480739.6563764059,-4239739.032123093
-4731222.321040264,479363.41994598974,-4239739.032123093
-4731257.168824125,479019.3544547713,-4239739.032123093
-4731880.150073662,472825.7446785229,-4239739.032123093
-4702623.7628379855,704734.8712418807,-4240084.846609464
-4705454.746003053,685577.9509801529,-4240084.846609464
-4730354.625619609,484836.6832573277,-4240084.846609464
-4730389.87142428,484492.68093479343,-4240084.846609464
-4730425.092220757,484148.67596745904,-4240084.846609464
-4730460.288000391,483804.66843970766,-4240084.846609464
-4730495.45875456,483460.65843591833,-4240084.846609464
-4730530.6044999575,483116.6457927849,-4240084.846609464
-4730565.725227955,482772.6305946902,-4240084.846609464
-4730600.820929946,482428.6129260175,-4240084.846609464
-4730635.891622592,482084.592623461,-4240084.846609464
-4730845.790378129,480020.4174973614,-4240084.846609464
-4731020.017982424,478300.20175866457,-4240084.846609464
-4731158.949712256,476923.9835764407,-4240084.846609464
-4731297.481110565,475547.7250388437,-4240084.846609464
-4731332.051400747,475203.6541744966,-4240084.846609464
-4731538.947714321,473139.1759464151,-4240084.846609464
-4731573.342857513,472795.0874459118,-4240084.846609464
-4731607.712977788,472450.9964450307,-4240084.846609464
-4702318.807923537,704689.1707195326,-4240430.638663859
-4730083.115938131,484461.26263906824,-4240430.638663859
-4730118.334450616,484117.27997970715,-4240430.638663859
-4730153.52794788,483773.2947600951,-4240430.638663859
-4730188.696421302,483429.3070646057,-4240430.638663859
-4730223.839887574,483085.3167299433,-4240430.638663859
-4730258.95833807,482741.3238404854,-4240430.638663859
-4730294.051764181,482397.32848060963,-4240430.638663859
-4730329.120182568,482053.3304870209,-4240430.638663859
-4731094.295869394,474484.7334455582,-4240430.638663859
-4731232.117713076,473108.49390077434,-4240430.638663859
-4731266.510625817,472764.4277136613,-4240430.638663859
-4731300.878517265,472420.35902633256,-4240430.638663859
-4702013.828133574,704643.4664693417,-4240776.408301046
-4703236.500788665,696435.8351251538,-4240776.408301046
-4704394.784924993,688568.1973252964,-4240776.408301046
-4729741.094196335,484773.7994856283,-4240776.408301046
-4729776.335429592,484429.84178051737,-4240776.408301046
-4729811.551657898,484085.88143094926,-4240776.408301046
-4729846.742872607,483741.91852129623,-4240776.408301046
-4729881.909065096,483397.95313592645,-4240776.408301046
-4729917.050252058,483053.9851115549,-4240776.408301046
-4729952.166424864,482710.0145325535,-4240776.408301046
-4729987.257574909,482366.0414832944,-4240776.408301046
-4730022.323718853,482022.0658004932,-4240776.408301046
-4730057.364848085,481678.0875685194,-4240776.408301046
-4730092.380954019,481334.10687174497,-4240776.408301046
-4730925.262683363,473077.8093523646,-4240776.408301046
-4730959.653365471,472733.76548046194,-4240776.408301046
-4730994.01902791,472389.71910850576,-4240776.408301046
-4702830.081167025,697074.6658035187,-4241122.155510904
-4702880.761435793,696732.6644787301,-4241122.155510904
-4702931.416821233,696390.6595513534,-4241122.155510904
-4703285.308164844,693996.5216305193,-4241122.155510904
-4703838.960630211,690233.9418572776,-4241122.155510904
-4703939.301342859,689549.7888598024,-4241122.155510904
-4703989.434372127,689207.706972237,-4241122.155510904
-4704039.542536394,688865.6213576976,-4241122.155510904
-4729399.026993044,485086.2866663866,-4241122.155510904
-4729434.2909603715,484742.35375373083,-4241122.155510904
-4729469.529907642,484398.4183600603,-4241122.155510904
-4729504.743851583,484054.4803221043,-4241122.155510904
-4729539.932783551,483710.53972422937,-4241122.155510904
-4729575.09669492,483366.5966507983,-4241122.155510904
-4729680.438371112,482334.7519349875,-4241122.155510904
-4729715.502240426,481990.7985647929,-4241122.155510904
-4729750.541096652,481646.8426455911,-4241122.155510904
-4729785.554931202,481302.8842617486,-4241122.155510904
-4702423.550352691,697713.3893035577,-4241467.880283303
-4702474.27705965,697371.4176229107,-4241467.880283303
-4702524.978909762,697029.4421721422,-4241467.880283303
-4702778.115091304,695319.5098250528,-4241467.880283303
-4702828.667721654,694977.5122839853,-4241467.880283303
-4703232.193353433,692241.4000396946,-4241467.880283303
-4703282.522136105,691899.3694852606,-4241467.880283303
-4703383.105069223,691215.2974829635,-4241467.880283303
-4703433.359231207,690873.2559566302,-4241467.880283303
-4703483.588519094,690531.2107766154,-4241467.880283303
-4729056.914351318,485398.7240929386,-4241467.880283303
-4729092.201040643,485054.8160585877,-4241467.880283303
-4729127.462720174,484710.90545902983,-4241467.880283303
-4729408.65575628,481959.52878083644,-4241467.880283303
-4730242.630093596,473704.42363386636,-4241467.880283303
-4700996.223566544,705190.0709760396,-4241813.582633011
-4701354.59453955,702796.9170336263,-4241813.582633011
-4701405.690933845,702455.0230761829,-4241813.582633011
-4702016.908343557,698352.0056829519,-4241813.582633011
-4702067.68150526,698010.0634903868,-4241813.582633011
-4702118.4298000885,697668.117606395,-4241813.582633011
-4702472.971532482,695274.3934566948,-4241813.582633011
-4728785.3500710875,485023.3428848224,-4241813.582633011
-4700639.8589977585,705486.1495193565,-4242159.262549898
-4701253.721855566,701383.7992863132,-4242159.262549898
-4701304.715497557,701041.9125862214,-4242159.262549898
-4701457.547233199,700016.230330486,-4242159.262549898
-4701508.441422222,699674.3288114093,-4242159.262549898
-4701660.974792522,698648.6021421163,-4242159.262549898
-4702117.232179598,695571.222810283,-4242159.262549898
-4702167.803104648,695229.2734113806,-4242159.262549898
-4702218.349174435,694887.3202536952,-4242159.262549898
-4729594.297051003,473986.8948238328,-4242159.262549898
-4700283.451389505,705782.1761474758,-4242504.920023842
-4699927.000710043,706078.151016016,-4242850.5550696105
-4728945.847910359,474269.26410730067,-4242850.5550696105
-4699265.3483006945,706328.2068284526,-4243541.757836118
-4728228.211942202,475239.22954128217,-4243541.757836118
-4698654.956359795,706236.4612016103,-4244232.870843087
-4727579.489601358,475521.3008432016,-4244232.870843087
-4698349.723122628,706190.5827867746,-4244578.393670777
-4698044.46503093,706144.7006361514,-4244923.894059317
-4726554.242983926,476459.8065958279,-4245269.371998591
-4697433.874319691,706052.9251329163,-4245614.827478482
-4697128.541696058,706007.0317796894,-4245960.26051374
-4725835.810670169,477428.9022729298,-4245960.26051374
-4696823.184231672,705961.1346927459,-4246305.67109425
-4696517.801935477,705915.2338734303,-4246651.059209899
-4696212.394794438,705869.3293197831,-4246996.424875435
-4695906.962817491,705823.421033148,-4247341.768080746
-4695347.33420795,705390.1398074209,-4248032.387095085
-4723853.069494488,478616.77364959475,-4248032.387095085
-4723510.888698663,478929.1363480794,-4248377.662908754
-4694787.568091323,704956.9287950217,-4248722.916246604
-4694482.005282512,704911.046288917,-4249068.147123385
-4694176.41764695,704865.1600548928,-4249413.355528977
-4720841.778197974,480739.6325327653,-4251139.060408734
-4719471.329931997,481987.19117534894,-4252519.219650021
-4690762.08065723,704701.2892468604,-4253209.164337215
-4717343.87319965,484543.14859321015,-4254588.783788288
-4717000.830515366,484854.56458795315,-4254933.632398463
-4715214.142400645,487096.70111195033,-4256657.537912911
-4713567.913894688,487965.9788709461,-4258380.88063609
-4712537.156840875,488898.42917540926,-4259414.616041029
-4711814.14813957,489862.4669003562,-4260103.660348429
-4711470.359100287,490173.0586727618,-4260448.148712857
-4710782.645508936,490794.09236011194,-4261137.057837525
-4710438.720981146,491104.5340966997,-4261481.478602385
-4708990.912842874,493030.7011246264,-4262858.936267044
-4708302.477111747,493650.9342006425,-4263547.529837825
-4707613.860999886,494270.96691040474,-4264236.03321758
-4707305.439802404,494238.58455110417,-4264580.2510854015
-4706996.993710354,494206.1995780247,-4264924.446399999
-4706652.572950534,494516.0907607566,-4265268.619151298
-4678655.589145546,710190.5237900929,-4265612.769354
-4704548.992403921,496716.51113383955,-4267333.18193439
-4674862.442627604,714484.6861565402,-4269053.030328584
-4702860.971670279,497921.5855762871,-4269053.030328584
-4674451.579350193,715117.6595289407,-4269396.932277477
-4674503.571817636,714777.7218994948,-4269396.932277477
-4674040.6061316235,715750.524633052,-4269740.811655929
-4674092.644623405,715410.6168887487,-4269740.811655929
-4674144.658383779,715070.7054425766,-4269740.811655929
-4673837.712698168,715023.7475745635,-4270084.668453868
-4673374.647344423,715996.375142334,-4270428.502661229
-4673945.908009695,712257.715056851,-4270428.502661229
-4673223.747183202,714929.8204957092,-4270772.314292693
-4672708.578667336,716242.1173415185,-4271116.103338192
-4672401.547805407,716195.0550368755,-4271459.869787654
-4672453.618616195,715855.2665686425,-4271459.869787654
-4672505.664729224,715515.4742330603,-4271459.869787654
-4700554.2895204425,499060.06859355944,-4271459.869787654
-4672094.492226129,716147.9889435079,-4271803.613655764
-4672146.559614987,715808.2228051075,-4271803.613655764
-4699391.034197163,498245.37260663987,-4272834.709696057
-4698427.691318406,498488.75852720503,-4273865.602364492
-4698154.845597955,498114.307699561,-4274209.188054492
-4697700.651531533,499448.061753325,-4274552.751132106
-4697809.502397685,498423.17057994456,-4274552.751132106
-4669745.481601039,713007.5967537822,-4274896.291612005
-4697464.114271364,498731.9832281358,-4274896.291612005
-4668875.246497864,712527.2816128831,-4275926.777389537
-4664504.154713101,718456.7368521716,-4279703.483646496
-4664660.786649778,717439.0828188338,-4279703.483646496
-4664144.28441645,718748.5442870348,-4280046.684819059
-4663784.371694487,719040.2992963997,-4280389.863356609
-4664045.513810218,717344.4519760166,-4280389.863356609
-4663476.715509372,718992.8663154137,-4280733.019249094
-4663528.989806305,718653.7268717957,-4280733.019249094
-4663581.239452723,718314.583546189,-4280733.019249094
-4663633.464435804,717975.4364217751,-4280733.019249094
-4685930.019706799,509916.9006789037,-4286220.4335303
-4685471.616618096,511246.1492987956,-4286563.204327374
-4685124.527013931,511553.0483235966,-4286905.952446743
-4657222.917917946,714561.7403767552,-4288276.718217889
-4656142.098498981,715435.6700408914,-4289304.554425885
-4680260.589405637,515844.3303366836,-4291702.044890337
-4652797.505175753,716653.603883027,-4292729.200388928
-4652180.380694322,716558.5504268708,-4293413.857211179
-4651819.663088067,716849.30980832,-4293756.151568758
-4651458.903216314,717140.0166424026,-4294098.423210607
-4650889.21214432,718783.5903329337,-4294440.672151343
-4676310.788478115,517474.3067029312,-4295809.440776618
-4675727.343957896,517065.5540834974,-4296493.68878214
-4675566.975366716,515671.16429391043,-4296835.77870692
-4675604.463671631,515331.14607795695,-4296835.77870692
-4648314.797476329,719077.9542382824,-4297177.845899687
-4674531.794876793,519342.1709400613,-4297519.8903750535
-4675058.118898743,514582.7209980325,-4297519.8903750535
-4647335.913632394,719272.5798883123,-4298203.911133507
-4673683.498170458,521312.47562837147,-4298203.911133507
-4647027.004898237,719224.7697910229,-4298545.887421184
-4673182.987204156,522977.0758265284,-4298545.887421184
-4673863.5587142445,516859.4472943693,-4298545.887421184
-4645325.123746591,719999.1321122649,-4300255.4278142955
-4644963.70941991,720289.0249160695,-4300597.267677769
-4670549.813546781,526809.6696521345,-4300939.084797544
-4644293.165049722,720530.9123236042,-4301280.879163618
-4643984.05260942,720482.9556032366,-4301622.650790582
-4667755.492859569,529244.8070833604,-4303672.802741238
-4641353.057372021,721111.7680059131,-4304356.0046616485
-4640629.470389768,721690.6070161237,-4305039.115535964
-4666119.562491729,526997.2692837116,-4305722.135333342
-4639596.307944598,722221.0718556846,-4306063.61108083
-4664413.248457912,530927.3536734823,-4307087.901672263
-4637891.282369751,722992.0439574379,-4307770.648176725
-4663595.201533909,529803.6442339936,-4308111.987261507
-4663279.9643216375,527020.0134816248,-4308794.597070766
-4636495.159464163,723810.5477999535,-4309135.867799822
-4662661.213264819,529697.5393155237,-4309135.867799822
-4662349.834527638,529662.1654070761,-4309477.115731837
-4662038.4311261615,529626.7886966629,-4309818.340881385
-4661649.927817637,530269.4242629323,-4310159.543238472
-4634630.5999448,725591.1324486554,-4310841.879559861
-4631940.902522341,726550.5021124885,-4313570.312794333
-4631215.3413228,727126.8646529986,-4314252.193022127
-4657714.662694198,528792.5035454507,-4314593.09890488
-4626698.958129977,731590.0116901015,-4318341.557315061
-4626282.313835432,732213.8354383787,-4318682.189266317
-4653198.328178843,535135.9329623869,-4318682.189266317
-4625865.561484646,732837.5495897859,-4319022.79838641
-4625448.701097534,733461.1542046951,-4319363.384665367
-4652223.276028718,535366.5947783667,-4319703.948093207
-4624774.834755935,733699.0824548252,-4320044.488684482
-4651872.242944962,535668.9753056823,-4320044.488684482
-4652180.218951728,530220.337799192,-4320385.006429214
-4652218.765355074,529882.0203590174,-4320385.006429214
-4652257.2871644255,529543.7000353656,-4320385.006429214
-4651170.044874474,536273.5830969235,-4320725.501317431
-4651868.040326198,530184.7580390598,-4320725.501317431
-4623630.301265269,734896.3811723727,-4321065.973363679
-4623159.519102931,735855.6869404573,-4321406.422557978
-4622849.152050353,735806.2866634962,-4321746.848890367
-4622538.760542404,735756.8824940406,-4322087.252375379
-4649882.271010893,536467.7516802195,-4322087.252375379
-4649570.018866133,536431.7264227412,-4322427.633003046
-4648906.423346279,536697.7468594318,-4323108.325670976
-4648555.060634841,536999.7442080786,-4323448.637715807
-4620354.553222717,737476.4559044808,-4324129.193201872
-4647266.478656351,537193.3592420543,-4324809.657215361
-4646954.0377158215,537157.2431296734,-4325149.854919474
-4646524.279967714,538134.8513183967,-4325490.029750045
-4646641.572199892,537121.1241765381,-4325490.029750045
-4618168.846124019,739194.1225799344,-4326170.3107752055
-4645156.721978542,539003.503183767,-4326850.500284611
-4616710.875662797,740338.1737801264,-4327530.5982720405
-4614995.313858849,741095.8286118482,-4329230.44268551
-4614630.551016797,741381.496640739,-4329570.342893292
-4642459.265136206,540401.3485270535,-4329570.342893292
-4642498.551949129,540063.7379875544,-4329570.342893292
-4642107.2005950315,540702.5274825223,-4329910.220195999
-4613954.84481236,741617.1393574345,-4330250.074608146
-4641794.422870569,540666.0958149954,-4330250.074608146
-4613279.031140422,741852.6720227012,-4330929.714720948
-4641129.46846231,540930.7378194492,-4330929.714720948
-4612914.102165164,742138.1277928564,-4331269.500426159
-4640385.639189086,541870.1969540694,-4331609.263225465
-4639720.422129698,542134.5314999634,-4332288.720091025
-4638936.6495578475,543410.832668827,-4332968.085311404
-4610250.158545587,744805.3735705136,-4333647.358880379
-4637997.651964199,543300.8373179986,-4333986.961279896
-4609208.340971195,745324.9587642341,-4334666.097332602
-4637411.0232793065,542890.2520794829,-4334666.097332602
-4637097.923310678,542853.5982396484,-4335005.6309659
-4606011.793761171,749277.0731812272,-4337381.724420617
-4632748.693055103,544735.2285847764,-4339417.481383295
-4632867.425594044,543724.5066526647,-4339417.481383295
-4632395.644787577,545035.2538001483,-4339756.693902101
-4632514.442790268,544024.6088840795,-4339756.693902101
-4632553.993129864,543687.721461918,-4339756.693902101
-4602371.350376644,755901.2340171542,-4340095.883461978
-4632082.19854615,544998.3745556171,-4340095.883461978
-4632200.988510497,543987.7980237872,-4340095.883461978
-4631808.346274115,544624.6592332685,-4340435.050077411
-4630430.717438352,548218.3176082829,-4341452.412182136
-4600392.279365862,756263.3536581289,-4342130.538786774
-4628035.861418426,549641.2426661522,-4343825.453420686
-4627079.536020466,554988.2125609823,-4344164.367431208
-4625582.133045052,556856.0430477672,-4345519.793738784
-4594745.669512318,769068.4776301057,-4345858.592869021
-4594801.585591625,768734.3363159858,-4345858.592869021
-4594857.477384757,768400.1908562235,-4345858.592869021
-4594913.3448779965,768066.0413327764,-4345858.592869021
-4594969.188057647,767731.8878276126,-4345858.592869021
-4595025.006950219,767397.7301821006,-4345858.592869021
-4593929.649792673,772023.187723726,-4346197.369008069
-4623850.955081681,558012.1979585296,-4347213.559525196
-4623415.24068732,558983.0053643101,-4347552.243722219
-4591977.414472077,774098.8979642467,-4347890.904927225
-4623060.691397763,559281.2552767699,-4347890.904927225
-4623223.184128867,557936.4377637056,-4347890.904927225
-4623385.285661538,556591.5730403223,-4347890.904927225
-4622949.82129109,557562.364290804,-4348229.543130298
-4623030.866549336,556889.9776266031,-4348229.543130298
-4622392.165947263,559541.4519135759,-4348568.158345896
-4621397.067856913,562490.2573544334,-4349245.319775014
-4621723.52931412,559801.5425124901,-4349245.319775014
-4621409.525944311,559763.5091750007,-4349583.865993074
-4589598.823919563,776787.51492275,-4349922.389208376
-4620523.241857994,564429.9596174743,-4349922.389208376
-4621054.7815266065,560061.5269716204,-4349922.389208376
-4621095.49813419,559725.4728772035,-4349922.389208376
-4589230.414327169,777068.464342432,-4350260.889410999
-4620085.987409498,565399.5604910118,-4350260.889410999
-4620577.632344639,561367.5601042842,-4350260.889410999
-4620740.7320525,560023.4648762054,-4350260.889410999
-4620781.445892961,559687.4336202132,-4350260.889410999
-4588861.963882317,777349.3600947775,-4350599.366615406
-4588436.909571421,777963.884967125,-4350937.820811683
-4619416.780502734,565658.6315439992,-4350937.820811683
-4618061.9849255355,568901.7442985763,-4351953.045325702
-4617747.86423096,568863.0475873481,-4352291.407463435
-4586820.2531939875,778032.9388721762,-4352629.74659221
-4585143.350372995,785983.7794927526,-4352968.062702114
-4585200.49659296,785650.3364341436,-4352968.062702114
-4585257.618577819,785316.8891406013,-4352968.062702114
-4585314.716313555,784983.4376939125,-4352968.062702114
-4585371.789786169,784649.9821758677,-4352968.062702114
-4585428.839022756,784316.5224281772,-4352968.062702114
-4585884.359848129,781648.6955120766,-4352968.062702114
-4585941.190823617,781315.1984971685,-4352968.062702114
-4586451.578152962,778313.539875554,-4352968.062702114
-4584659.759892828,786930.5297906921,-4353306.355783243
-4585742.700000642,780595.0692183808,-4353306.355783243
-4585799.454354633,780261.5825080563,-4353306.355783243
-4584290.4939015675,787210.352657279,-4353644.6258500395
-4583921.187215624,787490.121813341,-4353982.872892601
-4583609.115973981,787436.5098488113,-4354321.096901024
-4615072.533346992,575008.0843160738,-4354321.096901024
-4614674.62087217,575640.115680504,-4354659.297889748
-4614800.096241624,574633.3361637397,-4354659.297889748
-4582927.632446335,787662.5553559158,-4354997.475848869
-4614192.733614239,576943.1535355379,-4354997.475848869
-4582615.492388945,787608.9081995671,-4355335.630768484
-4614004.215206531,575897.2524807262,-4355335.630768484
-4614129.746690486,574890.6192176688,-4355335.630768484
-4582246.04333316,787888.4893222031,-4355673.762663037
-4613564.170202247,576864.5600787735,-4355673.762663037
-4613648.022950222,576193.5382979723,-4355673.762663037
-4581876.553617857,788168.0167076935,-4356011.871522621
-4581507.023272105,788447.4902714483,-4356349.9573373385
-4612430.412084138,580811.2799251701,-4356349.9573373385
-4612200.500438008,580100.8869913052,-4356688.020121625
-4612242.674372506,579765.4767454434,-4356688.020121625
-4580710.450355235,789339.3970014385,-4357026.059865577
-4611674.916488903,581738.2386256898,-4357026.059865577
-4580028.495464719,789564.8472137187,-4357702.070217232
-4579658.761956488,789844.0520521994,-4358040.04082947
-4579716.188931632,789511.007753915,-4358040.04082947
-4579830.9702083925,788844.9067130568,-4358040.04082947
-4579888.324523175,788511.849894074,-4358040.04082947
-4579945.6546172295,788178.7889050483,-4358040.04082947
-4580002.960476501,787845.7238276781,-4358040.04082947
-4580060.242128193,787512.6545038512,-4358040.04082947
-4580117.499558249,787179.5810152675,-4358040.04082947
-4580174.732752629,786846.5034436227,-4358040.04082947
-4580231.941738505,786513.4216308065,-4358040.04082947
-4580289.126501834,786180.335658516,-4358040.04082947
-4579288.987864757,790123.2030335348,-4358377.988386114
-4579346.435127528,789790.1857051693,-4358377.988386114
-4579403.858186226,789457.1641200773,-4358377.988386114
-4578919.173154784,790402.3003090889,-4358715.912901598
-4578976.640728846,790069.3097937461,-4358715.912901598
-4579034.084073217,789736.3151800443,-4358715.912901598
-4579148.898140598,789070.3132650083,-4358715.912901598
-4579435.509481937,787405.2356406486,-4358715.912901598
-4579492.759101923,787072.2075841926,-4358715.912901598
-4609891.049926152,583216.1678392906,-4358715.912901598
-4578606.805723322,790348.3801748751,-4359053.81436603
-4578664.269377026,790015.4123756775,-4359053.81436603
-4578721.708802692,789682.4404784002,-4359053.81436603
-4578836.5150376195,789016.4839970788,-4359053.81436603
-4579008.5427617505,788017.5180640777,-4359053.81436603
-4579065.836895556,787684.5211358203,-4359053.81436603
-4579123.106826735,787351.519961975,-4359053.81436603
-4609534.147671492,583511.5979236541,-4359053.81436603
-4578236.930140067,790627.396764023,-4359391.692769509
-4578294.41408541,790294.455862201,-4359391.692769509
-4578351.873818453,789961.5107809087,-4359391.692769509
-4578524.107726977,788962.6505577307,-4359391.692769509
-4578581.470594027,788629.6888560784,-4359391.692769509
-4578638.809261029,788296.722903848,-4359391.692769509
-4578753.413938619,787630.7785743477,-4359391.692769509
-4578810.679962355,787297.8001206849,-4359391.692769509
-4609177.202449402,583806.9761769747,-4359391.692769509
-4577924.518204979,790573.4455512033,-4359729.548126468
-4578039.454039782,789907.6050071373,-4359729.548126468
-4578096.885627129,789574.6785479913,-4359729.548126468
-4578154.293017007,789241.7478332802,-4359729.548126468
-4578383.680444149,787909.9833329127,-4359729.548126468
-4578440.966759461,787577.0318462023,-4359729.548126468
-4577554.581764858,790852.3813581816,-4360067.380427009
-4577612.082059551,790519.4901574384,-4360067.380427009
-4577784.437717896,789520.791318503,-4360067.380427009
-4577841.84118981,789187.8833257892,-4360067.380427009
-4577899.220451818,788854.9711594553,-4360067.380427009
-4578013.906331146,788189.1343928776,-4360067.380427009
-4577242.125343122,790798.3990624411,-4360405.18966124
-4577471.9656065665,789466.8999149302,-4360405.18966124
-4576872.128043638,791077.2542350638,-4360742.975843592
-4577044.605404837,790078.7168157767,-4360742.975843592
-4577102.049452198,789745.862623714,-4360742.975843592
-4576617.1398661025,790690.4219222486,-4361080.738964165
-4576674.628385254,790357.5988946214,-4361080.738964165
-4576732.092714472,790024.7716073116,-4361080.738964165
-4576789.532839652,789691.9401419576,-4361080.738964165
-4607434.382918849,584948.0278904969,-4361080.738964165
-4576247.102020197,790969.2232792894,-4361418.479013073
-4576304.610829129,790636.4270809594,-4361418.479013073
-4576419.555827572,789970.8222220975,-4361418.479013073
-4575819.470353989,791580.7358340851,-4361756.196004736
-4575877.023620693,791247.9708122564,-4361756.196004736
-4576106.994730794,789916.8686578308,-4361756.196004736
-4575276.465341411,792857.5919638977,-4362093.889929264
-4575334.111478967,792524.8663472711,-4362093.889929264
-4574790.819486387,793801.5088684381,-4362431.560776771
-4575309.381474408,790807.1454729079,-4362431.560776771
-4574881.700798716,791418.5090855398,-4362769.208561675
-4574939.242270441,791085.8122606557,-4362769.208561675
-4573992.356520136,794690.9361080892,-4363106.833274087
-4574569.062553759,791364.425131049,-4363106.833274087
-4574486.389430173,789979.7063357712,-4363444.434904122
-4573077.865703345,796245.171516338,-4363782.013466192
-4572707.301361542,796523.2727164146,-4364119.568950417
-4571711.288276041,796692.3328205299,-4365132.096910058
-4571340.6026464,796970.2722264548,-4365469.560056941
-4570483.0662985565,798190.7476679081,-4366144.417104809
-4570112.219019117,798468.471450424,-4366481.810986025
-4602056.608364202,586986.0030184556,-4366481.810986025
-4569683.232810066,799078.4600930756,-4366819.181783214
-4569741.331356743,798746.1412113818,-4366819.181783214
-4601741.608550138,586945.8252245812,-4366819.181783214
-4569079.568009489,800685.1741862927,-4367156.52948649
-4569137.783387351,800352.8992798406,-4367156.52948649
-4569195.974615311,800020.6200609811,-4367156.52948649
-4568591.955079393,801627.0844383022,-4367493.854085979
-4600625.567900478,588163.5658424965,-4367831.155596087
-4600668.32820018,587828.9973282274,-4367831.155596087
-4567907.938940349,801849.4830771914,-4368168.434006931
-4600310.482455416,588123.2839773071,-4368168.434006931
-4599952.593930009,588417.5184973985,-4368505.68930864
-4599637.4627598245,588377.2074947578,-4368842.921515608
-4566109.884155379,802903.0787511467,-4369854.479493623
-4565112.437773897,803069.9416295242,-4370865.829481981
-4596842.937260642,587679.9782319521,-4371876.97143255
-4596527.559980864,587639.6590573697,-4372213.97251316
-4596212.158399929,587599.3367760241,-4372550.950463247
-4595896.732504372,587559.0113861935,-4372887.905297197
-4594492.863731042,593493.0351302125,-4373561.745577221
-4594134.248783226,593786.3838536796,-4373898.631027811
-4594177.417992633,593452.2874668121,-4373898.631027811
-4594349.851896131,592115.8703117514,-4373898.631027811
-4593818.781712836,593745.6101102912,-4374235.493347055
-4593861.947957926,593411.5366649405,-4374235.493347055
-4593905.089918753,593077.4600011535,-4374235.493347055
-4593460.102771987,594038.8806702925,-4374572.332525084
-4593503.290355623,593704.8332278597,-4374572.332525084
-4593546.453636169,593370.7827257921,-4374572.332525084
-4593933.830012897,590364.1867263665,-4374572.332525084
-4593144.590080914,593998.0777022361,-4374909.148576286
-4593317.1827920545,592661.9609615491,-4374909.148576286
-4593360.270233295,592327.9239963588,-4374909.148576286
-4593618.284782746,590323.6361633706,-4374909.148576286
-4593259.77652322,590617.1152635323,-4375245.941490792
-4593302.715259261,590283.08247845,-4375245.941490792
-4593345.629713939,589949.0464914923,-4375245.941490792
-4593474.227315398,588946.9198981889,-4375245.941490792
-4593517.04460113,588612.8714420525,-4375245.941490792
-4592944.185665851,590576.5355073566,-4375582.711258739
-4592987.121451684,590242.5256727928,-4375582.711258739
-4593158.621723677,588906.4548967655,-4375582.711258739
-4593201.436067546,588572.4293922243,-4375582.711258739
-4592885.8032352505,588531.9842287614,-4375919.457894516
-4592741.1370506175,587155.5866242683,-4376256.181388255
-4592425.443895168,587115.227066795,-4376592.881730099
-4591853.129583321,589078.4943129166,-4376929.558934424
-4591895.956441701,588744.5637459977,-4376929.558934424
-4592067.021020396,587408.810440379,-4376929.558934424
-4592109.726445117,587074.8644033963,-4376929.558934424
-4556392.216829061,817601.0439228731,-4377266.212991367
-4591494.557305094,589371.8951917439,-4377266.212991367
-4591537.4054908585,589037.9907802998,-4377266.212991367
-4591580.229404572,588704.0831735936,-4377266.212991367
-4591708.555439187,587702.3417605112,-4377266.212991367
-4555900.416270937,818538.7823304754,-4377602.843891077
-4555959.9300487405,818207.4657121061,-4377602.843891077
-4591178.811884435,589331.3655832146,-4377602.843891077
-4591221.657123638,588997.4841335289,-4377602.843891077
-4591264.478092461,588663.599488801,-4377602.843891077
-4591392.79530242,587661.9269629315,-4377602.843891077
-4555467.981290198,819145.0598913963,-4377939.451647925
-4590820.175594303,589624.6883068612,-4377939.451647925
-4590863.042175766,589290.8328570358,-4377939.451647925
-4591034.265691143,587955.3800710198,-4377939.451647925
-4555095.0441786945,819419.9710037,-4378276.036252053
-4590590.087533732,588916.4614935234,-4378276.036252053
-4554722.0671087615,819694.8277934495,-4378612.597693607
-4590274.266329539,588875.9455026615,-4378612.597693607
-4590402.629889776,587874.4890024354,-4378612.597693607
-4589958.4208421195,588835.426396559,-4378949.135986955
-4590086.775569974,587834.0388040927,-4378949.135986955
-4589813.630398186,587459.8063577062,-4379285.651122246
-4589856.339547641,587126.0241116453,-4379285.651122246
-4589540.430806962,587085.6136436098,-4379622.143089625
-4553229.759118854,820793.7126265009,-4379958.611903459
-4589010.7387502305,588713.8503957543,-4379958.611903459
-4552796.860443305,821399.3890346412,-4380295.057553898
-4588694.796176906,588673.3188347197,-4380295.057553898
-4588993.868341194,586337.3475191784,-4380295.057553898
-4588677.880914745,586296.9736954627,-4380631.4800310815
-4588361.869213503,586256.5967701481,-4380967.879349384
-4551736.812076245,821891.7290840254,-4381304.255498956
-4588045.833246722,586216.2167444171,-4381304.255498956
-4587729.773023661,586175.8336194528,-4381640.608469938
-4587413.688530819,586135.4473935299,-4381976.938276702
-4549929.587741986,822932.1498111894,-4382985.788637373
-4549556.071689379,823206.2738108978,-4383322.025737178
-4549182.515778531,823480.3434833598,-4383658.23964773
-4548808.92001667,823754.3587406591,-4383994.430383385
-4548435.28439047,824028.3197371546,-4384330.597934301
-4547747.846471462,824245.359284922,-4385002.863466733
-4547314.138513061,824849.8765494552,-4385338.96145276
-4547000.336238045,824792.9550877035,-4385675.036238869
-4546626.521384841,825066.6714815802,-4386011.087839414
-4545938.800613246,825283.3532268739,-4386683.121444449
-4545564.886258674,825556.9336797433,-4387019.103453445
-4545190.932117395,825830.4597460775,-4387355.0622617025
-4544502.988373079,826046.8651927841,-4388026.910260844
-4544128.934799643,826320.255267472,-4388362.799456234
-4542524.556185832,829782.9728619761,-4389370.327780177
-4542584.887685204,829452.6290132287,-4389370.327780177
-4542645.195175608,829122.2806986395,-4389370.327780177
-4542705.478642243,828791.9279992412,-4389370.327780177
-4542765.7380703315,828461.570996064,-4389370.327780177
-4542825.973488479,828131.2095322834,-4389370.327780177
-4543006.535578863,827140.0989498015,-4389370.327780177
-4580793.402027489,582581.2677595966,-4389370.327780177
-4580094.483262312,585538.784544133,-4389706.124125478
-4580137.052736806,585205.7090995307,-4389706.124125478
-4579526.594525136,582420.1562979006,-4390713.373880712
-4540338.182954212,831089.7032879664,-4391384.757624498
-4578872.063339595,579968.4707671768,-4391720.414653487
-4538739.916614009,836256.3222345783,-4392056.048464929
-4578597.369266701,579595.3737623236,-4392056.048464929
-4539153.785057256,832237.6037630131,-4392391.659048994
-4576843.981023785,580726.1499554855,-4393733.8690599175
-4577073.916499956,576359.0823591936,-4394069.363480488
-4577366.721544289,574029.0283784136,-4394069.363480488
-4534821.953023433,843379.3351093143,-4394740.282597744
-4535005.841929223,842389.9703703234,-4394740.282597744
-4535678.254474725,838761.9569328423,-4394740.282597744
-4575341.9908398995,584931.205672836,-4394740.282597744
-4577065.684270254,571286.7672092203,-4394740.282597744
-4577107.217306763,570953.9121426865,-4394740.282597744
-4535302.972055355,839033.6577138588,-4395075.707298927
-4574598.410165035,588217.5726942918,-4395075.707298927
-4575618.075469926,580232.500420067,-4395075.707298927
-4576914.513796152,569915.8363416177,-4395075.707298927
-4574238.603540135,588509.4586332618,-4395411.108756767
-4574452.289224182,586846.1797006523,-4395411.108756767
-4574494.953790062,586513.5145645565,-4395411.108756767
-4574750.433120723,584517.4588319551,-4395411.108756767
-4575089.717377537,581855.878172544,-4395411.108756767
-4573921.561220763,588468.6688057281,-4395746.486961439
-4574092.546305332,587138.1440514404,-4395746.486961439
-4575655.808253996,574828.4498505957,-4395746.486961439
-4576652.103532484,566841.5524622893,-4395746.486961439
-4573647.274296936,588095.2723781826,-4396081.841927269
-4573775.4679364115,587097.4433434502,-4396081.841927269
-4576169.778033553,568133.4365179538,-4396081.841927269
-4531834.125083389,850668.2655500673,-4396417.173644435
-4573372.9330574395,587721.9159278255,-4396417.173644435
-4574180.633714429,581402.2406528443,-4396417.173644435
-4575811.184409379,568426.8113999523,-4396417.173644435
-4577162.133081642,557444.0265782748,-4396417.173644435
-4577202.659455273,557111.1644545037,-4396417.173644435
-4574662.3693678165,575041.5788533519,-4396752.482103113
-4576844.749523424,557405.3730275552,-4396752.482103113
-4576925.772435871,556739.6920755914,-4396752.482103113
-4576966.247589474,556406.8471423152,-4396752.482103113
-4576527.341752959,557366.7165280714,-4397087.767317627
-4576567.862506124,557033.9005678365,-4397087.767317627
-4576608.359046404,556701.0817416033,-4397087.767317627
-4576648.831393023,556368.2598913842,-4397087.767317627
-4576729.703465558,555702.6074455256,-4397087.767317627
-4576209.909779544,557328.0570809554,-4397423.0292781545
-4576452.654389188,555331.2558359157,-4397423.0292781545
-4576493.02711966,554998.4453124797,-4397423.0292781545
-4576694.527706845,553334.3488636436,-4397423.0292781545
-4575689.514983122,558953.199232365,-4397758.2679748805
-4576135.181382687,555292.7319623594,-4397758.2679748805
-4576417.2626413815,552963.1584984126,-4397758.2679748805
-4575858.051296557,554921.4408043236,-4398093.483422122
-4576099.745855282,552924.7933155977,-4398093.483422122
-4575621.183133635,554217.4429138041,-4398428.675610057
-4575741.985730349,553219.1840452056,-4398428.675610057
-4574703.370512639,556469.357920325,-4399098.990192883
-4527259.6101173945,855946.0736528372,-4400104.287582056
-4572112.8347008815,569655.5846873452,-4400104.287582056
-4573790.996687613,556020.8422544443,-4400104.287582056
-4572488.236660668,550801.6159348068,-4402114.254024243
-4565496.520948349,603592.453168106,-4402449.166962299
-4565540.403361378,603260.4392696283,-4402449.166962299
-4565584.261619036,602928.4222604908,-4402449.166962299
-4564959.356625015,605210.3958316296,-4402784.056609983
-4565003.356689029,604878.4210722423,-4402784.056609983
-4565135.212049231,603882.4774483652,-4402784.056609983
-4565179.115554379,603550.4898242472,-4402784.056609983
-4565222.994916588,603218.4990082538,-4402784.056609983
-4565266.850125103,602886.505081817,-4402784.056609983
-4564333.287366568,607491.8862988489,-4403118.922981591
-4564465.712912376,606496.0887992235,-4403118.922981591
-4564597.92120572,605500.2624325283,-4403118.922981591
-4564641.942360941,605168.3138770283,-4403118.922981591
-4564685.939365509,604836.3622007652,-4403118.922981591
-4564729.912240308,604504.4072461548,-4403118.922981591
-4564773.860974543,604172.4490946286,-4403118.922981591
-4564817.785557442,603840.4878276059,-4403118.922981591
-4564861.686009859,603508.5232875067,-4403118.922981591
-4564905.562321014,603176.555555754,-4403118.922981591
-4564949.414480155,602844.5847137743,-4403118.922981591
-4563971.683370894,607781.5425760974,-4403453.7660673205
-4564015.870427158,607449.6395558692,-4403453.7660673205
-4564060.033346636,607117.7333231409,-4403453.7660673205
-4564104.172118502,606785.8239593339,-4403453.7660673205
-4564148.28676371,606453.9113068823,-4403453.7660673205
-4564192.37727143,606121.9954472025,-4403453.7660673205
-4564236.4436308555,605790.0764617083,-4403453.7660673205
-4564280.485862907,605458.1541928331,-4403453.7660673205
-4564324.5039567705,605126.2287219958,-4403453.7660673205
-4564368.497901659,604794.3001306124,-4403453.7660673205
-4564412.467718457,604462.3682611099,-4403453.7660673205
-4564456.41339637,604130.4331949137,-4403453.7660673205
-4564500.334924627,603798.4950134377,-4403453.7660673205
-4564544.232324079,603466.5535591128,-4403453.7660673205
-4564588.105583948,603134.6089133566,-4403453.7660673205
-4564631.954693484,602802.6611575893,-4403453.7660673205
-4564675.7796735,602470.7101342371,-4403453.7660673205
-4564719.580513239,602138.755924716,-4403453.7660673205
-4564763.3572019655,601806.7986104588,-4403453.7660673205
-4564807.10976046,601474.8380338793,-4403453.7660673205
-4563610.037268479,608071.1461784752,-4403788.585857362
-4563654.245375664,607739.2695367803,-4403788.585857362
-4563698.429358585,607407.3896014082,-4403788.585857362
-4563742.589206398,607075.5064537594,-4403788.585857362
-4563786.72490828,606743.6201752496,-4403788.585857362
-4563830.836485182,606411.730608324,-4403788.585857362
-4563874.923926273,606079.8378343933,-4403788.585857362
-4563918.987220751,605747.9419348657,-4403788.585857362
-4563963.026389533,605416.0427521853,-4403788.585857362
-4564007.041421805,605084.1403677656,-4403788.585857362
-4564051.032306782,604752.2348630169,-4403788.585857362
-4564094.999065346,604420.3260803769,-4403788.585857362
-4564138.941686705,604088.4141012655,-4403788.585857362
-4564182.860160087,603756.4990070913,-4403788.585857362
-4564226.754506342,603424.5806402956,-4403788.585857362
-4564270.624714694,603092.6590822905,-4403788.585857362
-4564314.470774392,602760.7344144909,-4403788.585857362
-4564358.292706248,602428.8064793336,-4403788.585857362
-4564402.090499507,602096.8753582288,-4403788.585857362
-4564445.864143433,601764.941132604,-4403788.585857362
-4564489.613658805,601433.0036448837,-4403788.585857362
-4564533.339034885,601101.0629764842,-4403788.585857362
-4564577.040260955,600769.1192088313,-4403788.585857362
-4563248.349030519,608360.6972571339,-4404123.382366014
-4563292.578206017,608028.846837734,-4404123.382366014
-4563336.783237946,607696.9932824217,-4404123.382366014
-4563380.964147291,607365.1364336613,-4404123.382366014
-4563425.120923207,607033.2763728477,-4404123.382366014
-4563469.253554869,606701.4131813911,-4404123.382366014
-4563513.362063232,606369.5467017472,-4404123.382366014
-4563557.446437462,606037.6770153213,-4404123.382366014
-4563601.506666759,605705.804203516,-4404123.382366014
-4563645.542772037,605373.9281087862,-4404123.382366014
-4563689.554742485,605042.0488125399,-4404123.382366014
-4563733.542567318,604710.1663961816,-4404123.382366014
-4563777.506267416,604378.2807021601,-4404123.382366014
-4563821.445831988,604046.3918118896,-4404123.382366014
-4563865.361250264,603714.4998067728,-4404123.382366014
-4563909.25254309,603382.6045292624,-4404123.382366014
-4563953.119699692,603050.7060607644,-4404123.382366014
-4563996.96270932,602718.8044826882,-4404123.382366014
-4564040.781592785,602386.8996374817,-4404123.382366014
-4564084.576339331,602054.9916065494,-4404123.382366014
-4564128.346938225,601723.080471313,-4404123.382366014
-4564172.093410243,601391.1660742079,-4404123.382366014
-4564215.815744649,601059.2484966449,-4404123.382366014
-4564259.513930724,600727.3278200442,-4404123.382366014
-4564303.1879892135,600395.4038868385,-4404123.382366014
-4562886.618682883,608650.195727302,-4404458.155583477
-4562930.868912262,608318.371612914,-4404458.155583477
-4562975.095010592,607986.5442814337,-4404458.155583477
-4563019.296967032,607654.713814259,-4404458.155583477
-4563063.474802567,607322.8800538654,-4404458.155583477
-4563107.628506351,606991.043081642,-4404458.155583477
-4563151.758067562,606659.2029789934,-4404458.155583477
-4563195.863507151,606327.3595883864,-4404458.155583477
-4563239.944814287,605995.5129912205,-4404458.155583477
-4563284.00197817,605663.6632688924,-4404458.155583477
-4563328.035019712,605331.8102638685,-4404458.155583477
-4563372.0439281035,604999.9540575506,-4404458.155583477
-4563416.028692559,604668.094731338,-4404458.155583477
-4563459.989333959,604336.2321276901,-4404458.155583477
-4563503.925841511,604004.3663280156,-4404458.155583477
-4563547.838204448,603672.4974137116,-4404458.155583477
-4563591.726443613,603340.6252272415,-4404458.155583477
-4563635.590548234,603008.749850006,-4404458.155583477
-4563679.43050756,602676.8713634085,-4404458.155583477
-4563723.246342403,602344.989609908,-4404458.155583477
-4563767.038042005,602013.1046709034,-4404458.155583477
-4563810.8055956345,601681.2166278107,-4404458.155583477
-4563854.549024068,601349.3253230762,-4404458.155583477
-4563898.268316567,601017.4308381052,-4404458.155583477
-4563941.963462417,600685.5332543119,-4404458.155583477
-4563985.6344823595,600353.6324141403,-4404458.155583477
-4564029.281365675,600021.7283989978,-4404458.155583477
-4564072.904101664,599689.8212903013,-4404458.155583477
-4521042.022534061,864649.923459492,-4404792.905499941
-4562569.117520283,608607.8437775585,-4404792.905499941
-4562613.364670581,608276.0427526204,-4404792.905499941
-4562657.587691508,607944.2385108138,-4404792.905499941
-4562701.786572226,607612.4311335312,-4404792.905499941
-4562745.961333716,607280.6204632587,-4404792.905499941
-4562790.111965137,606948.80658138,-4404792.905499941
-4562834.238455663,606616.9895692937,-4404792.905499941
-4562878.340826245,606285.169269478,-4404792.905499941
-4562922.419066055,605953.3457633263,-4404792.905499941
-4562966.473164289,605621.5191322301,-4404792.905499941
-4563010.503141863,605289.6892186664,-4404792.905499941
-4563054.508987965,604957.8561040316,-4404792.905499941
-4563098.490691812,604626.019869719,-4404792.905499941
-4563142.448274281,604294.1803581993,-4404792.905499941
-4563186.381724581,603962.3376508753,-4404792.905499941
-4563230.2910319455,603630.4918291386,-4404792.905499941
-4563274.176217219,603298.6427354635,-4404792.905499941
-4563318.037269626,602966.7904512448,-4404792.905499941
-4563361.874178419,602634.9350578807,-4404792.905499941
-4563405.686964406,602303.0763978409,-4404792.905499941
-4563449.475616833,601971.2145525186,-4404792.905499941
-4563493.240124968,601639.3496033241,-4404792.905499941
-4563536.980509585,601307.4813927149,-4404792.905499941
-4563580.696759947,600975.6100020903,-4404792.905499941
-4563624.38886534,600643.7355128593,-4404792.905499941
-4563668.056846504,600311.8577674765,-4404792.905499941
-4563711.700692721,599979.9768473437,-4404792.905499941
-4563755.320393292,599648.0928338721,-4404792.905499941
-4562207.324033118,608897.2632438886,-4405127.632129706
-4562251.59222093,608565.4886081778,-4405127.632129706
-4562295.836291912,608233.7106744448,-4405127.632129706
-4562340.0562352035,607901.9295240673,-4405127.632129706
-4562384.252039965,607570.1452384319,-4405127.632129706
-4562428.423727178,607238.357660036,-4405127.632129706
-4562472.571285999,606906.5668702571,-4405127.632129706
-4562516.694705607,606574.7729504887,-4405127.632129706
-4562560.79400695,606242.9757432196,-4405127.632129706
-4562604.8691791985,605911.1753298377,-4405127.632129706
-4562648.920211554,605579.3717917288,-4405127.632129706
-4562692.947124925,605247.5649713808,-4405127.632129706
-4562736.949908505,604915.7549501844,-4405127.632129706
-4562780.92855151,604583.9418095273,-4405127.632129706
-4562824.883074815,604252.1253918912,-4405127.632129706
-4562868.813467632,603920.3057786733,-4405127.632129706
-4562912.719719193,603588.4830512593,-4405127.632129706
-4562956.60185034,603256.6570521346,-4405127.632129706
-4563000.459850302,602924.8278626886,-4405127.632129706
-4563044.29370833,602592.9955643134,-4405127.632129706
-4563088.103445231,602261.1599994898,-4405127.632129706
-4563131.889050251,601929.3212496053,-4405127.632129706
-4563175.650512658,601597.4793960649,-4405127.632129706
-4563219.387853228,601265.6342813366,-4405127.632129706
-4563263.101061222,600933.7859868142,-4405127.632129706
-4563306.790125927,600601.9345939009,-4405127.632129706
-4563350.455068082,600270.0799450625,-4405127.632129706
-4563394.095876969,599938.2221216952,-4405127.632129706
-4563437.712541892,599606.3612052043,-4405127.632129706
-4563481.305083556,599274.4970380468,-4405127.632129706
-4563524.873491259,598942.6297016316,-4405127.632129706
-4561845.488444792,609186.630166056,-4405462.335462967
-4561889.77768754,608854.881763381,-4405462.335462967
-4561934.042794124,608523.1302204003,-4405462.335462967
-4561978.283785557,608191.3753796272,-4405462.335462967
-4562022.500650978,607859.6173224334,-4405462.335462967
-4562066.69337955,607527.8561302,-4405462.335462967
-4562110.861992252,607196.0916454351,-4405462.335462967
-4562155.006478242,606864.3239495109,-4405462.335462967
-4562199.126826698,606532.5531238151,-4405462.335462967
-4562243.223058567,606200.7790108473,-4405462.335462967
-4562287.295163022,605869.0016919898,-4405462.335462967
-4562331.343129264,605537.2212486229,-4405462.335462967
-4562375.366978201,605205.4375232453,-4405462.335462967
-4562419.366699026,604873.650597242,-4405462.335462967
-4562463.342280956,604541.8605519955,-4405462.335462967
-4562507.293744866,604210.0672299977,-4405462.335462967
-4562551.221079966,603878.2707126407,-4405462.335462967
-4562595.124275491,603546.4710813044,-4405462.335462967
-4562639.003352282,603214.668178485,-4405462.335462967
-4562682.8582995655,602882.8620855664,-4405462.335462967
-4562726.689106596,602551.0528839349,-4405462.335462967
-4562770.495794179,602219.2404160824,-4405462.335462967
-4562814.27835156,601887.4247633909,-4405462.335462967
-4562858.03676801,601555.6060072592,-4405462.335462967
-4562901.7710643,601223.7839901668,-4405462.335462967
-4562945.481229695,600891.9587935016,-4405462.335462967
-4562989.16725348,600560.1304986613,-4405462.335462967
-4563032.829156396,600228.2989481223,-4405462.335462967
-4563076.466927723,599896.4642232754,-4405462.335462967
-4563120.080556766,599564.6264055202,-4405462.335462967
-4563163.6700642295,599232.7853373247,-4405462.335462967
-4563207.235439412,598900.9411000921,-4405462.335462967
-4563250.776671637,598569.0937752163,-4405462.335462967
-4563554.88961993,596246.0735662826,-4405462.335462967
-4563598.237794251,595914.2008866564,-4405462.335462967
-4563814.616621853,594254.7904105644,-4405462.335462967
-4563857.819985279,593922.8988483197,-4405462.335462967
-4561483.610781205,609475.9444593247,-4405797.015489919
-4561527.921064441,609144.2223723731,-4405797.015489919
-4561572.207224047,608812.4970639637,-4405797.015489919
-4561616.469249168,608480.7686154672,-4405797.015489919
-4561660.707160818,608149.0368694079,-4405797.015489919
-4561704.920948136,607817.3019071517,-4405797.015489919
-4561749.110600283,607485.5638100742,-4405797.015489919
-4561793.2761382405,607153.8224206944,-4405797.015489919
-4561837.4175511645,606822.0778203789,-4405797.015489919
-4561881.534828236,606490.3300905096,-4405797.015489919
-4561925.6279903995,606158.5790735971,-4405797.015489919
-4561969.697026828,605826.8248510183,-4405797.015489919
-4562013.741926724,605495.0675041473,-4405797.015489919
-4562057.762710994,605163.3068754942,-4405797.015489919
-4562101.759368831,604831.5430464384,-4405797.015489919
-4562145.731889454,604499.7760983561,-4405797.015489919
-4562189.680293735,604168.005873751,-4405797.015489919
-4562233.604570887,603836.2324540089,-4405797.015489919
-4562277.504710144,603504.4559205044,-4405797.015489919
-4562321.380732345,603172.6761157445,-4405797.015489919
-4562365.23262672,602840.8931211075,-4405797.015489919
-4562409.060382522,602509.1070179741,-4405797.015489919
-4562452.864020554,602177.317648847,-4405797.015489919
-4562496.643530066,601845.5250951025,-4405797.015489919
-4562540.398900326,601513.729438134,-4405797.015489919
-4562584.130152106,601181.9305204317,-4405797.015489919
-4562627.837274671,600850.1284233781,-4405797.015489919
-4562671.520257306,600518.3232283648,-4405797.015489919
-4562715.17912075,600186.5147778797,-4405797.015489919
-4562758.813854287,599854.7031533075,-4405797.015489919
-4562802.42444722,599522.8884360425,-4405797.015489919
-4562846.010920253,599191.0704685632,-4405797.015489919
-4562889.573262683,598859.2493322677,-4405797.015489919
-4562933.111463838,598527.4251085437,-4405797.015489919
-4562976.625544382,598195.59763987,-4405797.015489919
-4563367.166302432,595209.0085113205,-4405797.015489919
-4563410.4390597455,594877.1494860623,-4405797.015489919
-4563453.687673097,594545.2873944426,-4405797.015489919
-4563496.912163015,594213.4220789254,-4405797.015489919
-4563540.112518891,593881.553620912,-4405797.015489919
-4561077.335604032,610096.8985793566,-4406131.672224863
-4561121.6910454035,609765.206035932,-4406131.672224863
-4561166.022354658,609433.5103473701,-4406131.672224863
-4561210.329552838,609101.8113562147,-4406131.672224863
-4561254.612629067,608770.1091438257,-4406131.672224863
-4561298.871572493,608438.4037915682,-4406131.672224863
-4561343.106404125,608106.6951419776,-4406131.672224863
-4561387.317113104,607774.983276414,-4406131.672224863
-4561431.503688595,607443.2682762473,-4406131.672224863
-4561475.666151574,607111.5499840076,-4406131.672224863
-4561519.804491199,606779.8284810558,-4406131.672224863
-4561563.918696652,606448.1038487679,-4406131.672224863
-4561608.008788876,606116.3759296658,-4406131.672224863
-4561652.074757046,605784.6448051205,-4406131.672224863
-4561696.116590362,605452.9105565007,-4406131.672224863
-4561740.134309731,605121.1730263272,-4406131.672224863
-4561784.127904349,604789.4322959736,-4406131.672224863
-4561828.097363432,604457.688446811,-4406131.672224863
-4561872.042707852,604125.9413213537,-4406131.672224863
-4561915.963926823,603794.1910009817,-4406131.672224863
-4561959.86100958,603462.4375670641,-4406131.672224863
-4562003.73397696,603130.680862119,-4406131.672224863
-4562047.582818193,602798.9209675187,-4406131.672224863
-4562091.407522534,602467.1579646386,-4406131.672224863
-4562135.208110786,602135.391695992,-4406131.672224863
-4562178.984572195,601803.6222429499,-4406131.672224863
-4562222.736896035,601471.8496868998,-4406131.672224863
-4562266.465103073,601140.0738703429,-4406131.672224863
-4562310.169182575,600808.294874656,-4406131.672224863
-4562353.84912383,600476.5127812253,-4406131.672224863
-4562397.504947573,600144.7274325492,-4406131.672224863
-4562441.1366430875,599812.9389100071,-4406131.672224863
-4562484.744199679,599481.1472949876,-4406131.672224863
-4562528.32763805,599149.3524299801,-4406131.672224863
-4562571.8869475,598817.5543963768,-4406131.672224863
-4562615.422117353,598485.7532755602,-4406131.672224863
-4562658.933168276,598153.9489100198,-4406131.672224863
-4562962.834861955,595831.2300353871,-4406131.672224863
-4563006.152859174,595499.4004919351,-4406131.672224863
-4563049.446735343,595167.5677195498,-4406131.672224863
-4563092.716479836,594835.7317996221,-4406131.672224863
-4563135.962082049,594503.892813546,-4406131.672224863
-4563179.183562509,594172.0506037972,-4406131.672224863
-4563222.380910606,593840.2052517709,-4406131.672224863
-4563438.005636989,592180.9315782014,-4406131.672224863
-4566764.7822309835,565954.1596204763,-4406131.672224863
-4560759.729231395,610054.4150499933,-4406466.305657991
-4560804.081584116,609722.74560367,-4406466.305657991
-4560848.409806401,609391.0730124286,-4406466.305657991
-4560892.71391929,609059.3971188235,-4406466.305657991
-4560936.993911909,608727.7180042091,-4406466.305657991
-4560981.249773405,608396.0357499451,-4406466.305657991
-4561025.481524785,608064.3501985773,-4406466.305657991
-4561069.689155193,607732.6614314605,-4406466.305657991
-4561113.872653794,607400.969529959,-4406466.305657991
-4561158.032041559,607069.2743366136,-4406466.305657991
-4561202.1673076525,606737.5759327797,-4406466.305657991
-4561246.278441254,606405.8743998277,-4406466.305657991
-4561290.365463306,606074.1695802903,-4406466.305657991
-4561334.428362982,605742.4615555329,-4406466.305657991
-4561378.467129487,605410.7504069186,-4406466.305657991
-4561422.481783723,605079.0359769791,-4406466.305657991
-4561466.472314888,604747.3183470824,-4406466.305657991
-4561510.438712198,604415.5975985937,-4406466.305657991
-4561554.380996526,604083.8735740384,-4406466.305657991
-4561598.299157083,603752.1463547911,-4406466.305657991
-4561642.193183107,603420.4160222149,-4406466.305657991
-4561686.063095435,603088.682418839,-4406466.305657991
-4561729.908883295,602756.9456260301,-4406466.305657991
-4561773.730535943,602425.2057251576,-4406466.305657991
-4561817.528074182,602093.4625587462,-4406466.305657991
-4561861.301487259,601761.716208161,-4406466.305657991
-4561905.050764445,601429.9667547839,-4406466.305657991
-4561948.77592651,601098.214041127,-4406466.305657991
-4561992.476962719,600766.4581485614,-4406466.305657991
-4562036.153862363,600434.6991584678,-4406466.305657991
-4562079.806646173,600102.9369133556,-4406466.305657991
-4562123.435303435,599771.1714945983,-4406466.305657991
-4562167.039823455,599439.4029835787,-4406466.305657991
-4562210.620226934,599107.6312227978,-4406466.305657991
-4562254.176503171,598775.8562936416,-4406466.305657991
-4562297.708641494,598444.0782774871,-4406466.305657991
-4562341.216662566,598112.2970168346,-4406466.305657991
-4562471.595946853,597116.9343428365,-4406466.305657991
-4562515.007454827,596785.1404402507,-4406466.305657991
-4562558.394823542,596453.3434611991,-4406466.305657991
-4562601.758073592,596121.543248177,-4406466.305657991
-4562688.412175142,595457.9334457568,-4406466.305657991
-4562774.969768029,594794.3109673951,-4406466.305657991
-4562818.212358873,594462.4950886179,-4406466.305657991
-4562861.430829646,594130.6759863923,-4406466.305657991
-4562904.625169736,593798.8537421081,-4406466.305657991
-4562990.941446603,593135.1999140253,-4406466.305657991
-4563034.063393283,592803.3682540947,-4406466.305657991
-4563077.161198026,592471.5335387668,-4406466.305657991
-4563120.234881292,592139.6956105155,-4406466.305657991
-4563163.284432508,591807.8545507306,-4406466.305657991
-4563206.309841122,591476.0104408176,-4406466.305657991
-4563249.311127558,591144.1631232413,-4406466.305657991
-4518587.20867745,867246.4045825793,-4406800.915779509
-4560397.725365088,610343.5714168001,-4406800.915779509
-4560442.098746813,610011.9282953785,-4406800.915779509
-4560486.44801065,609680.28194791,-4406800.915779509
-4560530.773145731,609348.6324557425,-4406800.915779509
-4560575.074173096,609016.9796614412,-4406800.915779509
-4560619.35108187,608685.323646355,-4406800.915779509
-4560663.603861201,608353.6644918377,-4406800.915779509
-4560707.832532097,608022.0020404465,-4406800.915779509
-4560752.037083699,607690.3363735301,-4406800.915779509
-4560796.217505175,607358.6675724472,-4406800.915779509
-4560840.373817495,607026.9954797499,-4406800.915779509
-4560884.506009824,606695.3201767876,-4406800.915779509
-4560928.61407134,606363.6417449251,-4406800.915779509
-4560972.698022986,606031.960026706,-4406800.915779509
-4561016.757853937,605700.2751034902,-4406800.915779509
-4561060.793553396,605368.587056635,-4406800.915779509
-4561104.805142268,605036.8957286832,-4406800.915779509
-4561148.792609747,604705.2012009971,-4406800.915779509
-4561192.755945052,604373.5035549361,-4406800.915779509
-4561236.695169054,604041.8026330367,-4406800.915779509
-4561280.610270966,603710.0985166678,-4406800.915779509
-4561324.501240026,603378.3912871869,-4406800.915779509
-4561368.368097068,603046.680787134,-4406800.915779509
-4561412.210831323,602714.9670978702,-4406800.915779509
-4561456.029432047,602383.2503007593,-4406800.915779509
-4561499.82392004,602051.5302383369,-4406800.915779509
-4561543.594284553,601719.8069919625,-4406800.915779509
-4561587.340514856,601388.0806430122,-4406800.915779509
-4561631.062631717,601056.3510340092,-4406800.915779509
-4561674.760624402,600724.6182463191,-4406800.915779509
-4561718.434482203,600392.8823613165,-4406800.915779509
-4561762.084225849,600061.143221522,-4406800.915779509
-4561805.709844628,599729.4009083034,-4406800.915779509
-4561849.311327846,599397.6555030381,-4406800.915779509
-4561892.888696202,599065.9068482375,-4406800.915779509
-4561936.441938998,598734.1550252824,-4406800.915779509
-4561979.971045559,598402.400115544,-4406800.915779509
-4562023.47603655,598070.6419615336,-4406800.915779509
-4562066.9569012895,597738.8806446302,-4406800.915779509
-4562110.413629121,597407.1162462091,-4406800.915779509
-4562153.846240676,597075.3486087774,-4406800.915779509
-4562197.2547252895,596743.5778137142,-4406800.915779509
-4562240.639072325,596411.8039423993,-4406800.915779509
-4562283.999302376,596080.0268373393,-4406800.915779509
-4562327.335404798,595748.2465799113,-4406800.915779509
-4562370.647368971,595416.463251496,-4406800.915779509
-4562413.935215455,595084.676694597,-4406800.915779509
-4562457.198933623,594752.8869905941,-4406800.915779509
-4562500.438512872,594421.0942208698,-4406800.915779509
-4562543.653973728,594089.2982279218,-4406800.915779509
-4562586.8453055825,593757.4990931338,-4406800.915779509
-4562630.01249785,593425.696897895,-4406800.915779509
-4562673.155571022,593093.8914846941,-4406800.915779509
-4562716.2745145075,592762.0829349157,-4406800.915779509
-4562759.369317738,592430.2713299526,-4406800.915779509
-4562802.440001172,592098.4565122899,-4406800.915779509
-4562845.486554236,591766.6385633118,-4406800.915779509
-4562888.50896638,591434.817564418,-4406800.915779509
-4562931.507258025,591102.9933580842,-4406800.915779509
-4560080.073845801,610301.0583347351,-4407135.502603701
-4560124.444136727,609969.438313698,-4407135.502603701
-4560168.7903114455,609637.8150668389,-4407135.502603701
-4560213.112359088,609306.1886754996,-4407135.502603701
-4560257.4103006935,608974.5589822568,-4407135.502603701
-4560301.684125388,608642.9260684532,-4407135.502603701
-4560345.933822321,608311.2900154374,-4407135.502603701
-4560390.159412498,607979.6506657772,-4407135.502603701
-4560434.360885061,607648.0081008158,-4407135.502603701
-4560478.538229179,607316.3624019062,-4407135.502603701
-4560522.69146582,606984.7134116114,-4407135.502603701
-4560566.820584149,606653.0612112752,-4407135.502603701
-4560610.925573347,606321.4058822568,-4407135.502603701
-4560655.006454354,605989.7472671109,-4407135.502603701
-4560699.063216347,605658.0854471914,-4407135.502603701
-4560743.095848529,605326.42050385,-4407135.502603701
-4560787.104371801,604994.7522796405,-4407135.502603701
-4560831.088775362,604663.0808559197,-4407135.502603701
-4560875.04904843,604331.4063140412,-4407135.502603701
-4560918.985211874,603999.7284965526,-4407135.502603701
-4560962.897254908,603668.0474848168,-4407135.502603701
-4561006.785166772,603336.3633601858,-4407135.502603701
-4561050.648968296,603004.6759652107,-4407135.502603701
-4561094.4886487145,602672.9853812469,-4407135.502603701
-4561138.3041972825,602341.2916896525,-4407135.502603701
-4561182.095634799,602009.594732974,-4407135.502603701
-4561225.862950516,601677.8945925651,-4407135.502603701
-4561269.606133704,601346.1913497967,-4407135.502603701
-4561313.32520513,601014.4848472025,-4407135.502603701
-4561357.02015406,600682.7751661426,-4407135.502603701
-4561400.690969786,600351.062387986,-4407135.502603701
-4561444.337673038,600019.3463552642,-4407135.502603701
-4561487.960253104,599687.6271493394,-4407135.502603701
-4561531.558699288,599355.9048515832,-4407135.502603701
-4561575.133032292,599024.179304518,-4407135.502603701
-4561618.683241415,598692.4505895191,-4407135.502603701
-4561662.2093159845,598360.7187879517,-4407135.502603701
-4561705.7112766635,598028.9837423385,-4407135.502603701
-4561749.189112771,597697.2455340525,-4407135.502603701
-4561792.642813654,597365.5042444635,-4407135.502603701
-4561836.0723999385,597033.7597160895,-4407135.502603701
-4561879.477860963,596702.0120303038,-4407135.502603701
-4561922.85918609,596370.2612684809,-4407135.502603701
-4561966.216395913,596038.507273138,-4407135.502603701
-4562009.549479786,595706.7501256468,-4407135.502603701
-4562052.858427093,595374.989907382,-4407135.502603701
-4562096.14325839,595043.2264608586,-4407135.502603701
-4562139.403963052,594711.4598674504,-4407135.502603701
-4562182.640530476,594379.6902085344,-4407135.502603701
-4562225.852981188,594047.9173266192,-4407135.502603701
-4562269.041304579,593716.1413030828,-4407135.502603701
-4562312.205490063,593384.3622193086,-4407135.502603701
-4562355.345558133,593052.5799177968,-4407135.502603701
-4562398.461498196,592720.7944799258,-4407135.502603701
-4562441.553299687,592389.005987083,-4407135.502603701
-4562484.62098306,592057.2142817642,-4407135.502603701
-4562527.664537745,591725.4194453481,-4407135.502603701
-4562570.68395319,591393.6215592287,-4407135.502603701
-4562613.679249818,591061.820465893,-4407135.502603701
-4562656.650417075,590730.0162467303,-4407135.502603701
-4562699.597444427,590398.2089831268,-4407135.502603701
-4562742.520352264,590066.398517569,-4407135.502603701
-4562785.419130047,589734.5849314482,-4407135.502603701
-4517768.421338357,868111.2298590129,-4407470.066120768
-4559673.59147878,610921.7260995077,-4407470.066120768
-4559718.006907018,610590.1356370635,-4407470.066120768
-4559762.398210547,610258.5420250952,-4407470.066120768
-4559806.76541044,609926.9451061965,-4407470.066120768
-4559851.108495805,609595.3449617004,-4407470.066120768
-4559895.4274557745,609263.7416729433,-4407470.066120768
-4559939.722311387,608932.1350825126,-4407470.066120768
-4559983.993051768,608600.5252717456,-4407470.066120768
-4560028.239666069,608268.912321985,-4407470.066120768
-4560072.462175292,607937.2960758096,-4407470.066120768
-4560116.660568583,607605.6766145572,-4407470.066120768
-4560160.834835107,607274.0540195748,-4407470.066120768
-4560204.984995837,606942.4281334365,-4407470.066120768
-4560249.111039934,606610.7990374805,-4407470.066120768
-4560293.212956581,606279.1668130602,-4407470.066120768
-4560337.290766716,605947.5313027411,-4407470.066120768
-4560381.344459517,605615.892587872,-4407470.066120768
-4560425.374024187,605284.2507497985,-4407470.066120768
-4560469.3794816295,604952.6056310855,-4407470.066120768
-4560513.3608210385,604620.9573130839,-4407470.066120768
-4560557.318031637,604289.305877142,-4407470.066120768
-4560601.251134291,603957.651165818,-4407470.066120768
-4560645.160118216,603625.9932604695,-4407470.066120768
-4560689.04497265,603294.3322424426,-4407470.066120768
-4560732.905718425,602962.6679542995,-4407470.066120768
-4560776.742344774,602631.0004773897,-4407470.066120768
-4560820.554840955,602299.3298930658,-4407470.066120768
-4560864.343227765,601967.6560438855,-4407470.066120768
-4560908.107494453,601635.9790111965,-4407470.066120768
-4560951.847630295,601304.298876364,-4407470.066120768
-4560995.5636560535,600972.6154819329,-4407470.066120768
-4561039.255560998,600640.9289092574,-4407470.066120768
-4561082.923334419,600309.2392397011,-4407470.066120768
-4561126.566997046,599977.5463158062,-4407470.066120768
-4561170.186538166,599645.8502189295,-4407470.066120768
-4561213.781947088,599314.1510304366,-4407470.066120768
-4561257.353244508,598982.4485928613,-4407470.066120768
-4561300.900419728,598650.7429875729,-4407470.066120768
-4561344.423462076,598319.0342959311,-4407470.066120768
-4561387.922392214,597987.3223604693,-4407470.066120768
-4561431.39719946,597655.6072625552,-4407470.066120768
-4561474.847873163,597323.8890835526,-4407470.066120768
-4561518.274433947,596992.1676659908,-4407470.066120768
-4561561.676871153,596660.4430912371,-4407470.066120768
-4561605.055174142,596328.7154406606,-4407470.066120768
-4561648.409363506,595996.9845567893,-4407470.066120768
-4561691.739428604,595665.2505209893,-4407470.066120768
-4561735.045358815,595333.5134146297,-4407470.066120768
-4561778.327174696,595001.7730802363,-4407470.066120768
-4561821.584865623,594670.0295991773,-4407470.066120768
-4561864.818420995,594338.2830528241,-4407470.066120768
-4561908.027861333,594006.5332836962,-4407470.066120768
-4561951.213176032,593674.7803731661,-4407470.066120768
-4561994.374354506,593343.0244026113,-4407470.066120768
-4562037.511417244,593011.265214543,-4407470.066120768
-4562080.624353658,592679.502890334,-4407470.066120768
-4562123.71315318,592347.7375113661,-4407470.066120768
-4562166.777836266,592015.968920146,-4407470.066120768
-4562209.818392343,591684.1971980467,-4407470.066120768
-4562252.834810863,591352.4224264567,-4407470.066120768
-4562295.827112246,591020.6444478736,-4407470.066120768
-4562338.795285938,590688.8633436813,-4407470.066120768
-4562381.739321408,590357.0791952603,-4407470.066120768
-4562424.659239042,590025.291845108,-4407470.066120768
-4562467.5550283035,589693.5013746102,-4407470.066120768
-4562510.42667868,589361.7078651501,-4407470.066120768
-4559311.461478679,611210.7244848039,-4407804.6063209195
-4559355.8979244325,610879.1603564344,-4407804.6063209195
-4559400.310258042,610547.5929974319,-4407804.6063209195
-4559444.698468624,610216.0224891247,-4407804.6063209195
-4559489.062577249,609884.4486741173,-4407804.6063209195
-4559533.402573026,609552.8716337375,-4407804.6063209195
-4559577.718445088,609221.2914493157,-4407804.6063209195
-4559622.010214473,608889.7079634503,-4407804.6063209195
-4559666.277870307,608558.1212574731,-4407804.6063209195
-4559710.521401742,608226.5314127209,-4407804.6063209195
-4559754.740829778,607894.9382717835,-4407804.6063209195
-4559798.936143562,607563.3419159933,-4407804.6063209195
-4559843.107332261,607231.7424266912,-4407804.6063209195
-4559887.254416845,606900.1396464627,-4407804.6063209195
-4559931.377386476,606568.5336566401,-4407804.6063209195
-4559975.476230338,606236.9245385712,-4407804.6063209195
-4560019.550969369,605905.3121348325,-4407804.6063209195
-4560063.601592745,605573.6965267669,-4407804.6063209195
-4560107.628089672,605242.0777957145,-4407804.6063209195
-4560151.63048105,604910.4557842512,-4407804.6063209195
-4560195.608756076,604578.8305737224,-4407804.6063209195
-4560239.562903972,604247.2022454704,-4407804.6063209195
-4560283.492945604,603915.5706420646,-4407804.6063209195
-4560327.398870186,603583.9358448568,-4407804.6063209195
-4560371.2806669595,603252.2979351874,-4407804.6063209195
-4560415.138356754,602920.6567556296,-4407804.6063209195
-4560458.971928802,602589.0123875275,-4407804.6063209195
-4560502.781372364,602257.3649122277,-4407804.6063209195
-4560546.566708233,601925.7141722988,-4407804.6063209195
-4560590.327925663,601594.0602490832,-4407804.6063209195
-4560634.065013927,601262.4032239402,-4407804.6063209195
-4560677.777993788,600930.7429394257,-4407804.6063209195
-4560721.4668545155,600599.0794768884,-4407804.6063209195
-4560765.131585401,600267.4129176858,-4407804.6063209195
-4560808.772207173,599935.7431043716,-4407804.6063209195
-4560852.388709118,599604.0701182965,-4407804.6063209195
-4560895.981080545,599272.3940408208,-4407804.6063209195
-4560939.549342151,598940.7147144888,-4407804.6063209195
-4560983.093483238,598609.0322206646,-4407804.6063209195
-4561026.613493134,598277.3466407019,-4407804.6063209195
-4561070.1093925,597945.6578171453,-4407804.6063209195
-4561113.581170656,597613.9658313567,-4407804.6063209195
-4561157.028816949,597282.2707646944,-4407804.6063209195
-4561200.452352004,596950.5724596984,-4407804.6063209195
-4561243.851765161,596618.8709977306,-4407804.6063209195
-4561287.227045783,596287.1664601542,-4407804.6063209195
-4561330.578214461,595955.4586895084,-4407804.6063209195
-4561373.905260552,595623.7477671534,-4407804.6063209195
-4561417.208173439,595292.0337744527,-4407804.6063209195
-4561460.486973675,594960.3165539432,-4407804.6063209195
-4561503.741650639,594628.5961869874,-4407804.6063209195
-4561546.972193729,594296.8727549509,-4407804.6063209195
-4561590.178623466,593965.1461003642,-4407804.6063209195
-4561633.360929243,593633.4163045943,-4407804.6063209195
-4561676.519100478,593301.6834490128,-4407804.6063209195
-4561719.653157658,592969.947376142,-4407804.6063209195
-4561762.763090194,592638.208167349,-4407804.6063209195
-4561805.84888752,592306.46590401,-4407804.6063209195
-4561848.91057009,591974.7204286426,-4407804.6063209195
-4561891.948127333,591642.9718226141,-4407804.6063209195
-4561934.9615487,591311.2201673073,-4407804.6063209195
-4561977.950854611,590979.4653052309,-4407804.6063209195
-4562020.916034511,590647.7073177632,-4407804.6063209195
-4562063.857077871,590315.9462862788,-4407804.6063209195
-4562106.774005076,589984.1820532862,-4407804.6063209195
-4562149.66680559,589652.4147001655,-4407804.6063209195
-4562192.5354689,589320.6443082942,-4407804.6063209195
-4517075.715803715,868318.7479533984,-4408139.123218436
-4558904.807882924,611831.2046741036,-4408139.123218436
-4558949.289452349,611499.6701167779,-4408139.123218436
-4558993.746901114,611168.1324051063,-4408139.123218436
-4559038.180250323,610836.5913817075,-4408139.123218436
-4559082.58948907,610505.0471279005,-4408139.123218436
-4559126.974606469,610173.4997250084,-4408139.123218436
-4559171.335623591,609841.9490156467,-4408139.123218436
-4559215.672529546,609510.3950811371,-4408139.123218436
-4559259.985313467,609178.8380028048,-4408139.123218436
-4559304.2739963895,608847.2776232589,-4408139.123218436
-4559348.538567442,608515.7140238255,-4408139.123218436
-4559392.779015776,608184.1472858358,-4408139.123218436
-4559436.995362392,607852.5772518908,-4408139.123218436
-4559481.187596436,607521.0040033167,-4408139.123218436
-4559525.355707076,607189.4276214495,-4408139.123218436
-4559569.49971528,606857.8479488848,-4408139.123218436
-4559613.619610212,606526.2650669498,-4408139.123218436
-4559657.715381057,606194.6790569865,-4408139.123218436
-4559701.787048749,605863.0897615824,-4408139.123218436
-4559745.834602467,605531.4972620747,-4408139.123218436
-4559789.858031418,605199.9016397978,-4408139.123218436
-4559833.8573565,604868.3027373387,-4408139.123218436
-4559877.8325669095,604536.7006360369,-4408139.123218436
-4559921.783651871,604205.0954172292,-4408139.123218436
-4559965.710632248,603873.4869234959,-4408139.123218436
-4560009.613497255,603541.8752361832,-4408139.123218436
-4560053.492236136,603210.2604366258,-4408139.123218436
-4560097.346869717,602878.6423674078,-4408139.123218436
-4560141.177387234,602547.0211098677,-4408139.123218436
-4560184.983777944,602215.3967453465,-4408139.123218436
-4560228.766062642,601883.7691164237,-4408139.123218436
-4560272.524230582,601552.1383044359,-4408139.123218436
-4560316.258271037,601220.5043907369,-4408139.123218436
-4560359.968204768,600888.8672178936,-4408139.123218436
-4560403.654021048,600557.2268672489,-4408139.123218436
-4560447.315709166,600225.5834201548,-4408139.123218436
-4560490.953289851,599893.9367191757,-4408139.123218436
-4560534.56675239,599562.2868456568,-4408139.123218436
-4560578.156086094,599230.6338809527,-4408139.123218436
-4560621.721311655,598898.9776676189,-4408139.123218436
-4560665.262418378,598567.3182870134,-4408139.123218436
-4560708.779395593,598235.6558204846,-4408139.123218436
-4560752.272263956,597903.990110588,-4408139.123218436
-4560795.741012791,597572.3212386796,-4408139.123218436
-4560839.185631446,597240.6492861123,-4408139.123218436
-4560882.606140541,596908.9740954369,-4408139.123218436
-4560926.00252942,596577.2957480097,-4408139.123218436
-4560969.374787445,596245.6143251881,-4408139.123218436
-4561012.722935207,595913.9296695224,-4408139.123218436
-4561056.046962063,595582.2418623674,-4408139.123218436
-4561099.346857396,595250.5509850805,-4408139.123218436
-4561142.622641759,594918.8568802098,-4408139.123218436
-4561185.87430453,594587.1596291119,-4408139.123218436
-4561229.101835109,594255.459313147,-4408139.123218436
-4561272.305254016,593923.7557748564,-4408139.123218436
-4561315.484550645,593592.0490956015,-4408139.123218436
-4561358.639714412,593260.3393567484,-4408139.123218436
-4561401.770765806,592928.62640083,-4408139.123218436
-4561444.877694236,592596.910309208,-4408139.123218436
-4561487.960489138,592265.1911632527,-4408139.123218436
-4561531.019170964,591933.468805493,-4408139.123218436
-4561574.053729145,591601.7433172903,-4408139.123218436
-4561617.064153132,591270.0147800219,-4408139.123218436
-4561660.050463342,590938.2830362073,-4408139.123218436
-4561703.012649224,590606.5481672192,-4408139.123218436
-4561745.950700248,590274.8102544263,-4408139.123218436
-4561788.864636796,589943.0691403486,-4408139.123218436
-4561831.754448335,589611.3249063601,-4408139.123218436
-4561874.620124351,589279.5776338327,-4408139.123218436
-4561917.461685196,588947.8271652791,-4408139.123218436
-4561960.279120349,588616.0735820804,-4408139.123218436
-4562003.072419319,588284.3169656062,-4408139.123218436
-4564650.403047074,567377.4478362646,-4408139.123218436
-4564856.405559169,565717.6565888907,-4408139.123218436
-4565102.8119028285,563725.8084458201,-4408139.123218436
-4566683.265984494,550776.1964066623,-4408139.123218436
-4566723.307477897,550444.0964250042,-4408139.123218436
-4566763.324829806,550111.9934526228,-4408139.123218436
-4516697.745120824,868586.6964026887,-4408473.616803523
-4558631.553863016,611457.0516984264,-4408473.616803523
-4558676.008213324,611125.537093248,-4408473.616803523
-4558720.4384657545,610794.0191765729,-4408473.616803523
-4558764.844609403,610462.4980297151,-4408473.616803523
-4558809.226633385,610130.9737339915,-4408473.616803523
-4558853.584558769,609799.4461320287,-4408473.616803523
-4558897.918374667,609467.9153051429,-4408473.616803523
-4558942.2280702125,609136.3813346534,-4408473.616803523
-4558986.51366644,608804.8440631803,-4408473.616803523
-4559030.7751524765,608473.3035720442,-4408473.616803523
-4559075.0125174755,608141.7599425707,-4408473.616803523
-4559119.225782437,607810.2130173714,-4408473.616803523
-4559163.414936507,607478.6628777671,-4408473.616803523
-4559207.579968855,607147.1096050881,-4408473.616803523
-4559251.720900445,606815.553041941,-4408473.616803523
-4559295.837720444,606483.9932696472,-4408473.616803523
-4559339.930418039,606152.4303695431,-4408473.616803523
-4559383.99901416,605820.8641842273,-4408473.616803523
-4559428.043497987,605489.2947950311,-4408473.616803523
-4559472.063858729,605157.7222832834,-4408473.616803523
-4559516.060117281,604826.146491582,-4408473.616803523
-4559560.032262842,604494.5675012609,-4408473.616803523
-4559603.980284637,604162.9853936512,-4408473.616803523
-4559647.904203527,603831.4000113441,-4408473.616803523
-4559691.804008728,603499.8114356801,-4408473.616803523
-4559735.679689483,603168.2197479885,-4408473.616803523
-4559779.531266619,602836.6247908642,-4408473.616803523
-4559823.358729372,602505.0266456398,-4408473.616803523
-4559867.162066999,602173.4253936509,-4408473.616803523
-4559910.941300295,601841.820877488,-4408473.616803523
-4559954.696418513,601510.2131784819,-4408473.616803523
-4559998.427410928,601178.6023779808,-4408473.616803523
-4560042.1342982985,600846.9883185625,-4408473.616803523
-4560085.817069898,600515.3710815642,-4408473.616803523
-4560129.475715019,600183.7507483324,-4408473.616803523
-4560173.110254386,599852.1271614424,-4408473.616803523
-4560216.720677289,599520.5004022338,-4408473.616803523
-4560260.306973037,599188.8705520553,-4408473.616803523
-4560303.869162324,598857.2374534735,-4408473.616803523
-4560347.407234454,598525.6011878408,-4408473.616803523
-4560390.921178756,598193.9618365,-4408473.616803523
-4560434.411015888,597862.3192420171,-4408473.616803523
-4560477.876735172,597530.673485743,-4408473.616803523
-4560521.318325957,597199.0246490247,-4408473.616803523
-4560564.735808864,596867.3725744239,-4408473.616803523
-4560608.129173235,596535.7173432914,-4408473.616803523
-4560651.498408435,596204.059036979,-4408473.616803523
-4560694.843535051,595872.3974980476,-4408473.616803523
-4560738.164542442,595540.7328078465,-4408473.616803523
-4560781.461419992,595209.0650477277,-4408473.616803523
-4560824.734188254,594877.3940602497,-4408473.616803523
-4560867.982836604,594545.719926764,-4408473.616803523
-4560911.207354444,594214.0427286249,-4408473.616803523
-4560954.407762292,593882.3623083846,-4408473.616803523
-4560997.584049543,593550.678747399,-4408473.616803523
-4561040.736205615,593218.9921270283,-4408473.616803523
-4561083.864250993,592887.3022898167,-4408473.616803523
-4561126.96817509,592555.6093171199,-4408473.616803523
-4561170.04796734,592223.9132903029,-4408473.616803523
-4561213.103648195,591892.2140519051,-4408473.616803523
-4561256.135207086,591560.5116832824,-4408473.616803523
-4561299.142633465,591228.8062658067,-4408473.616803523
-4561342.125947747,590897.0976420082,-4408473.616803523
-4561385.085139384,590565.385893254,-4408473.616803523
-4561428.020197843,590233.6711009074,-4408473.616803523
-4561470.931143508,589901.9531074987,-4408473.616803523
-4561513.817965846,589570.2319943969,-4408473.616803523
-4561556.680654342,589238.5078429679,-4408473.616803523
-4561599.519229348,588906.7804957355,-4408473.616803523
-4561642.333680344,588575.0500340749,-4408473.616803523
-4561685.123996839,588243.3165393503,-4408473.616803523
-4561727.890199144,587911.5798540893,-4408473.616803523
-4516003.512489157,870496.7125748657,-4408808.087066385
-4558313.794172999,611414.4300474089,-4408808.087066385
-4558358.245424613,611082.9385504762,-4408808.087066385
-4558402.672580031,610751.4437422777,-4408808.087066385
-4558447.075628347,610419.9457041216,-4408808.087066385
-4558491.454558677,610088.4445173192,-4408808.087066385
-4558535.80939209,609756.940024508,-4408808.087066385
-4558580.1401176965,609425.4323069988,-4408808.087066385
-4558624.446724631,609093.9214461048,-4408808.087066385
-4558668.729233928,608762.4072844575,-4408808.087066385
-4558712.987634716,608430.8899033716,-4408808.087066385
-4558757.221916147,608099.3693841668,-4408808.087066385
-4558801.432099219,607767.8455694661,-4408808.087066385
-4558845.618173081,607436.3185405846,-4408808.087066385
-4558889.780126903,607104.7883788466,-4408808.087066385
-4558933.917981648,606773.25492687,-4408808.087066385
-4558978.031726481,606441.7182659702,-4408808.087066385
-4559022.121350591,606110.1784774783,-4408808.087066385
-4559066.186874907,605778.6354040037,-4408808.087066385
-4559110.228288612,605447.0891268718,-4408808.087066385
-4559154.245580912,605115.5397274063,-4408808.087066385
-4559198.238772702,604783.9870482157,-4408808.087066385
-4559242.207853182,604452.4311706283,-4408808.087066385
-4559286.152811578,604120.8721759695,-4408808.087066385
-4559330.073668747,603789.3099068417,-4408808.087066385
-4559373.97041391,603457.7444445796,-4408808.087066385
-4559417.843036309,603126.1758705067,-4408808.087066385
-4559461.691556768,602794.604027229,-4408808.087066385
-4559505.515964524,602463.0289960736,-4408808.087066385
-4559549.316248837,602131.4508583702,-4408808.087066385
-4559593.092430499,601799.8694567202,-4408808.087066385
-4559636.844498763,601468.284872449,-4408808.087066385
-4559680.572442907,601136.697186899,-4408808.087066385
-4559724.276283687,600805.1062426589,-4408808.087066385
-4559767.956010376,600473.5121210603,-4408808.087066385
-4559811.611612269,600141.914903444,-4408808.087066385
-4559855.243110088,599810.3144323963,-4408808.087066385
-4559898.850493123,599478.7107892511,-4408808.087066385
-4559942.433750686,599147.1040553516,-4408808.087066385
-4559985.992903467,598815.4940732751,-4408808.087066385
-4560029.527940773,598483.8809243685,-4408808.087066385
-4560073.038851934,598152.2646899688,-4408808.087066385
-4560116.5256576035,597820.6452126532,-4408808.087066385
-4560159.988347108,597489.0225737668,-4408808.087066385
-4560203.426909793,597157.3968546507,-4408808.087066385
-4560246.841366283,596825.7678978781,-4408808.087066385
-4560290.231705916,596494.1357847936,-4408808.087066385
-4560333.597918061,596162.5005967435,-4408808.087066385
-4560376.940023302,595830.8621763,-4408808.087066385
-4560420.258010999,595499.2206048063,-4408808.087066385
-4560463.551870539,595167.5759636088,-4408808.087066385
-4560506.8216224685,594835.9280952773,-4408808.087066385
-4560550.067256169,594504.2770811572,-4408808.087066385
-4560593.288761042,594172.6230025975,-4408808.087066385
-4560636.486157604,593840.9657021611,-4408808.087066385
-4560679.659435248,593509.3052611982,-4408808.087066385
-4560722.8085833965,593177.6417610636,-4408808.087066385
-4560765.933622532,592845.9750443123,-4408808.087066385
-4560809.034542067,592514.3051922944,-4408808.087066385
-4560852.111331438,592182.632286369,-4408808.087066385
-4560895.164011094,591850.9561690869,-4408808.087066385
-4560938.192570467,591519.2769217981,-4408808.087066385
-4560981.196999011,591187.5946258687,-4408808.087066385
-4561024.177317139,590855.90912384,-4408808.087066385
-4561067.133514302,590524.2204970735,-4408808.087066385
-4561110.06557997,590192.5288269266,-4408808.087066385
-4561152.973534525,589860.8339559409,-4408808.087066385
-4561195.857367435,589529.1359654794,-4408808.087066385
-4561238.717068185,589197.4349369026,-4408808.087066385
-4561281.552657125,588865.7307127451,-4408808.087066385
-4561324.3641237365,588534.0233743767,-4408808.087066385
-4561367.15145753,588202.3130031555,-4408808.087066385
-4561409.914678815,587870.5994416203,-4408808.087066385
-4561452.653777094,587538.8827711329,-4408808.087066385
-4562597.490020647,578581.3646111867,-4408808.087066385
-4562639.553573419,578249.5616819719,-4408808.087066385
-4515562.030810035,871092.7967736649,-4409142.534021303
-4557996.010368733,611371.8051619056,-4409142.534021303
-4558040.458521418,611040.3367749724,-4409142.534021303
-4558084.8825795865,610708.8650770041,-4409142.534021303
-4558129.282532334,610377.3901493035,-4409142.534021303
-4558173.658368778,610045.9120731759,-4409142.534021303
-4558218.010109984,609714.4306912702,-4409142.534021303
-4558262.337745066,609382.946084891,-4409142.534021303
-4558306.641263156,609051.4583353464,-4409142.534021303
-4558350.9206852885,608719.9672852786,-4409142.534021303
-4558395.176000592,608388.4730159966,-4409142.534021303
-4558439.407198221,608056.9756088145,-4409142.534021303
-4558483.614299172,607725.4749063663,-4409142.534021303
-4558527.797292593,607393.9709899613,-4409142.534021303
-4558571.956167654,607062.4639409181,-4409142.534021303
-4558616.090945318,606730.9536018658,-4409142.534021303
-4558660.201614753,606399.4400541141,-4409142.534021303
-4558704.288165146,606067.9233789882,-4409142.534021303
-4558748.3506174255,605736.4034191086,-4409142.534021303
-4558792.388960773,605404.8802557952,-4409142.534021303
-4558836.403184398,605073.3539703657,-4409142.534021303
-4558880.393309194,604741.8244054398,-4409142.534021303
-4558924.35932436,604410.2916423401,-4409142.534021303
-4558968.301219123,604078.7557623864,-4409142.534021303
-4559012.219014341,603747.2166081918,-4409142.534021303
-4559056.112699234,603415.6742610856,-4409142.534021303
-4559099.982263043,603084.1288023855,-4409142.534021303
-4559143.827726593,602752.5800747087,-4409142.534021303
-4559187.649079122,602421.0281593762,-4409142.534021303
-4559231.446309889,602089.4731377123,-4409142.534021303
-4559275.219439684,601757.9148523294,-4409142.534021303
-4559318.968457764,601426.3533845473,-4409142.534021303
-4559362.693353405,601094.7888157024,-4409142.534021303
-4559406.394147363,600763.2209883947,-4409142.534021303
-4559450.070828911,600431.64998395,-4409142.534021303
-4559493.723387344,600100.0758837034,-4409142.534021303
-4559537.351843383,599768.4985302523,-4409142.534021303
-4559580.956186322,599436.9180049248,-4409142.534021303
-4559624.536405468,599105.3343890583,-4409142.534021303
-4559668.092521515,598773.7475252415,-4409142.534021303
-4559711.624523765,598442.1574948152,-4409142.534021303
-4559755.132401554,598110.564379111,-4409142.534021303
-4559798.616175532,597778.968020717,-4409142.534021303
-4559842.075835025,597447.3685009725,-4409142.534021303
-4559885.511369383,597115.7659012132,-4409142.534021303
-4559928.922799224,596784.160064023,-4409142.534021303
-4559972.310113891,596452.551070741,-4409142.534021303
-4560015.673302751,596120.9390027078,-4409142.534021303
-4560059.012386388,595789.3237025064,-4409142.534021303
-4560102.327354163,595457.7052514745,-4409142.534021303
-4560145.618195462,595126.083730953,-4409142.534021303
-4560188.884930832,594794.4589835223,-4409142.534021303
-4560232.127549655,594462.8310905223,-4409142.534021303
-4560275.34604133,594131.2001332964,-4409142.534021303
-4560318.540426376,593799.5659544185,-4409142.534021303
-4560361.710694187,593467.928635233,-4409142.534021303
-4560404.856834183,593136.288257089,-4409142.534021303
-4560447.978866847,592804.6446625525,-4409142.534021303
-4560491.076781592,592472.9979329681,-4409142.534021303
-4560534.150567856,592141.348149689,-4409142.534021303
-4560577.200246085,591809.6951552771,-4409142.534021303
-4560620.225805714,591478.0390310768,-4409142.534021303
-4560663.227236195,591146.3798584483,-4409142.534021303
-4560706.204557941,590814.7174799441,-4409142.534021303
-4560749.157760403,590483.0519769199,-4409142.534021303
-4560792.086833054,590151.3834307275,-4409142.534021303
-4560834.991796273,589819.7116839195,-4409142.534021303
-4560877.872639526,589488.0368178532,-4409142.534021303
-4560920.729352303,589156.3589138833,-4409142.534021303
-4560963.561954951,588824.6778145555,-4409142.534021303
-4561006.370436952,588492.9936012338,-4409142.534021303
-4561049.154787818,588161.3063552709,-4409142.534021303
-4561091.915027856,587829.6159192164,-4409142.534021303
-4561134.651146569,587497.9223744264,-4409142.534021303
-4562153.080931816,579536.34987682,-4409142.534021303
-4562195.213934242,579204.5792634138,-4409142.534021303
-4562237.322819623,578872.8055072613,-4409142.534021303
-4515183.826441966,871360.4152793253,-4409476.9576584855
-4557855.838072991,610003.3764028065,-4409476.9576584855
-4557900.186721756,609671.9181335592,-4409476.9576584855
-4557944.511266076,609340.4566400632,-4409476.9576584855
-4557988.811695089,609008.9920036211,-4409476.9576584855
-4558033.088029822,608677.5240668858,-4409476.9576584855
-4558077.340259408,608346.0529111607,-4409476.9576584855
-4558121.568373001,608014.5786177545,-4409476.9576584855
-4558165.772391596,607683.1010293119,-4409476.9576584855
-4558209.952304341,607351.6202271364,-4409476.9576584855
-4558254.10810041,607020.1362925414,-4409476.9576584855
-4558298.2398007605,606688.6490681666,-4409476.9576584855
-4558342.347394563,606357.1586353161,-4409476.9576584855
-4558386.430871005,606025.6650753095,-4409476.9576584855
-4558430.490251014,605694.1682307781,-4409476.9576584855
-4558474.525523772,605362.6681830364,-4409476.9576584855
-4558518.53667849,605031.1650133963,-4409476.9576584855
-4558562.523736059,604699.6585644884,-4409476.9576584855
-4558606.486685678,604368.1489176296,-4409476.9576584855
-4558650.425516577,604036.6361541343,-4409476.9576584855
-4558694.340249611,603705.1201166263,-4409476.9576584855
-4558738.230874,603373.6008864294,-4409476.9576584855
-4558782.097378989,603042.0785448556,-4409476.9576584855
-4558825.939785399,602710.5529345328,-4409476.9576584855
-4558869.758082467,602379.0241367767,-4409476.9576584855
-4558913.552259456,602047.4922329058,-4409476.9576584855
-4558957.322337155,601715.9570655435,-4409476.9576584855
-4559001.068304819,601384.4187160038,-4409476.9576584855
-4559044.7901517255,601052.8772656176,-4409476.9576584855
-4559088.48789863,600721.3325569958,-4409476.9576584855
-4559132.161534806,600389.7846714584,-4409476.9576584855
-4559175.811049548,600058.2336903351,-4409476.9576584855
-4559219.436463579,599726.6794562341,-4409476.9576584855
-4559263.037766187,599395.1220504778,-4409476.9576584855
-4559306.6149466885,599063.5615543982,-4409476.9576584855
-4559350.168025768,598731.9978105945,-4409476.9576584855
-4559393.696992735,598400.4309004023,-4409476.9576584855
-4559437.201836921,598068.860905147,-4409476.9576584855
-4559480.682578977,597737.2876674283,-4409476.9576584855
-4559524.13920823,597405.7112685795,-4409476.9576584855
-4559567.57171403,597074.1317899305,-4409476.9576584855
-4559610.980116993,596742.5490740763,-4409476.9576584855
-4559654.364406464,596410.9632023507,-4409476.9576584855
-4559697.72457181,596079.3742560879,-4409476.9576584855
-4559741.060633614,595747.7820778826,-4409476.9576584855
-4559784.372581238,595416.1867490663,-4409476.9576584855
-4559827.660404067,595084.5883509744,-4409476.9576584855
-4559870.924122648,594752.9867261983,-4409476.9576584855
-4559914.163726363,594421.3819560724,-4409476.9576584855
-4559957.379204615,594089.7741219341,-4409476.9576584855
-4560000.570577916,593758.1630663684,-4409476.9576584855
-4560043.737835665,593426.548870714,-4409476.9576584855
-4560086.880967281,593094.9316163146,-4409476.9576584855
-4560129.999993246,592763.3111457468,-4409476.9576584855
-4560173.094902974,592431.6875403498,-4409476.9576584855
-4560216.165685901,592100.060881471,-4409476.9576584855
-4560259.212362477,591768.4310116833,-4409476.9576584855
-4560302.234922132,591436.7980123254,-4409476.9576584855
-4560345.233354324,591105.1619647519,-4409476.9576584855
-4560388.207679461,590773.5227115263,-4409476.9576584855
-4560431.157886996,590441.8803339984,-4409476.9576584855
-4560474.083966401,590110.2349135145,-4409476.9576584855
-4560516.985938055,589778.5862926381,-4409476.9576584855
-4560559.863791427,589446.9345527211,-4409476.9576584855
-4560602.717516004,589115.279775112,-4409476.9576584855
-4560645.5471321335,588783.6218023681,-4409476.9576584855
-4560688.352629298,588451.9607158474,-4409476.9576584855
-4560731.133997009,588120.2965968968,-4409476.9576584855
-4560773.891255574,587788.6292880771,-4409476.9576584855
-4560816.624394497,587456.9588707386,-4409476.9576584855
-4560859.333403304,587125.2854262347,-4409476.9576584855
-4560944.679080917,586461.9290647495,-4409476.9576584855
-4561750.650644232,580159.4274212879,-4409476.9576584855
-4561792.828969312,579827.68599217,-4409476.9576584855
-4561834.98316936,579495.9414966347,-4409476.9576584855
-4514805.583177132,871627.9786972128,-4409811.357968139
-4557449.230271747,610623.6980585074,-4409811.357968139
-4557493.624032655,610292.2693569759,-4409811.357968139
-4557537.993680622,609960.8375074565,-4409811.357968139
-4557582.339236711,609629.40235262,-4409811.357968139
-4557626.6606900375,609297.9639737598,-4409811.357968139
-4557670.958029737,608966.5224521725,-4409811.357968139
-4557715.231276837,608635.0776305221,-4409811.357968139
-4557759.480420472,608303.6295901065,-4409811.357968139
-4557803.705449794,607972.1784122286,-4409811.357968139
-4557847.9063858,607640.7239395439,-4409811.357968139
-4557892.083217637,607309.2662533507,-4409811.357968139
-4557936.235934478,606977.8054349562,-4409811.357968139
-4557980.364557283,606646.3413270114,-4409811.357968139
-4558024.46907522,606314.8740108146,-4409811.357968139
-4558068.549477478,605983.4035676798,-4409811.357968139
-4558112.605784983,605651.9298402492,-4409811.357968139
-4558156.63798692,605320.4529098318,-4409811.357968139
-4558200.646072498,604988.9728577336,-4409811.357968139
-4558244.630062606,604657.4895265964,-4409811.357968139
-4558288.589946448,604326.0029977313,-4409811.357968139
-4558332.525713249,603994.5133524468,-4409811.357968139
-4558376.437383868,603663.0204333782,-4409811.357968139
-4558420.324947522,603331.5243218432,-4409811.357968139
-4558464.188393457,603000.0250991483,-4409811.357968139
-4558508.027742494,602668.5226079323,-4409811.357968139
-4558551.842983872,602337.0169295055,-4409811.357968139
-4558595.634106852,602005.5081451804,-4409811.357968139
-4558639.401132222,601673.9960975914,-4409811.357968139
-4558683.144049238,601342.4808680469,-4409811.357968139
-4558726.86284718,601010.9625378721,-4409811.357968139
-4558770.5575468,600679.440949689,-4409811.357968139
-4558814.228137372,600347.9161848119,-4409811.357968139
-4558857.8746081935,600016.3883245647,-4409811.357968139
-4558901.4969799835,599684.8572115665,-4409811.357968139
-4558945.095242034,599353.3229271345,-4409811.357968139
-4558988.669383657,599021.7855525943,-4409811.357968139
-4559032.219425541,598690.2449305569,-4409811.357968139
-4559075.745356994,598358.7011423515,-4409811.357968139
-4559119.247167347,598027.1542692984,-4409811.357968139
-4559162.724877251,597695.6041540079,-4409811.357968139
-4559206.178476035,597364.0508778077,-4409811.357968139
-4559249.6079530455,597032.4945220221,-4409811.357968139
-4559293.013328902,596700.9349292571,-4409811.357968139
-4559336.394592947,596369.3721808406,-4409811.357968139
-4559379.75173455,596037.8063581015,-4409811.357968139
-4559423.084774292,595706.2373036451,-4409811.357968139
-4559466.393701535,595374.6650987976,-4409811.357968139
-4559509.678505666,595043.0898248884,-4409811.357968139
-4559552.939207231,594711.5113245201,-4409811.357968139
-4559596.17579561,594379.9296790214,-4409811.357968139
-4559639.388260208,594048.3449697237,-4409811.357968139
-4559682.576621537,593716.7570392234,-4409811.357968139
-4559725.740868995,593385.1659688536,-4409811.357968139
-4559768.880992003,593053.5718399518,-4409811.357968139
-4559811.99701104,592721.9744951061,-4409811.357968139
-4559855.088915522,592390.3740156497,-4409811.357968139
-4559898.156694888,592058.7704829244,-4409811.357968139
-4559941.200369582,591727.1637395141,-4409811.357968139
-4559984.219929037,591395.5538667518,-4409811.357968139
-4560027.21536271,591063.9409459867,-4409811.357968139
-4560070.18669101,590732.3248197928,-4409811.357968139
-4560113.133903392,590400.7055695145,-4409811.357968139
-4560156.056989325,590069.0832764925,-4409811.357968139
-4560198.955969188,589737.4577833012,-4409811.357968139
-4560241.830832451,589405.8291712868,-4409811.357968139
-4560327.5081979865,588742.5626773854,-4409811.357968139
-4560370.310710088,588410.9247194191,-4409811.357968139
-4560413.089094419,588079.2837292344,-4409811.357968139
-4560455.843371284,587747.639549403,-4409811.357968139
-4560498.57353019,587415.9922612695,-4409811.357968139
-4560541.279560663,587084.3419461817,-4409811.357968139
-4560583.961482976,586752.6884467066,-4409811.357968139
-4560626.619286651,586421.0318441894,-4409811.357968139
-4561305.863766153,581114.1060993926,-4409811.357968139
-4561348.1115186075,580782.3970135675,-4409811.357968139
-4561390.335148382,580450.684856276,-4409811.357968139
-4514427.300978004,871895.4871763592,-4410145.734964544
-4557175.758624726,610249.7041188959,-4410145.734964544
-4557220.125178103,609918.2953853102,-4410145.734964544
-4557264.467641282,609586.8833466378,-4410145.734964544
-4557308.786003379,609255.4680841666,-4410145.734964544
-4557353.080253531,608924.0496791875,-4410145.734964544
-4557397.3504127655,608592.6279743755,-4410145.734964544
-4557441.5964702135,608261.2030510227,-4410145.734964544
-4557485.818415033,607929.7749904265,-4410145.734964544
-4557530.016268214,607598.3436352533,-4410145.734964544
-4557574.190018908,607266.9090667956,-4410145.734964544
-4557618.33965629,606935.4713663552,-4410145.734964544
-4557662.465201315,606604.0303765939,-4410145.734964544
-4557706.566643152,606272.5861788044,-4410145.734964544
-4557750.643970993,605941.1388542949,-4410145.734964544
-4557794.697205763,605609.6882457188,-4410145.734964544
-4557838.726336645,605278.2344343791,-4410145.734964544
-4557882.731352849,604946.7775015765,-4410145.734964544
-4557926.712275265,604615.3172899635,-4410145.734964544
-4557970.669093096,604283.8538808457,-4410145.734964544
-4558014.601795568,603952.3873555259,-4410145.734964544
-4558058.510403537,603620.9175566502,-4410145.734964544
-4558102.394906225,603289.4445655307,-4410145.734964544
-4558146.255292875,602957.9684634685,-4410145.734964544
-4558190.091584307,602626.4890931131,-4410145.734964544
-4558233.903769762,602295.0065357691,-4410145.734964544
-4558277.691838502,601963.5208727435,-4410145.734964544
-4558321.4558113115,601632.0319466816,-4410145.734964544
-4558365.195677449,601300.539838886,-4410145.734964544
-4558408.911426194,600969.0446306765,-4410145.734964544
-4558452.603078298,600637.5461646859,-4410145.734964544
-4558496.270623037,600306.0445222228,-4410145.734964544
-4558539.914049706,599974.5397846056,-4410145.734964544
-4558583.533379025,599643.0317944642,-4410145.734964544
-4558627.128600285,599311.5206331102,-4410145.734964544
-4558670.699702801,598980.0063818636,-4410145.734964544
-4558714.24670726,598648.4888833461,-4410145.734964544
-4558757.7696029665,598316.9682188816,-4410145.734964544
-4558801.268379257,597985.4444697846,-4410145.734964544
-4558844.743056781,597653.9174786761,-4410145.734964544
-4558888.193624863,597322.3873268785,-4410145.734964544
-4558931.620072857,596990.8540957103,-4410145.734964544
-4558975.022421377,596659.3176277885,-4410145.734964544
-4559018.400659767,596327.7780044352,-4410145.734964544
-4559061.754777398,595996.2353069738,-4410145.734964544
-4559105.084794848,595664.6893780205,-4410145.734964544
-4559148.390701481,595333.1402988958,-4410145.734964544
-4559191.672486684,595001.5881509234,-4410145.734964544
-4559234.930171003,594670.032776717,-4410145.734964544
-4559278.163743817,594338.4742575994,-4410145.734964544
-4559321.373194533,594006.9126748968,-4410145.734964544
-4559364.558543662,593675.347871216,-4410145.734964544
-4559407.719780601,593343.7799278847,-4410145.734964544
-4559450.8568947725,593012.2089262349,-4410145.734964544
-4559493.969906654,592680.6347088653,-4410145.734964544
-4559537.058805663,592349.0573571037,-4410145.734964544
-4559580.123581238,592017.4769522862,-4410145.734964544
-4559623.164253822,591685.8933370076,-4410145.734964544
-4559666.18081285,591354.3065925954,-4410145.734964544
-4559709.173247778,591022.7168003926,-4410145.734964544
-4559752.141579015,590691.123802985,-4410145.734964544
-4559795.0857960135,590359.5276817107,-4410145.734964544
-4559838.005888249,590027.928517905,-4410145.734964544
-4559923.77374902,589364.7206717954,-4410145.734964544
-4559966.621496519,589033.1121521697,-4410145.734964544
-4560052.244665744,588369.885610197,-4410145.734964544
-4560180.498540071,587375.0225442699,-4410145.734964544
-4560223.201591983,587043.3953603527,-4410145.734964544
-4560265.880537417,586711.7649922705,-4410145.734964544
-4560308.535365895,586380.1315213623,-4410145.734964544
-4560903.170507386,581736.9385123526,-4410145.734964544
-4560945.46355456,581405.2587095608,-4410145.734964544
-4563152.472866753,563821.8741270062,-4410145.734964544
-4514048.979875347,872162.9406337547,-4410480.088637905
-4556769.069881232,610869.8973613821,-4410480.088637905
-4556813.481548058,610538.5181218629,-4410480.088637905
-4556857.869116186,610207.1356535121,-4410480.088637905
-4556902.232574739,609875.7500376127,-4410480.088637905
-4556946.571944773,609544.3611168572,-4410480.088637905
-4556990.887215407,609212.9689725277,-4410480.088637905
-4557035.178375777,608881.5736859094,-4410480.088637905
-4557079.445446909,608550.1750996885,-4410480.088637905
-4557123.688417939,608218.7732951513,-4410480.088637905
-4557167.90727802,607887.3683535894,-4410480.088637905
-4557212.102048144,607555.9601176806,-4410480.088637905
-4557256.272717462,607224.5486687113,-4410480.088637905
-4557300.419275149,606893.1340879778,-4410480.088637905
-4557344.541742161,606561.7162181528,-4410480.088637905
-4557388.640107667,606230.2951405233,-4410480.088637905
-4557432.714360858,605898.8709363921,-4410480.088637905
-4557476.764522659,605567.4434484233,-4410480.088637905
-4557520.790582253,605236.0127579144,-4410480.088637905
-4557564.792528851,604904.5789461602,-4410480.088637905
-4557608.770383341,604573.1418558243,-4410480.088637905
-4557652.724134929,604241.7015682067,-4410480.088637905
-4557696.653772839,603910.2581646044,-4410480.088637905
-4557740.559317929,603578.8114876746,-4410480.088637905
-4557784.440759416,603247.3616187238,-4410480.088637905
-4557828.298086549,602915.9086390472,-4410480.088637905
-4557872.131320146,602584.4523913054,-4410480.088637905
-4557915.9404494455,602252.9929567972,-4410480.088637905
-4557959.725463713,601921.5304168242,-4410480.088637905
-4558003.4863837315,601590.0646140424,-4410480.088637905
-4558047.223198759,601258.595629749,-4410480.088637905
-4558090.935898076,600927.1235452578,-4410480.088637905
-4558134.624502433,600595.6482032129,-4410480.088637905
-4558178.289001106,600264.1696849171,-4410480.088637905
-4558221.929383393,599932.6880716828,-4410480.088637905
-4558265.54567001,599601.2032061515,-4410480.088637905
-4558309.13785025,599269.7151696286,-4410480.088637905
-4558352.705913429,598938.2240434288,-4410480.088637905
-4558396.24988023,598606.7296701845,-4410480.088637905
-4558439.769739962,598275.2321312142,-4410480.088637905
-4558483.26548196,597943.7315078264,-4410480.088637905
-4558526.737126872,597612.2276426534,-4410480.088637905
-4558570.184664025,597280.7206170115,-4410480.088637905
-4558613.608082771,596949.2105122141,-4410480.088637905
-4558657.007403725,596617.6971708888,-4410480.088637905
-4558700.382616231,596286.1806743521,-4410480.088637905
-4558743.733709659,595954.6611039217,-4410480.088637905
-4558787.060704589,595623.1383022248,-4410480.088637905
-4558830.363590383,595291.6123505762,-4410480.088637905
-4558873.64235643,594960.0833302942,-4410480.088637905
-4558916.897023274,594628.5510840031,-4410480.088637905
-4558960.127580295,594297.0156930202,-4410480.088637905
-4559003.334016901,593965.4772386658,-4410480.088637905
-4559046.5163536,593633.9355635582,-4410480.088637905
-4559089.674579792,593302.390749019,-4410480.088637905
-4559132.8086848995,592970.8428763746,-4410480.088637905
-4559175.918689398,592639.2917882347,-4410480.088637905
-4559219.004582706,592307.7375659214,-4410480.088637905
-4559262.066354262,591976.1802907654,-4410480.088637905
-4559434.072352783,590649.9196623088,-4410480.088637905
-4560585.020990193,581696.3589781679,-4410480.088637905
-4513670.619899947,872430.338986427,-4410814.418978432
-4556406.729822041,611158.6322423748,-4410814.418978432
-4556451.162476558,610827.2794317295,-4410814.418978432
-4556495.571044961,610495.9233112037,-4410814.418978432
-4556539.955516348,610164.5639620716,-4410814.418978432
-4556584.31587984,609833.2014656103,-4410814.418978432
-4556628.6521564955,609501.8356645236,-4410814.418978432
-4556672.964335431,609170.4666400878,-4410814.418978432
-4556717.252405786,608839.0944735825,-4410814.418978432
-4556761.516388584,608507.7190077046,-4410814.418978432
-4556805.7562729595,608176.3403237351,-4410814.418978432
-4556849.972048068,607844.9585029598,-4410814.418978432
-4556894.163734902,607513.5733880673,-4410814.418978432
-4556938.331322611,607182.1850603386,-4410814.418978432
-4556982.474800371,606850.793601064,-4410814.418978432
-4557026.594189135,606519.3988529275,-4410814.418978432
-4557070.689478077,606188.0008972103,-4410814.418978432
-4557114.760656385,605856.5998152095,-4410814.418978432
-4557158.807744983,605525.1954496001,-4410814.418978432
-4557202.830733056,605193.7878816741,-4410814.418978432
-4557246.829609816,604862.3771927205,-4410814.418978432
-4557290.80439615,604530.963225414,-4410814.418978432
-4557334.755081261,604199.546061049,-4410814.418978432
-4557378.681654378,603868.1257809167,-4410814.418978432
-4557422.584136354,603536.702227685,-4410814.418978432
-4557466.46251641,603205.2754826552,-4410814.418978432
-4557510.316783794,602873.8456271164,-4410814.418978432
-4557554.146959323,602542.4125037406,-4410814.418978432
-4557597.953032237,602210.9761938207,-4410814.418978432
-4557641.7349918,601879.5367786526,-4410814.418978432
-4557685.492858795,601548.0941009034,-4410814.418978432
-4557729.226622482,601216.6482418644,-4410814.418978432
-4557772.936272141,600885.1992828442,-4410814.418978432
-4557816.62182852,600553.7470664972,-4410814.418978432
-4557860.283280897,600222.291674121,-4410814.418978432
-4557903.9206185695,599890.8331870225,-4410814.418978432
-4557947.533862254,599559.3714478536,-4410814.418978432
-4557991.123001244,599227.9065379144,-4410814.418978432
-4558034.688024854,598896.4385385138,-4410814.418978432
-4558078.2289537685,598564.9672922954,-4410814.418978432
-4558121.745777295,598233.4928805717,-4410814.418978432
-4558165.238484771,597902.0153846458,-4410814.418978432
-4558208.707096841,597570.5346471608,-4410814.418978432
-4558252.151602834,597239.0507494275,-4410814.418978432
-4558295.571992104,596907.5637727535,-4410814.418978432
-4558338.968285263,596576.0735597771,-4410814.418978432
-4558382.340471655,596244.5801918097,-4410814.418978432
-4558425.688540652,595913.0837501631,-4410814.418978432
-4558469.012512832,595581.5840774754,-4410814.418978432
-4558512.312377559,595250.0812550556,-4410814.418978432
-4558555.588124221,594918.5753642166,-4410814.418978432
-4558598.839773361,594587.0662475935,-4410814.418978432
-4513292.221014246,872697.6823833628,-4411148.726000406
-4556133.230967478,610784.658270696,-4411148.726000406
-4556177.636437222,610453.3252709165,-4411148.726000406
-4556222.017811633,610121.9890427559,-4411148.726000406
-4556266.375079831,609790.649667486,-4411148.726000406
-4556310.708262873,609459.306987821,-4411148.726000406
-4556355.017349876,609127.9610850319,-4411148.726000406
-4556399.302329981,608796.6120403925,-4411148.726000406
-4556443.5632242095,608465.2596966109,-4411148.726000406
-4556487.800021697,608133.9041349621,-4411148.726000406
-4556532.012711601,607802.5454367263,-4411148.726000406
-4556576.201314909,607471.1834446032,-4411148.726000406
-4556620.365820776,607139.818239868,-4411148.726000406
-4556664.506218375,606808.4499038056,-4411148.726000406
-4556708.622528659,606477.0782791107,-4411148.726000406
-4556752.714740802,606145.703447059,-4411148.726000406
-4556796.782843994,605814.3254889417,-4411148.726000406
-4556840.826859157,605482.9442474451,-4411148.726000406
-4556884.846775477,605151.5598038551,-4411148.726000406
-4556928.842582165,604820.1722394555,-4411148.726000406
-4556972.814300109,604488.7813969316,-4411148.726000406
-4557016.761918511,604157.3873575722,-4411148.726000406
-4557060.685426602,603825.990202663,-4411148.726000406
-4557104.584845233,603494.589774883,-4411148.726000406
-4557148.460163626,603163.1861555272,-4411148.726000406
-4557192.311371029,602831.7794258798,-4411148.726000406
-4557236.138488258,602500.3694286232,-4411148.726000406
-4557279.941504554,602168.956245045,-4411148.726000406
-4557323.720409182,601837.5399564351,-4411148.726000406
-4557367.475222923,601506.1204054719,-4411148.726000406
-4557411.205935037,601174.6976734409,-4411148.726000406
-4557454.912534805,600843.2718416449,-4411148.726000406
-4557498.595042976,600511.8427527494,-4411148.726000406
-4557542.253448825,600180.4104880464,-4411148.726000406
-4557585.887741654,599848.9751288368,-4411148.726000406
-4557629.497942176,599517.536517784,-4411148.726000406
-4557673.084039683,599186.094736182,-4411148.726000406
-4557716.646023496,598854.6498653343,-4411148.726000406
-4557760.183914293,598523.2017478952,-4411148.726000406
-4557803.697701384,598191.7504651716,-4411148.726000406
-4557847.187374108,597860.2960984611,-4411148.726000406
-4557890.652953106,597528.8384904177,-4411148.726000406
-4557934.09442771,597197.3777223466,-4411148.726000406
-4557977.511787273,596865.9138755494,-4411148.726000406
-4512850.2875218345,873293.1567320102,-4411483.009694034
-4555859.67773415,610410.7240022483,-4411483.009694034
-4555904.056011349,610079.4108968116,-4411483.009694034
-4555948.410184018,609748.0946444852,-4411483.009694034
-4555992.740273212,609416.7750879943,-4411483.009694034
-4556037.046268049,609085.4523086041,-4411483.009694034
-4556081.328157669,608754.1263875831,-4411483.009694034
-4556125.585963095,608422.79716765,-4411483.009694034
-4556169.81967346,608091.4647300743,-4411483.009694034
-4556214.029277925,607760.1291561305,-4411483.009694034
-4556258.214797475,607428.7902885292,-4411483.009694034
-4556302.376221265,607097.4482085401,-4411483.009694034
-4556346.513538469,606766.1029974422,-4411483.009694034
-4556390.62677004,606434.7544979414,-4411483.009694034
-4556434.715905151,606103.4027913075,-4411483.009694034
-4556478.780932995,605772.0479588263,-4411483.009694034
-4556522.821874489,605440.6898431948,-4411483.009694034
-4556566.838718822,605109.3285256935,-4411483.009694034
-4556610.831455207,604777.9640876004,-4411483.009694034
-4556654.800104528,604446.5963716117,-4411483.009694034
-4556698.744655989,604115.2254590106,-4411483.009694034
-4556742.665098823,603783.8514310771,-4411483.009694034
-4556786.561453876,603452.4741305012,-4411483.009694034
-4556830.433710374,603121.0936385724,-4411483.009694034
-4556874.281857564,602789.7100365688,-4411483.009694034
-4556918.105916262,602458.3231671841,-4411483.009694034
-4556961.905875707,602126.9331117002,-4411483.009694034
-4557005.681725168,601795.5399514013,-4411483.009694034
-4557049.433485423,601464.1435289767,-4411483.009694034
-4557093.161145733,601132.7439257065,-4411483.009694034
-4557136.86469538,600801.3412228874,-4411483.009694034
-4557180.544155112,600469.9352631962,-4411483.009694034
-4557224.199514204,600138.5261279191,-4411483.009694034
-4557267.830761957,599807.1138983514,-4411483.009694034
-4557311.437919084,599475.6984171673,-4411483.009694034
-4557355.020974881,599144.2797656554,-4411483.009694034
-4557398.579918664,598812.8580251132,-4411483.009694034
-4557442.114771113,598481.4330382064,-4411483.009694034
-4557485.625521539,598150.004886236,-4411483.009694034
-4561467.987761676,566981.8796101902,-4411483.009694034
-4512408.2524205325,873888.51644809,-4411817.2700495245
-4555497.295673337,610699.4062594787,-4411817.2700495245
-4555541.694945062,610368.1195064478,-4411817.2700495245
-4555586.070124815,610036.8295254866,-4411817.2700495245
-4555630.421201721,609705.5363978553,-4411817.2700495245
-4555674.748196832,609374.2399662901,-4411817.2700495245
-4555719.051099269,609042.9403120506,-4411817.2700495245
-4555763.32989817,608711.6375163995,-4411817.2700495245
-4555807.584614559,608380.3314220667,-4411817.2700495245
-4555851.815237569,608049.0221103157,-4411817.2700495245
-4555896.02175636,607717.7096624157,-4411817.2700495245
-4555940.204191919,607386.393921088,-4411817.2700495245
-4555984.362533398,607055.0749675966,-4411817.2700495245
-4556028.496769975,606723.7528832151,-4411817.2700495245
-4556072.6069225995,606392.42751066,-4411817.2700495245
-4556116.692980446,606061.0989311959,-4411817.2700495245
-4556160.754932707,605729.7672261025,-4411817.2700495245
-4556204.792800301,605398.432238088,-4411817.2700495245
-4556248.806572415,605067.0940484272,-4411817.2700495245
-4556292.796238263,604735.7527383923,-4411817.2700495245
-4556336.761818728,604404.4081506908,-4411817.2700495245
-4556380.703303017,604073.0603665999,-4411817.2700495245
-4556424.620680359,603741.709467394,-4411817.2700495245
-4556468.5139716035,603410.3552957742,-4411817.2700495245
-4556512.383165974,603078.9979330242,-4411817.2700495245
-4556556.22825272,602747.6374604164,-4411817.2700495245
-4556600.0492526535,602416.2737206557,-4411817.2700495245
-4556643.846155019,602084.9067950181,-4411817.2700495245
-4556687.618949081,601753.5367647822,-4411817.2700495245
-4556731.367655619,601422.1634726484,-4411817.2700495245
-4556775.092263893,601090.7869998907,-4411817.2700495245
-4556818.7927631885,600759.4074278007,-4411817.2700495245
-4561355.458054099,565283.7879975376,-4411817.2700495245
-4561396.5545832515,564952.0754265818,-4411817.2700495245
-4512029.698080052,874155.6395774895,-4412151.507081155
-4555179.291884011,610656.7754087229,-4412151.507081155
-4555223.688056373,610325.5117816948,-4412151.507081155
-4555268.060138446,609994.2449269616,-4412151.507081155
-4555312.4081193535,609662.974925778,-4412151.507081155
-4555356.732020148,609331.7016208912,-4412151.507081155
-4555401.0318299495,609000.425093555,-4412151.507081155
-4555445.307537898,608669.1454250265,-4412151.507081155
-4555489.559165016,608337.8624580465,-4412151.507081155
-4555533.786700436,608006.576273873,-4412151.507081155
-4555577.990133321,607675.2869537693,-4412151.507081155
-4555622.1694846535,607343.9943404678,-4412151.507081155
-4555666.324743588,607012.6985152271,-4412151.507081155
-4555710.455899305,606681.3995593146,-4412151.507081155
-4555754.56297275,606350.0973154582,-4412151.507081155
-4555798.645953098,606018.7918649166,-4412151.507081155
-4555842.704829544,605687.4832889638,-4412151.507081155
-4555886.739623004,605356.1714303192,-4412151.507081155
-4555930.750322666,605024.8563702517,-4412151.507081155
-4555974.736917745,604693.5381900279,-4412151.507081155
-4556018.699429123,604362.2167323664,-4412151.507081155
-4556062.637846005,604030.8920785385,-4412151.507081155
-4556106.552157625,603699.5643098132,-4412151.507081155
-4556150.442384827,603368.2332689023,-4412151.507081155
-4556194.308516839,603036.8990370841,-4412151.507081155
-4556238.150542907,602705.5616956252,-4412151.507081155
-4556281.968483847,602374.2210872413,-4412151.507081155
-4560913.619600299,566239.3779189147,-4412151.507081155
-4511587.503128102,874750.801965086,-4412485.720779136
-4511651.104876828,874422.7077243144,-4412485.720779136
-4554772.405604883,611276.6125581202,-4412485.720779136
-4554816.846854155,610945.3785190586,-4412485.720779136
-4554861.264004632,610614.1413285106,-4412485.720779136
-4554905.657077397,610282.9008292372,-4412485.720779136
-4554950.026061554,609951.6571024839,-4412485.720779136
-4554994.37094623,609620.4102294999,-4412485.720779136
-4555038.691752473,609289.1600530434,-4412485.720779136
-4555082.988469405,608957.9066543625,-4412485.720779136
-4555127.261086168,608626.6501147085,-4412485.720779136
-4555171.509623779,608295.3902768333,-4412485.720779136
-4555215.734071377,607964.1272219893,-4412485.720779136
-4555259.93441812,607632.861031434,-4412485.720779136
-4555304.110684994,607301.5915479109,-4412485.720779136
-4555348.262861151,606970.3188526727,-4412485.720779136
-4555392.390935773,606639.0430269814,-4412485.720779136
-4555436.4949298045,606307.7639135757,-4412485.720779136
-4555480.574832422,605976.4815937086,-4412485.720779136
-4555524.63063282,605645.1961486486,-4412485.720779136
-4555568.662351913,605313.907421126,-4412485.720779136
-4555612.669978891,604982.615492404,-4412485.720779136
-4555656.653502968,604651.3204437436,-4412485.720779136
-4511208.851691491,875017.7874320602,-4412819.911133679
-4554454.35984948,611233.9289913711,-4412819.911133679
-4554498.797995556,610902.7180813642,-4412819.911133679
-4554543.212044519,610571.504020091,-4412819.911133679
-4554587.602017453,610240.2866503233,-4412819.911133679
-4554631.96790346,609909.0660533012,-4412819.911133679
-4554676.3096916685,609577.8423102681,-4412819.911133679
-4554720.627403126,609246.6152639932,-4412819.911133679
-4554764.921026954,608915.3849957187,-4412819.911133679
-4554809.190552297,608584.1515866906,-4412819.911133679
-4554853.436000168,608252.9148796716,-4412819.911133679
-4554897.657359709,607921.6749559084,-4412819.911133679
-4554941.854620079,607590.4318966529,-4412819.911133679
-4554986.027802259,607259.1855446595,-4412819.911133679
-4555030.176895406,606927.9359811752,-4412819.911133679
-4555074.3018887,606596.6832874564,-4412819.911133679
-4555118.402803085,606265.4273062528,-4412819.911133679
-4555162.479627738,605934.1681188118,-4412819.911133679
-4555206.532351854,605602.905806396,-4412819.911133679
-4556776.384802885,593675.341247139,-4412819.911133679
-4510830.16140458,875284.7179008571,-4413154.078159059
-4511021.011556012,874300.5865994979,-4413154.078159059
-4511084.580565648,873972.5335563498,-4413154.078159059
-4554225.13599008,610528.8634816419,-4413154.078159059
-4554269.522862948,610197.6692431322,-4413154.078159059
-4554313.8856505705,609866.4717775936,-4413154.078159059
-4554358.224342078,609535.2711662635,-4413154.078159059
-4554402.538958515,609204.0672519223,-4413154.078159059
-4554446.829489005,608872.8601158067,-4413154.078159059
-4554491.095922693,608541.6498391568,-4413154.078159059
-4554535.338280591,608210.4362647462,-4413154.078159059
-4554579.55655184,607879.2194738161,-4413154.078159059
-4554623.750725602,607547.9995476126,-4413154.078159059
-4554667.920822855,607216.7763289013,-4413154.078159059
-4554712.066832758,606885.5498989234,-4413154.078159059
-4554756.18874449,606554.3203389295,-4413154.078159059
-4510451.432298216,875551.5932885604,-4413488.221845487
-4553995.779312211,609823.8742766094,-4413488.221845487
-4554040.114906781,609492.696798734,-4413488.221845487
-4554084.426427964,609161.5160180782,-4413488.221845487
-4554128.7138648825,608830.332015873,-4413488.221845487
-4554172.977206681,608499.1448733527,-4413488.221845487
-4554217.216474372,608167.9544333023,-4413488.221845487
-4554261.431657095,607836.760776957,-4413488.221845487
-4554305.622744015,607505.5639855573,-4413488.221845487
-4508344.306203779,884672.2265136266,-4413822.342183177
-4508408.629452056,884344.3681772607,-4413822.342183177
-4553721.981395091,609450.1192089259,-4413822.342183177
-4553766.289820786,609118.9615637064,-4413822.342183177
-4553810.574163897,608787.8006971625,-4413822.342183177
-4553854.834413572,608456.6366905229,-4413822.342183177
-4553899.070590822,608125.4693865834,-4413822.342183177
-4557020.769831792,584273.0825275683,-4413822.342183177
-4560787.504716859,554103.4817280708,-4413822.342183177
-4509693.857682014,876085.1787208548,-4414156.4391864
-4553403.823793422,609407.538395021,-4414156.4391864
-4553448.129123393,609076.4038869896,-4414156.4391864
-4553669.294533865,607420.6832243152,-4414156.4391864
-4553713.455374937,607089.5294159589,-4414156.4391864
-4556659.883130348,584563.6320023311,-4414156.4391864
-4556744.8562749615,583900.8864532708,-4414156.4391864
-4509123.714529804,877335.6478926224,-4414490.51284537
-4509187.50426036,877007.7328167909,-4414490.51284537
-4552996.965416996,610027.1673473618,-4414490.51284537
-4556511.311938847,583197.3732550164,-4414490.51284537
-4556849.831287695,580546.4039088775,-4414490.51284537
-4508680.93912081,877930.1030340684,-4414824.563150305
-4508744.772082537,877602.220156204,-4414824.563150305
-4552501.135936726,611308.8285797379,-4414824.563150305
-4556023.040624831,584481.9329118597,-4414824.563150305
-4556150.446375355,583487.9489744115,-4414824.563150305
-4556192.86677218,583156.6147948675,-4414824.563150305
-4556362.30739293,581831.2473335266,-4414824.563150305
-4508301.938502625,878196.5926961079,-4415158.59011547
-4552138.460156911,611597.1416625798,-4415158.59011547
-4552182.924712016,611266.0992480562,-4415158.59011547
-4552227.3652035855,610935.053521402,-4415158.59011547
-4556043.826279633,581790.5784290584,-4415158.59011547
-4556086.123230313,581459.2520871575,-4415158.59011547
-4556549.799459943,577814.4591225892,-4415158.59011547
-4507859.003585219,878790.8502605372,-4415492.593731082
-4551329.563248627,615195.3847397047,-4415492.593731082
-4551374.28948818,614864.4010608642,-4415492.593731082
-4551418.9916578,614533.4141303129,-4415492.593731082
-4551463.669746532,614202.4240292421,-4415492.593731082
-4551508.323775585,613871.4306005269,-4415492.593731082
-4551552.953733996,613540.4339253518,-4415492.593731082
-4551597.559610827,613209.4340849115,-4415492.593731082
-4551642.141427253,612878.4309220712,-4415492.593731082
-4551686.69917233,612547.4245180291,-4415492.593731082
-4551731.232835136,612216.4149539731,-4415492.593731082
-4551775.742436814,611885.4020727689,-4415492.593731082
-4551820.227966436,611554.3859556121,-4415492.593731082
-4551864.6894131005,611223.3666836957,-4415492.593731082
-4551909.126797911,610892.3440998802,-4415492.593731082
-4551953.540109961,610561.318285362,-4415492.593731082
-4551997.929338365,610230.2893213385,-4415492.593731082
-4555767.615065484,581418.6032683477,-4415492.593731082
-4507352.00474385,879712.7791493444,-4415826.573987359
-4507415.967348968,879384.9929096089,-4415826.573987359
-4551279.31892433,613166.5594263518,-4415826.573987359
-4551323.897623665,612835.5794067426,-4415826.573987359
-4551368.452253332,612504.5961461581,-4415826.573987359
-4551412.982802414,612173.6097257807,-4415826.573987359
-4551457.48929205,611842.6199884869,-4415826.573987359
-4551501.9717113115,611511.6270154668,-4415826.573987359
-4551546.430049299,611180.6308879078,-4415826.573987359
-4551590.864327117,610849.6314486812,-4415826.573987359
-4551635.274533857,610518.6287789778,-4415826.573987359
-4551679.660658634,610187.6229599892,-4415826.573987359
-4555491.34977045,581046.6682063218,-4415826.573987359
-4555533.592634057,580715.3819640965,-4415826.573987359
-4506844.794364637,880634.5239894133,-4416160.530898567
-4506908.824002277,880306.7746326249,-4416160.530898567
-4550424.270003046,617094.910286037,-4416160.530898567
-4550469.1343824,616763.9924369616,-4416160.530898567
-4551050.181256799,612461.7645340305,-4416160.530898567
-4551094.70869192,612130.8012590827,-4416160.530898567
-4551139.212069278,611799.8346674504,-4416160.530898567
-4551183.691377944,611468.864840318,-4416160.530898567
-4551228.146607022,611137.8918588674,-4416160.530898567
-4551272.57777761,610806.9155659807,-4416160.530898567
-4551316.984878805,610475.9360428432,-4416160.530898567
-4551361.3678997215,610144.9533706408,-4416160.530898567
-4555257.246184178,580343.5072611939,-4416160.530898567
-4556013.011187242,574380.1939710673,-4416160.530898567
-4506401.46917078,881228.372270463,-4416494.464454924
-4506465.541980088,880900.6552302749,-4416494.464454924
-4550016.224051949,617713.5309373304,-4416494.464454924
-4550061.133419747,617382.6427605605,-4416494.464454924
-4554980.845660362,579971.6726756825,-4416494.464454924
-4555443.332255578,576327.7644250847,-4416494.464454924
-4505958.042738627,881822.1056399621,-4416828.374646652
-4506022.158741994,881494.4207664367,-4416828.374646652
-4505450.332109154,882743.3718718411,-4417162.261488008
-4505514.51511024,882415.7239176413,-4417162.261488008
-4549019.571091637,620273.7278906943,-4417162.261488008
-4549064.666634043,619942.9122652044,-4417162.261488008
-4549109.738129556,619612.0932817509,-4417162.261488008
-4549154.785567114,619281.2710214824,-4417162.261488008
-4505006.660143534,883336.8428546373,-4417496.124969212
-4505070.886304224,883009.2271636068,-4417496.124969212
-4548384.958782456,622545.7835400667,-4417496.124969212
-4548475.456284172,621884.2412077069,-4417496.124969212
-4548520.66895868,621553.4650677114,-4417496.124969212
-4548565.8575783465,621222.6856406298,-4417496.124969212
-4548611.022132096,620891.9030076031,-4417496.124969212
-4548656.162641369,620561.1170116041,-4417496.124969212
-4548701.279095084,620230.3277337651,-4417496.124969212
-4548746.371482185,619899.5352552334,-4417496.124969212
-4550353.6745174425,607988.8343445157,-4417496.124969212
-4550397.876684401,607657.921653366,-4417496.124969212
-4550442.054786591,607327.0057486187,-4417496.124969212
-4554109.211968797,579187.5959850412,-4417496.124969212
-4548021.3832051195,622832.9611909267,-4417829.965080495
-4548066.664873698,622502.2180695494,-4417829.965080495
-4548111.922489836,622171.4716560704,-4417829.965080495
-4548157.156042441,621840.7220316207,-4417829.965080495
-4548202.365552986,621509.969039189,-4417829.965080495
-4548247.551010374,621179.2127599011,-4417829.965080495
-4548292.712403528,620848.4532748924,-4417829.965080495
-4548337.849753889,620517.690427147,-4417829.965080495
-4550035.242838854,607946.287562676,-4417829.965080495
-4550079.441912565,607615.3980286458,-4417829.965080495
-4550123.616923192,607284.5052812429,-4417829.965080495
-4550167.767859906,606953.609401634,-4417829.965080495
-4555702.4054895565,563910.4470157817,-4417829.965080495
-4502633.25283005,892055.8207762273,-4418163.781836107
-4503925.932534606,885506.064978633,-4418163.781836107
-4503990.316448451,885178.5278746022,-4418163.781836107
-4504054.676542954,884850.9860893049,-4418163.781836107
-4504119.012802335,884523.4397030881,-4418163.781836107
-4504183.325257138,884195.8885604572,-4418163.781836107
-4547703.068405542,622789.3692786406,-4418163.781836107
-4549760.983070008,607572.8711895332,-4418163.781836107
-4549805.154988837,607242.0016012251,-4418163.781836107
-4549849.30283544,606911.1288809302,-4418163.781836107
-4549893.426630774,606580.252871579,-4418163.781836107
-4555424.546909716,563539.7007168847,-4418163.781836107
-4502318.068863434,891993.3769403099,-4418497.575226274
-4502382.924552206,891665.956746278,-4418497.575226274
-4503610.658080514,885444.0796250962,-4418497.575226274
-4503675.03748749,885116.5654486364,-4418497.575226274
-4547203.387771953,624068.528252153,-4418497.575226274
-4547248.759284787,623737.8446931837,-4418497.575226274
-4547294.1067603985,623407.1577562169,-4418497.575226274
-4547339.430187655,623076.4675223631,-4418497.575226274
-4549486.668992853,607199.4947098099,-4418497.575226274
-4549530.813749109,606868.6451505789,-4418497.575226274
-4549574.93445578,606537.7923025216,-4418497.575226274
-4549619.031102034,606206.9362467887,-4418497.575226274
-4553656.652870861,575092.3973453991,-4418497.575226274
-4555146.634400121,563168.9949143043,-4418497.575226274
-4503230.961116682,885709.5760765993,-4418831.345241222
-4546703.3237388125,625347.445997904,-4418831.345241222
-4549168.158944566,607156.984608242,-4418831.345241222
-4549212.300610243,606826.1582118241,-4418831.345241222
-4549256.418228019,606495.3285268103,-4418831.345241222
-4549300.5117870625,606164.4956343451,-4418831.345241222
-4502851.225518943,885975.0173777196,-4419165.091895199
-4546202.876402466,626626.1223128544,-4419165.091895199
-4546248.433922335,626295.511427004,-4419165.091895199
-4546293.967399379,625964.8972289932,-4419165.091895199
-4548893.76340524,606783.6680628518,-4419165.091895199
-4548937.877933887,606452.8615426313,-4419165.091895199
-4548981.968405485,606122.0518151842,-4419165.091895199
-4552935.344564305,575674.073406133,-4419165.091895199
-4502535.88863864,885912.9721126168,-4419498.815178441
-4545747.6963629415,627573.9826087211,-4419498.815178441
-4548575.202143421,606741.1747049054,-4419498.815178441
-4548619.313582706,606410.3913512278,-4419498.815178441
-4548663.400966628,606079.6047905482,-4419498.815178441
-4552658.349501864,575302.6815054197,-4419498.815178441
-4552741.975728018,574640.5181332912,-4419498.815178441
-4502156.0951472,886178.330563447,-4419832.515081165
-4545383.661810827,627860.578133782,-4419832.515081165
-4552381.30042321,574931.3299763611,-4419832.515081165
-4552423.098575059,574600.2699194951,-4419832.515081165
-4545019.585560331,628147.1207874109,-4420166.191617629
-4501460.863792116,886381.5284994992,-4420499.844778057
-4544426.66230747,630086.0522390241,-4420499.844778057
-4544564.017609323,629094.5971535429,-4420499.844778057
-4544609.754646096,628764.1054423493,-4420499.844778057
-4500951.968694207,887301.3951202007,-4420833.474552676
-4501016.483160539,886974.0743627482,-4420833.474552676
-4544062.398600884,630372.3565450013,-4420833.474552676
-4544108.228560276,630041.9013091977,-4420833.474552676
-4544154.034488162,629711.4427414146,-4420833.474552676
-4544199.816373316,629380.9809227189,-4420833.474552676
-4544245.574237469,629050.5156962334,-4420833.474552676
-4500442.86268762,888221.0771859392,-4421167.080955741
-4543514.449871786,631980.289312546,-4421167.080955741
-4543560.3967648065,631649.8739204499,-4421167.080955741
-4543789.770773933,629997.7470463363,-4421167.080955741
-4543835.573491672,629667.3116375756,-4421167.080955741
-4500062.818492038,888486.0764650316,-4421500.663977476
-4543104.027939515,632596.7671166923,-4421500.663977476
-4543150.01965412,632266.3816489836,-4421500.663977476
-4543195.987353329,631935.9927582443,-4421500.663977476
-4543471.288957774,629953.589451734,-4421500.663977476
-4499682.7357654665,888751.0204676277,-4421834.223608114
-4542739.535322506,632882.7799410456,-4421834.223608114
-4499237.951552603,889343.1053011549,-4422167.759861901
-4499302.614516313,889015.9091066025,-4422167.759861901
-4542328.943768947,633499.0688523941,-4422167.759861901
-4542375.001102826,633168.7397480041,-4422167.759861901
-4495790.876671543,904979.494765885,-4422501.272729064
-4498857.772507236,889607.9110827578,-4422501.272729064
-4541733.596217263,635436.4120045484,-4422501.272729064
-4541779.794440262,635106.1261899243,-4422501.272729064
-4498477.554974551,889872.6614897422,-4422834.762199843
-4498097.298916394,890137.3566705413,-4423168.228288476
-4495239.263205846,902827.7428854972,-4423501.670985198
-4497652.240620804,890729.0773460928,-4423501.670985198
-4493473.791819119,909954.6011971622,-4423835.090280245
-4494595.311707294,904398.7383803648,-4423835.090280245
-4496752.768217676,893609.8900145654,-4423835.090280245
-4496817.7414617315,893282.8746148609,-4423835.090280245
-4496882.690939973,892955.8544125471,-4423835.090280245
-4496947.616636462,892628.8294878384,-4423835.090280245
-4497012.518535278,892301.7999209532,-4423835.090280245
-4497077.396667234,891974.7655566462,-4423835.090280245
-4497142.251016406,891647.7264751305,-4423835.090280245
-4497207.081566895,891320.6827566304,-4423835.090280245
-4540042.611924418,638229.7203324878,-4423835.090280245
-4495851.427840818,896489.9021204732,-4424168.486187851
-4495916.610527613,896162.9522604623,-4424168.486187851
-4495981.769453411,895835.9975826311,-4424168.486187851
-4539584.683651904,639175.3325773317,-4424168.486187851
-4539631.153782519,638845.2030261256,-4424168.486187851
-4494161.661105366,903291.3517942703,-4424501.858698257
-4494817.36467712,900022.8666943397,-4424501.858698257
-4494882.804306745,899695.9919457223,-4424501.858698257
-4495405.465505346,897080.823047918,-4424501.858698257
-4495470.691181948,896753.9055391756,-4424501.858698257
-4539126.534876544,640120.7720073803,-4424501.858698257
-4491931.353870819,912703.1806182824,-4424835.207801702
-4494501.856589711,899959.6907140369,-4424835.207801702
-4494567.2916258825,899632.838909984,-4424835.207801702
-4494894.11022585,897998.5087155936,-4424835.207801702
-4494959.402639795,897671.6283912308,-4424835.207801702
-4495024.671282156,897344.7433195375,-4424835.207801702
-4490884.506563843,916231.8476872438,-4425168.533512417
-4493858.81603969,901530.5826836468,-4425168.533512417
-4493924.365316059,901203.777638672,-4425168.533512417
-4493989.890810598,900876.9679061155,-4425168.533512417
-4494120.870531418,900223.333993007,-4425168.533512417
-4494186.324725574,899896.5099727847,-4425168.533512417
-4494251.755167946,899569.6811150252,-4425168.533512417
-4494317.16184248,899242.8474998915,-4425168.533512417
-4494382.544733138,898916.0092075572,-4425168.533512417
-4538349.5331477355,641021.0331879049,-4425168.533512417
-4493870.769093946,899833.3244724324,-4425501.835820642
-4537937.602442774,641636.0475254267,-4425501.835820642
-4493555.189704071,899770.134214831,-4425835.114716616
-4537525.564868808,642250.9521233664,-4425835.114716616
-4537572.258681401,641920.972228152,-4425835.114716616
-4536973.060901358,643855.576327047,-4426168.370214573
-4537160.158936336,642535.7971917773,-4426168.370214573
-4487950.361400299,924135.3355436601,-4426501.602304752
-4536654.361926088,643810.3487910571,-4426501.602304752
-4536288.811046993,644095.0078121726,-4426834.810977397
-4536335.638966382,643765.1178513631,-4426834.810977397
-4535829.449574037,645039.3301075259,-4427167.996246733
-4535876.3461677,644709.4735499349,-4427167.996246733
-4535923.218762145,644379.6136619636,-4427167.996246733
-4534957.100299964,646597.6653641985,-4427834.296536457
-4534544.225884477,647211.7417693482,-4428167.411561316
-4534131.244811452,647825.7082478745,-4428500.503167826
-4534178.344040758,647495.975179861,-4428500.503167826
-4533623.797430613,649098.96062728,-4428833.571346231
-4533670.989254795,648769.2644585154,-4428833.571346231
-4533718.157102668,648439.564858736,-4428833.571346231
-4533765.30096267,648109.8619088159,-4428833.571346231
-4533115.9690170195,650371.9690860655,-4429166.616110755
-4532749.818615002,650655.8565489165,-4429499.637451646
-4532383.62693475,650939.6907554431,-4429832.635359152
-4532430.9526238935,650610.0847695617,-4429832.635359152
-4531922.6294231545,651882.6199914521,-4430165.609847492
-4531970.023685271,651553.0475277671,-4430165.609847492
-4532253.885912959,649575.5406043871,-4430165.609847492
-4531461.412255408,652825.37561126,-4430498.560906914
-4531142.497707024,652779.4311595928,-4430831.488527669
-4530585.919089414,654380.8939783459,-4431164.392723975
-4530633.495034691,654051.4187163812,-4431164.392723975
-4530681.047008313,653721.9400745396,-4431164.392723975
-4530728.575032854,653392.4578964195,-4431164.392723975
-4479977.197965298,929287.7240105746,-4433494.065825988
-4477744.564638413,930522.9436979673,-4435490.014091208
-4525689.660660108,656697.8339235027,-4435822.590040587
-4477045.223798288,930717.2585638935,-4436155.142539117
-4476345.783674166,930911.456941304,-4436820.177144656
-4522775.425815947,667697.3312000065,-4437152.659256132
-4474743.321167189,932275.7638113039,-4438149.964780335
-4473704.189872033,934096.2063894176,-4438814.717774365
-4472732.277257169,935590.6360471764,-4439479.376877737
-4518877.181486907,674174.8975012858,-4440143.942060446
-4471375.577420227,937343.4038379098,-4440476.189434134
-4470991.342366743,937602.2891929478,-4440808.413316405
-4470154.5254917415,938444.9734717483,-4441472.790639531
-4468685.141697868,939154.427332465,-4442801.263391211
-4465966.702463481,942653.287594651,-4444793.267619369
-4465444.677877035,943560.7606457017,-4445125.186064995
-4512753.031224073,682321.8883991445,-4445125.186064995
-4464922.446295691,944468.0457955388,-4445457.081002589
-4464400.007786936,945375.1429938524,-4445788.952422433
-4464014.946320648,945632.7975601411,-4446120.8003387
-4463698.62267732,945565.7892693148,-4446452.624741671
-4463451.022249782,945174.1871349864,-4446784.425621631
-4463134.646522742,945107.1918505878,-4447116.202992745
-4463203.36486105,944782.6210152189,-4447116.202992745
-4463546.60245779,943159.6920813057,-4447116.202992745
-4463615.179168818,942835.091292805,-4447116.202992745
-4462776.517027705,943675.0571397772,-4447779.687169577
-4462597.246051976,942959.0904577246,-4448111.393979748
-4462665.808177351,942634.558708906,-4448111.393979748
-4509228.770836632,686150.0703247815,-4448111.393979748
-4509278.6571462955,685822.1481932845,-4448111.393979748
-4462691.736260719,940945.0863008215,-4448443.077266094
-4462443.594985609,940553.8266544279,-4448774.7370189065
-4461313.84322569,939638.0309572035,-4450101.140763173
-4460997.158594585,939571.33111638,-4450432.682869749
-4458717.297401315,947221.2850047562,-4451095.696464889
-4459294.093222387,942938.6822684546,-4451427.167957908
-4459456.762900475,940601.725262603,-4451758.615901611
-4456541.506256446,948114.000453207,-4453084.172251647
-4455976.889243752,947655.1707763127,-4453746.809128971
-4455660.076876114,947587.7941076674,-4454078.092242042
-4455412.134798005,947196.4081930039,-4454409.351799736
-4455095.270412494,947129.0445465532,-4454740.587792354
-4454709.498405031,947385.6340368814,-4455071.8002340365
-4453909.778176359,949585.64250381,-4455402.989115085
-4454047.842711198,948937.8374920435,-4455402.989115085
-4454254.762831838,947966.0924179943,-4455402.989115085
-4454323.689082219,947642.1674162257,-4455402.989115085
-4453454.733460339,950165.8182144252,-4455734.154425802
-4452792.064098146,951717.3477886606,-4456065.296180329
-4500394.834582187,692509.5010491017,-4456065.296180329
-4500074.538176136,692460.2146392432,-4456396.41436897
-4500627.026714402,688860.1922068548,-4456396.41436897
-4500677.110132404,688532.8956045738,-4456396.41436897
-4500727.169760607,688205.59528244,-4456396.41436897
-4500256.563525784,689138.4281303372,-4456727.508982028
-4453178.09520139,943675.5591558682,-4457389.62751411
-4452929.584129149,943284.5343515344,-4457720.651413747
-4498623.609767208,691232.29670184,-4458051.651746687
-4498303.159844992,691183.0582336049,-4458382.628503234
-4452046.638059645,942759.2105836688,-4458713.581673695
-4452115.185677242,942435.4460973021,-4458713.581673695
-4451729.413669807,942692.0355876152,-4459044.511272203
-4451797.95640314,942368.2941706367,-4459044.511272203
-4451343.604347018,942948.5689669456,-4459375.417289072
-4451412.165737006,942624.8556061366,-4459375.417289072
-4451480.70358571,942301.1372602582,-4459375.417289072
-4448334.277340006,955501.3748435084,-4459706.299714604
-4451026.337767223,942881.3609295553,-4459706.299714604
-4451094.894270543,942557.6706412025,-4459706.299714604
-4451163.4272342585,942233.9753681357,-4459706.299714604
-4450709.047640572,942814.1479041261,-4460037.158562938
-4450777.599256862,942490.480689942,-4460037.158562938
-4450846.127335224,942166.8084913994,-4460037.158562938
-4496650.295219141,691263.8184828168,-4460037.158562938
-4450460.280705258,942423.285754324,-4460367.993824377
-4450528.803897906,942099.6366320171,-4460367.993824377
-4450597.303537506,941775.9826050953,-4460367.993824377
-4450142.9386250265,942356.0858363163,-4460698.805489233
-4450211.456931598,942032.4597919562,-4460698.805489233
-4450279.951686799,941708.828843331,-4460698.805489233
-4450348.422923146,941385.1928368125,-4460698.805489233
-4449962.5762931835,941641.6700997306,-4461029.593571637
-4450031.042646448,941318.0571735814,-4461029.593571637
-4449713.638835775,941250.9165321928,-4461360.358061899
-4449782.076773293,940927.3217103211,-4461360.358061899
-4449464.644555811,940860.1991768876,-4461691.098950337
-4449147.188799731,940793.0716661072,-4462021.816251069
-4448829.709514354,940725.9391799462,-4462352.509954412
-4448512.2067089705,940658.8017203693,-4462683.180050684
-4448580.601573448,940335.2943483196,-4462683.180050684
-4448194.680370024,940591.6592845101,-4463013.826554005
-4448263.070352606,940268.1750038012,-4463013.826554005
-4447877.130506816,940524.5118743354,-4463344.44945469
-4447945.515607141,940201.050686678,-4463344.44945469
-4447559.557128644,940457.3594918106,-4463675.048743061
-4447627.9373463495,940133.9213989149,-4463675.048743061
-4447310.335556672,940066.7871376461,-4464005.62443323
-4443197.420807352,957778.7754934237,-4464336.17651552
-4446992.710247407,939999.6479048366,-4464336.17651552
-4442740.702756749,958356.5419556809,-4464666.704980251
-4446675.061427855,939932.5037024529,-4464666.704980251
-4446357.389084455,939865.354527628,-4464997.209841538
-4446039.693226505,939798.2003823278,-4465327.691089703
-4446108.025529231,939474.8727411828,-4465327.691089703
-4445721.973863319,939731.0412685203,-4465658.148715061
-4445790.301282935,939407.7367327589,-4465658.148715061
-4490542.322669668,694671.107163149,-4465658.148715061
-4441261.869817139,959051.6058159665,-4465988.582731732
-4445404.230981316,939663.8771833358,-4465988.582731732
-4445472.553517463,939340.5957546683,-4465988.582731732
-4445154.782242121,939273.4498088775,-4466318.9931300385
-4445223.076386246,938950.186521668,-4466318.9931300385
-4440557.1598038245,959237.4198034847,-4466649.3799003
-4488194.167492163,694976.2739245524,-4467970.690769052
-4486386.126158835,696032.6951028246,-4469621.797686848
-4436497.350289092,958022.7495498301,-4470942.257759862
-4434744.12917393,963046.1923566959,-4471602.345932008
-4433968.431023028,963553.0702580041,-4472262.33951985
-4433650.604934748,963484.0029410095,-4472592.300829409
-4432874.72254595,963990.5986796258,-4473252.152502747
-4431078.24613831,967650.4100747417,-4474241.752574622
-4481034.647057758,690197.5908829813,-4475890.612761586
-4481084.827797968,689871.718996781,-4475890.612761586
-4480662.73210656,690473.8832593134,-4476220.313796918
-4480712.932940303,690148.0384188052,-4476220.313796918
-4480763.110077807,689822.1899284486,-4476220.313796918
-4480813.26350677,689496.3378681754,-4476220.313796918
-4479382.749029526,696614.2149101925,-4476549.991151864
-4480340.997905261,690424.3037491762,-4476549.991151864
-4480391.1951343315,690098.4823059723,-4476549.991151864
-4480441.368668863,689772.6572131822,-4476549.991151864
-4480491.518496557,689446.8285507315,-4476549.991151864
-4480541.6446412215,689120.9961639452,-4476549.991151864
-4479061.059943356,696564.1872160296,-4476879.644840498
-4480019.240001975,690374.7205865427,-4476879.644840498
-4480069.433626106,690048.9225423668,-4476879.644840498
-4480119.6035574,689723.1208488668,-4476879.644840498
-4480169.74978356,689397.3155859626,-4476879.644840498
-4480219.87232839,689071.5065989901,-4476879.644840498
-4480269.971179588,688745.6939678626,-4476879.644840498
-4479697.4584061215,690325.1337728648,-4477209.274853166
-4479747.648425048,689999.3591294399,-4477209.274853166
-4479797.8147528395,689673.5808369529,-4477209.274853166
-4479847.9573772,689347.7989753182,-4477209.274853166
-4479898.076321931,689022.0133898827,-4477209.274853166
-4479948.171574732,688696.2241605539,-4477209.274853166
-4479425.8395405775,689949.7920686424,-4477538.881180221
-4479476.002264602,689624.0371788909,-4477538.881180221
-4479526.141286897,689298.278720248,-4477538.881180221
-4479576.2566312635,688972.5165380718,-4477538.881180221
-4479626.348285403,688646.7507122641,-4477538.881180221
-4479676.416237034,688320.9813227359,-4477538.881180221
-4478146.483386228,696088.4239239838,-4477868.463835733
-4479104.006958958,689900.2213578586,-4477868.463835733
-4479154.166078949,689574.4898725658,-4477868.463835733
-4479204.301498914,689248.754818638,-4477868.463835733
-4479254.413242652,688923.0160414445,-4477868.463835733
-4479304.501297864,688597.2736208813,-4477868.463835733
-4477824.695921927,696038.4048972068,-4478198.022810052
-4477502.884784385,695988.3821906331,-4478527.558093528
-4477553.4866521945,695662.7671261432,-4478527.558093528
-4424860.782101768,974724.272917224,-4478857.06970023
-4477181.0499598645,695938.3558021272,-4478857.06970023
-4477231.648190503,695612.7641422603,-4478857.06970023
-4476909.786050982,695562.7574796309,-4479186.55762051
-4476960.3569680555,695237.185547623,-4479186.55762051
-4424011.837613231,975549.317407603,-4479516.021844723
-4476587.9002430625,695512.7471397201,-4479516.021844723
-4476638.467524133,695187.1986160427,-4479516.021844723
-4476689.011118381,694861.6464940057,-4479516.021844723
-4476265.990752996,695462.7331203922,-4479845.462386933
-4476316.554397795,695137.2080067677,-4479845.462386933
-4476367.094357477,694811.6792950422,-4479845.462386933
-4475944.057590212,695412.7154231117,-4480174.879237497
-4475994.617598471,695087.2137212615,-4480174.879237497
-4476045.153923318,694761.7084215691,-4480174.879237497
-4476095.666588741,694436.1993695089,-4480174.879237497
-4475520.917025697,696013.6395139409,-4480504.27238676
-4475571.52072337,695688.1686602711,-4480504.27238676
-4475622.1007641405,695362.6940493442,-4480504.27238676
-4475672.657135595,695037.2157609892,-4480504.27238676
-4475723.189825338,694711.7338750509,-4480504.27238676
-4475773.698857361,694386.2482370145,-4480504.27238676
-4475148.320065423,696289.0114684096,-4480833.641848798
-4475198.943801839,695963.5676319145,-4480833.641848798
-4475249.543859033,695638.120192927,-4480833.641848798
-4475300.1202610275,695312.6689969525,-4480833.641848798
-4475350.672995408,694987.2141238146,-4480833.641848798
-4475401.2020497825,694661.7556533522,-4480833.641848798
-4475451.707448138,694336.2934310617,-4480833.641848798
-4474775.6830578605,696564.3292279283,-4481162.987613963
-4474826.326816935,696238.9124896374,-4481162.987613963
-4474876.946910901,695913.4920692864,-4481162.987613963
-4474927.54332735,695588.0680467023,-4481162.987613963
-4474978.1160903005,695262.6402674015,-4481162.987613963
-4475028.665187341,694937.2088112019,-4481162.987613963
-4475079.190606078,694611.7737579365,-4481162.987613963
-4475129.692370499,694286.334953113,-4481162.987613963
-4474403.006030788,696839.5927097872,-4481492.309672606
-4474453.669796418,696514.2031507021,-4481492.309672606
-4474504.309911072,696188.8098300106,-4481492.309672606
-4474554.926362322,695863.4128275244,-4481492.309672606
-4474605.519137758,695538.012223064,-4481492.309672606
-4474656.088261398,695212.6078621573,-4481492.309672606
-4474706.633720829,694887.1998246164,-4481492.309672606
-4474757.155503662,694561.7881902687,-4481492.309672606
-4474080.972744871,696789.4395287943,-4481821.608038796
-4474131.632864112,696464.0733887594,-4481821.608038796
-4474182.269334078,696138.703487389,-4481821.608038796
-4474232.882142343,695813.3299044886,-4481821.608038796
-4474283.4712764975,695487.9527198735,-4481821.608038796
-4474334.036760558,695162.5717790824,-4481821.608038796
-4474384.5785821155,694837.1871619218,-4481821.608038796
-4474435.0967287775,694511.798948213,-4481821.608038796
-4473809.572270377,696413.9399435689,-4482150.8827028815
-4473860.205095387,696088.5934632403,-4482150.8827028815
-4473910.814260399,695763.2433016467,-4482150.8827028815
-4473961.399753006,695437.8895385974,-4482150.8827028815
-4474011.961597221,695112.5320196428,-4482150.8827028815
-4473689.862780814,695062.4885853035,-4482480.133655227
-4473367.74029758,695012.4414739272,-4482809.360909894
-4419838.0430315975,976314.3240284616,-4483467.744287614
-4419732.53741117,975279.7822046287,-4483796.900415083
-4472451.750906774,694537.0340298839,-4483796.900415083
-4472129.530164452,694486.9956502346,-4484126.032830009
-4471807.285779019,694436.9535989936,-4484455.141522751
-4471485.017736715,694386.9078740244,-4484784.226507363
-4471162.726046976,694336.8584767919,-4485113.287774207
-4470840.410719242,694286.8054087624,-4485442.325313646
-4468291.130348024,691561.6492429232,-4488402.595551071
-4411001.815557432,987491.4527915919,-4489717.654130667
-4464116.731233004,692910.2053553337,-4492346.631465563
-4463793.892477968,692860.0950465052,-4492675.146743703
-4463471.030116171,692809.981073488,-4493003.638262342
-4463148.144157069,692759.8634377501,-4493332.106011865
-4462825.234586877,692709.7421371517,-4493660.550006295
-4404882.743700438,993861.3694605838,-4494317.3666914115
-4461533.36031455,692509.2203046761,-4494974.088311675
-4461210.332761002,692459.0806909652,-4495302.413457308
-4460887.281606602,692408.9374139829,-4495630.71483743
-4460190.750642192,692632.9958798299,-4496287.246262673
-4459867.6323669255,692582.8181202825,-4496615.4763122015
-4459544.490505667,692532.6366980136,-4496943.682581388
-4459170.954527628,692806.7335348789,-4497271.865060628
-4458797.378680015,693080.7760390259,-4497600.023763938
-4458423.76299059,693354.7641280531,-4497928.158681702
-4457403.593577301,693528.1067605604,-4498912.420696503
-4457080.301287999,693477.8056638294,-4499240.460446868
-4456706.546160028,693751.6036044697,-4499568.476410886
-4456332.751225826,694025.3471039535,-4499896.468578949
-4456383.210381556,693701.271658111,-4499896.468578949
-4455958.916476842,694299.036313262,-4500224.436941452
-4456009.39554891,693974.9879749481,-4500224.436941452
-4455585.041917569,694572.671146402,-4500552.3815124035
-4396908.267854894,999457.4471168802,-4500880.302282197
-4399697.880694439,982609.1738701155,-4501863.921759425
-4399449.796311503,982217.8782143992,-4502191.747299383
-4453917.32472195,694644.4666813359,-4502191.747299383
-4399201.655029016,981826.6185667359,-4502519.54903738
-4394265.149572684,1002217.9130836572,-4502847.326963818
-4450276.581676465,696728.9312435854,-4505468.69292754
-4391536.511371357,1000923.6556579793,-4505796.25647194
-4391609.288969639,1000604.2915153985,-4505796.25647194
-4391682.043360374,1000284.9220044762,-4505796.25647194
-4449902.190416548,697001.858598274,-4505796.25647194
-4391507.9719808865,999573.4417902211,-4506123.796179591
-4390751.905828394,1001416.6333033738,-4506451.312064479
-4391624.1347149545,997584.5986087918,-4506451.312064479
-4391202.437263125,996481.4122298436,-4507106.272327602
-4388917.879249332,1005028.4267966418,-4507433.716710232
-4390737.81812434,997047.4923274673,-4507433.716710232
-4391007.75835896,991401.9755787504,-4508415.906818044
-4381698.296977703,1010084.5390723938,-4513323.637652147
-4441024.244784506,704878.9960316634,-4513323.637652147
-4440427.117988646,704453.1720099895,-4513977.596120312
-4440102.89510719,704401.735553268,-4514304.539550947
-4438822.377125901,706184.2726311707,-4515285.226584778
-4438873.720549807,705861.470543311,-4515285.226584778
-4438395.333020636,706778.225729025,-4515612.074509498
-4438019.616412546,707049.3256770766,-4515938.898545574
-4377936.334853378,1013241.623036412,-4516265.698706965
-4437216.595665429,707914.0470907054,-4516592.474984096
-4436840.741089046,708184.9558209078,-4516919.227367405
-4436464.847106778,708455.8098811661,-4517245.955870839
-4436088.9137467295,708726.6091895706,-4517572.660484834
-4435712.940999906,708997.3538964895,-4517899.341199818
-4375055.630721775,1012574.904951328,-4519205.825137035
-4374661.79406286,1012818.9354697975,-4519532.386378101
-4432482.520196498,710464.593707673,-4520838.392294099
-4431781.560561096,710682.8119634418,-4521491.251816197
-4431456.88467809,710630.746768811,-4521817.64570244
-4431132.185351549,710578.6778147628,-4522144.015682897
-4366925.589990056,1017052.376066207,-4526058.589526663
-4368593.425875689,1008401.9503467691,-4526384.648473055
-4369559.410970663,1001264.3608253917,-4527036.694542981
-4369632.213421301,1000946.5948252309,-4527036.694542981
-4369777.748978365,1000311.0470223428,-4527036.694542981
-4425845.192066302,712372.1654619597,-4527036.694542981
-4368582.287400403,1004050.2710647786,-4527362.681670887
-4368801.233222685,1003097.17037072,-4527362.681670887
-4367749.757967957,1006200.0730893872,-4527688.644848027
-4369862.058443711,996986.5222199996,-4527688.644848027
-4354529.2513040565,1025188.4185954652,-4536155.277976611
-4356795.666731341,1009684.0851665329,-4537456.398304278
-4345823.890626817,1026141.3647591089,-4544280.9784593545
-4344979.36783271,1028277.3832973241,-4544605.69423875
-4350084.358654836,1006462.198236613,-4544605.69423875
-4405591.361116296,715687.3852007383,-4546228.912573805
-4341141.2197741605,1028702.6560011996,-4548175.981150443
-4343645.335399799,1016626.8907428625,-4548500.408406937
-4344088.509064039,1014731.5212112562,-4548500.408406937
-4342879.2837221045,1018446.5426866723,-4548824.811608702
-4402667.438696601,717184.2563342908,-4548824.811608702
-4339007.69923876,1030530.1866810629,-4549797.87686067
-4341319.881700194,1020745.7883668968,-4549797.87686067
-4338535.852594269,1031084.7531004446,-4550122.183818574
-4400224.905156539,717771.8622093822,-4551094.9603211535
-4399898.245852361,717718.5770109841,-4551419.171023323
-4399519.3615491325,717985.2320172972,-4551743.357655327
-4399088.194103149,718571.7444853276,-4552067.520207671
-4336731.04574549,1028656.9023336832,-4552391.658694197
-4398709.212866477,718838.2617077914,-4552391.658694197
-4335959.696955982,1030472.5108854438,-4552715.773105415
-4334586.272327215,1034809.5717343739,-4553039.863431835
-4397636.830630182,721290.0303522509,-4553039.863431835
-4397310.078383241,721236.4372186678,-4553363.929687292
-4396457.681290263,724380.2258071848,-4553687.971862299
-4396236.224108785,723686.9884483061,-4554011.989947365
-4395962.045813881,723313.5122506574,-4554335.983956329
-4331427.097259153,1038051.5174689837,-4555307.821455042
-4336950.555300412,1014727.319367111,-4555307.821455042
-4337392.900757601,1012834.8711651254,-4555307.821455042
-4331029.441537853,1038289.2739303372,-4555631.71911136
-4329191.784544166,1038847.5439948876,-4557250.845956484
-4328471.663202808,1039007.6479430161,-4557898.32799792
-4392313.200976093,723041.1994934402,-4557898.32799792
-4327998.195423961,1039559.7719685015,-4558222.032866734
-4328979.047156192,1035467.6761593906,-4558222.032866734
-4391933.542621626,723306.7511666961,-4558222.032866734
-4391068.785681385,724476.3516981341,-4558869.370276448
-4325534.37160785,1041297.2296869378,-4560163.755775156
-4327495.495562619,1033116.7680373103,-4560163.755775156
-4331934.025352099,1012889.066351493,-4560487.291865021
-4389116.542500121,726121.6406976356,-4560487.291865021
-4329539.789141564,1021631.5509598702,-4560810.803829002
-4331094.937802851,1015018.4488053222,-4560810.803829002
-4388789.330313936,726067.5077423613,-4560810.803829002
-4388091.946040872,728247.2425925768,-4561134.2916809125
-4388462.094909799,726013.3709459822,-4561134.2916809125
-4387764.715031297,728192.9353712733,-4561457.7554112775
-4329238.847033924,1018569.7492954445,-4561781.195010628
-4328619.459918475,1019752.957404743,-4562104.61049277
-4331567.483352153,1007157.2171646889,-4562104.61049277
-4387268.922356333,727127.1730907355,-4562104.61049277
-4386614.274241555,727018.674514174,-4562751.36906756
-4323990.158151613,1034939.2655670391,-4563074.7121645445
-4324140.63824282,1034310.3556966987,-4563074.7121645445
-4386181.136303486,727602.3713127347,-4563074.7121645445
-4387024.770791575,722498.3264102293,-4563074.7121645445
-4386697.3336628545,722444.4008479484,-4563398.031129725
-4386068.17870181,718082.4515360622,-4564691.065622662
-4325341.374264707,1020640.8606530221,-4565014.263903164
-4320503.398199382,1038091.8943286146,-4565660.588028507
-4384653.16769259,718505.6183823692,-4565983.713877691
-4384705.407305671,718186.7554808403,-4565983.713877691
-4384757.62371772,717867.8888577122,-4565983.713877691
-4384273.219879465,718770.7558312996,-4566306.815579683
-4384325.478774891,718451.9205596583,-4566306.815579683
-4384377.714483824,718133.0814884839,-4566306.815579683
-4384429.926993457,717814.2386959883,-4566306.815579683
-4384482.116328575,717495.3920308088,-4566306.815579683
-4322237.089653592,1026547.1056117228,-4566629.893125021
-4322311.730842593,1026232.7809212978,-4566629.893125021
-4384049.998483072,718079.4036995709,-4566629.893125021
-4384102.207090013,717760.5847393936,-4566629.893125021
-4384362.902389646,716166.4327280386,-4566629.893125021
-4382333.52091879,722380.4132331109,-4567598.9808660615
-4381900.662557415,722963.7157734972,-4567921.9618064705
-4383363.688811081,714039.7205048464,-4567921.9618064705
-4319499.329019408,1030875.7977480423,-4568244.918589438
-4316992.684984056,1039905.2585335129,-4568567.851205506
-4381192.521833631,723174.1668232988,-4568567.851205506
-4381441.763001085,719615.3859153015,-4568890.759668468
-4382328.056956189,714198.1709796508,-4568890.759668468
-4380694.519685859,722110.2415580701,-4569213.643968864
-4380747.021445024,721791.6665280394,-4569213.643968864
-4380799.500036618,721473.0876808169,-4569213.643968864
-4380851.955447778,721154.5050945434,-4569213.643968864
-4381948.166996143,714463.3913140119,-4569213.643968864
-4380366.649936763,722056.1957663228,-4569536.504097243
-4380681.28939679,720144.8315801678,-4569536.504097243
-4315397.927667877,1040849.3348600738,-4569859.340067388
-4379382.901687348,721894.0354780797,-4570504.939495162
-4380636.1736447355,714249.4747674202,-4570504.939495162
-4377714.672827358,725870.7976709415,-4571473.157353175
-4376021.7596748015,725917.0814680202,-4573086.370241176
-4377334.28139518,717960.054067728,-4573086.370241176
-4375058.566571511,729680.8920151695,-4573408.940265148
-4375111.61889886,729362.7268232307,-4573408.940265148
-4375535.204496411,726817.266797766,-4573408.940265148
-4374624.332573761,730262.4472173746,-4573731.486110402
-4376990.682222473,715942.6378558427,-4573731.486110402
-4374243.135723041,730525.7857228594,-4574054.007767492
-4374093.39765717,723309.463705684,-4575343.852464615
-4374932.045291535,718219.4865049857,-4575343.852464615
-4373607.221753932,724209.3685928208,-4575666.253155298
-4367897.1311987825,755938.9608966258,-4575988.629647584
-4367952.093085874,755621.3164295722,-4575988.629647584
-4372592.367739574,728289.1231658307,-4575988.629647584
-4373015.329166215,725745.1289628705,-4575988.629647584
-4367569.218814847,755882.2100759604,-4576310.981932035
-4367679.11122534,755246.9649155063,-4576310.981932035
-4367734.022789635,754929.3363051437,-4576310.981932035
-4367131.306781304,756460.6367313045,-4576633.31002241
-4367186.306594564,756143.0480314185,-4576633.31002241
-4367241.28332517,755825.4552564531,-4576633.31002241
-4367460.959270069,754555.0442777987,-4576633.31002241
-4366913.324739349,755768.6964397649,-4576955.613909278
-4367078.103964913,754815.965765538,-4576955.613909278
-4367242.675332968,753863.1991647324,-4576955.613909278
-4366089.795545143,758569.6949859937,-4577277.893583197
-4366144.94874941,758252.1819451518,-4577277.893583197
-4366255.185873387,757617.1439113055,-4577277.893583197
-4366310.269805742,757299.6188454574,-4577277.893583197
-4366585.34306699,755711.9336275583,-4577277.893583197
-4366640.28844766,755394.3845570376,-4577277.893583197
-4366695.210722185,755076.831567826,-4577277.893583197
-4366750.109916635,754759.2745091825,-4577277.893583197
-4366804.986017538,754441.7134589945,-4577277.893583197
-4366859.839011441,754124.1484951606,-4577277.893583197
-4365651.460622212,759147.6797777814,-4577600.149057928
-4365706.655846638,758830.1986882241,-4577600.149057928
-4365761.827996284,758512.713509397,-4577600.149057928
-4365816.977057608,758195.2243191809,-4577600.149057928
-4365872.103017092,757877.7311954474,-4577600.149057928
-4365927.205900903,757560.2339874839,-4577600.149057928
-4365982.285695519,757242.732773165,-4577600.149057928
-4366037.342387437,756925.2276303686,-4577600.149057928
-4366147.386528079,756290.2051850646,-4577600.149057928
-4366312.279547428,755337.6416002212,-4577600.149057928
-4366367.197696356,755020.1124646361,-4577600.149057928
-4366422.092766943,754702.5792599249,-4577600.149057928
-4366476.964745719,754385.042063969,-4577600.149057928
-4307087.413239235,1039839.2637539963,-4577922.380324037
-4365157.766502218,760042.9943586498,-4577922.380324037
-4365213.026837053,759725.549169169,-4577922.380324037
-4365268.264099733,759408.0998856936,-4577922.380324037
-4365323.478276703,759090.6465860922,-4577922.380324037
-4365378.669354425,758773.1893482312,-4577922.380324037
-4365433.837359102,758455.7280214075,-4577922.380324037
-4365488.982277191,758138.2626834962,-4577922.380324037
-4365544.104095177,757820.793412363,-4577922.380324037
-4365599.202839223,757503.3200573067,-4577922.380324037
-4365654.278495807,757185.8426961959,-4577922.380324037
-4365709.331051431,756868.3614069028,-4577922.380324037
-4365764.360532224,756550.8760387206,-4577922.380324037
-4365819.3669246845,756233.3866695189,-4577922.380324037
-4365929.310430247,755598.3960109802,-4577922.380324037
-4365984.247555963,755280.8946488032,-4577922.380324037
-4366039.161579004,754963.389368524,-4577922.380324037
-4370091.887829821,731139.2286372624,-4577922.380324037
-4364885.0297126165,759668.4642585458,-4578244.587372081
-4364940.2628248315,759351.0388278472,-4578244.587372081
-4364995.472853071,759033.6093813244,-4578244.587372081
-4365050.659783799,758716.1759968379,-4578244.587372081
-4365105.823643215,758398.738523696,-4578244.587372081
-4365160.964417778,758081.2970397678,-4578244.587372081
-4365216.082093973,757763.8516229133,-4578244.587372081
-4365271.176697962,757446.4021224425,-4578244.587372081
-4365326.248216225,757128.9486162183,-4578244.587372081
-4365381.296635262,756811.4911821068,-4578244.587372081
-4365436.321981204,756494.0296694129,-4578244.587372081
-4365491.324240546,756176.564156,-4578244.587372081
-4365546.303399804,755859.0947197418,-4578244.587372081
-4365601.259485079,755541.6212099347,-4578244.587372081
-4365656.192482881,755224.1437044475,-4578244.587372081
-4365711.102379746,754906.6622811527,-4578244.587372081
-4364557.009496625,759611.3753290478,-4578566.770215828
-4364612.238458083,759293.9737528054,-4578566.770215828
-4364667.4443373,758976.5681610404,-4578566.770215828
-4364722.627120742,758659.1586316077,-4578566.770215828
-4364777.786834605,758341.7450138269,-4578566.770215828
-4364832.92346535,758024.3273855612,-4578566.770215828
-4364888.036999462,757706.9058246647,-4578566.770215828
-4364943.127463103,757389.4801804589,-4578566.770215828
-4364998.194842753,757072.0505308006,-4578566.770215828
-4365053.239124913,756754.6169535504,-4578566.770215828
-4365108.260335711,756437.179298024,-4578566.770215828
-4365163.258461644,756119.7376420795,-4578566.770215828
-4365218.23348923,755802.2920635844,-4578566.770215828
-4365273.185444566,755484.8424118465,-4578566.770215828
-4365328.114314166,755167.3887647289,-4578566.770215828
-4367398.301800114,743101.207177654,-4578566.770215828
-4367452.330100655,742783.599020447,-4578566.770215828
-4367560.3173967125,742148.3709993104,-4578566.770215828
-4367614.276404617,741830.7510625134,-4578566.770215828
-4364173.718321322,759871.6560093832,-4578888.92884584
-4364228.966198685,759554.282382347,-4578888.92884584
-4364284.191009094,759236.9046622392,-4578888.92884584
-4364339.392738997,758919.5229269108,-4578888.92884584
-4364394.57137486,758602.1372542107,-4578888.92884584
-4364449.726942879,758284.7474934695,-4578888.92884584
-4364504.859429514,757967.353722545,-4578888.92884584
-4364559.968821254,757649.9560192853,-4578888.92884584
-4364670.118385,757015.1484416095,-4578888.92884584
-4364725.15852999,756697.7387228991,-4578888.92884584
-4364780.175605355,756380.3249262193,-4578888.92884584
-4364835.1695975885,756062.9071294218,-4578888.92884584
-4364890.140493211,755745.4854103687,-4578888.92884584
-4364945.088318318,755428.0596183788,-4578888.92884584
-4305868.343179402,1039213.5725584722,-4579211.063252678
-4363679.786436814,760766.5605341971,-4579211.063252678
-4363735.099394765,760449.222824529,-4579211.063252678
-4363790.389288391,760131.8810170671,-4579211.063252678
-4363845.656104121,759814.5351896476,-4579211.063252678
-4363900.899828409,759497.1854201163,-4579211.063252678
-4363956.120487477,759179.8315578211,-4579211.063252678
-4364011.318067773,758862.473680607,-4579211.063252678
-4364066.492555766,758545.1118663172,-4579211.063252678
-4364121.643977649,758227.7459642938,-4579211.063252678
-4364176.772319883,757910.3760523885,-4579211.063252678
-4364231.877568957,757593.0022084434,-4579211.063252678
-4364286.959751029,757275.6242818029,-4579211.063252678
-4364342.0188525785,756958.2423503121,-4579211.063252678
-4364397.054860109,756640.8564918196,-4579211.063252678
-4364452.067799748,756323.4665556643,-4579211.063252678
-4364507.057657992,756006.072619692,-4579211.063252678
-4363351.713604068,760709.3641190641,-4579533.173450107
-4363407.022403447,760392.0502676731,-4579533.173450107
-4363462.308140234,760074.7323187963,-4579533.173450107
-4363517.570800861,759757.410350264,-4579533.173450107
-4363572.810371781,759440.0844399167,-4579533.173450107
-4363628.026879216,759122.754437113,-4579533.173450107
-4363683.220309614,758805.4204196922,-4579533.173450107
-4363738.390649445,758488.0824654916,-4579533.173450107
-4363793.537924901,758170.7404238648,-4579533.173450107
-4363848.662122442,757853.3943726575,-4579533.173450107
-4364013.896231472,756901.3322544773,-4579533.173450107
-4364068.928101252,756583.9702578819,-4579533.173450107
-4364123.936904874,756266.6041839302,-4579533.173450107
-4364178.922628837,755949.2341104621,-4579533.173450107
-4364343.741306684,754997.0999859328,-4579533.173450107
-4310232.423975309,1018068.3935744931,-4579855.259428685
-4363134.203915925,760017.5796008733,-4579855.259428685
-4363299.910193926,759065.673301787,-4579855.259428685
-4363355.099474134,758748.3631458378,-4579855.259428685
-4363410.265665512,758431.0490534047,-4579855.259428685
-4363465.408794247,758113.7308738529,-4579855.259428685
-4363520.528846805,757796.408685022,-4579855.259428685
-4363575.625809675,757479.0825647428,-4579855.259428685
-4363630.69970901,757161.7523623819,-4579855.259428685
-4363685.750531294,756844.418155773,-4579855.259428685
-4363740.778263033,756527.0800227529,-4579855.259428685
-4363795.782930348,756209.7378126831,-4579855.259428685
-4363850.764519739,755892.3916033979,-4579855.259428685
-4363905.723017728,755575.0414727415,-4579855.259428685
-4362640.175154745,760912.2214049931,-4580177.321178985
-4362695.498721476,760594.959221447,-4580177.321178985
-4362750.799202832,760277.6930916437,-4580177.321178985
-4362806.076625065,759960.422864971,-4580177.321178985
-4362971.770441211,759008.5881535142,-4580177.321178985
-4363026.955570937,758691.3018607141,-4580177.321178985
-4363082.117613569,758374.0116317262,-4580177.321178985
-4363137.256595293,758056.7173159267,-4580177.321178985
-4363192.372502576,757739.4189911498,-4580177.321178985
-4363247.465321907,757422.1167352202,-4580177.321178985
-4363302.535079437,757104.810397516,-4580177.321178985
-4363357.581761653,756787.5000558648,-4580177.321178985
-4363412.605355059,756470.1857880978,-4580177.321178985
-4363467.605885776,756152.8674435877,-4580177.321178985
-4363522.583340304,755835.5451001629,-4580177.321178985
-4363632.469006452,755200.8884994489,-4580177.321178985
-4363687.377230677,754883.554169358,-4580177.321178985
-4362256.694786053,761172.2233554742,-4580499.358714762
-4362312.037261674,760854.989058726,-4580499.358714762
-4362367.35666722,760537.7507381941,-4580499.358714762
-4362422.652989126,760220.5084717019,-4580499.358714762
-4362477.926253643,759903.2621086482,-4580499.358714762
-4362698.788586007,758634.2365618839,-4580499.358714762
-4362809.0813140245,757999.6997476512,-4580499.358714762
-4362864.19307574,757682.425288607,-4580499.358714762
-4362919.28175124,757365.1468987056,-4580499.358714762
-4308815.382958717,1019718.8598642468,-4580821.37202658
-4312056.185553579,1005926.443739122,-4580821.37202658
-4362039.191542598,760480.53823284,-4580821.37202658
-4362094.4837047625,760163.3198313365,-4580821.37202658
-4362149.752811273,759846.0973335798,-4580821.37202658
-4362425.752273228,758259.9247539567,-4580821.37202658
-4362480.882960056,757942.6781706972,-4580821.37202658
-4362535.990575912,757625.4275790633,-4580821.37202658
-4307822.922208527,1022461.8212423584,-4581143.361105015
-4311585.417294409,1006477.8658160567,-4581143.361105015
-4361876.798188287,759471.7258925126,-4581143.361105015
-4361932.016987988,759154.5193032529,-4581143.361105015
-4362097.535004052,758202.8753012071,-4581143.361105015
-4362152.661542995,757885.6525867337,-4581143.361105015
-4362207.765012701,757568.4258641877,-4581143.361105015
-4361050.604635099,762269.0409580895,-4581465.325963809
-4361438.075938878,760048.9304919167,-4581465.325963809
-4361493.336728496,759731.7557297861,-4581465.325963809
-4361548.574452366,759414.5769498139,-4581465.325963809
-4361603.789096947,759097.394229805,-4581465.325963809
-4361714.149213333,758463.0165957628,-4581465.325963809
-4361879.516372095,757511.4201415463,-4581465.325963809
-4360833.208375928,761577.4237771239,-4581787.266593541
-4361109.837452952,759991.7297920947,-4581787.266593541
-4361165.0940836845,759674.5789002934,-4581787.266593541
-4361275.538139576,759040.2651418725,-4581787.266593541
-4361330.725577403,758723.1022024903,-4581787.266593541
-4361385.889950343,758405.9352506046,-4581787.266593541
-4361441.031244872,758088.7643640118,-4581787.266593541
-4360560.335434621,761202.9927955135,-4582109.1829847805
-4360615.680139066,760885.8819375335,-4582109.1829847805
-4360671.00179569,760568.7669795047,-4582109.1829847805
-4360726.300390915,760251.6479992059,-4582109.1829847805
-4360836.828382742,759617.398054636,-4582109.1829847805
-4360892.057792022,759300.2670176041,-4582109.1829847805
-4360947.264125489,758983.1320411287,-4582109.1829847805
-4361002.447409348,758665.9929746595,-4582109.1829847805
-4361057.6076300545,758348.8498959888,-4582109.1829847805
-4362864.95443895,747880.889269786,-4582109.1829847805
-4360398.019940498,760194.415387883,-4582431.075151274
-4360453.291299564,759877.3163364838,-4582431.075151274
-4360508.539611651,759560.2131903726,-4582431.075151274
-4360563.764863199,759243.1060273269,-4582431.075151274
-4360618.967040669,758925.9949251342,-4582431.075151274
-4303961.840560134,1031469.31009162,-4582752.943083595
-4359737.628979386,762039.5456404204,-4582752.943083595
-4359793.034521836,761722.4946091186,-4582752.943083595
-4359848.417020829,761405.4394733598,-4582752.943083595
-4359903.776462776,761088.3803109081,-4582752.943083595
-4359959.1128341025,760771.3171995393,-4582752.943083595
-4360069.7164301295,760137.1787562743,-4582752.943083595
-4360124.983627699,759820.1035799277,-4582752.943083595
-4360180.2277800245,759503.0243091772,-4582752.943083595
-4302811.308122459,1034833.9700383717,-4583074.786772316
-4303487.683729843,1032017.5651787305,-4583074.786772316
-4304536.159273285,1027635.6126374168,-4583074.786772316
-4305207.823197668,1024818.0804071897,-4583074.786772316
-4359353.902987616,762299.1849389029,-4583074.786772316
-4359409.327425879,761982.1617361681,-4583074.786772316
-4359464.7287961235,761665.1345797768,-4583074.786772316
-4359520.107124645,761348.1033192377,-4583074.786772316
-4359575.462397857,761031.068032309,-4583074.786772316
-4359630.7946021855,760714.0287967604,-4583074.786772316
-4359686.1037639,760396.9854620891,-4583074.786772316
-4359741.3898694245,760079.9381060562,-4583074.786772316
-4361825.174195252,748029.1763082792,-4583074.786772316
-4359025.582545747,762241.7731272433,-4583396.606231186
-4359081.002809773,761924.7738007985,-4583396.606231186
-4359136.400007517,761607.7705209949,-4583396.606231186
-4359191.7741652755,761290.7631373527,-4583396.606231186
-4359247.125269459,760973.751727624,-4583396.606231186
-4359302.453306497,760656.7363695729,-4583396.606231186
-4359357.758302656,760339.7169127079,-4583396.606231186
-4361333.381477895,748924.3523848328,-4583396.606231186
-4361387.8332655765,748607.185265715,-4583396.606231186
-4361442.261975008,748290.0142637088,-4583396.606231186
-4358863.418152331,761233.4189293836,-4583718.4014507765
-4358918.765087194,760916.4313985315,-4583718.4014507765
-4358974.088956649,760599.4399196545,-4583718.4014507765
-4358535.039095431,761176.07069701,-4584040.172421666
-4358590.38186068,760859.1070467103,-4584040.172421666
-4358095.890658357,761752.5858206594,-4584361.9191575935
-4358151.275336845,761435.654180677,-4584361.9191575935
-4358206.636980553,761118.7184377832,-4584361.9191575935
-4357379.164967863,763913.4235623854,-4584683.641649134
-4357434.706802102,763596.5439623948,-4584683.641649134
-4357490.2255787365,763279.6604001756,-4584683.641649134
-4357545.721324121,762962.7727253046,-4584683.641649134
-4357601.194024634,762645.8810155068,-4584683.641649134
-4357656.643666678,762328.9853485108,-4584683.641649134
-4357712.070276577,762012.0855738859,-4584683.641649134
-4357767.473840724,761695.1817693638,-4584683.641649134
-4357822.8543455405,761378.2740126742,-4584683.641649134
-4368536.8053709725,697282.644351638,-4584683.641649134
-4356939.609969103,764489.5475355688,-4585005.339886875
-4356995.193688088,764172.6999754421,-4585005.339886875
-4357050.754378457,763855.8482979457,-4585005.339886875
-4357106.292026573,763538.9925808011,-4585005.339886875
-4357161.806618821,763222.1329017269,-4585005.339886875
-4357217.298181556,762905.2691103105,-4585005.339886875
-4357272.766701156,762588.4012842716,-4585005.339886875
-4356777.85420062,763481.4371598532,-4585327.013884546
-4356833.36460819,763164.6013655998,-4585327.013884546
-4300869.66449431,1030066.8115820533,-4585970.289122008
-4304409.517867099,1013719.0926766505,-4586291.890366112
-4357994.3460298935,750635.0486977807,-4586291.890366112
-4357665.649972409,750578.433025174,-4586613.4673556285
-4299971.455644667,1029521.0547601067,-4586935.020081135
-4357336.930877314,750521.8133844946,-4586935.020081135
-4357008.188730565,750465.189773324,-4587256.54855637
-4299022.992321449,1030616.2822394313,-4587578.05277191
-4356679.423541793,750408.5621933206,-4587578.05277191
-4300341.796300154,1023659.7641193091,-4587899.53271834
-4300389.113329283,1022018.9017227022,-4588220.988409397
-4355364.132417019,750182.012193687,-4588863.826987718
-4355418.675680094,749865.2791673177,-4588863.826987718
-4298041.898149222,1021791.2908793881,-4590470.498721984
-4352733.91625376,751684.7069137804,-4591112.997486137
-4296287.219394889,1019063.7731556253,-4592718.819469133
-4349937.141009717,752179.0726057139,-4593682.021211113
-4308140.258282642,958543.5823859147,-4594645.004310034
-4307045.990471612,961916.7082104082,-4594965.950083642
-4307255.745640955,960977.0336563318,-4594965.950083642
-4308301.446135692,956277.9756938034,-4594965.950083642
-4308440.485554433,955651.3485615025,-4594965.950083642
-4308461.421031465,954012.4483367045,-4595286.871556785
-4308530.787387345,953699.1256330507,-4595286.871556785
-4308343.1488619605,953000.2873734938,-4595607.768720068
-4308224.617343433,951988.2183906182,-4595928.641587191
-4308293.836493772,951674.9129131684,-4595928.641587191
-4346755.1709174365,754884.8312224653,-4596249.490148762
-4307848.564156642,950590.9178572445,-4596570.314395383
-4346370.935865225,755143.7165766332,-4596570.314395383
-4307729.401985939,949579.1079003789,-4596891.114340755
-4307798.445942114,949265.8384423814,-4596891.114340755
-4307609.980601281,948567.3901691394,-4597211.889975483
-4346150.736095097,752500.9088420443,-4597211.889975483
-4307094.839545054,947797.1548756215,-4597853.3682985185
-4307163.753915617,947483.9315690225,-4597853.3682985185
-4307232.645507754,947170.7032516566,-4597853.3682985185
-4307576.761746299,945604.4867116635,-4597853.3682985185
-4307645.516660247,945291.2283644862,-4597853.3682985185
-4307714.248776728,944977.9650933235,-4597853.3682985185
-4290463.126605168,1019000.6732609266,-4598174.070991134
-4344173.860458781,758016.9410847381,-4598174.070991134
-4344009.695229787,757011.7620425404,-4598494.749358627
-4344229.7172402255,755748.108808781,-4598494.749358627
-4306803.0422284,944449.8084959289,-4598815.403414688
-4306545.02377365,944064.990767254,-4599136.033149925
-4301708.025665569,964337.9552714755,-4599456.638554957
-4306286.949343525,943680.2106467935,-4599456.638554957
-4306355.564323568,943367.0461025147,-4599456.638554957
-4343076.278364104,756523.6746882013,-4599456.638554957
-4301451.744881132,963951.9781130593,-4599777.219643467
-4342361.101683627,758676.8694470436,-4599777.219643467
-4305839.191631294,942597.6359591992,-4600097.776406072
-4338453.786883817,778819.7394631029,-4600097.776406072
-4305512.390324604,942526.0954010397,-4600418.30883338
-4341038.405128515,762350.2796942438,-4600418.30883338
-4341093.833330925,762034.5884320681,-4600418.30883338
-4341977.562034844,756982.981669051,-4600418.30883338
-4294000.59446862,992170.4657029057,-4600738.816939082
-4300472.414255718,963732.5108844155,-4600738.816939082
-4305185.566240384,942454.5498566175,-4600738.816939082
-4337795.21060491,778701.5148072346,-4600738.816939082
-4337851.827897777,778386.0594293133,-4600738.816939082
-4340764.308320202,761976.7436893453,-4600738.816939082
-4340819.709359029,761661.0723610413,-4600738.816939082
-4341096.370174551,760082.6554838052,-4600738.816939082
-4341592.913279853,757241.2519588027,-4600738.816939082
-4294107.071198361,990221.5774256524,-4601059.300713792
-4340323.897838187,762550.1774767572,-4601059.300713792
-4341042.862906139,758446.5529796957,-4601059.300713792
-4304942.60093538,940433.1478371706,-4601379.760148123
-4340602.89670889,759020.2869367789,-4601379.760148123
-4293598.896633012,989446.728133881,-4601700.195255765
-4304752.401909547,939735.6390161267,-4601700.195255765
-4336920.360005771,777893.3756952033,-4601700.195255765
-4339997.0115243,760540.7634987166,-4601700.195255765
-4340052.308124453,760225.1480493593,-4601700.195255765
-4340107.581785523,759909.5285038083,-4601700.195255765
-4340162.832493944,759593.9049394776,-4601700.195255765
-4293488.532264507,988434.9068163503,-4602020.606027326
-4294062.853749985,985936.8893313705,-4602020.606027326
-4292946.6547582485,989296.4209895777,-4602340.992453425
-4293018.587060996,988984.2265332825,-4602340.992453425
-4293090.49667739,988672.0267718231,-4602340.992453425
-4293880.003841416,985237.4849718565,-4602340.992453425
-4297081.188214126,971180.5450476751,-4602340.992453425
-4297151.803099423,970868.0498925728,-4602340.992453425
-4297292.964676274,970243.0442557293,-4602340.992453425
-4297504.536602439,969305.4972836379,-4602340.992453425
-4297715.903982552,968367.904176025,-4602340.992453425
-4293840.168476923,983913.6460720169,-4602661.35454775
-4294411.85954019,981415.4247785363,-4602661.35454775
-4294554.555216567,980790.8174637975,-4602661.35454775
-4294625.868970218,980478.5061001928,-4602661.35454775
-4294697.160028868,980166.1894763747,-4602661.35454775
-4297600.533424617,967356.7648293545,-4602661.35454775
-4297670.870235372,967044.2319165145,-4602661.35454775
-4297741.184317906,966731.6938894613,-4602661.35454775
-4297951.990175596,965794.0492145782,-4602661.35454775
-4293656.946247454,983214.4060598417,-4602981.692300914
-4293728.4362689415,982902.1598908454,-4602981.692300914
-4293942.770070517,981965.3902769455,-4602981.692300914
-4294014.16926025,981653.1233255552,-4602981.692300914
-4294442.08746468,979779.4128040341,-4602981.692300914
-4294513.327667219,979467.1096219884,-4602981.692300914
-4296074.865698939,972595.130901067,-4602981.692300914
-4294542.791996043,977831.1981117296,-4603302.005703537
-4294684.966349303,977206.5718665015,-4603302.005703537
-4294756.019466006,976894.250953654,-4603302.005703537
-4294827.049852857,976581.9249494597,-4603302.005703537
-4295181.861150092,975020.2171919398,-4603302.005703537
-4295252.755252259,974707.8602246249,-4603302.005703537
-4295323.626656008,974395.498027607,-4603302.005703537
-4336694.354795296,763863.3012385651,-4604262.799852713
-4336749.893025906,763547.9259563604,-4604262.799852713
-4336805.4083349565,763232.5465604434,-4604262.799852713
-4336860.900708821,762917.1631281727,-4604262.799852713
-4336253.451323065,764435.9069322848,-4604583.015874664
-4336475.633257875,763174.5095843343,-4604583.015874664
-4335923.670209944,764377.7699882323,-4604903.207545294
-4336090.328381479,763431.8000028909,-4604903.207545294
-4336145.835247355,763116.4685721792,-4604903.207545294
-4301700.157405906,936447.7686774847,-4605223.374855226
-4335036.890874139,767472.3594028149,-4605223.374855226
-4335092.691567206,767157.1046452234,-4605223.374855226
-4335148.469347539,766841.8457548651,-4605223.374855226
-4335593.866174219,764319.6290031654,-4605223.374855226
-4335649.43760616,764004.3336738613,-4605223.374855226
-4335704.986109028,763689.0343041202,-4605223.374855226
-4334707.106273195,767413.9745327083,-4605543.517818127
-4334762.902721267,767098.7437578803,-4605543.517818127
-4333986.111452736,769561.9197933937,-4605863.636424628
-4300445.822170739,937485.0238420041,-4606183.730665354
-4333656.310781216,769503.35891401,-4606183.730665354
-4333326.487183257,769444.7939637051,-4606503.800553971
-4332772.651966124,770646.6100314123,-4606823.846081108
-4332940.677861375,769701.3273424156,-4606823.846081108
-4332996.6406685095,769386.2249441931,-4606823.846081108
-4333164.391585061,768440.8934184394,-4606823.846081108
-4332274.580283944,771533.1150394713,-4607143.867237387
-4331832.465589747,772104.4175891321,-4607463.864036483
-4331277.826521125,773305.5708200071,-4607783.836469023
-4303329.178173091,914537.3121555318,-4608103.784525632
-4303395.673829402,914224.3627835244,-4608103.784525632
-4303462.1467272155,913911.4085766417,-4608103.784525632
-4297745.02628025,938860.8068288966,-4608423.708219978
-4303134.334894287,913841.7923086776,-4608423.708219978
-4303200.779955535,913528.8571830179,-4608423.708219978
-4330336.613084723,774762.3783418782,-4608423.708219978
-4297485.861599993,938476.7601185432,-4608743.607542685
-4297758.671607298,937226.6324420735,-4608743.607542685
-4302872.940303375,913459.2599231895,-4608743.607542685
-4302814.037807685,910504.0609273765,-4609383.33305876
-4303012.576578176,909565.310865674,-4609383.33305876
-4303078.710661158,909252.3845307335,-4609383.33305876
-4303210.910540449,908626.5175118722,-4609383.33305876
-4303738.799760686,906122.8572078757,-4609383.33305876
-4301756.4124398865,913876.113909181,-4609703.159256415
-4302353.621547154,911060.4253843497,-4609703.159256415
-4302750.73708353,909183.0828103671,-4609703.159256415
-4302816.843370794,908870.175517944,-4609703.159256415
-4303476.654573544,905740.8388065132,-4609703.159256415
-4301494.934423377,913493.6384868226,-4610022.961067997
-4303214.4538505245,905358.8584632049,-4610022.961067997
-4303280.282031097,905045.9174584565,-4610022.961067997
-4303346.087437993,904732.9717424816,-4610022.961067997
-4296597.441615081,934682.4370881584,-4610342.738507158
-4298693.654432186,924993.8912440356,-4610342.738507158
-4298760.910524705,924681.2789492025,-4610342.738507158
-4298828.143867104,924368.6618392225,-4610342.738507158
-4301299.7927091615,912798.404213358,-4610342.738507158
-4303083.7756046215,904351.0676847801,-4610342.738507158
-4327566.1528202435,778814.5006732516,-4610342.738507158
-4327622.778356722,778499.7891729837,-4610342.738507158
-4295929.700747073,936173.2719529341,-4610662.491564537
-4299037.358530495,921797.2547361114,-4610662.491564537
-4299372.249264917,920234.0197637866,-4610662.491564537
-4301104.517012086,912103.2412057982,-4610662.491564537
-4301170.835663632,911790.4536221629,-4610662.491564537
-4302755.658349946,904282.1094201808,-4610662.491564537
-4327236.168743815,778755.1147795094,-4610662.491564537
-4295465.885383833,936726.6368687243,-4610982.220230771
-4298575.396867146,922352.1681896651,-4610982.220230771
-4299378.6640987955,918600.6027691067,-4610982.220230771
-4300842.816524666,911720.9179699087,-4610982.220230771
-4300909.10737357,911408.1494186843,-4610982.220230771
-4297238.917456291,926969.9278950406,-4611301.924519511
-4297306.317254109,926657.4213864469,-4611301.924519511
-4297373.6943256315,926344.9099772315,-4611301.924519511
-4299184.283274039,917905.25620684,-4611301.924519511
-4300581.060425481,911338.6327991937,-4611301.924519511
-4301704.43874719,906021.2373809882,-4611301.924519511
-4302165.095434376,903831.3186368266,-4611301.924519511
-4302296.506861292,903205.5845552447,-4611301.924519511
-4326462.83811235,779265.597441261,-4611301.924519511
-4294810.599123956,936583.7363986052,-4611621.604421395
-4295626.287173707,932835.4509644635,-4611621.604421395
-4297113.218498342,925961.7513918509,-4611621.604421395
-4297180.544979822,925649.254027012,-4611621.604421395
-4299123.125692126,916584.7084547069,-4611621.604421395
-4300252.990733782,911269.1113600916,-4611621.604421395
-4301836.904904615,903762.3698929505,-4611621.604421395
-4301902.616973129,903449.5291456997,-4611621.604421395
-4294755.160604931,935263.0247367342,-4611941.25992706
-4296919.985590512,925266.1522044528,-4611941.25992706
-4299924.898308082,911199.5851034141,-4611941.25992706
-4301508.69163248,903693.4163711849,-4611941.25992706
-4301574.398687421,903380.5994924551,-4611941.25992706
-4294223.310551687,936128.5339117113,-4612260.89105016
-4295174.165452474,931756.0632047548,-4612260.89105016
-4298733.491647196,915194.427802032,-4612260.89105016
-4301770.955142004,900809.1487023359,-4612260.89105016
-4294914.107741243,931372.6207123278,-4612580.4977813335
-4298671.436715033,913874.187543132,-4612580.4977813335
-4299003.446565227,912311.086147489,-4612580.4977813335
-4299202.379658146,911373.1673848213,-4612580.4977813335
-4301508.143606552,900427.5884122063,-4612580.4977813335
-4301573.613179531,900114.7715068896,-4612580.4977813335
-4293771.930424617,935048.9080297125,-4612900.0801112205
-4294857.002419623,930052.2456706606,-4612900.0801112205
-4294924.626376229,929739.9123716836,-4612900.0801112205
-4296137.973109893,924117.0742460763,-4612900.0801112205
-4296339.4819380315,923179.7803517723,-4612900.0801112205
-4293512.123747905,934665.2953371028,-4613219.6380534675
-4303193.670258148,889027.4502668915,-4613219.6380534675
-4303258.310785164,888714.5108167491,-4613219.6380534675
-4303322.928554408,888401.5666666458,-4613219.6380534675
-4293252.261279737,934281.720435902,-4613539.171598715
-4293320.192800395,933969.5039007515,-4613539.171598715
-4302735.774911751,889585.3884921975,-4613539.171598715
-4302800.456014394,889272.4823396755,-4613539.171598715
-4302865.114346171,888959.5715593366,-4613539.171598715
-4302929.7499377765,888646.6560026358,-4613539.171598715
-4302994.362773348,888333.7357463329,-4613539.171598715
-4297026.36343886,915157.640023618,-4613858.680737611
-4300587.037119377,898276.243893252,-4613858.680737611
-4302277.785557919,890143.2076228168,-4613858.680737611
-4302407.206128684,889517.4572959024,-4613858.680737611
-4302471.882292098,889204.5750377581,-4613858.680737611
-4302536.535686387,888891.6881521504,-4613858.680737611
-4302601.16634224,888578.7964905454,-4613858.680737611
-4302665.774243797,888265.9001296972,-4613858.680737611
-4323821.844970753,778789.9120660869,-4613858.680737611
-4296764.718553011,914775.2787273322,-4614178.165483795
-4302078.614584466,889449.5213937672,-4614178.165483795
-4302143.285808312,889136.663031656,-4614178.165483795
-4302207.934264769,888823.8000424345,-4614178.165483795
-4302272.559984528,888510.9322775807,-4614178.165483795
-4302337.162951728,888198.0598138425,-4614178.165483795
-4299995.412464221,897826.3273123609,-4614497.625827915
-4301620.59948734,890007.2355294215,-4614497.625827915
-4301685.3112549875,889694.4105487138,-4614497.625827915
-4301750.0002887165,889381.5807877805,-4614497.625827915
-4301814.66657265,889068.7463233566,-4614497.625827915
-4301879.310090935,888755.9072321762,-4614497.625827915
-4301943.930874258,888443.063365728,-4614497.625827915
-4302008.528906761,888130.2148007546,-4614497.625827915
-4299732.18489103,897445.0538586673,-4614817.061760609
-4301162.490414738,890564.8306173239,-4614817.061760609
-4301227.242748588,890252.0388746964,-4614817.061760609
-4301291.9723354075,889939.2424239749,-4614817.061760609
-4301356.6791593265,889626.4413418841,-4614817.061760609
-4301421.363251064,889313.6354799329,-4614817.061760609
-4301486.024594744,889000.8249148503,-4614817.061760609
-4301550.663174514,888688.0097233647,-4614817.061760609
-4301615.27902106,888375.1897569762,-4614817.061760609
-4301679.872118522,888062.3650924213,-4614817.061760609
-4299403.65416292,897376.48254671,-4615136.473295522
-4299468.90184311,897063.8187673038,-4615136.473295522
-4300833.850400911,890496.7850043296,-4615136.473295522
-4300898.597787213,890184.0171612601,-4615136.473295522
-4300963.322428222,889871.2446104565,-4615136.473295522
-4301028.024308071,889558.4674286373,-4615136.473295522
-4301092.703457475,889245.6854673229,-4615136.473295522
-4301157.359860558,888932.8988032367,-4615136.473295522
-4301221.993501472,888620.1075131007,-4615136.473295522
-4299140.343391489,896995.2666028324,-4615455.860423304
-4300699.346710836,889490.4888109622,-4615455.860423304
-4300764.020917564,889177.7307519389,-4615455.860423304
-4300828.67237971,888864.967990503,-4615455.860423304
-4300893.3010814255,888552.200603371,-4615455.860423304
-4298876.977200772,896614.0888865929,-4615775.223134596
-4298613.555564898,896232.9494778056,-4616094.56144304
-4298021.414152353,895783.349027324,-4616733.164813967
-4297692.727085046,895714.8448544585,-4617052.429880741
-4297364.017289404,895646.3359446079,-4617371.670530245
-4297035.284775055,895577.8222997786,-4617690.886753135
-4296706.529527959,895509.3039170447,-4618010.078563039
-4296377.751557747,895440.780798413,-4618329.245950609
-4296114.052827058,895059.8330576688,-4618648.388906505
-4295850.298684665,894678.9236727398,-4618967.507444349
-4290578.232795466,918025.4467922263,-4619286.601554798
-4316383.213636013,787825.0095913259,-4619286.601554798
-4316612.2000257075,786569.3912717104,-4619286.601554798
-4297326.939899855,884231.6517544184,-4619605.671228509
-4290387.906859153,915700.9461293671,-4619924.716479103
-4295123.672317613,893224.0780242896,-4619924.716479103
-4296997.874935444,884163.9423012896,-4619924.716479103
-4315320.6951946085,789901.2037531029,-4619924.716479103
-4315378.127024917,789587.382662869,-4619924.716479103
-4315435.536033358,789273.557396902,-4619924.716479103
-4316179.776146667,785193.4500796486,-4619924.716479103
-4294339.506934029,895341.8381552498,-4620243.737297241
-4296668.787246371,884096.2281722623,-4620243.737297241
-4314932.754005473,790154.5015858362,-4620243.737297241
-4314990.204243362,789840.7087821243,-4620243.737297241
-4316248.3357344605,782936.212111253,-4620243.737297241
-4316816.561646174,779797.1409686819,-4620243.737297241
-4293681.620239187,895204.6730611285,-4620881.705621744
-4293811.777061148,894580.1729421901,-4620881.705621744
-4294006.841992466,893643.3872480575,-4620881.705621744
-4293612.845700953,893887.1599483646,-4621200.653132388
-4293677.839661391,893574.917222654,-4621200.653132388
-4315199.501792073,783070.1010907164,-4621200.653132388
-4293218.8139818115,894130.8752683689,-4621519.5761961695
-4293084.728183061,893125.7634022387,-4621838.474826716
-4292495.691297979,894305.9773577651,-4622157.3490146855
-4291378.3016124135,894724.4461182371,-4623113.824898601
-4291049.16530626,894655.8233405364,-4623432.601291741
-4290459.5998989,895835.2778455069,-4623751.353241526
-4290130.438178424,895766.5498515816,-4624070.080738612
-4267287.428684347,994501.0924002798,-4625026.116489202
-4267609.789455068,991631.818872564,-4625344.74615101
-4267681.8916770145,991321.4668841527,-4625344.74615101
-4267753.971312037,991011.1097276261,-4625344.74615101
-4267826.0283943545,990700.7472556568,-4625344.74615101
-4267898.062906284,990390.379544367,-4625344.74615101
-4294771.777748053,866465.4386137245,-4625344.74615101
-4294834.77754142,866153.1116806004,-4625344.74615101
-4267354.238923727,991245.3578356666,-4625663.351359342
-4267426.3130248105,990935.0245069179,-4625663.351359342
-4267498.364574921,990624.6858631348,-4625663.351359342
-4267570.393556376,990314.3419804333,-4625663.351359342
-4289199.203952434,891992.011570097,-4625663.351359342
-4267098.632169313,990858.9340456527,-4625981.932104868
-4267170.678186835,990548.6192316969,-4625981.932104868
-4267242.701637434,990238.2991792252,-4625981.932104868
-4291446.202597277,879443.945941253,-4625981.932104868
-4307364.457093152,797836.8239244949,-4625981.932104868
-4307422.466039129,797523.5814072852,-4625981.932104868
-4307480.4521913985,797210.3347475511,-4625981.932104868
-4307538.415577486,796897.083796594,-4625981.932104868
-4307596.356183167,796583.8286312483,-4625981.932104868
-4266842.969239695,990472.5473635716,-4626300.488378258
-4266914.9871590575,990162.2511429699,-4626300.488378258
-4289961.852293894,884992.7101927123,-4626300.488378258
-4290924.677055151,880312.5621449698,-4626300.488378258
-4290988.68385001,880000.5149443098,-4626300.488378258
-4291436.095948376,877816.0545481379,-4626300.488378258
-4291499.921190713,877503.9701626451,-4626300.488378258
-4291563.7237374615,877191.8811364745,-4626300.488378258
-4291627.503572982,876879.7875461772,-4626300.488378258
-4291691.26072755,876567.6892436018,-4626300.488378258
-4306743.297268598,799341.5807169647,-4626300.488378258
-4306801.415631283,799028.3834429621,-4626300.488378258
-4307497.059439864,795269.686425942,-4626300.488378258
-4307843.651247271,793390.1106263392,-4626300.488378258
-4265649.329295422,994119.3295921795,-4626619.020193117
-4266587.25010725,990086.1978684198,-4626619.020193117
-4289567.980147018,885236.6834269348,-4626619.020193117
-4290146.447402775,882428.9783459281,-4626619.020193117
-4290210.608109834,882116.9877341337,-4626619.020193117
-4290274.746128123,881804.9924572639,-4626619.020193117
-4290467.024031614,880868.978727596,-4626619.020193117
-4290531.071276073,880556.9648818178,-4626619.020193117
-4290595.095845444,880244.946304332,-4626619.020193117
-4290978.766712313,878372.7372883196,-4626619.020193117
-4293955.918854998,863701.3424311755,-4626619.020193117
-4294144.247067169,862764.5260250457,-4626619.020193117
-4294206.977724217,862452.2447370284,-4626619.020193117
-4294269.685671359,862139.9588879362,-4626619.020193117
-4294332.370893226,861827.6685543666,-4626619.020193117
-4294395.033419572,861515.3735880768,-4626619.020193117
-4295954.214557567,853706.5235854578,-4626619.020193117
-4296016.2864783555,853394.1107718125,-4626619.020193117
-4296078.335694572,853081.6933700143,-4626619.020193117
-4307628.110008774,792702.6604279359,-4626619.020193117
-4288205.611362676,890158.8346574026,-4626937.527540115
-4289238.455149631,885168.6794654301,-4626937.527540115
-4289367.152357989,884544.8256099201,-4626937.527540115
-4290521.343639608,878929.3009189882,-4626937.527540115
-4293688.850736319,863322.749210047,-4626937.527540115
-4295872.331300896,852391.359297111,-4626937.527540115
-4295934.3075953415,852078.9523666832,-4626937.527540115
-4295996.261170749,851766.5409300358,-4626937.527540115
-4264921.637043718,994276.7441721298,-4627256.010409927
-4288908.907476527,885100.6708243454,-4627256.010409927
-4289037.594796914,884476.8649003245,-4627256.010409927
-4289166.191371613,883853.0403409456,-4627256.010409927
-4289935.865363283,880109.7006595182,-4627256.010409927
-4293296.171997621,863568.6386360852,-4627256.010409927
-4293358.961133634,863256.4190197078,-4627256.010409927
-4289350.040738799,881289.8294970753,-4627574.468816152
-4290181.28346824,877234.3418606702,-4627574.468816152
-4295459.924624719,851010.9115069701,-4627574.468816152
-4264266.16024696,994123.9335484362,-4627892.902749461
-4264771.670845597,991953.0615074586,-4627892.902749461
-4288635.474515316,883093.4533841548,-4627892.902749461
-4289787.766582532,877478.8877004511,-4627892.902749461
-4295191.673934458,850633.1552704002,-4627892.902749461
-4304798.266687562,800599.8774699686,-4627892.902749461
-4264010.665934676,993737.4353491566,-4628211.312200536
-4264371.717171423,992186.9316854819,-4628211.312200536
-4286952.304956454,889573.4846810299,-4628211.312200536
-4287791.380013529,885520.2601299847,-4628211.312200536
-4288305.829152682,883025.5745300506,-4628211.312200536
-4291425.152920718,867739.1350506167,-4628211.312200536
-4291488.245348761,867427.0514875673,-4628211.312200536
-4287461.751513115,885452.1848227781,-4628529.697182968
-4290336.424204702,871416.7828529356,-4628529.697182968
-4287967.214731867,881330.7121778232,-4628848.057687437
-4290575.930211103,868541.7928553373,-4628848.057687437
-4294324.80348957,849812.4151702563,-4628848.057687437
-4294118.121820569,849122.5207518531,-4629166.393704616
-4289473.407373215,870591.897109042,-4629484.705248102
-4293581.016246609,848367.4376927131,-4629802.992308575
-4293250.702179261,848302.1710311804,-4630121.25487671
-4292920.365399139,848236.8998818375,-4630439.4929661015
-4297722.650485332,823560.0290720526,-4630439.4929661015
-4285024.957454028,885598.7675366787,-4630757.706567427
-4300416.563038808,807552.7520898309,-4630757.706567427
-4292197.9363508085,848418.4838377306,-4631075.895671366
-4299024.892026555,813118.7036759919,-4631075.895671366
-4300261.643270138,806552.445877678,-4631075.895671366
-4296790.260983912,823057.4168369289,-4631394.060291516
-4291537.113381955,848287.8620841131,-4631712.2004185505
-4298835.271003747,810492.6929146864,-4631712.2004185505
-4298894.200318975,810180.0706990038,-4631712.2004185505
-4291268.341002903,847910.4768566897,-4632030.316043155
-4296008.898770194,823555.5190419486,-4632030.316043155
-4290999.513715517,847533.1307979431,-4632348.407178916
-4290669.01330236,847467.8522890555,-4632666.473816513
-4294927.473475823,825615.1282280687,-4632666.473816513
-4295227.3916751575,824053.3940102975,-4632666.473816513
-4290338.490205942,847402.5692999029,-4632984.515946641
-4289469.960630904,846582.8242318839,-4633938.4953364115
-4289716.040100037,845335.0322492153,-4633938.4953364115
-4292459.417880336,831292.4679616274,-4633938.4953364115
-4293543.899359449,825672.9411289798,-4633938.4953364115
-4292309.807870776,830291.9767157752,-4634256.439457979
-4290827.679044888,836157.4845572615,-4634574.3590712985
-4292039.281970564,829915.8464931671,-4634574.3590712985
-4290921.915537743,833908.8121731982,-4634892.254167058
-4291103.744100351,832972.6583929135,-4634892.254167058
-4270990.407042168,925859.4559133457,-4635845.792393187
-4271461.166440335,923685.1697101971,-4635845.792393187
-4271528.327415824,923374.5378959471,-4635845.792393187
-4268601.032281125,928917.2109130403,-4637434.5324196275
-4271755.1602269225,911074.5605440364,-4638069.856761986
-4267477.217631993,929322.7439757995,-4638387.482145189
-4267147.617845168,929250.9674758477,-4638705.082990672
-4266091.11042917,929345.8497958079,-4639657.738344987
-4278573.090246354,868379.5677936878,-4639975.241060906
-4263610.028468554,935952.8559798094,-4640610.172867961
-4277201.708126943,870044.5628418088,-4640927.601963359
-4263977.512810347,929535.035565452,-4641562.386514268
-4268323.912165564,907746.9040909586,-4641879.741974035
-4275766.080506397,872019.4297388253,-4641879.741974035
-4261621.1450502705,937140.6258167321,-4642197.072885235
-4262776.451492391,931871.3758334348,-4642197.072885235
-4276887.762734354,864799.6308214391,-4642197.072885235
-4261359.555771054,936758.2265460839,-4642514.3792385785
-4262446.638588854,931799.2765320325,-4642514.3792385785
-4262793.247191919,928627.4273727048,-4642831.661047611
-4267465.213105816,906915.5540101815,-4642831.661047611
-4267200.877560559,906535.0478650295,-4643148.918303047
-4274316.029912493,872371.2506120052,-4643148.918303047
-4259720.884970567,934774.4080310488,-4644417.701739989
-4260678.401305735,928815.8385901959,-4644734.836202255
-4270842.468339133,875868.9076784889,-4645686.092192733
-4264152.469401545,899731.4683668859,-4647271.0274447175
-4258246.540144712,925690.9506531673,-4647587.940773627
-4263821.779869726,899661.6932403697,-4647587.940773627
-4257457.4397682715,924546.7285286788,-4648538.533273518
-4263221.6303098565,897592.2434655167,-4648538.533273518
-4257261.49131093,923855.8033557405,-4648855.348277354
-4263021.314445246,896902.5718429892,-4648855.348277354
-4256863.904775521,924093.6754817241,-4649172.138688133
-4256466.2836554255,924331.4897025585,-4649488.904519379
-4262289.375708996,895453.9264304629,-4649805.645761819
-4261828.171571874,896004.2693237388,-4650122.362406174
-4261893.319576911,895694.3380393413,-4650122.362406174
-4259598.281038397,904919.9328517292,-4650439.054465971
-4255144.427032824,924044.4361657233,-4650755.721931939
-4259201.64909296,905159.3933010554,-4650755.721931939
-4254881.088546889,923663.2393725344,-4651072.364794798
-4260965.517799735,895175.8003675914,-4651072.364794798
-4258408.280762484,905638.1410510688,-4651388.983068075
-4260569.39174357,895416.0967565647,-4651388.983068075
-4258206.913213551,903329.8617697258,-4652022.145808788
-4258928.16271537,899923.252135691,-4652022.145808788
-4258269.678056834,901401.7194686844,-4652338.690280475
-4258335.218569235,901092.0470253075,-4652338.690280475
-4258793.371649903,898924.2062099583,-4652338.690280475
-4259836.434332929,893968.2676969462,-4652338.690280475
-4258069.722068918,900712.3500207938,-4652655.2101482805
-4259440.290802971,894208.5352781784,-4652655.2101482805
-4252437.359120615,922161.335063838,-4653604.6221040925
-4255894.14188581,906073.989359299,-4653604.6221040925
-4256223.318331859,904526.4427420365,-4653604.6221040925
-4256354.831362176,903907.3905391486,-4653604.6221040925
-4252106.615379589,922089.6117052013,-4653921.043532055
-4255629.004472518,905694.0415293429,-4653921.043532055
-4256155.195684058,903218.0638257342,-4653921.043532055
-4258764.53991213,890833.6063241764,-4653921.043532055
-4251708.786878795,922327.0788456891,-4654237.440355361
-4258562.767134114,890144.9360488525,-4654237.440355361
-4251310.923827911,922564.4881960616,-4654553.8125647465
-4257842.676266669,891933.6018456026,-4654553.8125647465
-4249633.916039867,928674.524136393,-4654870.160150946
-4250913.026259382,922801.8396788095,-4654870.160150946
-4254306.292203542,907029.6380238306,-4654870.160150946
-4254372.242015969,906720.2537168281,-4654870.160150946
-4257835.376775056,890316.065461648,-4654870.160150946
-4254962.0178293595,902318.144634572,-4655186.483127473
-4255027.625010558,902008.712654309,-4655186.483127473
-4255093.209689052,901699.275903777,-4655186.483127473
-4257374.493859204,890865.9979729607,-4655186.483127473
-4249174.929296092,927602.9710099162,-4655502.781485059
-4250049.973783543,923585.4437610935,-4655502.781485059
-4248844.150115558,927530.7612855067,-4655819.055214446
-4248513.348457088,927458.5466541211,-4656135.304329135
-4248721.336861447,924914.6779294902,-4656451.528819866
-4252122.454007993,909150.5903161329,-4656451.528819866
-4252188.558066211,908841.36481673,-4656451.528819866
-4255385.941137018,890449.8884651108,-4657083.903915185
-4246129.686699679,927261.696664074,-4658348.358552347
-4252754.712637757,894742.5682009658,-4658664.410620976
-4252819.768913283,894433.2967605126,-4658664.410620976
-4252884.802682176,894124.020664077,-4658664.410620976
-4245204.096431189,926736.1306411016,-4659296.440859738
-4252255.03635007,887212.8693954416,-4660560.205620626
-4252319.545051725,886903.6343123849,-4660560.205620626
-4241542.272858098,930785.2026734363,-4661823.576031373
-4241959.929693049,925704.7429918511,-4662455.113315402
-4245577.692102312,890975.9314211434,-4665926.805035783
-4245892.361634382,887818.7734555283,-4666242.265347432
-4244913.483340162,890836.5407272418,-4666557.7009892445
-4243260.699982243,892100.6549251506,-4667819.196741485
-4242993.356621586,891722.2560234738,-4668134.508963671
-4239377.215860912,900624.1181444937,-4669710.699760301
-4231977.200126951,933203.3051466079,-4670025.863832994
-4237596.332123301,905722.4959423686,-4670341.003215833
-4232280.293618088,922302.7298629545,-4671916.3295953125
-4236395.708949853,903211.0531054948,-4671916.3295953125
-4229323.313650189,932618.0903605919,-4672546.28721291
-4231554.822882808,919243.9771796765,-4673176.145979962
-4231888.789680362,917705.2797175944,-4673176.145979962
-4231623.376023479,917325.5247998995,-4673491.038296986
-4226176.299714103,937404.4027349994,-4674435.566939377
-4227749.603448475,927113.9785579027,-4675065.12909754
-4227350.075615466,927348.5754832996,-4675379.873095128
-4227754.305337632,925503.957828441,-4675379.873095128
-4224439.35258366,938953.2657823282,-4675694.592359433
-4226950.513690099,927583.114225218,-4675694.592359433
-4227758.373055468,923894.0513068197,-4675694.592359433
-4226415.927335116,928432.3119951108,-4676009.2869038945
-4226156.262320705,926442.4615890116,-4676638.60179642
-4226627.324293393,924290.9984004479,-4676638.60179642
-4225351.924920122,928520.688195295,-4676953.222148704
-4223093.513124981,927702.4650610761,-4679154.87195298
-4219644.391595595,940141.9062894514,-4679783.692064653
-4219712.749491966,939835.0425796355,-4679783.692064653
-4219398.287471793,936544.8781696842,-4680726.7366141165
-4219141.812382995,934556.4915653227,-4681355.30921064
-4219352.365903076,932028.3034916404,-4681669.558377503
-4217102.791968888,903908.1185107935,-4689204.106803039
-4287695.001357038,70631.34819223348,-4711721.955717509
-4287700.126476299,70319.53800123539,-4711721.955717509
-4287705.228918847,70007.72751318464,-4711721.955717509
-4287347.243024533,70937.4892523158,-4712033.795543971
-4287352.390407922,70625.7043502079,-4712033.795543971
-4287402.617182912,67507.83528297643,-4712033.795543971
-4287009.756793377,70620.06013481395,-4712345.610443375
-4287014.88109356,70308.29977624054,-4712345.610443375
-4286661.953938141,70926.15061225588,-4712657.400429036
-4286667.100498773,70614.4155458106,-4712657.400429036
-4286672.224389376,70302.68010592302,-4712657.400429036
-4286339.723971158,69673.637985863,-4712969.165491821
-4286374.636266377,67491.64908061012,-4712969.165491821
-4286002.076195064,69356.38070833271,-4713280.905622605
-4286007.108599338,69044.69370851007,-4713280.905622605
-4286027.01155444,67797.94184986758,-4713280.905622605
-4286031.930626971,67486.25296601086,-4713280.905622605
-4155449.0038024615,982785.15076385,-4728215.088618031
-4155520.462973077,982482.9553619841,-4728215.088618031
-4155591.9001500895,982180.7548367875,-4728215.088618031
-4155114.3782623634,982706.010095399,-4728525.605437677
-4155185.831678591,982403.8390284004,-4728525.605437677
-4160856.256805849,955033.4999136364,-4729146.564047505
-4158192.160175939,960472.0791241887,-4730388.181140552
-4156571.7952721445,961371.4948133191,-4731629.3979673125
-4156236.5405749846,961293.9539153805,-4731939.639614502
-4146936.6681561787,990330.1517615027,-4734110.630394454
-4146457.7291745264,990853.2699447735,-4734420.671804375
-4146529.7750818585,990551.7284579378,-4734420.671804375
-4146601.7990775714,990250.1816602027,-4734420.671804375
-4146194.889898855,990471.7287678709,-4734730.688168886
-4146266.908077711,990170.206323887,-4734730.688168886
-4146338.9043290443,989868.6786433886,-4734730.688168886
-4145787.9485109756,990693.2166163734,-4735040.67950123
-4145859.982780675,990391.7238377774,-4735040.67950123
-4145931.995142293,990090.2257491399,-4735040.67950123
-4146003.9855781603,989788.7224244109,-4735040.67950123
-4145380.9748960016,990914.6453476672,-4735350.645792324
-4145453.0252868156,990613.1820920843,-4735350.645792324
-4145525.0537371263,990311.7136700002,-4735350.645792324
-4145597.0602811268,990010.2399383036,-4735350.645792324
-4145669.0449011466,989708.7609709384,-4735350.645792324
-4145741.007579537,989407.2768418585,-4735350.645792324
-4144757.638111578,992040.2843317864,-4735660.587033096
-4144829.7703628233,991738.8664035626,-4735660.587033096
-4144901.8806941467,991437.4432305264,-4735660.587033096
-4144973.969087867,991136.0148866222,-4735660.587033096
-4145334.0823078128,989628.794285313,-4735660.587033096
-4144999.0977838547,989548.82236412,-4735970.503236778
-4144736.036572967,989167.4341635298,-4736280.3943942925
-4146776.0647515,904301.3495229504,-4751434.3453377355
-4146372.685674924,904529.2607486208,-4751742.982100198
-4146438.453940173,904227.7256022155,-4751742.982100198
-4146035.0582904876,904455.6074927263,-4752051.593733085
-4134160.4596202383,951121.7077485299,-4753285.788921396
-4134229.6162164095,950821.0605771294,-4753285.788921396
-4134298.750932127,950520.408449474,-4753285.788921396
-4134367.863800209,950219.7512228384,-4753285.788921396
-4133823.5801785104,951044.2038990661,-4753594.274881914
-4133892.731139333,950743.5812264368,-4753594.274881914
-4133961.860221484,950442.9535979566,-4753594.274881914
-4134030.9674577815,950142.3208709115,-4753594.274881914
-4133486.678875071,950966.6950200083,-4753902.735703062
-4133555.8242001794,950666.09684774,-4753902.735703062
-4132505.7234762716,944414.5071915502,-4756061.257389564
-4111050.0249069766,913436.8367958541,-4780642.4084945675
-4111116.441026952,913137.8704342273,-4780642.4084945675
-4111182.8354212395,912838.899171724,-4780642.4084945675
-4111249.208073546,912539.9230816725,-4780642.4084945675
-4111315.5589676,912240.9422374112,-4780642.4084945675
-4111381.8881348963,911941.9564970131,-4780642.4084945675
-4110644.200015543,913660.3638807579,-4780948.650670895
-4110710.632407878,913361.4269592112,-4780948.650670895
-4111108.7701886212,911567.7041922573,-4780948.650670895
-4110238.342609558,913883.831936646,-4781254.867570545
-4110304.791254023,913584.9245292925,-4781254.867570545
-4110835.5977883907,911193.4916847977,-4781254.867570545
-4109832.4527217103,914107.2408888688,-4781561.059184541
-4109898.917598059,913808.3630698049,-4781561.059184541
-4109965.3607551707,913509.4803463363,-4781561.059184541
-4110496.1234553372,911118.2449872554,-4781561.059184541
-4110562.370979946,910819.318840863,-4781561.059184541
-4095410.455006764,975192.3106099342,-4781867.225503919
-4095481.362169175,974894.4813549666,-4781867.225503919
-4109426.530336827,914330.5908779802,-4781867.225503919
-4109493.011472668,914031.7425061062,-4781867.225503919
-4109559.470859518,913732.8893721021,-4781867.225503919
-4109625.9085289245,913434.0313340984,-4781867.225503919
-4109692.3244645833,913135.1684654027,-4781867.225503919
-4110222.8694451456,910744.0920157318,-4781867.225503919
-4095072.155300353,975111.7552477799,-4782173.366541755
-4095143.0566055067,974813.9505948763,-4782173.366541755
-4108887.515537653,915151.5049419395,-4782173.366541755
-4108954.0563734802,914852.6957661585,-4782173.366541755
-4109020.5754631506,914553.8818238981,-4782173.366541755
-4109087.0728382436,914255.0629733038,-4782173.366541755
-4109153.5484824376,913956.2392876773,-4782173.366541755
-4109220.0023794365,913657.4108403143,-4782173.366541755
-4109286.434560787,913358.5774893566,-4782173.366541755
-4109352.8450101847,913059.739308106,-4782173.366541755
-4109419.2337113493,912760.8963698616,-4782173.366541755
-4109883.3461652957,910668.8603723277,-4782173.366541755
-4108414.9169502533,915673.4525280334,-4782479.4822890805
-4108481.4957284564,915374.6777909218,-4782479.4822890805
-4108548.0527949454,915075.8981411484,-4782479.4822890805
-4108614.588133388,914777.1136519965,-4782479.4822890805
-4108681.1017274708,914478.324396759,-4782479.4822890805
-4108814.063760965,913880.7312357947,-4782479.4822890805
-4108880.512167762,913581.927476653,-4782479.4822890805
-4108946.9388607047,913283.1188143218,-4782479.4822890805
-4109013.34382349,912984.3053220967,-4782479.4822890805
-4109079.7270398387,912685.4870732706,-4782479.4822890805
-4109543.8011503443,910593.6239128552,-4782479.4822890805
-4107875.593274066,916494.0127478605,-4782785.572736935
-4107942.2317265086,916195.2772292973,-4782785.572736935
-4108008.8484701035,915896.5367937421,-4782785.572736935
-4108075.4434885033,915597.7915144684,-4782785.572736935
-4108275.0981730446,914701.5267018519,-4782785.572736935
-4108341.606271188,914402.762135217,-4782785.572736935
-4108541.0002344307,913506.4392833273,-4782785.572736935
-4108607.421438614,913207.6553112022,-4782785.572736935
-4108673.8209144357,912908.8665095823,-4782785.572736935
-4109138.008773911,910817.2100202179,-4782785.572736935
-4109204.234410229,910518.3826395159,-4782785.572736935
-4107536.1145944344,916418.2728257831,-4783091.637898386
-4107602.7475398127,916119.5619950024,-4783091.637898386
-4107669.3587781377,915820.8462476361,-4783091.637898386
-4107735.948293063,915522.1256569516,-4783091.637898386
-4107802.5160682625,915223.4002962263,-4783091.637898386
-4107869.062135336,914924.6700236511,-4783091.637898386
-4107935.5864779544,914625.9349124972,-4783091.637898386
-4108002.089079806,914327.1950360454,-4783091.637898386
-4108135.029139606,913729.7006350734,-4783091.637898386
-4108201.4665649454,913430.9462571142,-4783091.637898386
-4108267.882280018,913132.1869767759,-4783091.637898386
-4108732.1838902417,911040.737031588,-4783091.637898386
-4108798.425767082,910741.9392344253,-4783091.637898386
-4106996.6015222794,917238.5575420948,-4783397.677764473
-4107063.294121863,916939.8859436347,-4783397.677764473
-4107129.96501726,916641.209424262,-4783397.677764473
-4107196.614192111,916342.5280572306,-4783397.677764473
-4107263.2416300727,916043.8419158122,-4783397.677764473
-4107329.8473627754,915745.1508582146,-4783397.677764473
-4107396.431373874,915446.454957699,-4783397.677764473
-4107462.9936470436,915147.7542875368,-4783397.677764473
-4107529.5342138815,914849.0487059309,-4783397.677764473
-4107596.05305806,914550.3382861462,-4783397.677764473
-4107662.550163268,914251.6231014574,-4783397.677764473
-4107729.0255610757,913952.9030100568,-4783397.677764473
-4107795.4792351667,913654.178085222,-4783397.677764473
-4107861.9111692496,913355.4484002244,-4783397.677764473
-4108326.326484273,911264.2050874667,-4783397.677764473
-4108392.5846291385,910965.4367327894,-4783397.677764473
-4106523.65658264,917760.0132668241,-4783703.692326232
-4106590.387120811,917461.375988835,-4783703.692326232
-4106657.0959412875,917162.7338588536,-4783703.692326232
-4106723.783027716,916864.0869501326,-4783703.692326232
-4106790.448411752,916565.4351209059,-4783703.692326232
-4106857.0920770373,916266.778444421,-4783703.692326232
-4106923.7140072305,915968.1169939439,-4783703.692326232
-4106990.3142339587,915669.450627694,-4783703.692326232
-4107056.8927408787,915370.7794189265,-4783703.692326232
-4107123.4495116663,915072.1034409066,-4783703.692326232
-4107189.984577917,914773.4225518489,-4783703.692326232
-4107256.4979233034,914474.7368250125,-4783703.692326232
-4107322.9895315175,914176.0463336657,-4783703.692326232
-4107389.4594341246,913877.350936013,-4783703.692326232
-4107455.907614811,913578.6507053257,-4783703.692326232
-4107854.140487118,911786.3480592457,-4783703.692326232
-4107920.4365886357,911487.6141132193,-4783703.692326232
-4107986.7109813383,911188.8752750995,-4783703.692326232
-4106250.8653289364,917385.5227624386,-4784009.681596731
-4106317.5686341077,917086.9053233812,-4784009.681596731
-4106584.16465679,915892.3872261646,-4784009.681596731
-4106650.759377192,915593.7455528424,-4784009.681596731
-4106717.3323795805,915295.099037403,-4784009.681596731
-4106783.8836476346,914996.4477531057,-4784009.681596731
-4106850.4132129457,914697.7915581764,-4784009.681596731
-4106916.9210591884,914399.1305258684,-4784009.681596731
-4106983.407170056,914100.4647294441,-4784009.681596731
-4107448.2018527086,912009.6685264374,-4784009.681596731
-4107514.5142115313,911710.9640288173,-4784009.681596731
-4106377.750299918,915219.4138153436,-4784315.64556701
-4106444.2960648863,914920.7872263482,-4784315.64556701
-4106510.820128906,914622.155727127,-4784315.64556701
-4106577.3224756536,914323.5193909268,-4784315.64556701
-4107108.5593378725,911934.2549747257,-4784315.64556701
-4104769.7559307287,920816.2392871173,-4784621.5842281105
-4104836.708728583,920517.7295483099,-4784621.5842281105
-4106038.146511839,915143.7237549656,-4784621.5842281105
-4106104.6867733696,914845.1218628506,-4784621.5842281105
-4106171.2053357465,914546.5150609161,-4784621.5842281105
-4106569.860640828,912754.7728797996,-4784621.5842281105
-4106636.227187495,912456.1322549914,-4784621.5842281105
-4106702.5720003066,912157.4868763343,-4784621.5842281105
-4104363.2663667663,921038.5553692112,-4784927.497593096
-4104430.235332979,920740.0751905736,-4784927.497593096
-4104497.1825929214,920441.5901426042,-4784927.497593096
-4104564.1081301803,920143.1002985208,-4784927.497593096
-4105698.521000841,915068.0288530366,-4784927.497593096
-4105765.055758582,914769.451659382,-4784927.497593096
-4106163.808376764,912977.886673224,-4784927.497593096
-4103956.74448862,921260.8122558108,-4785233.385653006
-4104023.7296028123,920962.3617113229,-4785233.385653006
-4104090.6930289627,920663.9062246989,-4785233.385653006
-4104157.634750639,920365.4458691459,-4785233.385653006
-4104224.5547514292,920066.9807178759,-4785233.385653006
-4105292.3227961245,915290.8768381081,-4785233.385653006
-4105358.8737768694,914992.3291117733,-4785233.385653006
-4105425.4030304686,914693.776618158,-4785233.385653006
-4105757.7236823486,913200.9413347169,-4785233.385653006
-4103617.191570908,921184.5890360618,-4785539.248398883
-4103684.1711428897,920886.1631847565,-4785539.248398883
-4103751.1290286244,920587.7323917239,-4785539.248398883
-4103818.0652116807,920289.2967301654,-4785539.248398883
-4104952.659375417,915215.1475585041,-4785539.248398883
-4105019.2048498713,914916.6245333925,-4785539.248398883
-4105085.7285989774,914618.0967413948,-4785539.248398883
-4105351.606542451,913423.937004699,-4785539.248398883
-4103210.621197418,921406.7572996842,-4785845.085843793
-4103277.6169430804,921108.3609428018,-4785845.085843793
-4103344.590972497,920809.9597862578,-4785845.085843793
-4103411.5433174623,920511.5536883957,-4785845.085843793
-4104612.9742375296,915139.4134369703,-4785845.085843793
-4104679.5142053403,914840.9151146613,-4785845.085843793
-4104746.032449601,914542.4120258606,-4785845.085843793
-4104812.5290018884,914243.9040288649,-4785845.085843793
-4104879.003845885,913945.3911968906,-4785845.085843793
-4102871.030414135,921330.4996392032,-4786150.897978774
-4102938.020615082,921032.127978263,-4786150.897978774
-4103004.98910158,920733.7515180586,-4786150.897978774
-4102531.4179409794,921254.2371080982,-4786456.684794875
-4102598.4025968555,920955.8901446776,-4786456.684794875
-4088159.9826781577,974094.1746853474,-4788290.8740878515
-4088230.80998404,973796.8727739067,-4788290.8740878515
-4087750.397218349,974310.7340468472,-4788596.483685207
-4087821.2402909533,974013.4618493789,-4788596.483685207
-4087892.0617281296,973716.1845721892,-4788596.483685207
-4087962.8615634977,973418.9020741564,-4788596.483685207
-4087411.6390835885,974229.9914244093,-4788902.067958084
-4087482.4762853184,973932.7438623431,-4788902.067958084
-4087553.291853414,973635.4912209767,-4788902.067958084
-3984286.2387900855,1124466.9542284438,-4842590.033880234
-3984368.001805615,1124177.2057604468,-4842590.033880234
-3983947.3044396513,1124371.2983307813,-4842891.084769302
-3983608.349011991,1124275.6364845892,-4843192.110053981
-3983269.372517027,1124179.9686926678,-4843493.109725456
-4125672.6665074206,83869.2036789774,-4854011.949460756
-4125678.754737744,83569.17612260046,-4854011.949460756
-4125684.821150889,83269.14805226031,-4854011.949460756
-4125337.932481651,82962.02192733555,-4854312.025997684
-4125343.954740752,82662.01871589878,-4854312.025997684
-4125349.955184429,82362.01499530215,-4854312.025997684
-4124984.9774095737,82954.92387454367,-4854612.076855401
-4124990.999153423,82654.94633073872,-4854612.076855401
-4124996.999083715,82354.96827781745,-4854612.076855401
-4124625.957470943,83247.77689077929,-4854912.102046714
-4124632.0005140584,82947.82538287465,-4854912.102046714
-4124638.021742624,82647.87350828855,-4854912.102046714
-4123183.301902426,84718.51314460525,-4856111.946037032
-4123189.45190285,84418.66661765608,-4856111.946037032
-4122830.2191004055,84711.25839801412,-4856411.842829347
-4122836.368574183,84411.43754798594,-4856411.842829347
-4122477.114486338,84704.00320325368,-4856711.713945737
-4122483.2634334364,84404.20803173272,-4856711.713945737
-4122489.39058027,84104.41234188827,-4856711.713945737
-4122495.495925328,83804.6162072578,-4856711.713945737
-4122501.57946712,83504.8197013793,-4856711.713945737
-4122507.6412085355,83205.02268193338,-4856711.713945737
-4122123.9880705588,84696.74756053629,-4857011.559377426
-4122130.136490946,84396.97806910802,-4857011.559377426
-4122136.2631129352,84097.20805940064,-4857011.559377426
-4122142.3679350168,83797.43760494536,-4857011.559377426
-4122148.4509557,83497.66677927383,-4857011.559377426
-4121764.670170325,84989.23490388512,-4857311.379115628
-4121770.8398634163,84689.49147007459,-4857311.379115628
-4121776.9877570597,84389.74766032372,-4857311.379115628
-4121783.1138541726,84090.00333233814,-4857311.379115628
-4121789.2181532457,83790.25855964275,-4857311.379115628
-4121795.300652788,83490.51341576294,-4857311.379115628
-4121411.5006853775,84981.95268213814,-4857611.173173151
-4121417.6698498246,84682.2349315586,-4857611.173173151
-4121423.8172166916,84382.51680507093,-4857611.173173151
-4121429.942788896,84082.79816039297,-4857611.173173151
-4121436.046564928,83783.0790710433,-4857611.173173151
-4121442.128543297,83483.35961054101,-4857611.173173151
-4121064.4780401303,84674.97794520091,-4857910.941541211
-4121070.624880188,84375.2855035615,-4857910.941541211
-4121076.7499274514,84075.59254377622,-4857910.941541211
-4121082.85318041,83775.89913935734,-4857910.941541211
-4120711.2644446786,84667.72051121408,-4858210.684211027
-4120717.410757895,84368.05375600726,-4858210.684211027
-4120723.535280185,84068.38648269894,-4858210.684211027
-4120729.6380100376,83768.71876479515,-4858210.684211027
-4120741.778090851,83169.38207346211,-4858210.684211027
-4120747.8154432043,82869.71303128262,-4858210.684211027
-4120339.4609435317,85559.38328198495,-4858510.401195409
-4120345.6721012676,85259.74356272959,-4858510.401195409
-4120351.8614700576,84960.10332066538,-4858510.401195409
-4120358.0290483767,84660.46262928801,-4858510.401195409
-4120364.1748347194,84360.82156209917,-4858510.401195409
-4120370.2988320026,84061.17997685324,-4858510.401195409
-4119979.97293341,85851.66153297815,-4858810.092485572
-4119986.2053486607,85552.04788374298,-4858810.092485572
-4119992.415973885,85252.43385397468,-4858810.092485572
-4119998.6048120325,84952.81930144236,-4858810.092485572
-4120004.7718615765,84653.2042996354,-4858810.092485572
-4120010.9171210127,84353.58892204918,-4858810.092485572
-4120017.0405932576,84053.9730264503,-4858810.092485572
-4119607.8697322067,86743.06106385887,-4859109.758072742
-4119614.1669728495,86443.47447237717,-4859109.758072742
-4119620.442425418,86143.88749563972,-4859109.758072742
-4119626.6960928924,85844.29999143211,-4859109.758072742
-4119632.9279737305,85544.71203323528,-4859109.758072742
-4119639.138066411,85245.12369453794,-4859109.758072742
-4119645.3263738826,84945.53483312139,-4859109.758072742
-4119260.8694117186,86436.0610915437,-4859409.397969715
-4119267.1443261052,86136.49980734539,-4859409.397969715
-4119273.3974572658,85836.93799572214,-4859409.397969715
-4119279.6288036583,85537.37573014862,-4859409.397969715
-4119285.8383637625,85237.81308410721,-4859409.397969715
-4118907.550065891,86428.64725359342,-4859709.0121677155
-4118913.8244420625,86129.11166351846,-4859709.0121677155
-4118920.077036876,85829.57554606383,-4859709.0121677155
-4118926.3078487907,85530.03897469786,-4859709.0121677155
-4118932.516876285,85230.50202289663,-4859709.0121677155
-4118938.7041223072,84930.96454846587,-4859709.0121677155
-4118944.869585331,84631.42662487604,-4859709.0121677155
-4118951.0132638533,84331.88832560362,-4859709.0121677155
-4118547.913325318,86720.7424679548,-4860008.600657973
-4118554.2089457093,86421.23295874333,-4860008.600657973
-4118560.482783632,86121.72306437524,-4860008.600657973
-4118566.734842066,85822.21264267269,-4860008.600657973
-4118572.9651194694,85522.70176709774,-4860008.600657973
-4118579.1736143217,85223.19051112018,-4860008.600657973
-4118585.36032957,84923.6787325579,-4860008.600657973
-4118194.5509558483,86713.30201863006,-4860308.163453279
-4118200.846036089,86413.81820667697,-4860308.163453279
-4118225.808562788,85215.87854846573,-4860308.163453279
-4117519.0131323934,85201.2532713792,-4860907.211923946
-4117525.198255124,84901.81858992692,-4860907.211923946
