-5.244679360745672137e+06 1.160916880346102640e+06 -3.425675320268376265e+06
-5.244351678076948971e+06 1.161244420088856714e+06 -3.426065947039547376e+06
-5.244436112293554470e+06 1.160863036971749971e+06 -3.426065947039547376e+06
-5.244520518774973229e+06 1.160481647715422092e+06 -3.426065947039547376e+06
-5.244108405806335621e+06 1.161190552883880213e+06 -3.426456555691981688e+06
-5.243865105808112770e+06 1.161136679539244389e+06 -3.426847146214235108e+06
-5.243949532190890983e+06 1.160755331806959352e+06 -3.426847146214235108e+06
-5.244033930841054767e+06 1.160373977936022682e+06 -3.426847146214235108e+06
-5.243706200537081808e+06 1.160701470015799394e+06 -3.427237718622991815e+06
-5.243790595270948485e+06 1.160320133840583730e+06 -3.427237718622991815e+06
-5.243462841151946224e+06 1.160647602086272789e+06 -3.427628272906812839e+06
-5.243547231969069690e+06 1.160266283608794911e+06 -3.427628272906812839e+06
-5.243219454042616300e+06 1.160593728019958129e+06 -3.428018809054258745e+06
-5.243303840942550451e+06 1.160212427242234116e+06 -3.428018809054258745e+06
-5.242976039198693819e+06 1.160539847814553883e+06 -3.428409327082013711e+06
-5.243060422180992551e+06 1.160158564738600748e+06 -3.428409327082013711e+06
-5.242732596627309918e+06 1.160485961471638409e+06 -3.428799826978633646e+06
-5.242816975691526197e+06 1.160104696099472465e+06 -3.428799826978633646e+06
-5.242489126335595734e+06 1.160432068992790533e+06 -3.429190308732682839e+06
-5.242573501481284387e+06 1.160050821326427627e+06 -3.429190308732682839e+06
-5.242329999539861456e+06 1.159996940417164005e+06 -3.429580772360845003e+06
-5.241842912492013536e+06 1.159889160196294542e+06 -3.430361645193751436e+06
-5.241514967915206216e+06 1.160216437706953380e+06 -3.430752054403732996e+06
-5.241599327382319607e+06 1.159835260883965762e+06 -3.430752054403732996e+06
-5.241271359006087296e+06 1.160162514544954989e+06 -3.431142445470197126e+06
-5.241355714552441612e+06 1.159781355437851278e+06 -3.431142445470197126e+06
-5.241027722384369001e+06 1.160108585248735268e+06 -3.431532818381704856e+06
-5.241112074009518139e+06 1.159727443859530613e+06 -3.431532818381704856e+06
-5.240699682620273903e+06 1.160435767350333743e+06 -3.431923173154930118e+06
-5.240784058039645664e+06 1.160054649815990590e+06 -3.431923173154930118e+06
-5.240868405743142590e+06 1.159673526146701071e+06 -3.431923173154930118e+06
-5.240952725710085593e+06 1.159292396435954142e+06 -3.431923173154930118e+06
-5.240455994483065791e+06 1.160381808060998330e+06 -3.432313509778440464e+06
-5.240540365979051217e+06 1.160000708248300711e+06 -3.432313509778440464e+06
-5.240624709760451689e+06 1.159619602300941944e+06 -3.432313509778440464e+06
-5.240709025806586258e+06 1.159238490312406793e+06 -3.432313509778440464e+06
-5.240212278637570329e+06 1.160327842636282090e+06 -3.432703828240803909e+06
-5.240296646209723316e+06 1.159946760547244921e+06 -3.432703828240803909e+06
-5.240380986068580300e+06 1.159565672323832056e+06 -3.432703828240803909e+06
-5.240465298193462193e+06 1.159184578059523599e+06 -3.432703828240803909e+06
-5.239968535073379986e+06 1.160273871073880466e+06 -3.433094128558693454e+06
-5.240052898721254431e+06 1.159892806710519595e+06 -3.433094128558693454e+06
-5.240137234657121822e+06 1.159511736213068478e+06 -3.433094128558693454e+06
-5.240221542860303074e+06 1.159130659675002564e+06 -3.433094128558693454e+06
-5.239724763797633350e+06 1.160219893375374377e+06 -3.433484410720670130e+06
-5.239809123520783149e+06 1.159838846739705186e+06 -3.433484410720670130e+06
-5.239893455533214845e+06 1.159457793970230967e+06 -3.433484410720670130e+06
-5.239977759814251214e+06 1.159076735160422977e+06 -3.433484410720670130e+06
-5.239480964817468077e+06 1.160165909542344511e+06 -3.433874674715314526e+06
-5.239565320615447126e+06 1.159784880636381451e+06 -3.433874674715314526e+06
-5.239649648703997023e+06 1.159403845596898813e+06 -3.433874674715314526e+06
-5.239733949062442407e+06 1.159022804517363664e+06 -3.433874674715314526e+06
-5.239237138122472912e+06 1.160111919572485145e+06 -3.434264920559286606e+06
-5.239490110594466329e+06 1.158968867743521696e+06 -3.434264920559286606e+06
-5.238908908087337390e+06 1.160438910681482404e+06 -3.434655148241161834e+06
-5.238993283719787374e+06 1.160057923467377201e+06 -3.434655148241161834e+06
-5.239246244417461567e+06 1.158914924840476131e+06 -3.434655148241161834e+06
-5.238665029911905527e+06 1.160384890707246959e+06 -3.435045357749504503e+06
-5.238749401616557501e+06 1.160003921228602994e+06 -3.435045357749504503e+06
-5.239002350538575090e+06 1.158860975809807889e+06 -3.435045357749504503e+06
-5.238421124025956728e+06 1.160330864595022751e+06 -3.435435549100987148e+06
-5.238505491802364588e+06 1.159949912853855407e+06 -3.435435549100987148e+06
-5.238674144283764064e+06 1.159187990787504474e+06 -3.435435549100987148e+06
-5.238758428947387263e+06 1.158807020649211947e+06 -3.435435549100987148e+06
-5.238177190436631441e+06 1.160276832346392097e+06 -3.435825722284181975e+06
-5.238261554284349084e+06 1.159895898344716057e+06 -3.435825722284181975e+06
-5.238514479651038535e+06 1.158753059360268293e+06 -3.435825722284181975e+06
-5.237933229151078500e+06 1.160222793962938478e+06 -3.436215877287657466e+06
-5.238017589069659822e+06 1.159841877702767728e+06 -3.436215877287657466e+06
-5.238270502656680532e+06 1.158699091944558313e+06 -3.436215877287657466e+06
-5.237689240158878267e+06 1.160168749442353146e+06 -3.436606014128079638e+06
-5.237773596147876233e+06 1.159787850925702602e+06 -3.436606014128079638e+06
-5.238026497953888960e+06 1.158645118399776518e+06 -3.436606014128079638e+06
-5.237445223467173055e+06 1.160114698786218651e+06 -3.436996132794020697e+06
-5.237782465549810790e+06 1.158591138727503363e+06 -3.436996132794020697e+06
-5.237032399695309810e+06 1.160822349819114665e+06 -3.437386233274056576e+06
-5.237116803237451240e+06 1.160441498976112809e+06 -3.437386233274056576e+06
-5.237201179083112627e+06 1.160060641996118706e+06 -3.437386233274056576e+06
-5.237538405451592989e+06 1.158537152929320233e+06 -3.437386233274056576e+06
-5.236703908191069961e+06 1.161149078258354450e+06 -3.437776315584850963e+06
-5.236788335474185646e+06 1.160768251394463005e+06 -3.437776315584850963e+06
-5.236872735082822852e+06 1.160387418300456600e+06 -3.437776315584850963e+06
-5.237294317648811266e+06 1.158483161002921173e+06 -3.437776315584850963e+06
-5.236459820210446604e+06 1.161094955944264540e+06 -3.438166379714972805e+06
-5.236544243558322079e+06 1.160714146831092192e+06 -3.438166379714972805e+06
-5.237050202148615383e+06 1.158429162949887803e+06 -3.438166379714972805e+06
-5.236215704542680643e+06 1.161040827491026837e+06 -3.438556425653001759e+06
-5.236300123954870738e+06 1.160660036130587105e+06 -3.438556425653001759e+06
-5.236806058958156034e+06 1.158375158771801507e+06 -3.438556425653001759e+06
-5.235971561177345924e+06 1.160986692896329099e+06 -3.438946453415596858e+06
-5.236055976653403603e+06 1.160605919290636433e+06 -3.438946453415596858e+06
-5.236561888067004271e+06 1.158321148466355633e+06 -3.438946453415596858e+06
-5.235727390121591277e+06 1.160932552161756903e+06 -3.439336462991333567e+06
-5.235811801661069505e+06 1.160551796312824590e+06 -3.439336462991333567e+06
-5.235896185531230643e+06 1.160171034234939143e+06 -3.439336462991333567e+06
-5.235980541711365804e+06 1.159790266021491727e+06 -3.439336462991333567e+06
-5.236233444086943753e+06 1.158647924679297488e+06 -3.439336462991333567e+06
-5.235483191382568330e+06 1.160878405288895592e+06 -3.439726454368793871e+06
-5.235567598985021003e+06 1.160497667198737152e+06 -3.439726454368793871e+06
-5.235651978919447400e+06 1.160116922879915917e+06 -3.439726454368793871e+06
-5.235736331165139563e+06 1.159736172425819095e+06 -3.439726454368793871e+06
-5.235820655701419339e+06 1.159355415929839248e+06 -3.439726454368793871e+06
-5.235989221745137125e+06 1.158593884363387944e+06 -3.439726454368793871e+06
-5.235323368614830077e+06 1.160443531946062576e+06 -3.440116427564628422e+06
-5.235407744613074698e+06 1.160062805388319772e+06 -3.440116427564628422e+06
-5.235492092923877761e+06 1.159682072695587296e+06 -3.440116427564628422e+06
-5.235576413526560180e+06 1.159301333961253753e+06 -3.440116427564628422e+06
-5.235660706461148337e+06 1.158920589004582027e+06 -3.440116427564628422e+06
-5.235079110557647422e+06 1.160389390556385973e+06 -3.440506382567416411e+06
-5.235163482619265094e+06 1.160008681761734886e+06 -3.440506382567416411e+06
-5.235247826994732954e+06 1.159627966832380509e+06 -3.440506382567416411e+06
-5.235332143663372844e+06 1.159247245861706790e+06 -3.440506382567416411e+06
-5.235416432665208355e+06 1.158866518668985227e+06 -3.440506382567416411e+06
-5.234919192945172079e+06 1.159954552001746837e+06 -3.440896319365740288e+06
-5.223453435093067586e+06 7.219104723431707826e+05 -3.575474860957030207e+06
-5.223610807215929031e+06 7.207708744124243967e+05 -3.575474860957030207e+06
-5.223457989461573772e+06 7.199756178920334205e+05 -3.575858322413100861e+06
-5.223252709178207442e+06 7.195602647664578399e+05 -3.576241764958254993e+06
-5.222789686086934060e+06 7.191094620241163066e+05 -3.577008593298504129e+06
-5.221697378084627911e+06 7.232157807099617785e+05 -3.577775345970761497e+06
-5.222221934653328732e+06 7.194182642868079711e+05 -3.577775345970761497e+06
-5.221597290451138280e+06 7.220409250173367327e+05 -3.578158693930921610e+06
-5.220139051331846043e+06 7.268693535221173661e+05 -3.579308624255610164e+06
-5.219040315048590302e+06 7.309727159694799921e+05 -3.580075149826566223e+06
-5.218835608862317167e+06 7.305570796008337056e+05 -3.580458384217835031e+06
-5.218074255568020977e+06 6.401211790215746732e+05 -3.598831329688329250e+06
-5.217461518421664834e+06 6.408162947617237223e+05 -3.599595919010487851e+06
-5.215673657750405371e+06 6.509946652053735452e+05 -3.600360432196011767e+06
-5.215720985619259067e+06 6.506153690531826578e+05 -3.600360432196011767e+06
-5.215176792982675135e+06 6.528585702950400300e+05 -3.600742660219868645e+06
-5.215602970879196189e+06 6.494451054776312085e+05 -3.600742660219868645e+06
-5.217285338667827658e+06 6.357884788154603448e+05 -3.600742660219868645e+06
-5.212508742715736851e+06 6.717836582311970415e+05 -3.601124869210385252e+06
-5.215767032997324131e+06 6.459991748081201222e+05 -3.601124869210385252e+06
-5.215860934608744457e+06 6.452405653528559487e+05 -3.601124869210385252e+06
-5.216048406798310578e+06 6.437233056922022952e+05 -3.601124869210385252e+06
-5.212200131079537794e+06 6.721292259836364537e+05 -3.601507059156358242e+06
-5.212248995917685330e+06 6.717501822865374852e+05 -3.601507059156358242e+06
-5.212297833190865815e+06 6.713711350368891144e+05 -3.601507059156358242e+06
-5.212346642887110822e+06 6.709920843276656233e+05 -3.601507059156358242e+06
-5.212444179606326856e+06 6.702339720836633351e+05 -3.601507059156358242e+06
-5.212492906605374068e+06 6.698549107348368270e+05 -3.601507059156358242e+06
-5.212736128148439340e+06 6.679595505290237488e+05 -3.601507059156358242e+06
-5.215882049547629431e+06 6.429326154844950652e+05 -3.601507059156358242e+06
-5.214302197198195383e+06 6.535193729097396135e+05 -3.601889230046605691e+06
-5.211193698386139236e+06 6.696879501228389563e+05 -3.603417723129093181e+06
-5.212354586661911570e+06 6.605916859480375424e+05 -3.603417723129093181e+06
-5.213024439295177348e+06 6.552846007273031864e+05 -3.603417723129093181e+06
-5.214434812442578375e+06 6.396747145769656636e+05 -3.604181855333857238e+06
-5.214174645348489285e+06 6.396427988818540471e+05 -3.604563892850776203e+06
-5.209812321134107187e+06 6.722064825072982349e+05 -3.604945911304970272e+06
-5.209861191585096531e+06 6.718276125473742140e+05 -3.604945911304970272e+06
-5.209958849853263237e+06 6.710698617888028966e+05 -3.604945911304970272e+06
-5.210007637646487914e+06 6.706909811760169687e+05 -3.604945911304970272e+06
-5.210056397898310795e+06 6.703120969253554940e+05 -3.604945911304970272e+06
-5.209503408056965098e+06 6.725517808145270683e+05 -3.605327910685251467e+06
-5.209032185962476768e+06 6.721058240022932878e+05 -3.606091852261833847e+06
-5.208138097583894618e+06 6.708353394040835556e+05 -3.607619506530839484e+06
-5.208186868326986209e+06 6.704565912007379811e+05 -3.607619506530839484e+06
-5.208235611538303085e+06 6.700778393607882317e+05 -3.607619506530839484e+06
-5.212092316024842672e+06 6.393873515584777342e+05 -3.607619506530839484e+06
-5.208170076678329147e+06 6.685293928290007170e+05 -3.608001372410510667e+06
-5.211831900803985074e+06 6.393554054247037275e+05 -3.608001372410510667e+06
-5.207958417502469383e+06 6.681172538515023189e+05 -3.608383219209278468e+06
-5.207746698403562419e+06 6.677051455728453584e+05 -3.608765046915958170e+06
-5.210490646433348767e+06 6.438068021749998443e+05 -3.609146855546858627e+06
-5.207274569658573717e+06 6.672597069028752157e+05 -3.609528645090797916e+06
-5.209807683540197089e+06 6.471845647066327510e+05 -3.609528645090797916e+06
-5.209427703862432390e+06 6.459833340319918934e+05 -3.610292166900553275e+06
-5.209849383159025572e+06 6.425736334569110768e+05 -3.610292166900553275e+06
-5.210268830721653998e+06 6.391636576236970723e+05 -3.610292166900553275e+06
-5.209728852835606784e+06 6.414049218504155288e+05 -3.610673899171492551e+06
-5.209775483345664106e+06 6.410260579509941163e+05 -3.610673899171492551e+06
-5.209822086292654276e+06 6.406471907524404814e+05 -3.610673899171492551e+06
-5.209961729842249304e+06 6.395105686545735225e+05 -3.610673899171492551e+06
-5.206099091655208729e+06 6.640307925753488671e+05 -3.611818981396848336e+06
-5.205886803340770304e+06 6.636189772263043560e+05 -3.612200637266364880e+06
-5.205674455114633776e+06 6.632071928477612091e+05 -3.612582274041929282e+06
-5.205510233094487339e+06 6.624168856024371926e+05 -3.612963891712362878e+06
-5.207320902582969517e+06 6.480292699447674677e+05 -3.612963891712362878e+06
-5.207368014835619368e+06 6.476505811389321461e+05 -3.612963891712362878e+06
-5.207415099537819624e+06 6.472718889988838928e+05 -3.612963891712362878e+06
-5.207790785783967935e+06 6.442422282699728385e+05 -3.612963891712362878e+06
-5.207837622622674331e+06 6.438635053941688966e+05 -3.612963891712362878e+06
-5.207884431930988096e+06 6.434847790224017808e+05 -3.612963891712362878e+06
-5.207931213697416708e+06 6.431060492475692881e+05 -3.612963891712362878e+06
-5.205133276029342785e+06 6.612149758894738043e+05 -3.613727069720611908e+06
-5.204920628401315771e+06 6.608033460437759059e+05 -3.614108630063545890e+06
-5.204707920924189501e+06 6.603917470407249639e+05 -3.614490171284119133e+06
-5.207307659624223597e+06 6.395691828953234944e+05 -3.614490171284119133e+06
-5.204495153578403406e+06 6.599801789782850537e+05 -3.614871693398633972e+06
-5.207046753142578527e+06 6.395371379776452668e+05 -3.614871693398633972e+06
-5.207093247819485143e+06 6.391584692218569107e+05 -3.614871693398633972e+06
-5.204282326363208704e+06 6.595686419567908160e+05 -3.615253196395908482e+06
-5.206832311470462009e+06 6.391264398977274541e+05 -3.615253196395908482e+06
-5.204117360814948566e+06 6.587786834219098091e+05 -3.615634680264774244e+06
-5.206245339209241793e+06 6.417447520850412548e+05 -3.615634680264774244e+06
-5.206291994430471212e+06 6.413661416038718307e+05 -3.615634680264774244e+06
-5.206617810084409080e+06 6.387157729213183047e+05 -3.615634680264774244e+06
-5.203904383974735625e+06 6.583672238137706881e+05 -3.616016145021517295e+06
-5.205844240270916373e+06 6.428483374652647180e+05 -3.616016145021517295e+06
-5.205890975748186000e+06 6.424697561499081785e+05 -3.616016145021517295e+06
-5.205937683705333620e+06 6.420911713459956227e+05 -3.616016145021517295e+06
-5.205984364130890928e+06 6.417125831463829381e+05 -3.616016145021517295e+06
-5.206031017013419420e+06 6.413339916439388180e+05 -3.616016145021517295e+06
-5.206356816335095093e+06 6.386837558172401041e+05 -3.616016145021517295e+06
-5.203691347303881310e+06 6.579557950953817926e+05 -3.616397590654976200e+06
-5.205676683435474522e+06 6.420589800330799771e+05 -3.616397590654976200e+06
-5.205723361520703882e+06 6.416804108140292810e+05 -3.616397590654976200e+06
-5.205770012064284645e+06 6.413018382923125755e+05 -3.616397590654976200e+06
-5.206095795051974244e+06 6.386517353354842635e+05 -3.616397590654976200e+06
-5.205462331386332400e+06 6.416482350889232475e+05 -3.616779017153970432e+06
-5.205508979590718634e+06 6.412696815499356017e+05 -3.616779017153970432e+06
-5.205201273716623895e+06 6.416160559696902055e+05 -3.617160424534794409e+06
-5.205247919581569731e+06 6.412375214154340792e+05 -3.617160424534794409e+06
-5.204575505562960170e+06 6.380810557706361869e+05 -3.618685862735350151e+06
-5.204099429562280886e+06 6.376385511045503663e+05 -3.619448467014668509e+06
-5.201866427510826848e+06 6.534977586080527399e+05 -3.619829740447747055e+06
-5.201652732880493626e+06 6.530866712510806974e+05 -3.620210994728217833e+06
-5.203361875600271858e+06 6.371641048721182160e+05 -3.620592229872363620e+06
-5.201177716471281834e+06 6.526428318720838288e+05 -3.620973445869020652e+06
-5.203100517030837946e+06 6.371321008902838221e+05 -3.620973445869020652e+06
-5.200963872368117794e+06 6.522318223346256418e+05 -3.621354642707020044e+06
-5.201885900278241374e+06 6.362154535705368035e+05 -3.622879238551081158e+06
-5.201670622791672125e+06 6.358051929007415893e+05 -3.623260339620457031e+06
-5.201455285643660463e+06 6.353949635468968190e+05 -3.623641421519086696e+06
-5.199370790240424685e+06 6.501118512603206327e+05 -3.624022484263245482e+06
-5.201239888815125450e+06 6.349847656069217483e+05 -3.624022484263245482e+06
-5.200762784718166105e+06 6.345426754028174328e+05 -3.624784552243510261e+06
-5.198727823686132208e+06 6.488795697647483321e+05 -3.625165557484728750e+06
-5.200547238762751222e+06 6.341325557196758455e+05 -3.625165557484728750e+06
-5.200331633149065077e+06 6.337224674815256149e+05 -3.625546543554269709e+06
-5.200115967910077423e+06 6.333124105162807973e+05 -3.625927510440976359e+06
-5.199900243026721291e+06 6.329023849218492396e+05 -3.626308458161119837e+06
-5.197822616518987343e+06 6.476149624395575374e+05 -3.626689386703541968e+06
-5.197131465204047039e+06 6.467612371522166068e+05 -3.627832057235197630e+06
-5.196916665229366161e+06 6.463507262742688181e+05 -3.628212909037450328e+06
-5.196795698775347322e+06 6.451844102024728199e+05 -3.628593741661051288e+06
-5.198696280784948729e+06 6.296867777959122322e+05 -3.628593741661051288e+06
-5.198742059156629257e+06 6.293087162388248835e+05 -3.628593741661051288e+06
-5.198525827522941865e+06 6.288989577436605468e+05 -3.628974555094847921e+06
-5.195935424315823242e+06 6.435429295881328871e+05 -3.630116880228111055e+06
-5.197876775100375526e+06 6.276698708358180011e+05 -3.630116880228111055e+06
-5.195458175189179368e+06 6.431002030537360115e+05 -3.630878334327957127e+06
-5.195242867868216708e+06 6.426899580404814333e+05 -3.631259032580621075e+06
-5.196964997722922824e+06 6.264094646679693833e+05 -3.631639711620244663e+06
-5.194765382417764515e+06 6.422473377999401418e+05 -3.632020371463093441e+06
-5.196839312282663770e+06 6.252440992049007909e+05 -3.632020371463093441e+06
-5.194596587925999425e+06 6.414594110439970391e+05 -3.632401012098011095e+06
-5.198816041100595146e+06 6.063131683416388696e+05 -3.632401012098011095e+06
-5.194165436363135464e+06 6.406392031234435271e+05 -3.633162235726875253e+06
-5.193949771117901430e+06 6.402291461574648274e+05 -3.633542818725932389e+06
-5.197852222840726376e+06 6.077333740999668371e+05 -3.633542818725932389e+06
-5.195446997808563523e+06 6.235434697615102632e+05 -3.634303927064955700e+06
-5.195012747681275010e+06 6.227248981213541701e+05 -3.635064958523960784e+06
-5.192731197689887136e+06 6.393122256701822625e+05 -3.635445445422993042e+06
-5.192422284606677480e+06 6.396575239765146980e+05 -3.635825913095978089e+06
-5.196849069505698979e+06 6.026364396861038404e+05 -3.635825913095978089e+06
-5.191990357834102586e+06 6.388377239367386792e+05 -3.636586790746651124e+06
-5.196061011717859656e+06 6.025450550156664103e+05 -3.636967200729440898e+06
-5.193482689041223377e+06 6.221583861555820331e+05 -3.637347591469011270e+06
-5.191527273654391989e+06 6.360981325583887519e+05 -3.637727962981609628e+06
-5.191310922846939415e+06 6.356884368890898768e+05 -3.638108315256097354e+06
-5.192549086307794787e+06 6.254941028886868153e+05 -3.638108315256097354e+06
-5.192730815481743775e+06 6.239836251142648980e+05 -3.638108315256097354e+06
-5.195316504536368884e+06 6.020758292411675211e+05 -3.638108315256097354e+06
-5.195883377250864170e+06 5.971639778759187320e+05 -3.638108315256097354e+06
-5.195053679005328566e+06 6.020453708659349941e+05 -3.638488648281330243e+06
-5.195315876313748769e+06 5.997785438394773519e+05 -3.638488648281330243e+06
-5.195663934100284241e+06 5.967559301904413151e+05 -3.638488648281330243e+06
-5.191996776421518065e+06 6.212144106868064264e+05 -3.639629531914424617e+06
-5.194875200015438721e+06 5.966653389304127777e+05 -3.639629531914424617e+06
-5.193300056970187463e+06 6.056698653687715996e+05 -3.640390024771744385e+06
-5.193344088786275126e+06 6.052921963903297437e+05 -3.640390024771744385e+06
-5.193388093147945590e+06 6.049145241201642202e+05 -3.640390024771744385e+06
-5.192948947265266441e+06 6.063944869286319008e+05 -3.640770242313997354e+06
-5.193213042433852330e+06 6.041285778506105999e+05 -3.640770242313997354e+06
-5.192597709182904102e+06 6.071190158655232517e+05 -3.641150440611172933e+06
-5.189269108831436373e+06 6.327573486445865128e+05 -3.641530619652135298e+06
-5.191980626743937843e+06 6.101089391670636833e+05 -3.641530619652135298e+06
-5.192024981382018887e+06 6.097313661285444396e+05 -3.641530619652135298e+06
-5.192202125383855775e+06 6.082210414769558702e+05 -3.641530619652135298e+06
-5.192246342740187421e+06 6.078434522449744400e+05 -3.641530619652135298e+06
-5.188960195754569024e+06 6.331026469516743673e+05 -3.641910779425752815e+06
-5.191584381177213974e+06 6.112106738427514210e+05 -3.641910779425752815e+06
-5.193426999154998921e+06 5.953510553869981086e+05 -3.641910779425752815e+06
-5.188789305864972994e+06 6.323158971619852819e+05 -3.642290919948257506e+06
-5.192770700404734351e+06 5.964236234078730922e+05 -3.642671041208518203e+06
-5.192857391776769422e+06 5.956683592488489812e+05 -3.642671041208518203e+06
-5.190080584343913011e+06 6.171571081005380256e+05 -3.643051143195402343e+06
-5.190125451555009000e+06 6.167796731277578510e+05 -3.643051143195402343e+06
-5.190170291307380423e+06 6.164022349837223301e+05 -3.643051143195402343e+06
-5.192594201342982240e+06 5.956381688927432988e+05 -3.643051143195402343e+06
-5.189952006320084445e+06 6.159935665635890327e+05 -3.643431225925143808e+06
-5.189996788916385733e+06 6.156161409443417797e+05 -3.643431225925143808e+06
-5.190220290162445046e+06 6.137289642339361599e+05 -3.643431225925143808e+06
-5.190487585860126652e+06 6.114642450589516666e+05 -3.643431225925143808e+06
-5.192287655874362215e+06 5.959855708054658026e+05 -3.643431225925143808e+06
-5.192330983441861346e+06 5.956079753858824261e+05 -3.643431225925143808e+06
-5.190224433957570232e+06 6.114332445071209222e+05 -3.643811289386610501e+06
-5.190268884917146526e+06 6.110557990884338506e+05 -3.643811289386610501e+06
-5.191894271861038171e+06 5.970880648239682196e+05 -3.643811289386610501e+06
-5.192067738081113435e+06 5.955777787291507702e+05 -3.643811289386610501e+06
-5.189916778460131958e+06 6.117796637687311741e+05 -3.644191333568674047e+06
-5.189961254612842575e+06 6.114022407224712661e+05 -3.644191333568674047e+06
-5.190005703318456188e+06 6.110248144428096712e+05 -3.644191333568674047e+06
-5.190050124566078186e+06 6.106473850223297486e+05 -3.644191333568674047e+06
-5.191195442417013459e+06 6.008330907763006398e+05 -3.644191333568674047e+06
-5.191587574855669402e+06 5.974353328580443049e+05 -3.644191333568674047e+06
-5.189698047814706340e+06 6.113712337036788231e+05 -3.644571358487561345e+06
-5.189742494266121648e+06 6.109938265650392277e+05 -3.644571358487561345e+06
-5.190888467698509805e+06 6.011801134491709527e+05 -3.644571358487561345e+06
-5.191193828475853428e+06 5.985375912057228852e+05 -3.644571358487561345e+06
-5.191541164992625825e+06 5.955173759674378671e+05 -3.644571358487561345e+06
-5.189479257767849602e+06 6.109628354560297448e+05 -3.644951364132144023e+06
-5.189568063817280345e+06 6.102080498641323065e+05 -3.644951364132144023e+06
-5.190930518362341449e+06 5.985072319075944833e+05 -3.644951364132144023e+06
-5.191191172258951701e+06 5.962422042861103546e+05 -3.644951364132144023e+06
-5.189215993831350468e+06 6.109318411166891456e+05 -3.645331350491293706e+06
-5.189260408319850452e+06 6.105544691257403465e+05 -3.645331350491293706e+06
-5.189304795375621878e+06 6.101770938153051538e+05 -3.645331350491293706e+06
-5.188908262757971883e+06 6.112781932492924388e+05 -3.645711317581239156e+06
-5.188952702445381321e+06 6.109008435456935549e+05 -3.645711317581239156e+06
-5.188997114680371247e+06 6.105234907019134844e+05 -3.645711317581239156e+06
-5.189041499484024011e+06 6.101461345388155896e+05 -3.645711317581239156e+06
-5.190447322312527336e+06 5.980690454778430285e+05 -3.645711317581239156e+06
-5.188644946185379289e+06 6.112471732985443668e+05 -3.646091265390851535e+06
-5.188689383617650717e+06 6.108698427439505467e+05 -3.646091265390851535e+06
-5.188733793598895893e+06 6.104925090493350290e+05 -3.646091265390851535e+06
-5.188778176150195301e+06 6.101151720355699072e+05 -3.646091265390851535e+06
-5.188292649519860744e+06 6.119707631333516911e+05 -3.646471193909005728e+06
-5.188337139563331380e+06 6.115934582871381426e+05 -3.646471193909005728e+06
-5.188381602178973146e+06 6.112161501159619074e+05 -3.646471193909005728e+06
-5.188559178241110407e+06 6.097068852176090004e+05 -3.646471193909005728e+06
-5.186044660574338399e+06 6.285370394559041597e+05 -3.646851103151923977e+06
-5.188029282583791763e+06 6.119396984121153364e+05 -3.646851103151923977e+06
-5.188340120934478939e+06 6.092986303457374452e+05 -3.646851103151923977e+06
-5.188384416665502824e+06 6.089213219638156006e+05 -3.646851103151923977e+06
-5.190949290046914481e+06 5.866544976398217259e+05 -3.646851103151923977e+06
-5.185827059433821589e+06 6.281280065025620861e+05 -3.647230993108481169e+06
-5.188165270307308063e+06 6.085131148019952234e+05 -3.647230993108481169e+06
-5.188209508903873153e+06 6.081358192281986121e+05 -3.647230993108481169e+06
-5.187368851981035434e+06 6.130092821661724010e+05 -3.647610863767552190e+06
-5.187413417550171725e+06 6.126320444976548897e+05 -3.647610863767552190e+06
-5.187990273500232957e+06 6.077276598871522583e+05 -3.647610863767552190e+06
-5.188034454987976700e+06 6.073503769510120619e+05 -3.647610863767552190e+06
-5.190889758876091801e+06 5.824426990874193143e+05 -3.647610863767552190e+06
-5.190974416825095192e+06 5.816877086481177248e+05 -3.647610863767552190e+06
-5.187770978728218004e+06 6.073195324361827224e+05 -3.647990715145361144e+06
-5.188386607256163843e+06 6.020375036973252427e+05 -3.647990715145361144e+06
-5.187551624588197097e+06 6.069114369752012426e+05 -3.648370547230784316e+06
-5.188166837754851207e+06 6.016296316836236510e+05 -3.648370547230784316e+06
-5.184956060028209351e+06 6.264921913990593748e+05 -3.648750360012691934e+06
-5.187288091222289950e+06 6.068806052022632211e+05 -3.648750360012691934e+06
-5.187947008929117583e+06 6.012217917296992382e+05 -3.648750360012691934e+06
-5.188988436683267355e+06 5.921662049413140630e+05 -3.648750360012691934e+06
-5.187024530417098664e+06 6.068497702190986602e+05 -3.649130153507314157e+06
-5.187683414644991048e+06 6.011912442650625017e+05 -3.649130153507314157e+06
-5.186760942180344835e+06 6.068189320266111754e+05 -3.649509927703519817e+06
-5.187419792925817892e+06 6.011606936210278654e+05 -3.649509927703519817e+06
-5.186497326519747265e+06 6.067880906257036841e+05 -3.649889682590190787e+06
-5.187199845484030433e+06 6.007529175394205377e+05 -3.649889682590190787e+06
-5.191020634874511510e+06 5.667901491987070767e+05 -3.649889682590190787e+06
-5.183947663078585640e+06 6.259878602145859040e+05 -3.650269418183544651e+06
-5.185211562822119333e+06 6.154309250027714297e+05 -3.650269418183544651e+06
-5.185968441947025247e+06 6.090201095230865758e+05 -3.650269418183544651e+06
-5.186012717429713346e+06 6.086429736152779078e+05 -3.650269418183544651e+06
-5.186056965486184694e+06 6.082658344886645209e+05 -3.650269418183544651e+06
-5.186233683424049988e+06 6.067572460150592960e+05 -3.650269418183544651e+06
-5.187023483339954168e+06 5.999679641062672017e+05 -3.650269418183544651e+06
-5.188234394576715305e+06 5.894048198014266090e+05 -3.650269418183544651e+06
-5.183684108777839690e+06 6.259560347017726162e+05 -3.650649134472459555e+06
-5.184947944264125079e+06 6.153996362094350625e+05 -3.650649134472459555e+06
-5.184992683681820519e+06 6.150225744974488625e+05 -3.650649134472459555e+06
-5.185082080243788660e+06 6.142684414083326701e+05 -3.650649134472459555e+06
-5.185704784908945672e+06 6.089891466585791204e+05 -3.650649134472459555e+06
-5.185793303947527893e+06 6.082349099718491780e+05 -3.650649134472459555e+06
-5.185837522318742238e+06 6.078577868930217810e+05 -3.650649134472459555e+06
-5.185970012900970876e+06 6.067263981955808122e+05 -3.650649134472459555e+06
-5.186759772663081065e+06 5.999374614570263075e+05 -3.650649134472459555e+06
-5.184684298291875981e+06 6.153683441623104736e+05 -3.651028831445818301e+06
-5.185441100452610292e+06 6.089581805741775315e+05 -3.651028831445818301e+06
-5.185485371433091350e+06 6.085810830158912577e+05 -3.651028831445818301e+06
-5.185529614990145899e+06 6.082039822391277412e+05 -3.651028831445818301e+06
-5.185573831112930551e+06 6.078268783363811672e+05 -3.651028831445818301e+06
-5.185618019822434522e+06 6.074497711286419071e+05 -3.651028831445818301e+06
-5.185662181107808836e+06 6.070726607084058924e+05 -3.651028831445818301e+06
-5.186539647316362709e+06 5.995297813844181364e+05 -3.651028831445818301e+06
-5.185221657295784913e+06 6.085501328880261863e+05 -3.651408509119832888e+06
-5.186319462670980021e+06 5.991221333313300274e+05 -3.651408509119832888e+06
-5.182984254317073151e+06 6.251067103540329263e+05 -3.651788167483384255e+06
-5.184603016191572882e+06 6.115355626008984400e+05 -3.651788167483384255e+06
-5.186099218727470376e+06 5.987145173976264196e+05 -3.651788167483384255e+06
-5.187264794160193764e+06 5.885304878207705915e+05 -3.651788167483384255e+06
-5.191447548389379866e+06 5.504148727553136414e+05 -3.651788167483384255e+06
-5.184205732319195755e+06 6.126354853977838065e+05 -3.652167806525353808e+06
-5.184250270713432692e+06 6.122584777587706922e+05 -3.652167806525353808e+06
-5.184383721415239386e+06 6.111274352411781438e+05 -3.652167806525353808e+06
-5.185922411916441284e+06 5.979298040426998632e+05 -3.652167806525353808e+06
-5.186052736546806060e+06 5.967983970614902209e+05 -3.652167806525353808e+06
-5.186096123230781406e+06 5.964212551464358112e+05 -3.652167806525353808e+06
-5.183584684751663357e+06 6.156201060030091321e+05 -3.652547426261956804e+06
-5.183941960770435631e+06 6.126043146034225356e+05 -3.652547426261956804e+06
-5.184164367285837419e+06 6.107193396896751365e+05 -3.652547426261956804e+06
-5.184386088390342891e+06 6.088342840312458575e+05 -3.652547426261956804e+06
-5.185918942196986638e+06 5.956366542361626634e+05 -3.652547426261956804e+06
-5.186608486259944737e+06 5.896021617696862668e+05 -3.652547426261956804e+06
-5.188676529780990444e+06 5.711165977338218363e+05 -3.652547426261956804e+06
-5.190999314246422611e+06 5.496038740768909920e+05 -3.652547426261956804e+06
-5.183320903968602419e+06 6.155887785021568416e+05 -3.652927026682074182e+06
-5.183678161806413904e+06 6.125731405693051638e+05 -3.652927026682074182e+06
-5.183944953803662211e+06 6.103112760462539736e+05 -3.652927026682074182e+06
-5.183989323177342303e+06 6.099342873777322238e+05 -3.652927026682074182e+06
-5.184033665146159008e+06 6.095572953930960502e+05 -3.652927026682074182e+06
-5.184077979699225165e+06 6.091803001848175190e+05 -3.652927026682074182e+06
-5.184122266825681552e+06 6.088033018453719560e+05 -3.652927026682074182e+06
-5.185698342625364661e+06 5.952292306567307096e+05 -3.652927026682074182e+06
-5.185957566722217947e+06 5.929664863145557465e+05 -3.652927026682074182e+06
-5.182020260347533971e+06 6.242258012435757555e+05 -3.653306607774590142e+06
-5.183369776416485198e+06 6.129189102341575781e+05 -3.653306607774590142e+06
-5.185564142294530757e+06 5.940676356608720962e+05 -3.653306607774590142e+06
-5.189218890174694359e+06 5.612478413719113450e+05 -3.653306607774590142e+06
-5.189259691551135853e+06 5.608704692111401819e+05 -3.653306607774590142e+06
-5.189300465484189801e+06 5.604930940842067357e+05 -3.653306607774590142e+06
-5.189463286758701317e+06 5.589835641359182773e+05 -3.653306607774590142e+06
-5.183105924894336611e+06 6.128877105331146158e+05 -3.653686169555713423e+06
-5.187967325769577175e+06 5.702748470207744977e+05 -3.653686169555713423e+06
-5.188545238694719970e+06 5.649926374880062649e+05 -3.653686169555713423e+06
-5.190206757610744797e+06 5.495199611015610863e+05 -3.653686169555713423e+06
-5.181538043951595202e+06 6.237854369601029903e+05 -3.654065712014328223e+06
-5.182842045961347409e+06 6.128565075908169383e+05 -3.654065712014328223e+06
-5.187951522170275450e+06 5.679821968093257165e+05 -3.654065712014328223e+06
-5.187992813286254182e+06 5.676049167963590007e+05 -3.654065712014328223e+06
-5.189016173618940637e+06 5.581719468069639988e+05 -3.654065712014328223e+06
-5.189942517164758407e+06 5.494919842970942846e+05 -3.654065712014328223e+06
-5.182399656705651432e+06 6.143328263609735295e+05 -3.654445235139320139e+06
-5.182444318549477495e+06 6.139559499685261399e+05 -3.654445235139320139e+06
-5.182488952985959128e+06 6.135790703291739337e+05 -3.654445235139320139e+06
-5.188751952901002020e+06 5.581435251201579813e+05 -3.654445235139320139e+06
-5.189397869819833897e+06 5.521057616769558517e+05 -3.654445235139320139e+06
-5.189678249278117903e+06 5.494640045873122290e+05 -3.654445235139320139e+06
-5.188811524860488251e+06 5.550964664422887145e+05 -3.654824738946897443e+06
-5.189373984099224210e+06 5.498134053803074639e+05 -3.654824738946897443e+06
-5.188587584743875079e+06 5.546908693054660689e+05 -3.655204223425945267e+06
-5.180663715467842296e+06 6.221513988812247990e+05 -3.655583688565352932e+06
-5.188645074732803740e+06 5.516440739697566023e+05 -3.655583688565352932e+06
-5.187775902889214456e+06 5.572752833624505438e+05 -3.655963134381321725e+06
-5.188099234548375010e+06 5.542570635754343821e+05 -3.655963134381321725e+06
-5.188420810233461671e+06 5.512386561019212240e+05 -3.655963134381321725e+06
-5.188156415322942659e+06 5.512105657251987141e+05 -3.656342560862740036e+06
-5.188196486761238426e+06 5.508332709468789399e+05 -3.656342560862740036e+06
-5.188236530771390535e+06 5.504559731649289606e+05 -3.656342560862740036e+06
-5.179916980486959219e+06 6.216795991666886257e+05 -3.656721967998497654e+06
-5.186184305871177465e+06 5.670253912239635829e+05 -3.656721967998497654e+06
-5.187731441009007394e+06 5.526915457321510185e+05 -3.656721967998497654e+06
-5.187891992981219664e+06 5.511824724340748508e+05 -3.656721967998497654e+06
-5.187587448399152607e+06 5.515316297206260497e+05 -3.657101355804797728e+06
-5.187747662971562706e+06 5.500225983573785052e+05 -3.657101355804797728e+06
-5.179434058084107935e+06 6.212395589045390952e+05 -3.657480724270530511e+06
-5.187363065978027880e+06 5.511262771058470244e+05 -3.657480724270530511e+06
-5.187443169175584801e+06 5.503717999344486743e+05 -3.657480724270530511e+06
-5.187138624599866569e+06 5.507209572216669330e+05 -3.657860073384581599e+06
-5.184920213409195654e+06 5.687950858835087856e+05 -3.658239403163155075e+06
-5.184961563648155890e+06 5.684180263114038389e+05 -3.658239403163155075e+06
-5.186874090472436510e+06 5.506928715084407013e+05 -3.658239403163155075e+06
-5.184697099640250206e+06 5.683890335970782908e+05 -3.658618713595140725e+06
-5.184142610332895070e+06 5.709991222024473827e+05 -3.658998004669430200e+06
-5.178158435052777641e+06 6.207045758191287750e+05 -3.659377276402224787e+06
-5.184126745463441126e+06 5.687080410207578680e+05 -3.659377276402224787e+06
-5.177894195461835712e+06 6.206729014844656922e+05 -3.659756528782411478e+06
-5.183862201311733574e+06 5.686790200508494163e+05 -3.659756528782411478e+06
-5.183265925386039540e+06 5.716655944981160574e+05 -3.660135761798885651e+06
-5.183597629751534201e+06 5.686499960741802352e+05 -3.660135761798885651e+06
-5.177146428410722874e+06 6.202013676848869072e+05 -3.660894169778182171e+06
-5.182861315891101025e+06 5.704765182929805014e+05 -3.660894169778182171e+06
-5.183109739850122482e+06 5.682150141934868880e+05 -3.660894169778182171e+06
-5.185021583609998226e+06 5.504961899800729007e+05 -3.660894169778182171e+06
-5.176882076997721568e+06 6.201696994463775773e+05 -3.661273344718793407e+06
-5.182803750583198853e+06 5.685629060995714972e+05 -3.661273344718793407e+06
-5.176617698200453073e+06 6.201380279273428023e+05 -3.661652500305870082e+06
-5.182497710724263452e+06 5.689107534064905485e+05 -3.661652500305870082e+06
-5.176353292026656680e+06 6.201063531287098303e+05 -3.662031636528308969e+06
-5.182150208909582347e+06 5.696354144223929616e+05 -3.662031636528308969e+06
-5.175869474677757360e+06 6.196665954529055161e+05 -3.662789850862153806e+06
-5.175650031510175206e+06 6.192585478571406566e+05 -3.663168928978648502e+06
-5.175385511244582012e+06 6.192268984151280019e+05 -3.663547987713391427e+06
-5.175120963602630422e+06 6.191952456975763198e+05 -3.663927027082566172e+06
-5.174546748000442982e+06 6.195082356757017551e+05 -3.664685047679816373e+06
-5.182731819426356815e+06 5.468229962406024570e+05 -3.664685047679816373e+06
-5.182771571815528907e+06 5.464460958711089334e+05 -3.664685047679816373e+06
-5.182811296795624308e+06 5.460691926117363619e+05 -3.664685047679816373e+06
-5.183207039013423026e+06 5.423000018750574673e+05 -3.664685047679816373e+06
-5.183246462479880080e+06 5.419230669585798169e+05 -3.664685047679816373e+06
-5.183521659190160222e+06 5.392844425889481790e+05 -3.664685047679816373e+06
-5.183560863348702900e+06 5.389074848910870496e+05 -3.664685047679816373e+06
-5.183452309446821921e+06 5.373721426149397157e+05 -3.665064028912978247e+06
-5.173972404768601060e+06 6.198211323890286731e+05 -3.665442990763462614e+06
-5.173662638869804330e+06 6.201656658383464674e+05 -3.665821933220162988e+06
-5.173397933953312226e+06 6.201339357252243208e+05 -3.666200856299275532e+06
-5.181790848476920277e+06 5.352955670556559926e+05 -3.667716354699665681e+06
-5.180504190606147982e+06 5.450642858035648242e+05 -3.668095180806189310e+06
-5.180543815104166977e+06 5.446875474364759866e+05 -3.668095180806189310e+06
-5.180662524204138666e+06 5.435573151501228567e+05 -3.668095180806189310e+06
-5.171764032735774294e+06 6.203195890563376015e+05 -3.668473987523092423e+06
-5.180278512300708331e+06 5.446596532349208137e+05 -3.668473987523092423e+06
-5.180436728195924312e+06 5.431527483361690538e+05 -3.668473987523092423e+06
-5.171454016360778362e+06 6.206638971456822474e+05 -3.668852774839281570e+06
-5.180052775136734359e+06 5.442550535845443374e+05 -3.668852774839281570e+06
-5.180210873357712291e+06 5.427482142767751357e+05 -3.668852774839281570e+06
-5.180289758091125637e+06 5.419947774381936761e+05 -3.668852774839281570e+06
-5.180447198814394884e+06 5.404878692905069329e+05 -3.668852774839281570e+06
-5.181305286944109946e+06 5.321990605394841405e+05 -3.668852774839281570e+06
-5.170189539402400143e+06 6.289046131083321525e+05 -3.669231542743664701e+06
-5.171143949917839840e+06 6.210081601420894731e+05 -3.669231542743664701e+06
-5.180221108672411181e+06 5.400834666972490959e+05 -3.669231542743664701e+06
-5.180962407109542750e+06 5.329253436013668543e+05 -3.669231542743664701e+06
-5.169833123675408773e+06 6.296243194817928597e+05 -3.669610291252418421e+06
-5.170516861305896193e+06 6.239845328898524167e+05 -3.669610291252418421e+06
-5.170698152295868844e+06 6.224804640938012162e+05 -3.669610291252418421e+06
-5.179601124306165613e+06 5.434459526214603102e+05 -3.669610291252418421e+06
-5.170342603881990537e+06 6.232005688063685084e+05 -3.669989020354449749e+06
-5.179729521057382226e+06 5.396514422888613772e+05 -3.669989020354449749e+06
-5.169211640074472874e+06 6.303116264272555709e+05 -3.670367730038668029e+06
-5.179188686110465787e+06 5.422603433371668216e+05 -3.670367730038668029e+06
-5.179464055029093288e+06 5.396237846429432975e+05 -3.670367730038668029e+06
-5.178962625362245366e+06 5.418559243929759832e+05 -3.670746420321245212e+06
-5.168681676940257661e+06 6.302470049823753070e+05 -3.671125091191090643e+06
-5.178775867581772618e+06 5.410749284340125741e+05 -3.671125091191090643e+06
-5.179128891057503410e+06 5.376853119071464753e+05 -3.671125091191090643e+06
-5.178510327441968024e+06 5.410471849834723398e+05 -3.671503742637115065e+06
-5.168197418956130743e+06 6.298065300095542334e+05 -3.671882374675491359e+06
-5.177782112563523464e+06 5.428744201078428887e+05 -3.672260987295128405e+06
-5.177821577817201614e+06 5.424978797016594326e+05 -3.672260987295128405e+06
-5.167713014926906675e+06 6.293661153974308399e+05 -3.672639580484940670e+06
-5.177358373668370768e+06 5.443526269445176004e+05 -3.672639580484940670e+06
-5.177555963605980389e+06 5.424700504023605026e+05 -3.672639580484940670e+06
-5.177595399453659542e+06 5.420935264432638651e+05 -3.672639580484940670e+06
-5.177634807910181582e+06 5.417169997076753061e+05 -3.672639580484940670e+06
-5.177674188994256780e+06 5.413404700168521376e+05 -3.672639580484940670e+06
-5.180400244790655561e+06 5.145996653985634330e+05 -3.672639580484940670e+06
-5.167493631120634265e+06 6.289580357989782933e+05 -3.673018154261094518e+06
-5.177995941434451379e+06 5.356646982551502297e+05 -3.673018154261094518e+06
-5.176827083366412669e+06 5.442967665518873837e+05 -3.673396708612502087e+06
-5.176866652049084194e+06 5.439202956839840626e+05 -3.673396708612502087e+06
-5.176906193363406695e+06 5.435438218492099550e+05 -3.673396708612502087e+06
-5.176945707299672998e+06 5.431673451399055775e+05 -3.673396708612502087e+06
-5.177024653027733788e+06 5.424143831960208481e+05 -3.673396708612502087e+06
-5.177103489241087809e+06 5.416614097779121948e+05 -3.673396708612502087e+06
-5.177142866283953190e+06 5.412849187258231686e+05 -3.673396708612502087e+06
-5.177182215947509743e+06 5.409084248111477355e+05 -3.673396708612502087e+06
-5.178924609737860039e+06 5.239632695202959003e+05 -3.673396708612502087e+06
-5.177152022407425568e+06 5.386217568228376331e+05 -3.673775243528078310e+06
-5.166926369167262688e+06 6.269824962898765225e+05 -3.674153759023990016e+06
-5.178048987560236827e+06 5.272986226762658916e+05 -3.674153759023990016e+06
-5.166752240774817765e+06 6.261988412300160853e+05 -3.674532255089153536e+06
-5.176659659170558676e+06 5.381900030895980308e+05 -3.674532255089153536e+06
-5.178695532363668084e+06 5.182338172929298598e+05 -3.674532255089153536e+06
-5.166532471280002967e+06 6.257909692171982024e+05 -3.674910731712479144e+06
-5.176393858500917442e+06 5.381623691958066775e+05 -3.674910731712479144e+06
-5.178316448648673482e+06 5.193369538161586388e+05 -3.674910731712479144e+06
-5.177404554757317528e+06 5.257113792362516979e+05 -3.675289188910133671e+06
-5.177785493795781396e+06 5.219461256856691907e+05 -3.675289188910133671e+06
-5.177937102708570659e+06 5.204399468471595319e+05 -3.675289188910133671e+06
-5.166092754310613498e+06 6.249753211943012429e+05 -3.675667626671032514e+06
-5.175862175024253316e+06 5.381070928688336862e+05 -3.675667626671032514e+06
-5.175901293593159877e+06 5.377306920970651554e+05 -3.675667626671032514e+06
-5.175940384789325297e+06 5.373542884815115249e+05 -3.675667626671032514e+06
-5.175979448603169061e+06 5.369778821144979447e+05 -3.675667626671032514e+06
-5.176018485053236596e+06 5.366014728173370240e+05 -3.675667626671032514e+06
-5.176716460054729134e+06 5.298256226731274510e+05 -3.675667626671032514e+06
-5.175713559787402861e+06 5.369502976902192459e+05 -3.676046044984092470e+06
-5.175752594232177362e+06 5.365739077291132417e+05 -3.676046044984092470e+06
-5.176527534678816795e+06 5.290455158763383515e+05 -3.676046044984092470e+06
-5.175486676032783464e+06 5.365463398025581846e+05 -3.676424443865479436e+06
-5.175875494983426295e+06 5.327824781076000072e+05 -3.676424443865479436e+06
-5.165387359864532948e+06 6.241277281892580213e+05 -3.676802823304103222e+06
-5.175220730462847278e+06 5.365187690384796588e+05 -3.676802823304103222e+06
-5.175531988597006537e+06 5.335078570668757893e+05 -3.676802823304103222e+06
-5.176493379353175871e+06 5.240975978343255119e+05 -3.676802823304103222e+06
-5.176531479121104814e+06 5.237211511971238651e+05 -3.676802823304103222e+06
-5.176607596519408748e+06 5.229682497059697052e+05 -3.676802823304103222e+06
-5.176189215830233879e+06 5.244470871202619746e+05 -3.677181183288887609e+06
-5.176379567996000871e+06 5.225649369214107282e+05 -3.677181183288887609e+06
-5.174688757223345339e+06 5.364636189989965642e+05 -3.677559523835991044e+06
-5.175193610255296342e+06 5.315712981491259998e+05 -3.677559523835991044e+06
-5.176265275617725216e+06 5.210323839046342764e+05 -3.677559523835991044e+06
-5.176303152477592230e+06 5.206559538637108635e+05 -3.677559523835991044e+06
-5.175043398377931677e+06 5.304149636886126827e+05 -3.677937844934331253e+06
-5.176037041809358634e+06 5.206291872506047366e+05 -3.677937844934331253e+06
-5.174665253775034100e+06 5.288551891843912890e+05 -3.678694428767643869e+06
-5.173663473387609236e+06 5.359770468379887752e+05 -3.679072691507696640e+06
-5.174591049392835237e+06 5.269464888827558607e+05 -3.679072691507696640e+06
-5.174667635917994194e+06 5.261938695815366227e+05 -3.679072691507696640e+06
-5.174705888135945424e+06 5.258175557106139604e+05 -3.679072691507696640e+06
-5.173280285109923221e+06 5.370781230189579073e+05 -3.679450934781904798e+06
-5.173436295923595317e+06 5.355732541426242096e+05 -3.679450934781904798e+06
-5.174209783438269980e+06 5.280482321760585764e+05 -3.679450934781904798e+06
-5.174248170501287095e+06 5.276719516865118640e+05 -3.679450934781904798e+06
-5.174477918265258893e+06 5.254142098552439129e+05 -3.679450934781904798e+06
-5.173247964683388360e+06 5.347932865782050649e+05 -3.679829158606425393e+06
-5.173480819810998626e+06 5.325359804911358515e+05 -3.679829158606425393e+06
-5.173558219306464307e+06 5.317835226071390789e+05 -3.679829158606425393e+06
-5.174249889735480770e+06 5.250108970700522186e+05 -3.679829158606425393e+06
-5.172981764825674705e+06 5.347657677162125474e+05 -3.680207362970180809e+06
-5.173292003483977169e+06 5.317561586185928900e+05 -3.680207362970180809e+06
-5.173330660206671804e+06 5.313799447717814473e+05 -3.680207362970180809e+06
-5.163183735095861368e+06 6.200522095035443781e+05 -3.680585547862094361e+06
-5.172643367412666790e+06 5.328299305995986797e+05 -3.680963713298322167e+06
-5.162652179908657447e+06 6.199883744774812367e+05 -3.681341859267779626e+06
-5.172221870697122067e+06 5.343070610474898713e+05 -3.681341859267779626e+06
-5.162386361366725527e+06 6.199564520469213603e+05 -3.681719985759401694e+06
-5.172573720732628368e+06 5.282613463485680986e+05 -3.681719985759401694e+06
-5.171766869905997999e+06 5.334998391938629793e+05 -3.682098092789331917e+06
-5.172575579988869838e+06 5.256010886404034682e+05 -3.682098092789331917e+06
-5.172651970854821615e+06 5.248487624915417982e+05 -3.682098092789331917e+06
-5.173635094142336398e+06 5.150675176479180809e+05 -3.682098092789331917e+06
-5.171539281448503025e+06 5.330962779984077206e+05 -3.682476180346499663e+06
-5.171771396279112436e+06 5.308397176265708404e+05 -3.682476180346499663e+06
-5.172040952449017204e+06 5.282069361253430834e+05 -3.682476180346499663e+06
-5.172079351068256423e+06 5.278308132669226034e+05 -3.682476180346499663e+06
-5.171311634313512594e+06 5.326927498190195765e+05 -3.682854248419824988e+06
-5.171659173265281133e+06 5.293080204163820017e+05 -3.682854248419824988e+06
-5.171697651958645321e+06 5.289319253188200528e+05 -3.682854248419824988e+06
-5.171736103292274289e+06 5.285558275142658968e+05 -3.682854248419824988e+06
-5.172119112370611168e+06 5.247946954254417215e+05 -3.682854248419824988e+06
-5.171045205640093423e+06 5.326653052106280811e+05 -3.683232297025464009e+06
-5.171392726686473936e+06 5.292807501910151914e+05 -3.683232297025464009e+06
-5.170778749619615264e+06 5.326378577852373710e+05 -3.683610326152341440e+06
-5.170817470467933454e+06 5.322618267050875584e+05 -3.683610326152341440e+06
-5.170972080382070504e+06 5.307576744362270692e+05 -3.683610326152341440e+06
-5.171087750683004037e+06 5.296295307099367492e+05 -3.683610326152341440e+06
-5.172718642539343797e+06 5.134567266963869333e+05 -3.683610326152341440e+06
-5.172755968491206877e+06 5.130805545939515578e+05 -3.683610326152341440e+06
-5.173016484145456925e+06 5.104472742832651711e+05 -3.683610326152341440e+06
-5.170473520062860101e+06 5.329864164277998498e+05 -3.683988335789383389e+06
-5.170512266259887256e+06 5.326104075436522253e+05 -3.683988335789383389e+06
-5.170744169187289663e+06 5.303542953379605897e+05 -3.683988335789383389e+06
-5.170168239816446789e+06 5.333349305819398724e+05 -3.684366325952736195e+06
-5.171243506733573042e+06 5.228062454211835866e+05 -3.684366325952736195e+06
-5.160393905234920792e+06 6.185751460066732252e+05 -3.684744296631328762e+06
-5.171987024710627273e+06 5.099659154203639482e+05 -3.685122247814092785e+06
-5.159996551053248346e+06 6.173856330507586244e+05 -3.685500179517171811e+06
-5.171646092281785794e+06 5.106918082027878263e+05 -3.685500179517171811e+06
-5.171683217157015577e+06 5.103157141959877335e+05 -3.685500179517171811e+06
-5.171720314690724015e+06 5.099396174001249019e+05 -3.685500179517171811e+06
-5.163702872564260848e+06 5.831949389185087057e+05 -3.685878091729491483e+06
-5.163745270046272315e+06 5.828194222770144697e+05 -3.685878091729491483e+06
-5.163872298630527221e+06 5.816928539571708534e+05 -3.685878091729491483e+06
-5.171081390460984781e+06 5.136739687161944457e+05 -3.685878091729491483e+06
-5.171118732215464115e+06 5.132979156775251613e+05 -3.685878091729491483e+06
-5.171156046622493304e+06 5.129218599242809578e+05 -3.685878091729491483e+06
-5.171416481699833646e+06 5.102893940813137451e+05 -3.685878091729491483e+06
-5.171527686504170299e+06 5.091611538888080395e+05 -3.685878091729491483e+06
-5.170851984774800949e+06 5.132714376729780925e+05 -3.686255984439988155e+06
-5.170585209981699474e+06 5.132449569533611066e+05 -3.686633857664799783e+06
-5.170808663130576722e+06 5.109888147634241614e+05 -3.686633857664799783e+06
-5.159066398609847762e+06 6.161327249762910651e+05 -3.687011711392859463e+06
-5.170504677549753338e+06 5.113384588391679572e+05 -3.687011711392859463e+06
-5.162328361143657006e+06 5.834199068685498787e+05 -3.687767360341666732e+06
-5.170230574359714985e+06 5.086538154331162223e+05 -3.687767360341666732e+06
-5.158357114851566032e+06 6.152870770009279950e+05 -3.688145155567482114e+06
-5.169704078247407451e+06 5.112592833545800531e+05 -3.688145155567482114e+06
-5.158135508586205542e+06 6.148802001101629576e+05 -3.688522931279486977e+06
-5.169362746652664617e+06 5.119847448362247669e+05 -3.688522931279486977e+06
-5.169474321374031715e+06 5.108569526588508161e+05 -3.688522931279486977e+06
-5.160975003078541718e+06 5.882089215628224192e+05 -3.688900687493815552e+06
-5.161017765184642747e+06 5.878336033744310262e+05 -3.688900687493815552e+06
-5.161060500006980263e+06 5.874582819872053806e+05 -3.688900687493815552e+06
-5.169133019031802192e+06 5.115823974325393792e+05 -3.688900687493815552e+06
-5.160708450548375025e+06 5.881785419201742625e+05 -3.689278424199405126e+06
-5.160751210445910692e+06 5.878032431161070708e+05 -3.689278424199405126e+06
-5.160793943061091937e+06 5.874279411133709364e+05 -3.689278424199405126e+06
-5.160836648383425549e+06 5.870526360040256986e+05 -3.689278424199405126e+06
-5.157514947727687657e+06 6.132846992253946373e+05 -3.689656141385193914e+06
-5.160399085742224939e+06 5.885234355650800280e+05 -3.689656141385193914e+06
-5.160441870732213371e+06 5.881481591676748358e+05 -3.689656141385193914e+06
-5.160612737759581767e+06 5.866470226738322526e+05 -3.689656141385193914e+06
-5.160655386292398907e+06 5.862717307441721205e+05 -3.689656141385193914e+06
-5.160698007533101365e+06 5.858964357140174834e+05 -3.689656141385193914e+06
-5.160089670770204626e+06 5.888682842103200965e+05 -3.690033839067311026e+06
-5.160132480839115568e+06 5.884930303132942645e+05 -3.690033839067311026e+06
-5.160175263618675992e+06 5.881177733040266903e+05 -3.690033839067311026e+06
-5.160431387186609209e+06 5.858661661825567717e+05 -3.690033839067311026e+06
-5.159823040789813735e+06 5.888378564563294640e+05 -3.690411517234694678e+06
-5.159865848646660335e+06 5.884626219492650125e+05 -3.690411517234694678e+06
-5.159556383528113365e+06 5.888074255890018540e+05 -3.690789175876285415e+06
-5.159599189172670245e+06 5.884322104738827329e+05 -3.690789175876285415e+06
-5.159289698973715305e+06 5.887769916070376057e+05 -3.691166815008212347e+06
-5.159332502405755222e+06 5.884017958858485799e+05 -3.691166815008212347e+06
-5.156493842020751908e+06 6.105013877400106285e+05 -3.691544434619417414e+06
-5.158420905453830026e+06 5.939986947858565254e+05 -3.691544434619417414e+06
-5.159065788353726268e+06 5.883713781860533636e+05 -3.691544434619417414e+06
-5.167412168782024644e+06 5.098942686026810552e+05 -3.691544434619417414e+06
-5.158154197467149235e+06 5.939679830236949492e+05 -3.691922034698836505e+06
-5.167182060896432959e+06 5.094921385608397541e+05 -3.691922034698836505e+06
-5.167430872388661839e+06 5.042050477893081843e+05 -3.692299615262599662e+06
-5.167467525553377345e+06 5.038292602488637785e+05 -3.692299615262599662e+06
-5.157577495901182294e+06 5.942816212952780770e+05 -3.692677176299647894e+06
-5.167236891471671872e+06 5.034274317613543244e+05 -3.692677176299647894e+06
-5.157267479543101043e+06 5.946259292952725664e+05 -3.693054717798923142e+06
-5.166380372582898475e+06 5.094130908538869116e+05 -3.693054717798923142e+06
-5.166969604232890531e+06 5.034013908170375507e+05 -3.693054717798923142e+06
-5.155293561191551387e+06 6.092188343412362738e+05 -3.693432239776553120e+06
-5.156697317476063035e+06 5.972202827385717537e+05 -3.693432239776553120e+06
-5.166150118487504311e+06 5.090110445075928583e+05 -3.693432239776553120e+06
-5.166297965221090242e+06 5.075082509000067366e+05 -3.693432239776553120e+06
-5.166702289662189782e+06 5.033753472098589991e+05 -3.693432239776553120e+06
-5.156690575430598110e+06 5.949394066079033073e+05 -3.693809742221475579e+06
-5.166104399875531904e+06 5.067306166558159166e+05 -3.693809742221475579e+06
-5.166288310808645561e+06 5.048521346609000466e+05 -3.693809742221475579e+06
-5.156380433888693340e+06 5.952836019500122638e+05 -3.694187225122635253e+06
-5.165873882688339800e+06 5.063287211873686174e+05 -3.694187225122635253e+06
-5.165984223539804108e+06 5.052016902966336347e+05 -3.694187225122635253e+06
-5.166130962193038315e+06 5.036989450169275515e+05 -3.694187225122635253e+06
-5.155853325080133043e+06 5.975025127791464329e+05 -3.694564688496160787e+06
-5.154403351165206172e+06 6.075933938269978389e+05 -3.694942132330990862e+06
-5.154224793191358447e+06 6.068122903685056372e+05 -3.695319556616074406e+06
-5.155226093349019997e+06 5.959101410382533213e+05 -3.695696961367525626e+06
-5.165061219713220373e+06 5.035946448815907934e+05 -3.695696961367525626e+06
-5.154959098806862719e+06 5.958792782298346283e+05 -3.696074346574299503e+06
-5.164866902247067541e+06 5.028173690995070501e+05 -3.696074346574299503e+06
-5.154692077009128407e+06 5.958484122708512004e+05 -3.696451712225336116e+06
-5.153245207724971697e+06 6.059370780011522584e+05 -3.696829058336756658e+06
-5.153940976760133170e+06 5.976607361588185886e+05 -3.697206384897508193e+06
-5.164210237692474388e+06 5.012370381220200215e+05 -3.697206384897508193e+06
-5.152755196896339767e+06 6.054995642265223432e+05 -3.697583691896539181e+06
-5.163674961348259822e+06 5.011850843252143823e+05 -3.697960979349968489e+06
-5.153313225391590968e+06 5.960687963281113189e+05 -3.698338247246737592e+06
-5.153002683580690995e+06 5.964126304812791059e+05 -3.698715495575807523e+06
-5.152648680767692626e+06 5.971311323483005399e+05 -3.699092724353283178e+06
-5.152251060251438059e+06 5.982242244872912997e+05 -3.699469933568120468e+06
-5.152027297137904912e+06 5.978185296777060721e+05 -3.699847123209265526e+06
-5.151716530337740667e+06 5.981621605972851394e+05 -3.700224293292835820e+06
-5.150969105786496773e+06 6.022517956144362688e+05 -3.700601443807782605e+06
-5.150298347544464283e+06 6.010344184933227953e+05 -3.701732777911873069e+06
-5.150074643439226784e+06 6.006286911430173786e+05 -3.702109850123325828e+06
-5.149850880308808759e+06 6.002229964225800941e+05 -3.702486902765233070e+06
-5.160570160544864833e+06 4.997472890830582473e+05 -3.702486902765233070e+06
-5.160302148151524365e+06 4.997213348836489604e+05 -3.702863935826546978e+06
-5.149359573000447825e+06 5.997861780703325057e+05 -3.703240949296229053e+06
-5.148824520922154188e+06 5.997238563706028508e+05 -3.703994917497959919e+06
-5.148556954044406302e+06 5.996926907639468554e+05 -3.704371872207929846e+06
-5.159266145272664726e+06 4.992423005295637413e+05 -3.704371872207929846e+06
-5.159034284944727086e+06 4.988411784370757523e+05 -3.704748807336384431e+06
-5.158947138374364935e+06 4.969394341054758406e+05 -3.705125722872286569e+06
-5.146944303693724796e+06 5.972287215319206007e+05 -3.707010006575658452e+06
-5.146582170955326408e+06 5.956695152416668134e+05 -3.707763582837572787e+06
-5.145009018497686833e+06 5.928334190851323074e+05 -3.710400481995615643e+06
-5.155513529167345725e+06 4.932033189052597154e+05 -3.710400481995615643e+06
-5.144515949344777502e+06 5.923975214944139589e+05 -3.711153705179087818e+06
-5.154259267360082828e+06 4.949746890006485046e+05 -3.711906849865902215e+06
-5.154403031595272012e+06 4.934753548051461112e+05 -3.711906849865902215e+06
-5.153846359572754242e+06 4.964480977798301028e+05 -3.712283392755657900e+06
-5.153417037173856981e+06 4.952720336227961816e+05 -3.713036419654049445e+06
-5.153184244027427398e+06 4.948714521799632930e+05 -3.713412903640632983e+06
-5.142542222734180279e+06 5.906545547586068278e+05 -3.714165812714762054e+06
-5.152377690367452800e+06 4.947939970838379231e+05 -3.714542237780255731e+06
-5.141683038108000532e+06 5.886617187431942439e+05 -3.715671395120776724e+06
-5.151032889315485954e+06 4.946648529240398202e+05 -3.716424068438880611e+06
-5.150763847380904481e+06 4.946390162439292762e+05 -3.716800375608447008e+06
-5.140822649207592942e+06 5.866695359998602653e+05 -3.717176663130759727e+06
-5.140596706119349226e+06 5.862650512241831748e+05 -3.717552930994797498e+06
-5.139692345541518182e+06 5.846474409619199578e+05 -3.719057805810312275e+06
-5.149256780881018378e+06 4.933605594210429699e+05 -3.719057805810312275e+06
-5.149328482807518914e+06 4.926116251050221617e+05 -3.719057805810312275e+06
-5.149400075796587393e+06 4.918626804581726901e+05 -3.719057805810312275e+06
-5.149273681804655120e+06 4.903391202655974776e+05 -3.719433975353117101e+06
-5.139197340820634738e+06 5.842125677956958534e+05 -3.719810125225704629e+06
-5.148861557132516056e+06 4.918112419935577782e+05 -3.719810125225704629e+06
-5.148287154158351943e+06 4.921341884637318435e+05 -3.720562365943250712e+06
-5.148322929555958137e+06 4.917597931257916498e+05 -3.720562365943250712e+06
-5.146305739010133781e+06 5.097011294752807007e+05 -3.720938456793257035e+06
-5.146342791917080060e+06 5.093268781834786641e+05 -3.720938456793257035e+06
-5.148125040289984085e+06 4.909853055807864876e+05 -3.720938456793257035e+06
-5.146110523329747841e+06 5.089259923583420459e+05 -3.721314527956069447e+06
-5.147784193071840331e+06 4.917083338553449721e+05 -3.721314527956069447e+06
-5.138022774244891480e+06 5.825651913655109238e+05 -3.721690579447744880e+06
-5.145841201839123853e+06 5.088993577366684331e+05 -3.721690579447744880e+06
-5.145228414143452421e+06 5.095944289158489555e+05 -3.722442623373634648e+06
-5.144921944473911077e+06 5.099418976979014114e+05 -3.722818615812896751e+06
-5.145070062888694927e+06 5.084452789863130311e+05 -3.722818615812896751e+06
-5.144615424279231578e+06 5.102893218122769613e+05 -3.723194588564043865e+06
-5.144837590261173435e+06 5.080445113599997712e+05 -3.723194588564043865e+06
-5.144345974503503181e+06 5.102625953551991261e+05 -3.723570541616067756e+06
-5.159139887539810501e+06 3.285407773849925725e+05 -3.723570541616067756e+06
-5.144039378511019051e+06 5.106099526787658106e+05 -3.723946474985020701e+06
-5.144187691292460077e+06 5.091135906669468968e+05 -3.723946474985020701e+06
-5.144224701469096355e+06 5.087394934952701442e+05 -3.723946474985020701e+06
-5.144261684449398890e+06 5.083653935433412553e+05 -3.723946474985020701e+06
-5.159012489955667406e+06 3.262725546656652587e+05 -3.723946474985020701e+06
-5.143769876263242215e+06 5.105832012253148714e+05 -3.724322388659894001e+06
-5.143955189512033015e+06 5.087128400373665500e+05 -3.724322388659894001e+06
-5.143992170554753393e+06 5.083387596849722322e+05 -3.724322388659894001e+06
-5.144323775709786452e+06 5.049719160445136367e+05 -3.724322388659894001e+06
-5.136124094471580349e+06 5.800801578782083234e+05 -3.724698282629678492e+06
-5.143722629462590441e+06 5.083121231388946180e+05 -3.724698282629678492e+06
-5.144710782010833733e+06 4.982114740117857000e+05 -3.724698282629678492e+06
-5.144746999370606616e+06 4.978373387389203999e+05 -3.724698282629678492e+06
-5.144783189513715915e+06 4.974632009230339318e+05 -3.724698282629678492e+06
-5.143267903336870484e+06 5.101556625411562854e+05 -3.725074156910429243e+06
-5.144441161923294887e+06 4.981853641239946010e+05 -3.725074156910429243e+06
-5.144477377385016531e+06 4.978112484585259808e+05 -3.725074156910429243e+06
-5.143035401556429453e+06 5.097549119115645881e+05 -3.725450011491138488e+06
-5.143109488010830246e+06 5.090068822851534933e+05 -3.725450011491138488e+06
-5.143146490430266596e+06 5.086328635229016072e+05 -3.725450011491138488e+06
-5.143183465659068897e+06 5.082588419809802435e+05 -3.725450011491138488e+06
-5.143990038759198971e+06 5.000296921451891540e+05 -3.725450011491138488e+06
-5.144171514629391953e+06 4.981592516015515430e+05 -3.725450011491138488e+06
-5.135527053195894696e+06 5.781216554350380320e+05 -3.725825846360795666e+06
-5.143428613076781854e+06 5.029958894194905879e+05 -3.725825846360795666e+06
-5.143465178372480907e+06 5.026218473759376793e+05 -3.725825846360795666e+06
-5.135299817008193582e+06 5.777178956948075211e+05 -3.726201661535453517e+06
-5.143268544713678770e+06 5.018474414892099448e+05 -3.726201661535453517e+06
-5.143305026492303237e+06 5.014734110891922610e+05 -3.726201661535453517e+06
-5.143776814277251251e+06 4.966107756323814974e+05 -3.726201661535453517e+06
-5.142226475151740015e+06 5.096747347056988510e+05 -3.726577457004105207e+06
-5.143434798055924475e+06 4.973328212537686341e+05 -3.726577457004105207e+06
-5.141956778629959561e+06 5.096480035798229510e+05 -3.726953232755745761e+06
-5.142619500814703293e+06 5.029167631843427662e+05 -3.726953232755745761e+06
-5.134617756128299050e+06 5.765068149252531584e+05 -3.727328988806426059e+06
-5.142129825497629121e+06 5.051341078673883458e+05 -3.727328988806426059e+06
-5.142166546292409301e+06 5.047601602686846745e+05 -3.727328988806426059e+06
-5.142203239892851561e+06 5.043862100005603861e+05 -3.727328988806426059e+06
-5.142239906289967708e+06 5.040122571547367261e+05 -3.727328988806426059e+06
-5.142276545501162298e+06 5.036383015537000028e+05 -3.727328988806426059e+06
-5.141749731603552587e+06 5.062293745777903823e+05 -3.727704725145136472e+06
-5.141786532049384899e+06 5.058554546174030402e+05 -3.727704725145136472e+06
-5.141933461898707785e+06 5.043597481332128518e+05 -3.727704725145136472e+06
-5.141970126372176223e+06 5.039858149062654120e+05 -3.727704725145136472e+06
-5.142116512357580476e+06 5.024900550957541564e+05 -3.727704725145136472e+06
-5.141258573994024657e+06 5.084461575162100489e+05 -3.728080441760872491e+06
-5.141295535650173202e+06 5.080722732679508626e+05 -3.728080441760872491e+06
-5.141700319267569110e+06 5.039593699931015726e+05 -3.728080441760872491e+06
-5.141810143782082945e+06 5.028376130121315946e+05 -3.728080441760872491e+06
-5.141846697571875528e+06 5.024636886674149428e+05 -3.728080441760872491e+06
-5.141883224169023335e+06 5.020897616654156591e+05 -3.728080441760872491e+06
-5.140988762873681262e+06 5.084194744724729098e+05 -3.728456138669687323e+06
-5.141467118408566341e+06 5.035590256760727498e+05 -3.728456138669687323e+06
-5.141503724661879241e+06 5.031851262749572634e+05 -3.728456138669687323e+06
-5.141613380267297849e+06 5.020634122026998084e+05 -3.728456138669687323e+06
-5.141649877747378312e+06 5.016895022588160937e+05 -3.728456138669687323e+06
-5.133707519738509320e+06 5.748925036963260500e+05 -3.728831815860571805e+06
-5.141380004738581367e+06 5.016631697665858665e+05 -3.728831815860571805e+06
-5.141416473121581599e+06 5.012892767055688892e+05 -3.728831815860571805e+06
-5.141452914314211346e+06 5.009153809934870224e+05 -3.728831815860571805e+06
-5.141489328307543881e+06 5.005414827220505103e+05 -3.728831815860571805e+06
-5.141525715118864551e+06 5.001675817137646372e+05 -3.728831815860571805e+06
-5.141562074739238247e+06 4.997936780603459338e+05 -3.728831815860571805e+06
-5.141598407159755938e+06 4.994197718535066815e+05 -3.728831815860571805e+06
-5.140300963898350485e+06 5.098613747491484974e+05 -3.729207473322527949e+06
-5.140412076063849963e+06 5.087399229197012610e+05 -3.729207473322527949e+06
-5.141146571014655754e+06 5.012629611886934726e+05 -3.729207473322527949e+06
-5.141183010294280946e+06 5.008890851045178133e+05 -3.729207473322527949e+06
-5.133210287136299536e+06 5.744588459129210096e+05 -3.729583111071592662e+06
-5.140068141614800319e+06 5.094608102357903263e+05 -3.729583111071592662e+06
-5.140105177061731927e+06 5.090870125555405393e+05 -3.729583111071592662e+06
-5.141492379231016152e+06 4.948807249417994753e+05 -3.729583111071592662e+06
-5.141636116673308425e+06 4.933851044875147636e+05 -3.729583111071592662e+06
-5.141437822105146013e+06 4.926114093902894529e+05 -3.729958729096773081e+06
-5.141666635813123547e+06 4.873510152691489202e+05 -3.730334327387061436e+06
-5.140412260813930072e+06 4.947767610056804260e+05 -3.731085464800095651e+06
-5.140663463042074814e+06 4.921599476813535439e+05 -3.731085464800095651e+06
-5.140070150302537717e+06 4.954983615877738921e+05 -3.731461003900842741e+06
-5.131842643961988389e+06 5.720386710272947093e+05 -3.731836523276784457e+06
-5.131199528798505664e+06 5.704558814941196470e+05 -3.732962962972813286e+06
-5.130202983485558070e+06 5.695897237927505048e+05 -3.734464606176577043e+06
-5.129517226757147349e+06 5.683807319053871324e+05 -3.735590631212198641e+06
-5.128872174927796237e+06 5.667990587103104917e+05 -3.736716478446889203e+06
-5.135492264999323525e+06 4.976957255031392560e+05 -3.737466944462253712e+06
-5.128185275541174226e+06 5.655907156684016809e+05 -3.737842147827057634e+06
-5.135221722602355294e+06 4.976695064402743010e+05 -3.737842147827057634e+06
-5.134951153054273687e+06 4.976432847461148049e+05 -3.738217331415292807e+06
-5.127415708618610166e+06 5.651284307880920824e+05 -3.738967639299130533e+06
-5.126498554259645753e+06 5.635180399577729404e+05 -3.740468017750707921e+06
-5.126269119295044802e+06 5.631155255980739603e+05 -3.740843062919427641e+06
-5.133092568609624170e+06 4.970863714609796298e+05 -3.740843062919427641e+06
-5.135143552492878400e+06 4.754312504436495365e+05 -3.740843062919427641e+06
-5.135178113244921900e+06 4.750578110692650080e+05 -3.740843062919427641e+06
-5.135212646847884171e+06 4.746843690929139848e+05 -3.740843062919427641e+06
-5.135247153293287382e+06 4.743109246061934391e+05 -3.740843062919427641e+06
-5.126039625789530575e+06 5.627130446125935996e+05 -3.741218088304710574e+06
-5.132821779938031919e+06 4.970601484080353403e+05 -3.741218088304710574e+06
-5.125810073744633235e+06 5.623105971000287682e+05 -3.741593093895573635e+06
-5.125580463171862997e+06 5.619081828885368304e+05 -3.741968079708032310e+06
-5.132316251019357704e+06 4.966344631303673959e+05 -3.741968079708032310e+06
-5.131810578756665811e+06 4.962088435995447217e+05 -3.742717991953811608e+06
-5.131304763178360648e+06 4.957832896634013741e+05 -3.743467825035176706e+06
-5.124160869711717591e+06 5.598670404967757640e+05 -3.744217578918275889e+06
-5.130798804306357168e+06 4.953578014403594425e+05 -3.744217578918275889e+06
-5.130292702143104747e+06 4.949323790469244123e+05 -3.744967253596238326e+06
-5.124486064002245665e+06 5.467072950841583079e+05 -3.745716849062210880e+06
-5.124525808121872135e+06 5.463346305556093575e+05 -3.745716849062210880e+06
-5.124254933323667385e+06 5.463057521211267449e+05 -3.746091617073376663e+06
-5.124294648252409883e+06 5.459331043125013821e+05 -3.746091617073376663e+06
-5.129551249952446669e+06 4.941078532100727316e+05 -3.746091617073376663e+06
-5.123984031419359148e+06 5.462768707968152594e+05 -3.746466365282339044e+06
-5.124023744248507544e+06 5.459042426888101036e+05 -3.746466365282339044e+06
-5.123752813146218657e+06 5.458753781781055732e+05 -3.746841093678129371e+06
-5.122359772082915530e+06 5.562778952253005700e+05 -3.747215802249767818e+06
-5.123521536487295292e+06 5.454739191936681746e+05 -3.747215802249767818e+06
-5.128845281331333332e+06 4.929105512513862923e+05 -3.747215802249767818e+06
-5.123217029645565897e+06 5.431808417952866293e+05 -3.747965159957629628e+06
-5.122945975506213494e+06 5.431521037163152359e+05 -3.748339809071907308e+06
-5.128210252950457856e+06 4.909676947219411377e+05 -3.748339809071907308e+06
-5.122674894267671742e+06 5.431233627641958883e+05 -3.748714438372094650e+06
-5.127810090892427601e+06 4.894241341146442574e+05 -3.749089047847212758e+06
-5.127845669254914857e+06 4.890512280075504095e+05 -3.749089047847212758e+06
-5.119891400062219240e+06 5.537496215055204229e+05 -3.750961797759532463e+06
-5.126877749846890569e+06 4.848207193112436798e+05 -3.750961797759532463e+06
-5.120973640658382326e+06 5.410600929617390502e+05 -3.751336288242666516e+06
-5.132149349807980470e+06 4.119838548070053221e+05 -3.752459640641572420e+06
-5.125519580414920114e+06 4.846922846745929564e+05 -3.752834051748115569e+06
-5.125554814673718065e+06 4.843195451506069512e+05 -3.752834051748115569e+06
-5.131877324702603742e+06 4.119620179616840323e+05 -3.752834051748115569e+06
-5.119577477915108204e+06 5.412890456048615742e+05 -3.753208443016795442e+06
-5.119616828030997887e+06 5.409167379636825062e+05 -3.753208443016795442e+06
-5.119306036242408678e+06 5.412603462825861061e+05 -3.753582814436641987e+06
-5.119345384271942079e+06 5.408880583812799305e+05 -3.753582814436641987e+06
-5.118042121157715097e+06 5.505374119144985452e+05 -3.753957165996692609e+06
-5.119073913445758633e+06 5.408593759390807245e+05 -3.753957165996692609e+06
-5.118337936677398160e+06 5.400288851171276765e+05 -3.755080101570154075e+06
-5.129822656671678647e+06 4.170538836766977911e+05 -3.755080101570154075e+06
-5.123792839739943855e+06 4.826493368543357938e+05 -3.755454373716147617e+06
-5.129580777843048796e+06 4.166587218808176112e+05 -3.755454373716147617e+06
-5.129308556434491649e+06 4.166366102445903816e+05 -3.755828626001433004e+06
-5.129789862866232172e+06 4.106681080179407145e+05 -3.755828626001433004e+06
-5.129819713924567215e+06 4.102950581460374524e+05 -3.755828626001433004e+06
-5.116572933520375751e+06 5.488738492598437006e+05 -3.756202858415048569e+06
-5.117525623819177039e+06 5.373092213932407321e+05 -3.756577070972978603e+06
-5.117564684519484639e+06 5.369370629776398418e+05 -3.756577070972978603e+06
-5.129924925950393081e+06 4.020447287963426788e+05 -3.756577070972978603e+06
-5.117292976346088573e+06 5.369085552405414637e+05 -3.756951263664262369e+06
-5.117332007900380529e+06 5.365364138339144411e+05 -3.756951263664262369e+06
-5.122810173665658571e+06 4.814292544487871346e+05 -3.756951263664262369e+06
-5.117021241116425022e+06 5.368800446646879427e+05 -3.757325436477943324e+06
-5.117060270598088391e+06 5.365079230192766991e+05 -3.757325436477943324e+06
-5.118788585734569468e+06 5.197595395462464076e+05 -3.757325436477943324e+06
-5.118864127559644170e+06 5.190150363706939970e+05 -3.757325436477943324e+06
-5.129204275238092057e+06 4.042401109181473730e+05 -3.757325436477943324e+06
-5.129233658847958781e+06 4.038671035588494851e+05 -3.757325436477943324e+06
-5.116671342802960426e+06 5.375957266725376248e+05 -3.757699589429997839e+06
-5.116710424340780824e+06 5.372236303812527331e+05 -3.757699589429997839e+06
-5.116749478818889707e+06 5.368515312488619238e+05 -3.757699589429997839e+06
-5.116788506227717735e+06 5.364794293666348094e+05 -3.757699589429997839e+06
-5.116827506585790776e+06 5.361073245579339564e+05 -3.757699589429997839e+06
-5.118516729574293830e+06 5.197319353914115345e+05 -3.757699589429997839e+06
-5.118592267387382686e+06 5.189874717560298741e+05 -3.757699589429997839e+06
-5.122301083431067877e+06 4.810056197993231472e+05 -3.757699589429997839e+06
-5.116516714797225781e+06 5.364509328768230043e+05 -3.758073722509469837e+06
-5.116555713083694689e+06 5.360788478334296960e+05 -3.758073722509469837e+06
-5.116594684311269782e+06 5.357067599549846491e+05 -3.758073722509469837e+06
-5.116633628470402211e+06 5.353346693327593384e+05 -3.758073722509469837e+06
-5.118358106434523128e+06 5.185876883226372302e+05 -3.758073722509469837e+06
-5.127492436173446476e+06 4.187412245861453121e+05 -3.758073722509469837e+06
-5.116283892529234290e+06 5.360503682745577535e+05 -3.758447835705402307e+06
-5.116322861686435528e+06 5.356783001635380788e+05 -3.758447835705402307e+06
-5.116361803776632994e+06 5.353062293088838924e+05 -3.758447835705402307e+06
-5.116400718818312511e+06 5.349341555339680053e+05 -3.758447835705402307e+06
-5.118086190126670524e+06 5.185601379936892190e+05 -3.758447835705402307e+06
-5.121826785682443529e+06 4.802095831480560009e+05 -3.758447835705402307e+06
-5.116012044910798781e+06 5.360218858801014721e+05 -3.758821929033773020e+06
-5.116089952018477023e+06 5.352777864533606917e+05 -3.758821929033773020e+06
-5.116128864992451854e+06 5.349057324481393443e+05 -3.758821929033773020e+06
-5.116167750909790397e+06 5.345336756140678190e+05 -3.758821929033773020e+06
-5.117663195214370266e+06 5.200212747215936542e+05 -3.758821929033773020e+06
-5.117814246745310724e+06 5.185325849216763163e+05 -3.758821929033773020e+06
-5.121589549979941919e+06 4.798116165237003588e+05 -3.758821929033773020e+06
-5.115779135252183303e+06 5.356213720806300407e+05 -3.759196002483627759e+06
-5.115818073203891516e+06 5.352493407670221059e+05 -3.759196002483627759e+06
-5.115856984109956771e+06 5.348773065334629500e+05 -3.759196002483627759e+06
-5.115895867960823700e+06 5.345052694712039083e+05 -3.759196002483627759e+06
-5.115934724746963941e+06 5.341332296715065604e+05 -3.759196002483627759e+06
-5.116321804581552744e+06 5.304126760122418636e+05 -3.759196002483627759e+06
-5.116360363754071295e+06 5.300406051590895513e+05 -3.759196002483627759e+06
-5.116398895859485492e+06 5.296685315921136644e+05 -3.759196002483627759e+06
-5.116437400916086510e+06 5.292964551346926019e+05 -3.759196002483627759e+06
-5.116475878914419562e+06 5.289243758780885255e+05 -3.759196002483627759e+06
-5.117466808673926629e+06 5.192493399435463361e+05 -3.759196002483627759e+06
-5.115585076178795658e+06 5.348488777907720068e+05 -3.759570056044007652e+06
-5.115623957962984219e+06 5.344768605022925185e+05 -3.759570056044007652e+06
-5.115662812683885917e+06 5.341048404765201267e+05 -3.759570056044007652e+06
-5.115701640359944664e+06 5.337328175368517404e+05 -3.759570056044007652e+06
-5.116049871945171617e+06 5.303844845647787442e+05 -3.759570056044007652e+06
-5.116088429068269208e+06 5.300124334872019244e+05 -3.759570056044007652e+06
-5.116280808814917691e+06 5.281521362727127271e+05 -3.759570056044007652e+06
-5.121080056384654716e+06 4.793882036477288348e+05 -3.759570056044007652e+06
-5.115352020904659294e+06 5.344484487061201362e+05 -3.759944089730889071e+06
-5.115468497731281444e+06 5.333324393065001350e+05 -3.759944089730889071e+06
-5.115507269227949902e+06 5.329604305891391123e+05 -3.759944089730889071e+06
-5.115739330117798410e+06 5.307283188069523312e+05 -3.759944089730889071e+06
-5.115777912246051244e+06 5.303562903117024107e+05 -3.759944089730889071e+06
-5.117073605586230755e+06 5.177056664848190849e+05 -3.759944089730889071e+06
-5.117111240667848848e+06 5.173335410820607212e+05 -3.759944089730889071e+06
-5.125793637112374417e+06 4.227304482007985935e+05 -3.759944089730889071e+06
-5.115080056793809868e+06 5.344200340835187817e+05 -3.760318103533317801e+06
-5.115274039255859330e+06 5.325601032321493840e+05 -3.760318103533317801e+06
-5.115312754596474580e+06 5.321881085689694155e+05 -3.760318103533317801e+06
-5.115351442875488661e+06 5.318161111805927940e+05 -3.760318103533317801e+06
-5.115390104111266322e+06 5.314441108904272551e+05 -3.760318103533317801e+06
-5.115428738294315524e+06 5.310721077897232026e+05 -3.760318103533317801e+06
-5.116839183025872335e+06 5.173060363950053579e+05 -3.760318103533317801e+06
-5.116876789055217057e+06 5.169339279516850365e+05 -3.760318103533317801e+06
-5.120570419964680448e+06 4.789648571892632754e+05 -3.760318103533317801e+06
-5.114808065638403408e+06 5.343916166353207082e+05 -3.760692097440340556e+06
-5.116642279330222867e+06 5.165343489257986075e+05 -3.760692097440340556e+06
-5.116679829232377931e+06 5.161622548930629855e+05 -3.760692097440340556e+06
-5.120332952781286091e+06 4.785670286510046571e+05 -3.760692097440340556e+06
-5.114574893884710036e+06 5.339912554499142570e+05 -3.761066071467932779e+06
-5.115231145206359215e+06 5.276678284333868651e+05 -3.761066071467932779e+06
-5.116632430715595372e+06 5.139023010282993200e+05 -3.761066071467932779e+06
-5.120095427723705769e+06 4.781692347439076984e+05 -3.761066071467932779e+06
-5.113284102554603480e+06 5.436318794349733507e+05 -3.761440025605136063e+06
-5.114380454219412059e+06 5.332190012312750332e+05 -3.761440025605136063e+06
-5.114419217469508760e+06 5.328470716389582958e+05 -3.761440025605136063e+06
-5.115985220673141070e+06 5.175955521733485512e+05 -3.761440025605136063e+06
-5.123420473375596106e+06 4.379184704615942901e+05 -3.761440025605136063e+06
-5.114263258216937073e+06 5.317029783607230056e+05 -3.761813959840998985e+06
-5.116125444657722488e+06 5.134755749509456218e+05 -3.761813959840998985e+06
-5.114529796541075222e+06 5.264678143818138633e+05 -3.762187874191499315e+06
-5.115853231788251549e+06 5.134482545380330412e+05 -3.762187874191499315e+06
-5.122330082749913447e+06 4.442048205971185816e+05 -3.762187874191499315e+06
-5.124555341324324720e+06 4.177510658164572087e+05 -3.762187874191499315e+06
-5.112546962264269590e+06 5.428015252081484068e+05 -3.762561768645678647e+06
-5.113757652492772788e+06 5.312745135026806965e+05 -3.762561768645678647e+06
-5.114295897295944393e+06 5.260678777760287048e+05 -3.762561768645678647e+06
-5.122057498159904964e+06 4.441811822553978418e+05 -3.762561768645678647e+06
-5.124221827924122103e+06 4.184741274581609177e+05 -3.762561768645678647e+06
-5.114061939900574274e+06 5.256679751051483909e+05 -3.762935643192590214e+06
-5.121784886488452554e+06 4.441575415651936200e+05 -3.762935643192590214e+06
-5.113251903329914436e+06 5.308461137641979149e+05 -3.763309497848197818e+06
-5.113827924337661825e+06 5.252681064655516529e+05 -3.763309497848197818e+06
-5.113018265892745927e+06 5.304460241573742824e+05 -3.763683332601557951e+06
-5.113632006588784046e+06 5.244963994995520916e+05 -3.763683332601557951e+06
-5.121784710496509448e+06 4.377786555114511284e+05 -3.763683332601557951e+06
-5.112823102797304280e+06 5.296741548301774310e+05 -3.764057147441718262e+06
-5.114715249227374792e+06 5.110799449341258733e+05 -3.764057147441718262e+06
-5.124267375856465660e+06 4.042259906611760380e+05 -3.764057147441718262e+06
-5.111343800733134151e+06 5.411702419054633938e+05 -3.764430942384643946e+06
-5.112589319898891263e+06 5.292741502027600072e+05 -3.764430942384643946e+06
-5.113163626554944552e+06 5.236968666056239745e+05 -3.764430942384643946e+06
-5.114442862146502361e+06 5.110527270798544632e+05 -3.764430942384643946e+06
-5.117920572702994570e+06 4.749628317252936540e+05 -3.764430942384643946e+06
-5.112432346388512291e+06 5.281306119675019290e+05 -3.764804717419388704e+06
-5.112470739614921622e+06 5.277588239697879180e+05 -3.764804717419388704e+06
-5.117682498232888058e+06 4.745653663906639558e+05 -3.764804717419388704e+06
-5.123721557188576087e+06 4.041829339516864857e+05 -3.764804717419388704e+06
-5.110838612894390710e+06 5.407409203183205100e+05 -3.765178472535005771e+06
-5.112198388993158005e+06 5.277307092966347700e+05 -3.765178472535005771e+06
-5.112236753138440661e+06 5.273589383138391422e+05 -3.765178472535005771e+06
-5.114157470149590634e+06 5.083949650341776432e+05 -3.765178472535005771e+06
-5.120277589960767888e+06 4.425262384362266166e+05 -3.765178472535005771e+06
-5.111926011329010129e+06 5.277025918319043703e+05 -3.765552207747459877e+06
-5.117240615930560045e+06 4.733984045165997813e+05 -3.765552207747459877e+06
-5.120069087083302438e+06 4.417579815036604996e+05 -3.765552207747459877e+06
-5.120325224963064305e+06 4.387791714919684455e+05 -3.765552207747459877e+06
-5.111653606630460359e+06 5.276744715764208231e+05 -3.765925923045798205e+06
-5.112302050896069966e+06 5.213546609895090805e+05 -3.765925923045798205e+06
-5.113315872959124856e+06 5.113156808429755620e+05 -3.765925923045798205e+06
-5.110100197129167616e+06 5.399112515929765068e+05 -3.766299618419085629e+06
-5.111381174905482680e+06 5.276463485310070682e+05 -3.766299618419085629e+06
-5.113006157183638774e+06 5.116602592526107328e+05 -3.766299618419085629e+06
-5.109867054500536062e+06 5.395108733626587782e+05 -3.766673293883274309e+06
-5.111108716142443940e+06 5.276182226944625145e+05 -3.766673293883274309e+06
-5.112621869126856327e+06 5.127483988003682462e+05 -3.766673293883274309e+06
-5.112659143717624247e+06 5.123765971500747837e+05 -3.766673293883274309e+06
-5.112696391279056668e+06 5.120047927008498227e+05 -3.766673293883274309e+06
-5.110874584272378124e+06 5.272184221441664267e+05 -3.767046949427423999e+06
-5.110912911157391034e+06 5.268467475217306055e+05 -3.767046949427423999e+06
-5.110951211022553034e+06 5.264750700238683494e+05 -3.767046949427423999e+06
-5.112199941858250648e+06 5.142081633677533828e+05 -3.767046949427423999e+06
-5.112423820843063295e+06 5.119774964644029969e+05 -3.767046949427423999e+06
-5.112461039381694049e+06 5.116057091293970589e+05 -3.767046949427423999e+06
-5.116321459575919434e+06 4.714371677036844776e+05 -3.767046949427423999e+06
-5.121400463283495978e+06 4.126203769679080578e+05 -3.767046949427423999e+06
-5.110755206629659049e+06 5.257036744405003265e+05 -3.767420585040589795e+06
-5.111363430884385481e+06 5.197566861813493888e+05 -3.767420585040589795e+06
-5.116117164270162582e+06 4.706679263266648632e+05 -3.767420585040589795e+06
-5.121780942810646258e+06 4.044046355744466418e+05 -3.767420585040589795e+06
-5.109128116733681411e+06 5.386814900114225456e+05 -3.767794200738731306e+06
-5.110559058943654411e+06 5.249323441440175520e+05 -3.767794200738731306e+06
-5.111128630632862449e+06 5.193572778007716406e+05 -3.767794200738731306e+06
-5.111766792964525521e+06 5.130381225842308486e+05 -3.767794200738731306e+06
-5.120884273843155243e+06 4.122039723067275481e+05 -3.767794200738731306e+06
-5.110324636383206584e+06 5.245327140541240806e+05 -3.768167796510906424e+06
-5.110969197598525323e+06 5.182145487510181847e+05 -3.768167796510906424e+06
-5.108700467997562140e+06 5.375094912620113464e+05 -3.768541372346169315e+06
-5.110090155717091635e+06 5.241331179753099568e+05 -3.768541372346169315e+06
-5.110809482215852477e+06 5.170719112539260532e+05 -3.768541372346169315e+06
-5.110847071226060390e+06 5.167002413926767185e+05 -3.768541372346169315e+06
-5.110997157004985958e+06 5.152135343740523676e+05 -3.768541372346169315e+06
-5.111888589309167117e+06 5.062923813430182636e+05 -3.768541372346169315e+06
-5.115605481602048501e+06 4.672445628558160970e+05 -3.768541372346169315e+06
-5.109893690389149822e+06 5.233619554920555092e+05 -3.768914928260479122e+06
-5.115535924132889137e+06 4.649876046102466062e+05 -3.768914928260479122e+06
-5.108194381822327152e+06 5.370806558090355247e+05 -3.769288464242894202e+06
-5.107960802584781311e+06 5.366805322258805390e+05 -3.769661980282474309e+06
-5.120434351583179086e+06 4.005516265598752652e+05 -3.769661980282474309e+06
-5.107688152233400382e+06 5.366518855425276561e+05 -3.770035476395175327e+06
-5.110130514048209414e+06 5.128738988437412772e+05 -3.770035476395175327e+06
-5.119701572856823914e+06 3.993705427303061588e+05 -3.770782408796172123e+06
-5.106909045794312842e+06 5.361945449476847425e+05 -3.771155845089482144e+06
-5.108295297135477886e+06 5.228228660942344577e+05 -3.771155845089482144e+06
-5.110235847005047835e+06 5.035019166120800073e+05 -3.771155845089482144e+06
-5.106675262905173004e+06 5.357945402310685022e+05 -3.771529261439046822e+06
-5.108060467838795856e+06 5.224234747898854548e+05 -3.771529261439046822e+06
-5.109150867160802707e+06 5.116497304788334877e+05 -3.771529261439046822e+06
-5.110036082269013859e+06 5.027318052578184870e+05 -3.771529261439046822e+06
-5.107825580452923663e+06 5.220241177341172588e+05 -3.771902657833931502e+06
-5.108877945362357423e+06 5.116223990556191420e+05 -3.771902657833931502e+06
-5.106168603188717738e+06 5.353659654203807004e+05 -3.772276034290079959e+06
-5.105895757536098361e+06 5.353373583986435551e+05 -3.772649390796557534e+06
-5.107317713349762373e+06 5.215969219868168002e+05 -3.772649390796557534e+06
-5.109180526591191068e+06 5.030227836030169856e+05 -3.772649390796557534e+06
-5.117807271780976094e+06 4.059634257271568640e+05 -3.772649390796557534e+06
-5.105622884887513705e+06 5.353087485464629717e+05 -3.773022727342430502e+06
-5.105349985231311060e+06 5.352801358626172878e+05 -3.773396043943644501e+06
-5.108304116559952497e+06 5.063125006229709834e+05 -3.773396043943644501e+06
-5.108451180775143206e+06 5.048265337593649747e+05 -3.773396043943644501e+06
-5.117407484654681757e+06 4.040593168715361389e+05 -3.773396043943644501e+06
-5.105038120493669063e+06 5.356227705530481180e+05 -3.773769340589265805e+06
-5.111645920169292949e+06 4.683822699943774496e+05 -3.773769340589265805e+06
-5.111679968375395983e+06 4.680105393451837008e+05 -3.773769340589265805e+06
-5.111713989548391663e+06 4.676388062209195923e+05 -3.773769340589265805e+06
-5.117542615599977784e+06 3.988277091008162824e+05 -3.773769340589265805e+06
-5.104726205922325142e+06 5.359653599707528483e+05 -3.774142617268363014e+06
-5.111338541894923896e+06 4.687289351620931411e+05 -3.774142617268363014e+06
-5.104414241520120762e+06 5.363079040180074517e+05 -3.774515873996874318e+06
-5.106104169871538877e+06 5.199722332645233837e+05 -3.774515873996874318e+06
-5.104102227309567854e+06 5.366504025991723174e+05 -3.774889110763871111e+06
-5.105831078093668446e+06 5.199444233850337914e+05 -3.774889110763871111e+06
-5.105557959320182912e+06 5.199166107564873528e+05 -3.775262327558420599e+06
-5.105284813539413735e+06 5.198887953776959912e+05 -3.775635524396464229e+06
-5.110245059402653947e+06 4.686286587119972100e+05 -3.775635524396464229e+06
-5.110279125522184186e+06 4.682570300248202984e+05 -3.775635524396464229e+06
-5.110039722787917592e+06 4.678603632334545837e+05 -3.776008701267071534e+06
-5.110175601656246930e+06 4.663738931292934576e+05 -3.776008701267071534e+06
-5.110209503804806620e+06 4.660022694991877070e+05 -3.776008701267071534e+06
-5.110243378936174326e+06 4.656306433154435945e+05 -3.776008701267071534e+06
-5.110277227042032406e+06 4.652590146692083799e+05 -3.776008701267071534e+06
-5.110311048114086501e+06 4.648873836516475421e+05 -3.776008701267071534e+06
-5.103009960174354725e+06 5.365355605423807865e+05 -3.776381858159314375e+06
-5.103048964641479775e+06 5.361644578268200858e+05 -3.776381858159314375e+06
-5.104776230817667209e+06 5.194619280025897315e+05 -3.776381858159314375e+06
-5.109800262369900011e+06 4.674637312666064245e+05 -3.776381858159314375e+06
-5.102931567978628911e+06 5.346514000697002048e+05 -3.776754995089127682e+06
-5.102970435435291380e+06 5.342803029708991526e+05 -3.776754995089127682e+06
-5.104503002020715736e+06 5.194341242456309847e+05 -3.776754995089127682e+06
-5.104653883322335780e+06 5.179492625262814690e+05 -3.776754995089127682e+06
-5.105103935556439683e+06 5.134944149993016035e+05 -3.776754995089127682e+06
-5.105141264427863993e+06 5.131231599774063798e+05 -3.776754995089127682e+06
-5.109526764665941708e+06 4.674387106688098283e+05 -3.776754995089127682e+06
-5.109865344567846507e+06 4.637228347341174376e+05 -3.776754995089127682e+06
-5.102658396309008822e+06 5.346227789499229984e+05 -3.777128112045582850e+06
-5.104229746228614822e+06 5.194063177416464314e+05 -3.777128112045582850e+06
-5.104380619453212246e+06 5.179215355103617185e+05 -3.777128112045582850e+06
-5.104793293724974617e+06 5.138381588939146022e+05 -3.777128112045582850e+06
-5.104830647594983689e+06 5.134669264616213623e+05 -3.777128112045582850e+06
-5.101995080654058605e+06 5.383045725713166175e+05 -3.777501209017754067e+06
-5.102034213779419661e+06 5.379335435661411611e+05 -3.777501209017754067e+06
-5.103956463449370116e+06 5.193785084914506297e+05 -3.777501209017754067e+06
-5.104445196056461893e+06 5.145530646352376207e+05 -3.777501209017754067e+06
-5.104482601916807704e+06 5.141818575154350256e+05 -3.777501209017754067e+06
-5.104519980773140676e+06 5.138106477654728806e+05 -3.777501209017754067e+06
-5.109553604696866125e+06 4.610722032379158190e+05 -3.777501209017754067e+06
-5.109587121305404231e+06 4.607006247655409970e+05 -3.777501209017754067e+06
-5.101721875905321911e+06 5.382757471092829946e+05 -3.777874286021576263e+06
-5.101761006935157813e+06 5.379047379721952602e+05 -3.777874286021576263e+06
-5.103683153671309352e+06 5.193506964938558522e+05 -3.777874286021576263e+06
-5.104096971421808004e+06 5.152678772635672940e+05 -3.777874286021576263e+06
-5.104134429256733507e+06 5.148966955545698875e+05 -3.777874286021576263e+06
-5.101448644176141359e+06 5.382469188005792676e+05 -3.778247343046123162e+06
-5.101487773110246286e+06 5.378759295335414354e+05 -3.778247343046123162e+06
-5.101877578532896005e+06 5.341658810034777271e+05 -3.778247343046123162e+06
-5.101916410675082356e+06 5.337948606432888191e+05 -3.778247343046123162e+06
-5.101955215845119208e+06 5.334238373710832093e+05 -3.778247343046123162e+06
-5.103372037188131362e+06 5.196940107516829739e+05 -3.778247343046123162e+06
-5.103786129660839215e+06 5.156114403759263805e+05 -3.778247343046123162e+06
-5.103823612490190193e+06 5.152402811819853378e+05 -3.778247343046123162e+06
-5.103861068318994716e+06 5.148691193522801623e+05 -3.778247343046123162e+06
-5.101759455241713673e+06 5.326532493962151930e+05 -3.778620380080464296e+06
-5.103060870772697963e+06 5.200372798455583397e+05 -3.778620380080464296e+06
-5.103512745751997456e+06 5.155838216890471522e+05 -3.778620380080464296e+06
-5.103550226573583670e+06 5.152126823762195418e+05 -3.778620380080464296e+06
-5.108833147761857137e+06 4.598835630572632654e+05 -3.778620380080464296e+06
-5.102673914182803594e+06 5.211226629945712630e+05 -3.778993397140540183e+06
-5.101251512311233208e+06 5.322252027267229278e+05 -3.779366394215418957e+06
-5.103003373758357950e+06 5.151574765894066077e+05 -3.779366394215418957e+06
-5.103040823567612097e+06 5.147863744093546411e+05 -3.779366394215418957e+06
-5.107201815116794780e+06 4.717205506895544822e+05 -3.779366394215418957e+06
-5.102804775503461249e+06 5.143877022127966629e+05 -3.779739371294179000e+06
-5.102842169342649169e+06 5.140166143881898024e+05 -3.779739371294179000e+06
-5.102879536186503246e+06 5.136455239342686255e+05 -3.779739371294179000e+06
-5.102916876052761450e+06 5.132744306748713716e+05 -3.779739371294179000e+06
-5.106962412380887195e+06 4.713238839879490552e+05 -3.779739371294179000e+06
-5.107371775422607549e+06 4.668670396432021516e+05 -3.779739371294179000e+06
-5.107405713449344039e+06 4.664956198226191918e+05 -3.779739371294179000e+06
-5.107439624465576373e+06 4.661241975349751883e+05 -3.779739371294179000e+06
-5.101701830526563339e+06 5.225229345541319344e+05 -3.780112328392750118e+06
-5.102792453752386384e+06 5.117625999043384218e+05 -3.780112328392750118e+06
-5.102829656679838896e+06 5.113915130717942957e+05 -3.780112328392750118e+06
-5.102866832629920915e+06 5.110204234456998529e+05 -3.780112328392750118e+06
-5.102903981593503617e+06 5.106493311170749948e+05 -3.780112328392750118e+06
-5.102941103561484255e+06 5.102782361769425333e+05 -3.780112328392750118e+06
-5.106859723086773418e+06 4.694417465961268754e+05 -3.780112328392750118e+06
-5.100081935386343859e+06 5.354777396696421783e+05 -3.780485265500208829e+06
-5.102704649721534923e+06 5.098798045089091174e+05 -3.780485265500208829e+06
-5.102741715737390332e+06 5.095087239775729831e+05 -3.780485265500208829e+06
-5.102778754758520983e+06 5.091376408407606650e+05 -3.780485265500208829e+06
-5.102815766802510247e+06 5.087665549223184935e+05 -3.780485265500208829e+06
-5.102852751860271208e+06 5.083954663132632268e+05 -3.780485265500208829e+06
-5.102889709922739305e+06 5.080243751046234975e+05 -3.780485265500208829e+06
-5.102926641007459722e+06 5.076532811202371377e+05 -3.780485265500208829e+06
-5.102963545105365105e+06 5.072821844511253294e+05 -3.780485265500208829e+06
-5.103000422207411379e+06 5.069110851883185096e+05 -3.780485265500208829e+06
-5.102542185036068782e+06 5.087392779718732345e+05 -3.780858182605635840e+06
-5.102837294018040411e+06 5.057706533624125295e+05 -3.780858182605635840e+06
-5.103313162442144938e+06 5.009462736349698971e+05 -3.780858182605635840e+06
-5.103349578791640699e+06 5.005751488749611308e+05 -3.780858182605635840e+06
-5.103385968143354170e+06 5.002040215567298001e+05 -3.780858182605635840e+06
-5.106243858054893091e+06 4.701340926806722418e+05 -3.780858182605635840e+06
-5.099612857806781307e+06 5.346786158187129768e+05 -3.781231079724953510e+06
-5.099651727251404896e+06 5.343077600632732501e+05 -3.781231079724953510e+06
-5.099690569726530463e+06 5.339369014821482124e+05 -3.781231079724953510e+06
-5.102893584892435931e+06 5.024038047086134320e+05 -3.781231079724953510e+06
-5.102930107237700373e+06 5.020327104572934913e+05 -3.781231079724953510e+06
-5.102966602596130222e+06 5.016616135509747546e+05 -3.781231079724953510e+06
-5.103148674561573192e+06 4.998060894412130583e+05 -3.781231079724953510e+06
-5.103185007994963787e+06 4.994349766461141990e+05 -3.781231079724953510e+06
-5.099339364492408931e+06 5.346499408916465472e+05 -3.781603956847241614e+06
-5.102546793912243098e+06 5.031190013239232940e+05 -3.781603956847241614e+06
-5.102947627594797872e+06 4.990370963985628914e+05 -3.781603956847241614e+06
-5.106776325207382441e+06 4.582009142926988425e+05 -3.781603956847241614e+06
-5.099065844216760248e+06 5.346212631377738435e+05 -3.781976813961580861e+06
-5.099104709492024034e+06 5.342504471624398138e+05 -3.781976813961580861e+06
-5.099143547800685279e+06 5.338796283617235022e+05 -3.781976813961580861e+06
-5.102746437922706828e+06 4.982681696879083756e+05 -3.781976813961580861e+06
-5.098831160158429295e+06 5.342217864735305775e+05 -3.782349651083895937e+06
-5.098869996383548714e+06 5.338509875659605023e+05 -3.782349651083895937e+06
-5.102235139237390831e+06 4.978436626907978789e+05 -3.782722468203266617e+06
-5.109425477531841956e+06 4.176398186220902717e+05 -3.782722468203266617e+06
-5.099816230042812414e+06 5.193319106219365494e+05 -3.783095265308776405e+06
-5.099853983433855698e+06 5.189610402064383379e+05 -3.783095265308776405e+06
-5.100079937427594326e+06 5.167357597910721670e+05 -3.783095265308776405e+06
-5.104223017115088180e+06 4.740660345889162854e+05 -3.783095265308776405e+06
-5.104600609558990225e+06 4.699827980770172435e+05 -3.783095265308776405e+06
-5.105345994789824821e+06 4.618154253398362198e+05 -3.783095265308776405e+06
-5.099466933926443569e+06 5.200457304940413451e+05 -3.783468042416343000e+06
-5.099504739237917587e+06 5.196748853891817853e+05 -3.783468042416343000e+06
-5.099768621264874935e+06 5.170788929906153935e+05 -3.783468042416343000e+06
-5.101651297229677439e+06 4.981612324227895588e+05 -3.783468042416343000e+06
-5.104017960557823069e+06 4.732982466874456150e+05 -3.783468042416343000e+06
-5.104052366284037940e+06 4.729270707461735001e+05 -3.783468042416343000e+06
-5.104086745017483830e+06 4.725558923038276262e+05 -3.783468042416343000e+06
-5.104429047676975839e+06 4.688439711095399689e+05 -3.783468042416343000e+06
-5.112136166959424503e+06 3.755986987193237292e+05 -3.783468042416343000e+06
-5.097775521082458086e+06 5.337363961524183396e+05 -3.783840799515050370e+06
-5.097814322002477013e+06 5.333656741033529397e+05 -3.783840799515050370e+06
-5.097853095972032286e+06 5.329949491446122993e+05 -3.783840799515050370e+06
-5.097891842981602997e+06 5.326242213671266800e+05 -3.783840799515050370e+06
-5.099117511096503586e+06 5.207594569033759763e+05 -3.783840799515050370e+06
-5.099155368312556297e+06 5.203886372073742095e+05 -3.783840799515050370e+06
-5.099869531421850435e+06 5.133425429480586317e+05 -3.783840799515050370e+06
-5.097540633696467616e+06 5.333370390965425177e+05 -3.784213536593983416e+06
-5.097579405584350228e+06 5.329663340410543606e+05 -3.784213536593983416e+06
-5.097618150513695553e+06 5.325956261669726809e+05 -3.784213536593983416e+06
-5.097656868475009687e+06 5.322249155652326299e+05 -3.784213536593983416e+06
-5.098805870676863007e+06 5.211022957251425250e+05 -3.784213536593983416e+06
-5.098843752825682983e+06 5.207314986913667526e+05 -3.784213536593983416e+06
-5.098881608009280637e+06 5.203606989037037129e+05 -3.784213536593983416e+06
-5.098919436218378134e+06 5.199898964531064848e+05 -3.784213536593983416e+06
-5.101067328091169707e+06 4.984787094146334566e+05 -3.784213536593983416e+06
-5.103504376266925596e+06 4.728762955395351746e+05 -3.784213536593983416e+06
-5.103538751309343614e+06 4.725051569482852938e+05 -3.784213536593983416e+06
-5.103573099353468046e+06 4.721340159472686937e+05 -3.784213536593983416e+06
-5.103607420415604487e+06 4.717628723602996906e+05 -3.784213536593983416e+06
-5.104017167824386619e+06 4.673089556308354368e+05 -3.784213536593983416e+06
-5.104490293794497848e+06 4.621122699264929979e+05 -3.784213536593983416e+06
-5.097266918425562792e+06 5.333084012684937334e+05 -3.784586253669058438e+06
-5.097305688231567852e+06 5.329377161182190757e+05 -3.784586253669058438e+06
-5.097344431080481969e+06 5.325670281495021190e+05 -3.784586253669058438e+06
-5.098494180399165489e+06 5.214450891273591551e+05 -3.784586253669058438e+06
-5.098532087468356825e+06 5.210743148484231206e+05 -3.784586253669058438e+06
-5.103264713966187090e+06 4.724797855218795594e+05 -3.784586253669058438e+06
-5.103299060165974312e+06 4.721086644494848442e+05 -3.784586253669058438e+06
-5.104249795811702497e+06 4.617162662235187017e+05 -3.784586253669058438e+06
-5.111230788153655827e+06 3.766533137639420456e+05 -3.784586253669058438e+06
-5.096993176197776571e+06 5.332797606200448936e+05 -3.784958950729364064e+06
-5.097031943921698257e+06 5.329090953769440530e+05 -3.784958950729364064e+06
-5.097070684689977206e+06 5.325384273155524861e+05 -3.784958950729364064e+06
-5.097109398493122309e+06 5.321677565267955652e+05 -3.784958950729364064e+06
-5.098182440258376300e+06 5.217878372814225149e+05 -3.784958950729364064e+06
-5.098220372262837365e+06 5.214170855829793145e+05 -3.784958950729364064e+06
-5.100483231846746989e+06 4.987960935531028081e+05 -3.784958950729364064e+06
-5.102990649634431116e+06 4.724544115967658581e+05 -3.784958950729364064e+06
-5.103024993989699520e+06 4.720833104549556738e+05 -3.784958950729364064e+06
-5.103469014769263566e+06 4.672587683326166589e+05 -3.784958950729364064e+06
-5.096719407021128573e+06 5.332511171520352364e+05 -3.785331627763979137e+06
-5.096758172662761994e+06 5.328804718180680647e+05 -3.785331627763979137e+06
-5.096796911350201815e+06 5.325098236659615068e+05 -3.785331627763979137e+06
-5.096835623073954135e+06 5.321391727866360452e+05 -3.785331627763979137e+06
-5.097908607204098254e+06 5.217598110664248816e+05 -3.785331627763979137e+06
-5.098886023592672311e+06 5.121198944202522398e+05 -3.785331627763979137e+06
-5.100027580427897163e+06 5.006237576508691418e+05 -3.785331627763979137e+06
-5.100063973332054913e+06 5.002528718259987654e+05 -3.785331627763979137e+06
-5.100100339255811647e+06 4.998819834445527522e+05 -3.785331627763979137e+06
-5.100136678216430359e+06 4.995110923304720782e+05 -3.785331627763979137e+06
-5.100172990204988047e+06 4.991401985747258877e+05 -3.785331627763979137e+06
-5.102750900832670741e+06 4.720579539644239703e+05 -3.785331627763979137e+06
-5.096445610883926041e+06 5.332224708632412367e+05 -3.785704284788823687e+06
-5.096484374443066306e+06 5.328518454403684009e+05 -3.785704284788823687e+06
-5.096523111049460247e+06 5.324812171995075187e+05 -3.785704284788823687e+06
-5.096561820693616755e+06 5.321105862315742997e+05 -3.785704284788823687e+06
-5.097634747182975523e+06 5.217317820914295735e+05 -3.785704284788823687e+06
-5.099789997524506412e+06 5.002259982053434942e+05 -3.785704284788823687e+06
-5.099826361494683661e+06 4.998551297480483190e+05 -3.785704284788823687e+06
-5.099862698503170162e+06 4.994842585582652828e+05 -3.785704284788823687e+06
-5.102476780683181249e+06 4.720325949768066639e+05 -3.785704284788823687e+06
-5.102579640789407305e+06 4.709193960042269900e+05 -3.785704284788823687e+06
-5.096132999375964515e+06 5.335644243555824505e+05 -3.786076921792983077e+06
-5.096171787794185802e+06 5.331938217545018997e+05 -3.786076921792983077e+06
-5.096210549270628020e+06 5.328232162446833681e+05 -3.786076921792983077e+06
-5.096287991360126995e+06 5.320819968624473549e+05 -3.786076921792983077e+06
-5.099515994746734388e+06 5.001991219392445637e+05 -3.786076921792983077e+06
-5.099552356763138436e+06 4.998282734080615337e+05 -3.786076921792983077e+06
-5.099588691819301806e+06 4.994574221445375006e+05 -3.786076921792983077e+06
-5.102168294728637673e+06 4.723782748311285977e+05 -3.786076921792983077e+06
-5.102612594738234766e+06 4.675545425779884681e+05 -3.786076921792983077e+06
-5.095859151426059194e+06 5.335357525128794368e+05 -3.786449538765544072e+06
-5.095897937759930268e+06 5.331651698266563471e+05 -3.786449538765544072e+06
-5.096014135081507266e+06 5.320534046800925862e+05 -3.786449538765544072e+06
-5.096052813624889590e+06 5.316828106381193502e+05 -3.786449538765544072e+06
-5.097086946272274479e+06 5.216757158647291944e+05 -3.786449538765544072e+06
-5.099241965006764978e+06 5.001722430284892907e+05 -3.786449538765544072e+06
-5.099278325069204904e+06 4.998014144253791892e+05 -3.786449538765544072e+06
-5.095585276520144194e+06 5.335070778478857828e+05 -3.786822135722422972e+06
-5.095624060769459233e+06 5.331365150784804719e+05 -3.786822135722422972e+06
-5.095662818079890683e+06 5.327659494006499881e+05 -3.786822135722422972e+06
-5.095701548441920429e+06 5.323953809052855941e+05 -3.786822135722422972e+06
-5.095740251846058294e+06 5.320248096832885640e+05 -3.786822135722422972e+06
-5.095778928310677409e+06 5.316542355587434722e+05 -3.786822135722422972e+06
-5.096164210699711926e+06 5.279483402626106981e+05 -3.786822135722422972e+06
-5.096775056609078310e+06 5.220183279638672830e+05 -3.786822135722422972e+06
-5.097976046744486317e+06 5.101561910063623800e+05 -3.786822135722422972e+06
-5.098967908292890526e+06 5.001453614719292964e+05 -3.786822135722422972e+06
-5.099004266401173547e+06 4.997745527988537215e+05 -3.786822135722422972e+06
-5.106680030057183467e+06 4.140509425394729478e+05 -3.786822135722422972e+06
-5.106710127190476283e+06 4.136795731636953424e+05 -3.786822135722422972e+06
-5.095311374666244723e+06 5.334784003614418907e+05 -3.787194712652702350e+06
-5.095350156830798835e+06 5.331078575108142104e+05 -3.787194712652702350e+06
-5.095388912057917565e+06 5.327373117519174702e+05 -3.787194712652702350e+06
-5.095427640338081867e+06 5.323667631756385090e+05 -3.787194712652702350e+06
-5.095466341661804356e+06 5.319962118728733622e+05 -3.787194712652702350e+06
-5.095505016047456302e+06 5.316256576677161502e+05 -3.787194712652702350e+06
-5.096043627813346684e+06 5.264376049242733279e+05 -3.787194712652702350e+06
-5.096463117127390578e+06 5.223608946079145535e+05 -3.787194712652702350e+06
-5.097702016380051151e+06 5.101287686949080671e+05 -3.787194712652702350e+06
-5.098693824613143690e+06 5.001184772703523631e+05 -3.787194712652702350e+06
-5.098730180767077021e+06 4.997476885292723309e+05 -3.787194712652702350e+06
-5.101721879308396950e+06 4.682211813250426203e+05 -3.787194712652702350e+06
-5.106615633305139840e+06 4.114291945632491261e+05 -3.787194712652702350e+06
-5.095037445872380398e+06 5.334497200543873478e+05 -3.787567269545472693e+06
-5.095076225951967761e+06 5.330791971244963352e+05 -3.787567269545472693e+06
-5.095114979095567949e+06 5.327086712864927249e+05 -3.787567269545472693e+06
-5.095153705293663777e+06 5.323381426312581170e+05 -3.787567269545472693e+06
-5.095192404536766931e+06 5.319676112496840069e+05 -3.787567269545472693e+06
-5.095577914974107407e+06 5.282621424027775647e+05 -3.787567269545472693e+06
-5.097427959063010290e+06 5.101013436862973613e+05 -3.787567269545472693e+06
-5.098419713975546882e+06 5.000915904245455749e+05 -3.787567269545472693e+06
-5.095533930572533980e+06 5.260104422425832599e+05 -3.787939806416646577e+06
-5.095839088695931248e+06 5.230458919471934205e+05 -3.787939806416646577e+06
-5.098145576368396170e+06 5.000647009333607857e+05 -3.787939806416646577e+06
-5.100968541812974960e+06 4.703965969250037451e+05 -3.787939806416646577e+06
-5.101139245630084537e+06 4.685418013974287314e+05 -3.787939806416646577e+06
-5.095106688873305917e+06 5.274642835969364969e+05 -3.788312323255312629e+06
-5.095221642473286018e+06 5.263526912097708555e+05 -3.788312323255312629e+06
-5.095526999771031551e+06 5.233883224493680755e+05 -3.788312323255312629e+06
-5.095565048163961619e+06 5.230177639447234105e+05 -3.788312323255312629e+06
-5.096916841687780805e+06 5.096758287297870265e+05 -3.788312323255312629e+06
-5.097871411799717695e+06 5.000378087975853123e+05 -3.788312323255312629e+06
-5.100864920069918036e+06 4.685166044784777914e+05 -3.788312323255312629e+06
-5.095290980690686963e+06 5.229896331769503886e+05 -3.788684820050563663e+06
-5.095329000099865720e+06 5.226190917482149671e+05 -3.788684820050563663e+06
-5.097597220277539454e+06 5.000109140180067043e+05 -3.788684820050563663e+06
-5.100590567540424876e+06 4.684914050823827274e+05 -3.788684820050563663e+06
-5.095054903628381900e+06 5.225909781467232388e+05 -3.789057296818303410e+06
-5.095092894047169946e+06 5.222204538870563847e+05 -3.789057296818303410e+06
-5.097359348169461824e+06 4.996133275417850818e+05 -3.789057296818303410e+06
-5.100042782322493382e+06 4.714333674107215484e+05 -3.789057296818303410e+06
-5.094818768586548045e+06 5.221923574567370233e+05 -3.789429753547625616e+06
-5.097121418246001936e+06 4.992157755778991268e+05 -3.789429753547625616e+06
-5.099939462202901021e+06 4.695536442128418712e+05 -3.789429753547625616e+06
-5.099973595624702983e+06 4.691827648782650358e+05 -3.789429753547625616e+06
-5.094544616188573651e+06 5.221642582654795842e+05 -3.789802190227622166e+06
-5.094582575567656197e+06 5.217937712050102418e+05 -3.789802190227622166e+06
-5.095968130432824604e+06 5.080838243428939022e+05 -3.789802190227622166e+06
-5.096883430510053411e+06 4.988182582243678626e+05 -3.789802190227622166e+06
-5.100072833205771632e+06 4.650779020146845141e+05 -3.789802190227622166e+06
-5.105020673107360490e+06 4.071907244675313123e+05 -3.789802190227622166e+06
-5.105050271355864592e+06 4.068194757817460923e+05 -3.789802190227622166e+06
-5.094308394177711569e+06 5.217656891905701486e+05 -3.790174606874199584e+06
-5.094346324581762776e+06 5.213952192207867047e+05 -3.790174606874199584e+06
-5.095693874474776909e+06 5.080564801734550274e+05 -3.790174606874199584e+06
-5.095730807913272642e+06 5.076859094849437824e+05 -3.790174606874199584e+06
-5.096609125292180106e+06 4.987914127112485585e+05 -3.790174606874199584e+06
-5.099253790685727261e+06 4.709864409760084236e+05 -3.790174606874199584e+06
-5.105040681626749225e+06 4.034564268194320612e+05 -3.790174606874199584e+06
-5.094072114208925515e+06 5.213671543880587560e+05 -3.790547003476449754e+06
-5.094110015631330200e+06 5.209967016020970186e+05 -3.790547003476449754e+06
-5.095456523018668406e+06 5.076585825751394732e+05 -3.790547003476449754e+06
-5.096371050821781158e+06 4.983939473763584392e+05 -3.790547003476449754e+06
-5.093835776284681633e+06 5.209686539559694356e+05 -3.790919380023470148e+06
-5.093873648718854412e+06 5.205982184469457716e+05 -3.790919380023470148e+06
-5.095182211183341220e+06 5.076312529812401044e+05 -3.790919380023470148e+06
-5.096096689753220417e+06 4.983671165403374471e+05 -3.790919380023470148e+06
-5.093599380387733690e+06 5.205701879902826622e+05 -3.791291736531159841e+06
-5.093637223854351789e+06 5.201997695846023271e+05 -3.791291736531159841e+06
-5.094870944921650924e+06 5.079744315452423762e+05 -3.791291736531159841e+06
-5.094907872395576909e+06 5.076039207020787289e+05 -3.791291736531159841e+06
-5.095858528583692387e+06 4.979697030657487921e+05 -3.791291736531159841e+06
-5.093400741040311754e+06 5.198013551130789565e+05 -3.791664072988614906e+06
-5.094633506663406268e+06 5.075765857384554693e+05 -3.791664072988614906e+06
-5.094670405196942389e+06 5.072060922522628680e+05 -3.791664072988614906e+06
-5.095584111657764763e+06 4.979428869140926981e+05 -3.791664072988614906e+06
-5.098155730806031264e+06 4.708850199964013300e+05 -3.791664072988614906e+06
-5.093164200279255398e+06 5.194029751303669764e+05 -3.792036389384930022e+06
-5.094432880154449493e+06 5.068082982565936400e+05 -3.792036389384930022e+06
-5.095345863798322156e+06 4.975455254083118052e+05 -3.792036389384930022e+06
-5.092927601581156254e+06 5.190046294657649705e+05 -3.792408685736008454e+06
-5.094195297251092270e+06 5.064105388110951171e+05 -3.792408685736008454e+06
-5.094232110988474451e+06 5.060400771954684169e+05 -3.792408685736008454e+06
-5.095107558132247999e+06 4.971481986467710230e+05 -3.792408685736008454e+06
-5.097572285576008260e+06 4.712050017577097751e+05 -3.792408685736008454e+06
-5.102287851864273660e+06 4.170563955538207665e+05 -3.792408685736008454e+06
-5.092690944948530756e+06 5.186063182172650122e+05 -3.792780962030944414e+06
-5.093994441313126124e+06 5.056423695919846650e+05 -3.792780962030944414e+06
-5.094031199197025038e+06 5.052719224961337168e+05 -3.792780962030944414e+06
-5.094067930132339709e+06 5.049014728170631570e+05 -3.792780962030944414e+06
-5.094833056468235329e+06 4.971214145197957987e+05 -3.792780962030944414e+06
-5.094869194688529707e+06 4.967509064606564934e+05 -3.792780962030944414e+06
-5.103524575498462655e+06 3.981086300733247772e+05 -3.792780962030944414e+06
-5.092454230383924209e+06 5.182080414828400244e+05 -3.793153218258838635e+06
-5.093866819872892462e+06 5.041333992215082399e+05 -3.793153218258838635e+06
-5.093903468012906611e+06 5.037629614994481090e+05 -3.793153218258838635e+06
-5.094594664139832370e+06 4.967241396696545999e+05 -3.793153218258838635e+06
-5.092217457897273824e+06 5.178097990918165888e+05 -3.793525454435585998e+06
-5.093665567000892013e+06 5.033653922338767443e+05 -3.793525454435585998e+06
-5.094356214026079513e+06 4.963268994958377443e+05 -3.793525454435585998e+06
-5.091980627491118386e+06 5.174115911421705387e+05 -3.793897670550285373e+06
-5.094081627640559338e+06 4.963001474189033033e+05 -3.793897670550285373e+06
-5.096439312947952189e+06 4.714740659163828823e+05 -3.793897670550285373e+06
-5.093807014321595430e+06 4.962733927179292659e+05 -3.794269866592036095e+06
-5.096164572530163452e+06 4.714486495474452386e+05 -3.794269866592036095e+06
-5.093532374057457782e+06 4.962466353917727247e+05 -3.794642042576734908e+06
-5.095889805154729635e+06 4.714232306846427964e+05 -3.794642042576734908e+06
-5.093257706856188364e+06 4.962198754412172711e+05 -3.795014198493483476e+06
-5.100484121000319719e+06 4.154154121556592290e+05 -3.795014198493483476e+06
-5.100544486772452481e+06 4.146735724494592287e+05 -3.795014198493483476e+06
-5.090795606838361360e+06 5.154210684884348302e+05 -3.795758450106314383e+06
-5.094962388136050664e+06 4.724585187352525536e+05 -3.795758450106314383e+06
-5.090558429020447657e+06 5.150230673639141605e+05 -3.796130545807393268e+06
-5.091998641189954244e+06 5.005833769790191436e+05 -3.796130545807393268e+06
-5.092325181595426053e+06 4.972505646826014272e+05 -3.796130545807393268e+06
-5.090321193315735087e+06 5.146251008292324841e+05 -3.796502621423718520e+06
-5.091687474774652161e+06 5.009266460728148813e+05 -3.796502621423718520e+06
-5.092050412513704039e+06 4.972237342905562837e+05 -3.796502621423718520e+06
-5.100715466533586383e+06 3.986358927491218783e+05 -3.796502621423718520e+06
-5.102406283090672456e+06 3.763760988687562640e+05 -3.796502621423718520e+06
-5.090083899734030478e+06 5.142271687137841946e+05 -3.796874676971181296e+06
-5.091376258429582231e+06 5.012698699050071300e+05 -3.796874676971181296e+06
-5.094103332425491884e+06 4.727524996723853983e+05 -3.796874676971181296e+06
-5.099468910827102140e+06 4.108533982856265502e+05 -3.796874676971181296e+06
-5.089846548277955502e+06 5.138292711154957651e+05 -3.797246712438883726e+06
-5.089883901532187127e+06 5.134591257301509613e+05 -3.797246712438883726e+06
-5.091064992176675238e+06 5.016130483801305527e+05 -3.797246712438883726e+06
-5.099133865733832121e+06 4.115728662077223998e+05 -3.797246712438883726e+06
-5.101910228160717525e+06 3.755934353275477770e+05 -3.797246712438883726e+06
-5.089609138950160705e+06 5.134314081322881393e+05 -3.797618727815932594e+06
-5.091225943685404956e+06 4.971432273363035056e+05 -3.797618727815932594e+06
-5.093587770677140914e+06 4.723310497415703721e+05 -3.797618727815932594e+06
-5.094538979279750027e+06 4.619584253381940653e+05 -3.797618727815932594e+06
-5.101634816372417845e+06 3.755731600080946228e+05 -3.797618727815932594e+06
-5.090478824712710455e+06 5.019290809063544730e+05 -3.797990723118212540e+06
-5.090987204744872637e+06 4.967461607622022275e+05 -3.797990723118212540e+06
-5.094398079087706283e+06 4.604516032065543695e+05 -3.797990723118212540e+06
-5.098643115386500023e+06 4.107868656978232320e+05 -3.797990723118212540e+06
-5.101359377597530372e+06 3.755528827019375167e+05 -3.797990723118212540e+06
-5.089096853325135075e+06 5.130058765499237925e+05 -3.798362698334830347e+06
-5.090203946492833085e+06 5.019019774889716646e+05 -3.798362698334830347e+06
-5.098367796307173558e+06 4.107646838233315502e+05 -3.798362698334830347e+06
-5.099309883369311690e+06 3.988991417270873790e+05 -3.798362698334830347e+06
-5.099338878651955165e+06 3.985283083636093070e+05 -3.798362698334830347e+06
-5.088859299354914576e+06 5.126080998286553659e+05 -3.798734653454891872e+06
-5.089929041360024363e+06 5.018748714179322706e+05 -3.798734653454891872e+06
-5.090437366485980339e+06 4.966925110410065972e+05 -3.798734653454891872e+06
-5.092865585697710514e+06 4.711434586799017270e+05 -3.798734653454891872e+06
-5.093545449125315994e+06 4.637356901681418531e+05 -3.798734653454891872e+06
-5.099294459081778303e+06 3.955402030373287853e+05 -3.798734653454891872e+06
-5.088621687517392449e+06 5.122103577505704015e+05 -3.799106588494284078e+06
-5.089654109302544966e+06 5.018477626920787734e+05 -3.799106588494284078e+06
-5.089690591246298514e+06 5.014776312441398622e+05 -3.799106588494284078e+06
-5.090126274969873019e+06 4.970358479231154779e+05 -3.799106588494284078e+06
-5.092624742228181101e+06 4.707476650018375949e+05 -3.799106588494284078e+06
-5.093067504954151809e+06 4.659329557344298810e+05 -3.799106588494284078e+06
-5.088384017842075787e+06 5.118126501471159863e+05 -3.799478503442112356e+06
-5.089452083350106142e+06 5.010804258445398882e+05 -3.799478503442112356e+06
-5.089488509492078796e+06 5.007103090903730481e+05 -3.799478503442112356e+06
-5.089815133512048982e+06 4.973791396440102835e+05 -3.799478503442112356e+06
-5.089851290487912484e+06 4.970089964978710632e+05 -3.799478503442112356e+06
-5.097779749106789008e+06 4.077324263263997855e+05 -3.799478503442112356e+06
-5.088146290331644006e+06 5.114149771161895478e+05 -3.799850398287487682e+06
-5.089249914960117079e+06 5.003131556463989546e+05 -3.799850398287487682e+06
-5.089286285296431743e+06 4.999430536851841025e+05 -3.799850398287487682e+06
-5.089322628726799041e+06 4.995729489911980927e+05 -3.799850398287487682e+06
-5.089503942134357058e+06 4.977223861082210788e+05 -3.799850398287487682e+06
-5.089540124072632752e+06 4.973522655916562071e+05 -3.799850398287487682e+06
-5.092142882602686062e+06 4.699561828439180972e+05 -3.799850398287487682e+06
-5.092483297866696492e+06 4.662529480691273930e+05 -3.799850398287487682e+06
-5.097622691811020486e+06 4.062275748491117265e+05 -3.799850398287487682e+06
-5.100841684271759354e+06 3.635822639101878158e+05 -3.799850398287487682e+06
-5.100868111227980815e+06 3.632113193334063399e+05 -3.799850398287487682e+06
-5.100947230253226124e+06 3.620984739078103448e+05 -3.799850398287487682e+06
-5.087871329291734844e+06 5.113873404906074284e+05 -3.800222273046288174e+06
-5.089120206301738508e+06 4.988057750810976722e+05 -3.800222273046288174e+06
-5.089156467027303763e+06 4.984356824677274562e+05 -3.800222273046288174e+06
-5.089192700838877819e+06 4.980655872183789616e+05 -3.800222273046288174e+06
-5.089228907727580518e+06 4.976954894238371635e+05 -3.800222273046288174e+06
-5.091970107404063456e+06 4.688199022506964975e+05 -3.800222273046288174e+06
-5.092174183950285427e+06 4.665980665981671773e+05 -3.800222273046288174e+06
-5.092579428569803946e+06 4.621541292150748777e+05 -3.800222273046288174e+06
-5.092646592304143123e+06 4.614134386164975585e+05 -3.800222273046288174e+06
-5.092680133764679544e+06 4.610430897448381875e+05 -3.800222273046288174e+06
-5.097376745300970972e+06 4.058349318476477056e+05 -3.800222273046288174e+06
-5.100513105186940171e+06 3.643044595653144643e+05 -3.800222273046288174e+06
-5.091728976168965921e+06 4.684242838235924719e+05 -3.800594127707625739e+06
-5.100237433980422094e+06 3.642847697325785412e+05 -3.800594127707625739e+06
-5.087358498156952672e+06 5.109620973873803741e+05 -3.800965962260608561e+06
-5.091623716015055776e+06 4.665476269892645651e+05 -3.800965962260608561e+06
-5.091793020933116786e+06 4.646962295016812277e+05 -3.800965962260608561e+06
-5.091826801127162762e+06 4.643259426947908942e+05 -3.800965962260608561e+06
-5.087120597144976258e+06 5.105645281218410819e+05 -3.801337776721119415e+06
-5.086882638311409391e+06 5.101669934618140105e+05 -3.801709571078266017e+06
-5.086919725245175883e+06 5.097970636277313461e+05 -3.801709571078266017e+06
-5.096185935219308361e+06 4.068590061001648428e+05 -3.801709571078266017e+06
-5.097233624045851640e+06 3.935158434781355318e+05 -3.801709571078266017e+06
-5.086755715056037530e+06 5.086597476757458644e+05 -3.802081345321164001e+06
-5.086792692389020696e+06 5.082898269869885989e+05 -3.802081345321164001e+06
-5.096929333466053009e+06 3.938652221434427192e+05 -3.802081345321164001e+06
-5.086517553886561655e+06 5.082623342012059875e+05 -3.802453099465686828e+06
-5.090420572992844507e+06 4.675572867734956089e+05 -3.802453099465686828e+06
-5.096653646684861742e+06 3.938439184469988686e+05 -3.802453099465686828e+06
-5.097997367958026938e+06 3.760508777503659367e+05 -3.802453099465686828e+06
-5.098188137754582800e+06 3.734556712948076311e+05 -3.802453099465686828e+06
-5.086242388484070078e+06 5.082348387274795678e+05 -3.802824833500947338e+06
-5.089974860534910113e+06 4.693827913666103268e+05 -3.802824833500947338e+06
-5.090008981558290310e+06 4.690126366788249579e+05 -3.802824833500947338e+06
-5.096377932950033806e+06 3.938226126677127322e+05 -3.802824833500947338e+06
-5.089733585471456870e+06 4.689872606440704549e+05 -3.803196547416059766e+06
-5.089492252868155017e+06 4.685917651059739292e+05 -3.803568241226900369e+06
-5.085453671334073879e+06 5.077825128670174745e+05 -3.803939914922583848e+06
-5.089284897494615987e+06 4.678262025495952112e+05 -3.803939914922583848e+06
-5.094637072497841902e+06 3.948062210353834089e+05 -3.805054815290099941e+06
-5.084463046014737338e+06 5.065633062386274687e+05 -3.805426408496572636e+06
-5.088216807002859190e+06 4.673548699334357516e+05 -3.805426408496572636e+06
-5.084224480349813588e+06 5.061661355327332276e+05 -3.805797981586980168e+06
-5.093123217907377519e+06 4.069872363616108196e+05 -3.805797981586980168e+06
-5.093999004884052090e+06 3.958748054483322776e+05 -3.805797981586980168e+06
-5.094314052113203332e+06 3.917997725757623557e+05 -3.805797981586980168e+06
-5.083269640137498267e+06 5.045777995492954506e+05 -3.807284072650526185e+06
-5.083030785720387474e+06 5.041808023501735297e+05 -3.807655545077615883e+06
-5.093831684272455983e+06 3.798407855164007051e+05 -3.807655545077615883e+06
-5.093859293600078672e+06 3.794703506781312753e+05 -3.807655545077615883e+06
-5.093886875995468348e+06 3.790999137441325583e+05 -3.807655545077615883e+06
-5.082791873549498618e+06 5.037838399832784780e+05 -3.808026997376841493e+06
-5.093527902158417739e+06 3.801906063842031872e+05 -3.808026997376841493e+06
-5.093665806644897908e+06 3.783385223126267083e+05 -3.808026997376841493e+06
-5.093994029724020511e+06 3.738933168500775937e+05 -3.808026997376841493e+06
-5.082552903654082678e+06 5.033869122802329948e+05 -3.808398429537332151e+06
-5.092495449785746634e+06 3.901698294448748347e+05 -3.808398429537332151e+06
-5.093224069168205373e+06 3.805403830649824231e+05 -3.808398429537332151e+06
-5.093468780563426204e+06 3.734823630890727509e+05 -3.808769841548203956e+06
-5.082038227642879821e+06 5.029627387743883883e+05 -3.809141233425321989e+06
-5.086993775673056021e+06 4.500870916640486103e+05 -3.809141233425321989e+06
-5.093650336711811833e+06 3.671652368275956833e+05 -3.809141233425321989e+06
-5.092312265018125996e+06 3.815894478228320950e+05 -3.809512605157807469e+06
-5.090116408409569412e+06 4.063744394700027187e+05 -3.809883956734785810e+06
-5.091616734136097133e+06 3.871230668406995828e+05 -3.809883956734785810e+06
-5.091757159469300881e+06 3.852716771422539605e+05 -3.809883956734785810e+06
-5.081284208527076058e+06 5.021418436356066377e+05 -3.810255288172119297e+06
-5.081044950040915981e+06 5.017450898213269538e+05 -3.810626599458924960e+06
-5.089652513353510760e+06 4.052199560860733618e+05 -3.810626599458924960e+06
-5.080529816290754825e+06 5.013211546084749280e+05 -3.811369161564207170e+06
-5.085108004593527876e+06 4.525292210412325803e+05 -3.811369161564207170e+06
-5.090455111484952271e+06 3.877794118233628687e+05 -3.811369161564207170e+06
-5.080290413556662388e+06 5.009244878172672470e+05 -3.811740412387664896e+06
-5.083663694701969624e+06 4.654454508745708154e+05 -3.811740412387664896e+06
-5.084798991089068353e+06 4.528744293844737113e+05 -3.811740412387664896e+06
-5.084996110793093219e+06 4.506557242395100766e+05 -3.811740412387664896e+06
-5.086663924477190711e+06 4.314233975956966751e+05 -3.811740412387664896e+06
-5.086851684225667268e+06 4.292038807620468433e+05 -3.811740412387664896e+06
-5.088723616008918732e+06 4.029116290736414958e+05 -3.812111643043832388e+06
-5.079775051022575237e+06 5.005006717345675570e+05 -3.812482853548570536e+06
-5.086080074810042977e+06 4.317464117030091002e+05 -3.812482853548570536e+06
-5.088082829604083672e+06 4.039779190402583336e+05 -3.812854043891006615e+06
-5.088170842825897038e+06 4.028678619602186955e+05 -3.812854043891006615e+06
-5.089321209270358086e+06 3.880652894229273079e+05 -3.812854043891006615e+06
-5.090183123977967538e+06 3.765910306338913506e+05 -3.812854043891006615e+06
-5.083297300052308477e+06 4.572122331433654763e+05 -3.813225214060266502e+06
-5.085496097468369640e+06 4.320693341224447940e+05 -3.813225214060266502e+06
-5.085933355277537368e+06 4.268915231418932672e+05 -3.813225214060266502e+06
-5.087806407436840236e+06 4.039559719816825818e+05 -3.813225214060266502e+06
-5.087835770485961810e+06 4.035859752500746981e+05 -3.813225214060266502e+06
-5.087865106635125354e+06 4.032159762953051249e+05 -3.813225214060266502e+06
-5.087894415877127089e+06 4.028459752081265324e+05 -3.813225214060266502e+06
-5.087923698204784654e+06 4.024759720793004963e+05 -3.813225214060266502e+06
-5.079019912785016932e+06 4.996803953214039793e+05 -3.813596364072204102e+06
-5.082854521929547191e+06 4.590355986583522754e+05 -3.813596364072204102e+06
-5.083186997977338731e+06 4.553391214571903693e+05 -3.813596364072204102e+06
-5.083220097734090872e+06 4.549694604338763165e+05 -3.813596364072204102e+06
-5.087471154718687758e+06 4.046739698085006676e+05 -3.813596364072204102e+06
-5.087559319809777662e+06 4.035640461586517049e+05 -3.813596364072204102e+06
-5.087588654364944436e+06 4.031940673080022098e+05 -3.813596364072204102e+06
-5.087676496588599868e+06 4.020841180589285796e+05 -3.813596364072204102e+06
-5.087705723520039581e+06 4.017141306908513652e+05 -3.813596364072204102e+06
-5.087734923538153991e+06 4.013441412871114444e+05 -3.813596364072204102e+06
-5.087764096656804904e+06 4.009741496720651048e+05 -3.813596364072204102e+06
-5.082544906393799931e+06 4.593802671457943507e+05 -3.813967493915949017e+06
-5.083338934648171999e+06 4.505088576737330295e+05 -3.813967493915949017e+06
-5.083794967011897825e+06 4.453332333623867016e+05 -3.813967493915949017e+06
-5.084245729791918769e+06 4.401571474429747323e+05 -3.813967493915949017e+06
-5.084627903378472663e+06 4.357201390084443847e+05 -3.813967493915949017e+06
-5.087282842228051275e+06 4.035421149329813779e+05 -3.813967493915949017e+06
-5.087312175189063884e+06 4.031721561884085531e+05 -3.813967493915949017e+06
-5.089243691044709645e+06 3.780100640381383710e+05 -3.813967493915949017e+06
-5.083841145735569298e+06 4.416120720277114306e+05 -3.814338603580631781e+06
-5.083873247223606333e+06 4.412423635584512376e+05 -3.814338603580631781e+06
-5.083905321833300404e+06 4.408726526669550221e+05 -3.814338603580631781e+06
-5.084065291569730267e+06 4.390240634527273942e+05 -3.814338603580631781e+06
-5.084351543200789951e+06 4.356964567061550915e+05 -3.814338603580631781e+06
-5.086859277393287979e+06 4.053698425294884946e+05 -3.814338603580631781e+06
-5.086976979486602359e+06 4.038901179874469526e+05 -3.814338603580631781e+06
-5.087006337748879567e+06 4.035201815737062134e+05 -3.814338603580631781e+06
-5.087152725546083413e+06 4.016704671787589905e+05 -3.814338603580631781e+06
-5.078264401666849852e+06 4.988603254104836378e+05 -3.814709693082106300e+06
-5.084609882115011103e+06 4.293871262669591815e+05 -3.814709693082106300e+06
-5.088413777127701789e+06 3.779484211237960262e+05 -3.815080762409497052e+06
-5.081003288997590542e+06 4.640840989741761587e+05 -3.815451811551940627e+06
-5.082135227509971708e+06 4.515196596242238884e+05 -3.815451811551940627e+06
-5.086000138547828421e+06 4.056735934424102306e+05 -3.815451811551940627e+06
-5.086410522373521701e+06 4.004952828847410274e+05 -3.815451811551940627e+06
-5.079874879223410040e+06 4.732951100111834821e+05 -3.815822840525284410e+06
-5.080760692144975066e+06 4.636893775795006659e+05 -3.815822840525284410e+06
-5.082542415585028008e+06 4.437337529472684837e+05 -3.815822840525284410e+06
-5.085841320141796023e+06 4.041721366743512917e+05 -3.815822840525284410e+06
-5.087860366632504389e+06 3.779073158536559786e+05 -3.815822840525284410e+06
-5.081384941135245375e+06 4.536877609396000626e+05 -3.816193849318660330e+06
-5.082330440423583612e+06 4.429704265142937656e+05 -3.816193849318660330e+06
-5.082362640705650672e+06 4.426008278143135831e+05 -3.816193849318660330e+06
-5.087556126871053129e+06 3.782567386831816984e+05 -3.816193849318660330e+06
-5.080308975831488147e+06 4.625305914525979897e+05 -3.816564837921205442e+06
-5.080610613252591342e+06 4.592054381740269018e+05 -3.816564837921205442e+06
-5.081108505841750652e+06 4.536630796153541887e+05 -3.816564837921205442e+06
-5.085551433733349666e+06 4.007997664621936274e+05 -3.816564837921205442e+06
-5.087141489004115574e+06 3.800859229127817671e+05 -3.816564837921205442e+06
-5.087169116182948463e+06 3.797159745097303530e+05 -3.816564837921205442e+06
-5.087196716458299197e+06 3.793460240985496202e+05 -3.816564837921205442e+06
-5.087224289823406376e+06 3.789760717699863599e+05 -3.816564837921205442e+06
-5.076788406613706611e+06 4.968516123405420803e+05 -3.816935806348761544e+06
-5.079114637909125537e+06 4.724791478890788276e+05 -3.816935806348761544e+06
-5.080732954210871831e+06 4.547468506855230662e+05 -3.816935806348761544e+06
-5.080766010895034298e+06 4.543773682155610877e+05 -3.816935806348761544e+06
-5.081906065934658051e+06 4.414439797179948073e+05 -3.816935806348761544e+06
-5.084923048790627159e+06 4.052155452232409734e+05 -3.816935806348761544e+06
-5.084952503453174606e+06 4.048457580832782551e+05 -3.816935806348761544e+06
-5.084981931216903962e+06 4.044759688910363475e+05 -3.816935806348761544e+06
-5.085011332095783204e+06 4.041061774709757301e+05 -3.816935806348761544e+06
-5.085099373372341506e+06 4.029967904846845195e+05 -3.816935806348761544e+06
-5.086837046008192934e+06 3.804351686836741865e+05 -3.816935806348761544e+06
-5.078562520566419698e+06 4.754081047437837115e+05 -3.817306754590463359e+06
-5.078872586673724465e+06 4.720840917592702899e+05 -3.817306754590463359e+06
-5.079587613255350851e+06 4.643272774895217735e+05 -3.817306754590463359e+06
-5.080191064199244604e+06 4.576777169452041271e+05 -3.817306754590463359e+06
-5.080290793087288737e+06 4.565693803033144795e+05 -3.817306754590463359e+06
-5.080323982318654656e+06 4.561999298947270145e+05 -3.817306754590463359e+06
-5.080357144682737999e+06 4.558304770735272323e+05 -3.817306754590463359e+06
-5.081629518446928822e+06 4.414199571914111148e+05 -3.817306754590463359e+06
-5.086449356900747865e+06 3.818940704462383874e+05 -3.817306754590463359e+06
-5.078286113136529922e+06 4.753822300337947090e+05 -3.817677682635448407e+06
-5.080738208615748212e+06 4.484165106452662731e+05 -3.817677682635448407e+06
-5.081352944091654383e+06 4.413959323309560423e+05 -3.817677682635448407e+06
-5.086144736159157939e+06 3.822431612831286038e+05 -3.817677682635448407e+06
-5.076031717744226567e+06 4.960322177428951254e+05 -3.818048590499558952e+06
-5.078044234308208339e+06 4.749870682381844963e+05 -3.818048590499558952e+06
-5.078078762917682528e+06 4.746177811552737257e+05 -3.818048590499558952e+06
-5.086281788045487367e+06 3.766743065051594167e+05 -3.818048590499558952e+06
-5.086445659033548087e+06 3.744549616217045113e+05 -3.818048590499558952e+06
-5.077802298008488491e+06 4.745919416266064509e+05 -3.818419478171930648e+06
-5.078791890883784741e+06 4.638821162863590871e+05 -3.818419478171930648e+06
-5.085674247528349049e+06 3.810920318560300511e+05 -3.818419478171930648e+06
-5.085701947877374478e+06 3.807221901511377655e+05 -3.818419478171930648e+06
-5.085757267881477252e+06 3.799825007917240728e+05 -3.818419478171930648e+06
-5.077560304240849800e+06 4.741968502966558444e+05 -3.818790345641705208e+06
-5.077938009868841618e+06 4.701349422910078429e+05 -3.818790345641705208e+06
-5.080715139999565668e+06 4.391070054245284409e+05 -3.818790345641705208e+06
-5.085341848778842017e+06 3.818109179846586776e+05 -3.818790345641705208e+06
-5.085369601407624781e+06 3.814411004505866440e+05 -3.818790345641705208e+06
-5.077283783746498637e+06 4.741710258574357140e+05 -3.819161192924717441e+06
-5.077593040461508557e+06 4.708478500691166264e+05 -3.819161192924717441e+06
-5.077627268059713766e+06 4.704785958088937914e+05 -3.819161192924717441e+06
-5.080470365279440768e+06 4.387136309430598048e+05 -3.819161192924717441e+06
-5.081477540904494934e+06 4.268896622560232645e+05 -3.819161192924717441e+06
-5.081508571755103767e+06 4.265201257118611247e+05 -3.819161192924717441e+06
-5.083262375484568067e+06 4.050832068116868031e+05 -3.819161192924717441e+06
-5.083291820527586155e+06 4.047135404396543163e+05 -3.819161192924717441e+06
-5.083321238680569455e+06 4.043438720160129596e+05 -3.819161192924717441e+06
-5.083350629957483150e+06 4.039742013652804890e+05 -3.819161192924717441e+06
-5.085396142951980233e+06 3.773524237460025470e+05 -3.819161192924717441e+06
-5.080542945503592491e+06 4.346257321088878089e+05 -3.819532020010107197e+06
-5.081107516408134252e+06 4.279749464843328460e+05 -3.819532020010107197e+06
-5.085036711685802788e+06 3.784412621862768428e+05 -3.819532020010107197e+06
-5.085091699949432164e+06 3.777016696056663059e+05 -3.819532020010107197e+06
-5.085446501609810628e+06 3.728941235552624566e+05 -3.819532020010107197e+06
-5.077278888448127545e+06 4.682120054628504440e+05 -3.819902826887013856e+06
-5.078155095009072684e+06 4.586111906331994687e+05 -3.819902826887013856e+06
-5.078520332815200090e+06 4.545488118158345460e+05 -3.819902826887013856e+06
-5.078553375103422441e+06 4.541794902527388767e+05 -3.819902826887013856e+06
-5.078586390541659668e+06 4.538101661990798311e+05 -3.819902826887013856e+06
-5.080044284396999516e+06 4.371881307926563313e+05 -3.819902826887013856e+06
-5.080076064184667543e+06 4.368186983619346865e+05 -3.819902826887013856e+06
-5.080768422066797502e+06 4.286906045966778765e+05 -3.819902826887013856e+06
-5.085196570389516652e+06 3.725040048634410487e+05 -3.819902826887013856e+06
-5.085223646194313653e+06 3.721341980076731415e+05 -3.819902826887013856e+06
-5.085250695112418383e+06 3.717643890951238573e+05 -3.819902826887013856e+06
-5.076454061168731190e+06 4.740935374950289261e+05 -3.820273613571275957e+06
-5.076831684506368823e+06 4.700325144532851409e+05 -3.820273613571275957e+06
-5.076865852805506438e+06 4.696633156511996058e+05 -3.820273613571275957e+06
-5.077711334034528583e+06 4.604325419302450609e+05 -3.820273613571275957e+06
-5.077744804209778085e+06 4.600632790950130438e+05 -3.820273613571275957e+06
-5.077778247523363680e+06 4.596940139153606142e+05 -3.820273613571275957e+06
-5.077811663991159759e+06 4.593247462159903953e+05 -3.820273613571275957e+06
-5.078044827328040265e+06 4.567398045911809313e+05 -3.820273613571275957e+06
-5.078078028950984590e+06 4.563705176020210492e+05 -3.820273613571275957e+06
-5.078111203726497479e+06 4.560012281107211020e+05 -3.820273613571275957e+06
-5.078276674751007929e+06 4.541547446971189347e+05 -3.820273613571275957e+06
-5.078309688390429132e+06 4.537854407657443662e+05 -3.820273613571275957e+06
-5.082431675893744454e+06 4.050170086835376569e+05 -3.820273613571275957e+06
-5.084038931431637146e+06 3.843158351389039308e+05 -3.820273613571275957e+06
-5.084973629862626083e+06 3.717441338511833455e+05 -3.820273613571275957e+06
-5.076452375626991503e+06 4.711144225852981908e+05 -3.820644380052035209e+06
-5.076486622605698183e+06 4.707452513644675491e+05 -3.820644380052035209e+06
-5.077233263654436916e+06 4.626228567826322396e+05 -3.820644380052035209e+06
-5.077401142429021187e+06 4.607766921593035222e+05 -3.820644380052035209e+06
-5.077966908854653127e+06 4.544992780565480934e+05 -3.820644380052035209e+06
-5.079870237232427113e+06 4.327076311517558643e+05 -3.820644380052035209e+06
-5.080183567832607776e+06 4.290133311452605412e+05 -3.820644380052035209e+06
-5.080401300697056577e+06 4.264271861085511046e+05 -3.820644380052035209e+06
-5.082007125997572206e+06 4.068428351178130833e+05 -3.820644380052035209e+06
-5.082036699000606313e+06 4.064732601141489577e+05 -3.820644380052035209e+06
-5.083789823496613652e+06 3.839251902246961836e+05 -3.820644380052035209e+06
-5.076175705913383514e+06 4.710887465653676190e+05 -3.821015126318427734e+06
-5.077023779780032113e+06 4.618592252990479465e+05 -3.821015126318427734e+06
-5.077057353708451614e+06 4.614900124604037264e+05 -3.821015126318427734e+06
-5.077690156598071568e+06 4.544745075720068417e+05 -3.821015126318427734e+06
-5.079906694766776636e+06 4.289899496601840947e+05 -3.821015126318427734e+06
-5.081670930125960149e+06 4.075597653823585133e+05 -3.821015126318427734e+06
-5.081995328602431342e+06 4.034945904331659549e+05 -3.821015126318427734e+06
-5.075761767903937958e+06 4.725395673026488512e+05 -3.821385852386292536e+06
-5.075864739250136539e+06 4.714321966296167229e+05 -3.821385852386292536e+06
-5.076747036986903287e+06 4.618340498778590700e+05 -3.821385852386292536e+06
-5.076780609085245058e+06 4.614648571645868942e+05 -3.821385852386292536e+06
-5.077413377481499687e+06 4.544497346833840711e+05 -3.821385852386292536e+06
-5.077611185245165601e+06 4.522342519702262362e+05 -3.821385852386292536e+06
-5.079567350439270027e+06 4.297053636310096481e+05 -3.821385852386292536e+06
-5.083291437188706361e+06 3.831440092000151053e+05 -3.821385852386292536e+06
-5.083319286768048070e+06 3.827743407725662109e+05 -3.821385852386292536e+06
-5.075312905593772419e+06 4.743592729423542623e+05 -3.821756558244768996e+06
-5.075588017708981410e+06 4.714064955026751268e+05 -3.821756558244768996e+06
-5.077334368492799811e+06 4.522095974599905894e+05 -3.821756558244768996e+06
-5.079259166264270432e+06 4.300513125587397371e+05 -3.821756558244768996e+06
-5.079539546273416840e+06 4.267268533354179817e+05 -3.821756558244768996e+06
-5.083919102397441864e+06 3.709236711123937275e+05 -3.821756558244768996e+06
-5.076859738700808957e+06 4.544001816967962659e+05 -3.822127243883002084e+06
-5.077090395282157697e+06 4.518157253803716158e+05 -3.822127243883002084e+06
-5.074793891188795678e+06 4.739384930783658056e+05 -3.822497909316825680e+06
-5.075034494108078070e+06 4.713550857704491937e+05 -3.822497909316825680e+06
-5.076714836692532524e+06 4.528986643548637512e+05 -3.822497909316825680e+06
-5.076846364788958803e+06 4.514218887001769617e+05 -3.822497909316825680e+06
-5.077722942609334365e+06 4.414526603921471979e+05 -3.822497909316825680e+06
-5.077755032528510317e+06 4.410833967629031977e+05 -3.822497909316825680e+06
-5.074620373182866722e+06 4.728055444069822552e+05 -3.822868554535377771e+06
-5.074689086292818189e+06 4.720674657346723834e+05 -3.822868554535377771e+06
-5.074723402583430521e+06 4.716984227413177141e+05 -3.822868554535377771e+06
-5.076437942979982123e+06 4.528739623976697330e+05 -3.822868554535377771e+06
-5.077220624897554517e+06 4.440132214917503297e+05 -3.822868554535377771e+06
-5.077252901027330197e+06 4.436439943853133591e+05 -3.822868554535377771e+06
-5.077285150306065567e+06 4.432747649326638784e+05 -3.822868554535377771e+06
-5.077317372725860216e+06 4.429055332243742305e+05 -3.822868554535377771e+06
-5.077349568302010186e+06 4.425362990851606010e+05 -3.822868554535377771e+06
-5.077381737026607618e+06 4.421670626055992325e+05 -3.822868554535377771e+06
-5.077510143390701152e+06 4.406900935001187609e+05 -3.822868554535377771e+06
-5.072124268729982898e+06 4.960227602478314657e+05 -3.823239179527807049e+06
-5.074412261140616611e+06 4.720417143741792534e+05 -3.823239179527807049e+06
-5.076358131970581599e+06 4.506343219282045611e+05 -3.823239179527807049e+06
-5.076749451618902385e+06 4.462041927309890743e+05 -3.823239179527807049e+06
-5.076781887081861496e+06 4.458349998834491125e+05 -3.823239179527807049e+06
-5.076814295696271583e+06 4.454658046781072626e+05 -3.823239179527807049e+06
-5.077265197066172957e+06 4.402968257711332990e+05 -3.823239179527807049e+06
-5.075851131275574677e+06 4.531936787486652029e+05 -3.823609784309942275e+06
-5.076146658656839281e+06 4.498714451221433119e+05 -3.823609784309942275e+06
-5.076472472110588104e+06 4.461798485282490728e+05 -3.823609784309942275e+06
-5.076504905803918839e+06 4.458106758232933353e+05 -3.823609784309942275e+06
-5.077116044790493324e+06 4.387959492294957163e+05 -3.823609784309942275e+06
-5.075508194383538328e+06 4.539071570655237301e+05 -3.823980368870929349e+06
-5.075935043968933634e+06 4.491086370777654811e+05 -3.823980368870929349e+06
-5.076195465755363926e+06 4.461555019658882520e+05 -3.823980368870929349e+06
-5.076870898288758472e+06 4.384028063304936513e+05 -3.823980368870929349e+06
-5.077628322627730668e+06 4.295413318162181531e+05 -3.823980368870929349e+06
-5.082255483333849348e+06 3.708022931600756128e+05 -3.823980368870929349e+06
-5.075723287938001566e+06 4.483458977360767312e+05 -3.824350933199916501e+06
-5.075755879152868874e+06 4.479767795076058828e+05 -3.824350933199916501e+06
-5.075918432561342604e+06 4.461311530446195975e+05 -3.824350933199916501e+06
-5.077351211235594004e+06 4.295178896127174958e+05 -3.824350933199916501e+06
-5.079236192262873985e+06 4.066210065157276695e+05 -3.824350933199916501e+06
-5.075673800900115632e+06 4.457376894979140488e+05 -3.824721477312724572e+06
-5.076348595974296331e+06 4.379857910167414811e+05 -3.824721477312724572e+06
-5.075396712242638692e+06 4.457133560078564915e+05 -3.825092001198509242e+06
-5.076135115759870969e+06 4.372235914457280305e+05 -3.825092001198509242e+06
-5.076166898136647418e+06 4.368544432977006072e+05 -3.825092001198509242e+06
-5.076198653668127023e+06 4.364852928393695620e+05 -3.825092001198509242e+06
-5.076230382346530445e+06 4.361161401612854679e+05 -3.825092001198509242e+06
-5.076293759181506000e+06 4.353778277106783353e+05 -3.825092001198509242e+06
-5.076859318217040040e+06 4.287326036120738718e+05 -3.825092001198509242e+06
-5.081504073271621950e+06 3.696329743016554858e+05 -3.825092001198509242e+06
-5.074234705880966969e+06 4.556531286486547324e+05 -3.825462504846413154e+06
-5.074267828496639617e+06 4.552841186536145979e+05 -3.825462504846413154e+06
-5.074300924269120209e+06 4.549151063393657096e+05 -3.825462504846413154e+06
-5.075119596750595607e+06 4.456890201612294768e+05 -3.825462504846413154e+06
-5.076048241123952903e+06 4.349849167461229372e+05 -3.825462504846413154e+06
-5.076457201636648737e+06 4.301858946613757289e+05 -3.825462504846413154e+06
-5.073924464224149473e+06 4.559972337585131754e+05 -3.825832988272262271e+06
-5.073957611864674836e+06 4.556282463239749195e+05 -3.825832988272262271e+06
-5.073990732671587728e+06 4.552592564798477106e+05 -3.825832988272262271e+06
-5.075771048074054532e+06 4.349611630720038083e+05 -3.825832988272262271e+06
-5.076179986254218034e+06 4.301624030524508562e+05 -3.825832988272262271e+06
-5.076211255126724951e+06 4.297932516600225354e+05 -3.825832988272262271e+06
-5.078186140560221858e+06 4.057936269457882154e+05 -3.825832988272262271e+06
-5.070161435869897716e+06 4.932252651815839927e+05 -3.826203451465204824e+06
-5.074370354897852987e+06 4.478544957121536718e+05 -3.826203451465204824e+06
-5.075430515418630093e+06 4.356756031190202339e+05 -3.826203451465204824e+06
-5.075462185224373825e+06 4.353065062150729354e+05 -3.826203451465204824e+06
-5.075493828180955723e+06 4.349374070975938230e+05 -3.826203451465204824e+06
-5.075525444303397089e+06 4.345683055913663702e+05 -3.826203451465204824e+06
-5.075557033583934419e+06 4.341992017869210104e+05 -3.826203451465204824e+06
-5.075588596014827490e+06 4.338300957748036017e+05 -3.826203451465204824e+06
-5.075620131611061282e+06 4.334609873797900509e+05 -3.826203451465204824e+06
-5.075651640364889055e+06 4.330918766924212687e+05 -3.826203451465204824e+06
-5.075683122268592007e+06 4.327227638032337418e+05 -3.826203451465204824e+06
-5.075714577337115072e+06 4.323536485370045411e+05 -3.826203451465204824e+06
-5.075058106890181080e+06 4.367590208278669161e+05 -3.826573894414392300e+06
-5.075216581452777609e+06 4.349136488235889119e+05 -3.826573894414392300e+06
-5.075342877983611077e+06 4.334373097545949277e+05 -3.826573894414392300e+06
-5.075374385016286746e+06 4.330682192297431175e+05 -3.826573894414392300e+06
-5.075437318550606258e+06 4.323300313997307094e+05 -3.826573894414392300e+06
-5.075468745059471577e+06 4.319609340098944376e+05 -3.826573894414392300e+06
-5.075065597508571111e+06 4.334136298365995754e+05 -3.826944317135648336e+06
-5.075097102819927037e+06 4.330445594762171968e+05 -3.826944317135648336e+06
-5.075160032916008495e+06 4.323064119755139691e+05 -3.826944317135648336e+06
-5.075191457707953639e+06 4.319373347505221027e+05 -3.826944317135648336e+06
-5.075222855652227998e+06 4.315682553298070561e+05 -3.826944317135648336e+06
-5.074693618404667825e+06 4.344970843601215747e+05 -3.827314719618116505e+06
-5.074725202508050017e+06 4.341280410479556303e+05 -3.827314719618116505e+06
-5.074914143516304903e+06 4.319137332068508258e+05 -3.827314719618116505e+06
-5.075008251700666733e+06 4.308065484235930489e+05 -3.827314719618116505e+06
-5.071802765197265893e+06 4.639875774259328609e+05 -3.827685101850957610e+06
-5.071971140557250939e+06 4.621433872972752433e+05 -3.827685101850957610e+06
-5.074636802492639050e+06 4.318901293795711244e+05 -3.827685101850957610e+06
-5.070982274742794223e+06 4.698628895035946043e+05 -3.828055463849985506e+06
-5.071458018015895970e+06 4.646998355826651677e+05 -3.828055463849985506e+06
-5.071592979156306945e+06 4.632245885752718896e+05 -3.828055463849985506e+06
-5.071961909507079981e+06 4.591674576857147622e+05 -3.828055463849985506e+06
-5.074734377042568289e+06 4.274381454089555773e+05 -3.828055463849985506e+06
-5.074827508809427731e+06 4.263309999511713977e+05 -3.828055463849985506e+06
-5.079417737127405591e+06 3.676245604469050886e+05 -3.828055463849985506e+06
-5.068570960577826947e+06 4.923263841902064160e+05 -3.828425805604355410e+06
-5.070773346070740372e+06 4.690996949063070933e+05 -3.828425805604355410e+06
-5.071214560592865571e+06 4.643056443912173854e+05 -3.828425805604355410e+06
-5.071315735683980398e+06 4.631992659608721151e+05 -3.828425805604355410e+06
-5.071349407078007236e+06 4.628304682193978224e+05 -3.828425805604355410e+06
-5.071383051644142717e+06 4.624616681187551003e+05 -3.828425805604355410e+06
-5.071416669398359023e+06 4.620928654838760849e+05 -3.828425805604355410e+06
-5.071450260332399048e+06 4.617240604052155395e+05 -3.828425805604355410e+06
-5.071483824438034557e+06 4.613552529732462135e+05 -3.828425805604355410e+06
-5.071684645866823383e+06 4.591423568582486478e+05 -3.828425805604355410e+06
-5.074050621999260038e+06 4.322119114179521566e+05 -3.828425805604355410e+06
-5.074238727002482861e+06 4.299978981005114620e+05 -3.828425805604355410e+06
-5.068329627989483066e+06 4.919308885640316876e+05 -3.828796127103215083e+06
-5.070188011196362786e+06 4.723925784769370221e+05 -3.828796127103215083e+06
-5.070564275869438425e+06 4.683365684591052704e+05 -3.828796127103215083e+06
-5.070632339027876966e+06 4.675990798580459086e+05 -3.828796127103215083e+06
-5.070937295839229599e+06 4.642802588374085608e+05 -3.828796127103215083e+06
-5.071206544962604530e+06 4.613300287298177136e+05 -3.828796127103215083e+06
-5.071407355411636643e+06 4.591172536032123608e+05 -3.828796127103215083e+06
-5.073647269049591385e+06 4.336641630859485012e+05 -3.828796127103215083e+06
-5.073961296904875897e+06 4.299743882963301730e+05 -3.828796127103215083e+06
-5.074023780474692583e+06 4.292364060243669664e+05 -3.828796127103215083e+06
-5.074054982012491673e+06 4.288674114381088293e+05 -3.828796127103215083e+06
-5.074117304578067735e+06 4.281294155519059277e+05 -3.828796127103215083e+06
-5.074396427809960209e+06 4.248083220805898891e+05 -3.828796127103215083e+06
-5.078835622911385261e+06 3.679537097594375955e+05 -3.828796127103215083e+06
-5.069876395711420104e+06 4.727354398716184660e+05 -3.829166428362389095e+06
-5.070929238661459647e+06 4.613048020460414118e+05 -3.829166428362389095e+06
-5.070962772287193686e+06 4.609360324164354242e+05 -3.829166428362389095e+06
-5.071130038129672408e+06 4.590921479195334250e+05 -3.829166428362389095e+06
-5.075924113860839047e+06 4.026410985337739694e+05 -3.829166428362389095e+06
-5.070785871803150512e+06 4.598045605485815904e+05 -3.829536709371029399e+06
-5.073933987424964085e+06 4.236549100783737376e+05 -3.829536709371029399e+06
-5.069287429893602617e+06 4.730523790893116384e+05 -3.829906970118288882e+06
-5.073748749332865700e+06 4.225248263505093055e+05 -3.829906970118288882e+06
-5.073871442163402215e+06 4.210489147807243280e+05 -3.829906970118288882e+06
-5.073902048290391453e+06 4.206799312944714329e+05 -3.829906970118288882e+06
-5.075427376130533405e+06 4.018588680918698665e+05 -3.829906970118288882e+06
-5.079357266539059579e+06 3.486880541346360696e+05 -3.829906970118288882e+06
-5.079054019012697972e+06 3.490383385190799017e+05 -3.830277210619983263e+06
-5.079104730857893825e+06 3.482996163968056208e+05 -3.830277210619983263e+06
-5.068663899773396552e+06 4.737378299642736092e+05 -3.830647430865268223e+06
-5.069550569809212349e+06 4.641532942384415655e+05 -3.830647430865268223e+06
-5.073285629612495191e+06 4.213717844999385416e+05 -3.830647430865268223e+06
-5.078801483337614685e+06 3.486499006926032598e+05 -3.830647430865268223e+06
-5.066702081180635840e+06 4.914009897503055981e+05 -3.831017630843301769e+06
-5.069273144171761349e+06 4.641278939545789617e+05 -3.831017630843301769e+06
-5.068724830016402528e+06 4.670514346317754244e+05 -3.831387810569897294e+06
-5.068995691718814895e+06 4.641024912155676284e+05 -3.831387810569897294e+06
-5.067693691469493322e+06 4.751342005366833764e+05 -3.831757970034207683e+06
-5.068447365583189763e+06 4.670258680117798503e+05 -3.831757970034207683e+06
-5.068684450414821506e+06 4.644456924144445220e+05 -3.831757970034207683e+06
-5.068169874352167360e+06 4.670002989225329366e+05 -3.832128109225395136e+06
-5.068305504801232368e+06 4.655260083884953638e+05 -3.832128109225395136e+06
-5.068339345408717170e+06 4.651574295510532102e+05 -3.832128109225395136e+06
-5.073614587073787116e+06 4.035717734389780671e+05 -3.832128109225395136e+06
-5.073643922227771021e+06 4.032028086779675796e+05 -3.832128109225395136e+06
-5.067000354544043541e+06 4.765561228298431961e+05 -3.832498228159267455e+06
-5.067892356311485171e+06 4.669747273629427655e+05 -3.832498228159267455e+06
-5.072019535106638446e+06 4.197810937294681207e+05 -3.832498228159267455e+06
-5.072050049039969221e+06 4.194122449210576597e+05 -3.832498228159267455e+06
-5.073041959805872291e+06 4.072390025587828713e+05 -3.832498228159267455e+06
-5.073307410525730811e+06 4.039186173733188771e+05 -3.832498228159267455e+06
-5.073395411161556840e+06 4.028117837910514791e+05 -3.832498228159267455e+06
-5.067614811469269916e+06 4.669491533337582368e+05 -3.832868326824985445e+06
-5.071863652346692979e+06 4.182827766311912565e+05 -3.832868326824985445e+06
-5.073029569126237184e+06 4.038964966333652847e+05 -3.832868326824985445e+06
-5.073380103600326926e+06 3.994692899512721342e+05 -3.832868326824985445e+06
-5.075779187726199627e+06 3.677322758032065467e+05 -3.832868326824985445e+06
-5.066410670037989505e+06 4.768723637779696146e+05 -3.833238405211711302e+06
-5.067337239833649248e+06 4.669235768357281922e+05 -3.833238405211711302e+06
-5.071646627773432992e+06 4.175222291140196612e+05 -3.833238405211711302e+06
-5.064831726858282462e+06 4.904760223029403132e+05 -3.833608463335246779e+06
-5.066098431720393710e+06 4.772146581618512864e+05 -3.833608463335246779e+06
-5.066787153650063090e+06 4.698458145509655005e+05 -3.833608463335246779e+06
-5.066821308406756260e+06 4.694773461197188590e+05 -3.833608463335246779e+06
-5.067025674210961908e+06 4.672664836378929322e+05 -3.833608463335246779e+06
-5.067059641392772086e+06 4.668979978677605977e+05 -3.833608463335246779e+06
-5.072503161395980977e+06 4.034833670328271692e+05 -3.833608463335246779e+06
-5.075249849119566381e+06 3.673229081559989718e+05 -3.833608463335246779e+06
-5.075568466275378130e+06 3.628937778405355639e+05 -3.833608463335246779e+06
-5.066406923929272220e+06 4.709254013266073889e+05 -3.833978501184755936e+06
-5.066441157196742482e+06 4.705569605435960693e+05 -3.833978501184755936e+06
-5.066475363670350052e+06 4.701885172720431001e+05 -3.833978501184755936e+06
-5.066509543341715820e+06 4.698200716023280402e+05 -3.833978501184755936e+06
-5.066543696227062494e+06 4.694516233595423982e+05 -3.833978501184755936e+06
-5.066577822318004444e+06 4.690831726340628229e+05 -3.833978501184755936e+06
-5.066782016154764220e+06 4.668724164306044113e+05 -3.833978501184755936e+06
-5.066815954671698622e+06 4.665039484692635015e+05 -3.833978501184755936e+06
-5.074998472726725042e+06 3.669337191844122717e+05 -3.833978501184755936e+06
-5.075237543283131905e+06 3.636120620970766759e+05 -3.833978501184755936e+06
-5.075316750346847810e+06 3.625048083843967179e+05 -3.833978501184755936e+06
-5.066129292456756346e+06 4.708995953235408524e+05 -3.834348518749401905e+06
-5.066163523848295212e+06 4.705311747305297758e+05 -3.834348518749401905e+06
-5.066197728447440080e+06 4.701627516491134302e+05 -3.834348518749401905e+06
-5.066231906245810911e+06 4.697943261696664267e+05 -3.834348518749401905e+06
-5.066266057259630412e+06 4.694258981172898202e+05 -3.834348518749401905e+06
-5.066300181480514817e+06 4.690574675823553698e+05 -3.834348518749401905e+06
-5.066538300784913823e+06 4.664783847551575163e+05 -3.834348518749401905e+06
-5.066572210655841045e+06 4.661099344299077056e+05 -3.834348518749401905e+06
-5.070873706298613921e+06 4.167160802436399972e+05 -3.834348518749401905e+06
-5.075012256564856507e+06 3.628540098727770965e+05 -3.834348518749401905e+06
-5.065817377887422219e+06 4.712421846519387327e+05 -3.834718516044987366e+06
-5.065851634185370058e+06 4.708737868295040098e+05 -3.834718516044987366e+06
-5.065885863700795919e+06 4.705053864284420852e+05 -3.834718516044987366e+06
-5.065920066425296478e+06 4.701369835391112720e+05 -3.834718516044987366e+06
-5.065954242350491695e+06 4.697685782518811757e+05 -3.834718516044987366e+06
-5.065988391492604278e+06 4.694001703918625135e+05 -3.834718516044987366e+06
-5.066294528109530918e+06 4.660843884417974623e+05 -3.834718516044987366e+06
-5.066328409328878857e+06 4.657159558452422498e+05 -3.834718516044987366e+06
-5.066362263746839017e+06 4.653475208741710521e+05 -3.834718516044987366e+06
-5.066396091379482299e+06 4.649790833536893479e+05 -3.834718516044987366e+06
-5.074442241329495795e+06 3.668935024126419448e+05 -3.834718516044987366e+06
-5.064604699530643411e+06 4.811616026718313224e+05 -3.835088493060675450e+06
-5.064744449486601166e+06 4.796883486059167772e+05 -3.835088493060675450e+06
-5.064918534282810986e+06 4.778467238268586807e+05 -3.835088493060675450e+06
-5.065264694900210015e+06 4.741632851572206710e+05 -3.835088493060675450e+06
-5.065299163636275567e+06 4.737949274308931199e+05 -3.835088493060675450e+06
-5.065333605584518984e+06 4.734265671989023103e+05 -3.835088493060675450e+06
-5.065471105479147285e+06 4.719531014300765819e+05 -3.835088493060675450e+06
-5.065505413485558704e+06 4.715847286989912973e+05 -3.835088493060675450e+06
-5.065539694703056477e+06 4.712163534739312017e+05 -3.835088493060675450e+06
-5.065573949123241939e+06 4.708479758452525712e+05 -3.835088493060675450e+06
-5.065608176762374118e+06 4.704795956380880671e+05 -3.835088493060675450e+06
-5.065642377612049691e+06 4.701112129427909967e+05 -3.835088493060675450e+06
-5.065676551663888618e+06 4.697428278497261927e+05 -3.835088493060675450e+06
-5.066152175459112972e+06 4.645851757046244456e+05 -3.835088493060675450e+06
-5.066185947644900531e+06 4.642167535526299034e+05 -3.835088493060675450e+06
-5.066589124072611332e+06 4.597954960879115970e+05 -3.835088493060675450e+06
-5.074190751743196510e+06 3.665043864913717262e+05 -3.835088493060675450e+06
-5.064987000009830110e+06 4.741372899270748021e+05 -3.835458449785633944e+06
-5.065021466856203973e+06 4.737689523953599273e+05 -3.835458449785633944e+06
-5.065055906916223466e+06 4.734006123581191059e+05 -3.835458449785633944e+06
-5.065090320181450807e+06 4.730322699056997080e+05 -3.835458449785633944e+06
-5.065227705398174934e+06 4.715588748340052553e+05 -3.835458449785633944e+06
-5.065261984736260027e+06 4.711905198045171564e+05 -3.835458449785633944e+06
-5.065296237278503366e+06 4.708221623715422465e+05 -3.835458449785633944e+06
-5.065330463041161187e+06 4.704538023602228495e+05 -3.835458449785633944e+06
-5.065364662015830167e+06 4.700854398609073251e+05 -3.835458449785633944e+06
-5.065398834194133058e+06 4.697170749639554997e+05 -3.835458449785633944e+06
-5.065432979592289776e+06 4.693487074944971828e+05 -3.835458449785633944e+06
-5.065467098201914690e+06 4.689803375428892323e+05 -3.835458449785633944e+06
-5.065874431914057583e+06 4.645597055787356221e+05 -3.835458449785633944e+06
-5.065908202248339541e+06 4.641913036248857970e+05 -3.835458449785633944e+06
-5.065941945799685083e+06 4.638228991277457681e+05 -3.835458449785633944e+06
-5.065975662559809163e+06 4.634544921776817646e+05 -3.835458449785633944e+06
-5.066344778617525473e+06 4.594018547447481542e+05 -3.835458449785633944e+06
-5.066378173869137652e+06 4.590334185115428991e+05 -3.835458449785633944e+06
-5.063237565954657272e+06 4.895783308667725069e+05 -3.835828386235659011e+06
-5.063979327314454131e+06 4.818453734141167952e+05 -3.835828386235659011e+06
-5.065086919624784961e+06 4.700596642923600739e+05 -3.835828386235659011e+06
-5.065121089929370210e+06 4.696913195934697869e+05 -3.835828386235659011e+06
-5.065155233455277048e+06 4.693229723222140456e+05 -3.835828386235659011e+06
-5.065189350194122642e+06 4.689546225689448183e+05 -3.835828386235659011e+06
-5.065223440137547441e+06 4.685862704240165185e+05 -3.835828386235659011e+06
-5.065596661571478471e+06 4.645342329954133602e+05 -3.835828386235659011e+06
-5.065630430054076947e+06 4.641658512416569865e+05 -3.835828386235659011e+06
-5.065664171755207703e+06 4.637974669447498745e+05 -3.835828386235659011e+06
-5.065697886666585691e+06 4.634290801950532477e+05 -3.835828386235659011e+06
-5.066133742525978014e+06 4.586398305734794703e+05 -3.835828386235659011e+06
-5.073660993024045601e+06 3.660952324395835749e+05 -3.835828386235659011e+06
-5.064809150447041728e+06 4.700338862379036727e+05 -3.836198302399917040e+06
-5.064843318877728656e+06 4.696655617390229017e+05 -3.836198302399917040e+06
-5.064877460531206802e+06 4.692972346679178299e+05 -3.836198302399917040e+06
-5.064911575399090536e+06 4.689289051149353036e+05 -3.836198302399917040e+06
-5.064945663473024964e+06 4.685605731704248465e+05 -3.836198302399917040e+06
-5.065251250798229128e+06 4.652454738640323631e+05 -3.836198302399917040e+06
-5.065285071012741886e+06 4.648771171389685478e+05 -3.836198302399917040e+06
-5.065318864439506084e+06 4.645087579554031836e+05 -3.836198302399917040e+06
-5.065352631070242263e+06 4.641403964036884136e+05 -3.836198302399917040e+06
-5.065889253948356025e+06 4.582462781022498966e+05 -3.836198302399917040e+06
-5.069483846674338914e+06 4.166018638603769941e+05 -3.836198302399917040e+06
-5.070849101731282659e+06 3.996410541161163128e+05 -3.836198302399917040e+06
-5.065007248953024857e+06 4.648516194391573081e+05 -3.836568198267574888e+06
-5.065041040526277386e+06 4.644832804594512563e+05 -3.836568198267574888e+06
-5.065074805304973386e+06 4.641149391117257182e+05 -3.836568198267574888e+06
-5.065611398750256747e+06 4.582211440924053313e+05 -3.836568198267574888e+06
-5.065644708140100352e+06 4.578527611952153966e+05 -3.836568198267574888e+06
-5.065400105085066520e+06 4.574592799478972447e+05 -3.836938073854431510e+06
-5.065433359071140178e+06 4.570909124184297980e+05 -3.836938073854431510e+06
-5.068897408931134269e+06 4.169247835491176229e+05 -3.836938073854431510e+06
-5.064586515215766616e+06 4.633274077580602025e+05 -3.837307929149654228e+06
-5.065188670185602270e+06 4.566974844561750069e+05 -3.837307929149654228e+06
-5.072970318378186785e+06 3.601124903958613286e+05 -3.837307929149654228e+06
-5.072996493085375056e+06 3.597435726023156312e+05 -3.837307929149654228e+06
-5.063043660203092732e+06 4.769269058086274308e+05 -3.837677764142408036e+06
-5.063182178410074674e+06 4.754541059214172419e+05 -3.837677764142408036e+06
-5.064308605394266546e+06 4.633019835231697070e+05 -3.837677764142408036e+06
-5.064342284268574789e+06 4.629336954427451128e+05 -3.837677764142408036e+06
-5.064943924079583958e+06 4.563040921756385360e+05 -3.837677764142408036e+06
-5.062417642322503030e+06 4.805823521490349085e+05 -3.838047578848490957e+06
-5.062696377068823203e+06 4.776370757274184143e+05 -3.838047578848490957e+06
-5.063007905432397500e+06 4.743234466313894372e+05 -3.838047578848490957e+06
-5.064064345809478313e+06 4.629082889692579629e+05 -3.838047578848490957e+06
-5.064097996062234044e+06 4.625400185645475867e+05 -3.838047578848490957e+06
-5.064131619533519261e+06 4.621717457136953599e+05 -3.838047578848490957e+06
-5.064699120760852471e+06 4.559107354071413283e+05 -3.838047578848490957e+06
-5.072361127671341412e+06 3.608107162820337689e+05 -3.838047578848490957e+06
-5.061788958784798160e+06 4.842371375706318649e+05 -3.838417373257071711e+06
-5.063176130139068700e+06 4.695109624580245581e+05 -3.838417373257071711e+06
-5.064652535093649291e+06 4.533075859146400471e+05 -3.838417373257071711e+06
-5.061475850253991783e+06 4.845786361158360378e+05 -3.838787147357319016e+06
-5.062898171627095900e+06 4.694851872202834347e+05 -3.838787147357319016e+06
-5.062932300168511458e+06 4.691170016047662939e+05 -3.838787147357319016e+06
-5.062966401934619993e+06 4.687488135083249072e+05 -3.838787147357319016e+06
-5.063238252106478438e+06 4.658032199223029311e+05 -3.838787147357319016e+06
-5.063743352093425579e+06 4.602798077407883247e+05 -3.838787147357319016e+06
-5.064506135852059349e+06 4.518095142879356281e+05 -3.838787147357319016e+06
-5.068521712611103430e+06 4.042794653133667889e+05 -3.838787147357319016e+06
-5.062654313000871800e+06 4.690912440992663614e+05 -3.839156901165029034e+06
-5.062960248140133917e+06 4.657776443644826068e+05 -3.839156901165029034e+06
-5.064195194174014032e+06 4.521529868769570021e+05 -3.839156901165029034e+06
-5.064228062270835973e+06 4.517847070735106827e+05 -3.839156901165029034e+06
-5.067620141862465069e+06 4.119968276901909849e+05 -3.839156901165029034e+06
-5.067650089719582349e+06 4.116282988352966495e+05 -3.839156901165029034e+06
-5.068243418549190275e+06 4.042572678007725044e+05 -3.839156901165029034e+06
-5.068302161783134565e+06 4.035201173440234852e+05 -3.839156901165029034e+06
-5.071525785262341611e+06 3.607512961253561080e+05 -3.839156901165029034e+06
-5.062546521421440877e+06 4.672247212083209888e+05 -3.839526634669367224e+06
-5.062580485578045249e+06 4.668565611715076957e+05 -3.839526634669367224e+06
-5.062614422961204313e+06 4.664883986657245550e+05 -3.839526634669367224e+06
-5.063487396787190810e+06 4.569153140810616314e+05 -3.839526634669367224e+06
-5.063520611220005900e+06 4.565470856491184095e+05 -3.839526634669367224e+06
-5.063620093839295208e+06 4.554423859627604834e+05 -3.839526634669367224e+06
-5.067311882220220752e+06 4.123427093744763406e+05 -3.839526634669367224e+06
-5.067341855224191211e+06 4.119742030243818299e+05 -3.839526634669367224e+06
-5.067371801436732523e+06 4.116056944071243634e+05 -3.839526634669367224e+06
-5.067965097683888860e+06 4.042350681502650259e+05 -3.839526634669367224e+06
-5.068053167485701852e+06 4.031294000723214122e+05 -3.839526634669367224e+06
-5.068286840978980996e+06 4.001808581426954479e+05 -3.839526634669367224e+06
-5.068315929545735940e+06 3.998122809237718466e+05 -3.839526634669367224e+06
-5.068344991315697320e+06 3.994437015019819955e+05 -3.839526634669367224e+06
-5.071062995143179782e+06 3.633129793360144249e+05 -3.839526634669367224e+06
-5.071273503873336129e+06 3.603626930979116587e+05 -3.839526634669367224e+06
-5.071378114570636302e+06 3.588875042663142667e+05 -3.839526634669367224e+06
-5.060430164149196818e+06 4.867068845456845593e+05 -3.839896347859505564e+06
-5.061790188373173587e+06 4.723527565118006896e+05 -3.839896347859505564e+06
-5.062234482310340740e+06 4.675671970993917785e+05 -3.839896347859505564e+06
-5.062268471365168691e+06 4.671990598421539180e+05 -3.839896347859505564e+06
-5.062302433656360954e+06 4.668309200257807970e+05 -3.839896347859505564e+06
-5.062336369175578468e+06 4.664627777405734523e+05 -3.839896347859505564e+06
-5.062640584055852145e+06 4.631493866624998627e+05 -3.839896347859505564e+06
-5.062674251837415621e+06 4.627812198843940278e+05 -3.839896347859505564e+06
-5.063142789515946992e+06 4.576266280144746415e+05 -3.839896347859505564e+06
-5.063375090311049484e+06 4.550491539524033433e+05 -3.839896347859505564e+06
-5.067033570436213166e+06 4.123200622910253587e+05 -3.839896347859505564e+06
-5.067063541793976910e+06 4.119515761803915375e+05 -3.839896347859505564e+06
-5.067093486361782998e+06 4.115830878027193248e+05 -3.839896347859505564e+06
-5.067123404132276773e+06 4.112145972483863588e+05 -3.839896347859505564e+06
-5.067686750023351982e+06 4.042128663624946494e+05 -3.839896347859505564e+06
-5.067804116377090104e+06 4.027387189315797877e+05 -3.839896347859505564e+06
-5.067833390964999795e+06 4.023701767221586779e+05 -3.839896347859505564e+06
-5.068008475647348911e+06 4.001588790241520619e+05 -3.839896347859505564e+06
-5.068037562616473064e+06 3.997903220485814963e+05 -3.839896347859505564e+06
-5.068066622790276073e+06 3.994217628702656366e+05 -3.839896347859505564e+06
-5.068153642489368096e+06 3.983160727575281053e+05 -3.839896347859505564e+06
-5.071021165967383422e+06 3.599741268564034835e+05 -3.839896347859505564e+06
-5.061956407342663035e+06 4.675415130395807792e+05 -3.840266040751241148e+06
-5.061990394530428573e+06 4.671733960045899730e+05 -3.840266040751241148e+06
-5.062024354956028983e+06 4.668052764106043614e+05 -3.840266040751241148e+06
-5.062831373544267379e+06 4.579696707301160786e+05 -3.840266040751241148e+06
-5.063229099641801789e+06 4.535513430618940620e+05 -3.840266040751241148e+06
-5.066815144482842647e+06 4.115604790211155196e+05 -3.840266040751241148e+06
-5.067408375555685721e+06 4.041906624365125899e+05 -3.840266040751241148e+06
-5.067555008442159742e+06 4.023480740174583043e+05 -3.840266040751241148e+06
-5.067584254615209997e+06 4.019795500131593435e+05 -3.840266040751241148e+06
-5.067613473995375447e+06 4.016110237945475965e+05 -3.840266040751241148e+06
-5.067642666575478390e+06 4.012424954520147294e+05 -3.840266040751241148e+06
-5.067671832348367199e+06 4.008739650759609067e+05 -3.840266040751241148e+06
-5.070768771549019031e+06 3.595855972310840152e+05 -3.840266040751241148e+06
-5.070794907945273444e+06 3.592168395399453584e+05 -3.840266040751241148e+06
-5.061336980095397681e+06 4.711966589272829005e+05 -3.840635713333740365e+06
-5.061371233102684841e+06 4.708285868403033819e+05 -3.840635713333740365e+06
-5.061678305604845285e+06 4.675158265071781352e+05 -3.840635713333740365e+06
-5.061712290925369598e+06 4.671477296963810804e+05 -3.840635713333740365e+06
-5.061746249485198408e+06 4.667796303267297917e+05 -3.840635713333740365e+06
-5.062519907682341523e+06 4.583126681485136505e+05 -3.840635713333740365e+06
-5.067159352852188982e+06 4.037999631847701967e+05 -3.840635713333740365e+06
-5.067188704617668875e+06 4.034314678610754781e+05 -3.840635713333740365e+06
-5.067276599119572900e+06 4.023259691849414958e+05 -3.840635713333740365e+06
-5.067305843685851432e+06 4.019574654271950130e+05 -3.840635713333740365e+06
-5.067335061460715719e+06 4.015889594552573981e+05 -3.840635713333740365e+06
-5.067364252436990850e+06 4.012204513595153694e+05 -3.840635713333740365e+06
-5.067393416607524268e+06 4.008519412303640856e+05 -3.840635713333740365e+06
-5.061024592460141517e+06 4.715388170395094203e+05 -3.841005365596179385e+06
-5.061058870350697078e+06 4.711707676690969383e+05 -3.841005365596179385e+06
-5.061093121475854889e+06 4.708027158068988356e+05 -3.841005365596179385e+06
-5.061127345827222802e+06 4.704346615431921091e+05 -3.841005365596179385e+06
-5.061434160558134317e+06 4.671220609182787593e+05 -3.841005365596179385e+06
-5.062041285416658968e+06 4.604962607867929619e+05 -3.841005365596179385e+06
-5.062074760267111473e+06 4.601281375095756375e+05 -3.841005365596179385e+06
-5.062108208346792497e+06 4.597600117989694700e+05 -3.841005365596179385e+06
-5.062141629647508264e+06 4.593918837452760781e+05 -3.841005365596179385e+06
-5.062175024185123853e+06 4.590237531737378449e+05 -3.841005365596179385e+06
-5.062208391951438040e+06 4.586556201746557490e+05 -3.841005365596179385e+06
-5.065867075362096541e+06 4.163046435287991771e+05 -3.841005365596179385e+06
-5.066018113118329085e+06 4.144626147415086743e+05 -3.841005365596179385e+06
-5.066763254616533406e+06 4.052516540731718997e+05 -3.841005365596179385e+06
-5.066939596682388335e+06 4.030408230359245790e+05 -3.841005365596179385e+06
-5.066998163005390204e+06 4.023038622252554633e+05 -3.841005365596179385e+06
-5.067027405964741483e+06 4.019353787160097854e+05 -3.841005365596179385e+06
-5.067056622134150937e+06 4.015668929926946876e+05 -3.841005365596179385e+06
-5.067085811506443657e+06 4.011984051456918241e+05 -3.841005365596179385e+06
-5.067114974074468017e+06 4.008299152653914643e+05 -3.841005365596179385e+06
-5.059565150464055128e+06 4.840243964657555334e+05 -3.841374997554340400e+06
-5.060746457827158272e+06 4.715129030623258441e+05 -3.841374997554340400e+06
-5.060780733833931386e+06 4.711448739185047452e+05 -3.841374997554340400e+06
-5.060814983076777309e+06 4.707768422830350464e+05 -3.841374997554340400e+06
-5.060849205547305755e+06 4.704088082461886224e+05 -3.841374997554340400e+06
-5.060883401261759922e+06 4.700407716332614073e+05 -3.841374997554340400e+06
-5.061494347174441442e+06 4.634156899432371138e+05 -3.841374997554340400e+06
-5.061528034333236516e+06 4.630476064327746863e+05 -3.841374997554340400e+06
-5.061561694716075435e+06 4.626795205618239124e+05 -3.841374997554340400e+06
-5.061595328338939697e+06 4.623114321556562791e+05 -3.841374997554340400e+06
-5.061628935193568468e+06 4.619433413045555935e+05 -3.841374997554340400e+06
-5.061662515271727927e+06 4.615752480988083407e+05 -3.841374997554340400e+06
-5.061696068589359522e+06 4.612071523636823404e+05 -3.841374997554340400e+06
-5.061729595138222910e+06 4.608390541894588969e+05 -3.841374997554340400e+06
-5.065649166759083048e+06 4.155450005443423870e+05 -3.841374997554340400e+06
-5.065679372644597664e+06 4.151766151018434903e+05 -3.841374997554340400e+06
-5.065709551747531630e+06 4.148082273752702749e+05 -3.841374997554340400e+06
-5.065739704060471617e+06 4.144398374549868749e+05 -3.841374997554340400e+06
-5.066218497455945238e+06 4.085453025058730855e+05 -3.841374997554340400e+06
-5.066690431933105923e+06 4.026502143572188797e+05 -3.841374997554340400e+06
-5.066719700087725185e+06 4.022817531374564278e+05 -3.841374997554340400e+06
-5.066748941439994611e+06 4.019132898786608130e+05 -3.841374997554340400e+06
-5.066778156003794633e+06 4.015448244059174322e+05 -3.841374997554340400e+06
-5.066807343771950342e+06 4.011763568096029339e+05 -3.841374997554340400e+06
-5.066836504737311043e+06 4.008078871801027562e+05 -3.841374997554340400e+06
-5.060468296430429444e+06 4.714869865915473201e+05 -3.841744609197406564e+06
-5.060502570553238504e+06 4.711189776762640104e+05 -3.841744609197406564e+06
-5.060536817913591862e+06 4.707509662694689468e+05 -3.841744609197406564e+06
-5.060571038503099233e+06 4.703829524614292313e+05 -3.841744609197406564e+06
-5.060605232338002883e+06 4.700149360774502275e+05 -3.841744609197406564e+06
-5.060639399409908801e+06 4.696469172077960684e+05 -3.841744609197406564e+06
-5.061182432596921921e+06 4.637582793600267032e+05 -3.841744609197406564e+06
-5.061384303524360061e+06 4.615498778462623013e+05 -3.841744609197406564e+06
-5.061417854997750372e+06 4.611818023433341295e+05 -3.841744609197406564e+06
-5.065370735887411050e+06 4.155221603213202325e+05 -3.841744609197406564e+06
-5.065400940112674609e+06 4.151537951269428595e+05 -3.841744609197406564e+06
-5.065431117556829005e+06 4.147854276486167219e+05 -3.841744609197406564e+06
-5.065880564471886493e+06 4.092596537757746992e+05 -3.841744609197406564e+06
-5.066441210374724120e+06 4.022596419221913093e+05 -3.841744609197406564e+06
-5.066470450119757093e+06 4.018911989157943171e+05 -3.841744609197406564e+06
-5.066499663077793084e+06 4.015227536955712130e+05 -3.841744609197406564e+06
-5.066528849241658114e+06 4.011543063518938143e+05 -3.841744609197406564e+06
-5.066558008604201488e+06 4.007858569751424366e+05 -3.841744609197406564e+06
-5.066587141179265454e+06 4.004174053904089960e+05 -3.841744609197406564e+06
-5.066645325938360766e+06 3.996804959584956523e+05 -3.841744609197406564e+06
-5.060190108278106898e+06 4.714610676279335166e+05 -3.842114200514544733e+06
-5.060224380516772158e+06 4.710930789431336452e+05 -3.842114200514544733e+06
-5.060258625994451344e+06 4.707250877669590409e+05 -3.842114200514544733e+06
-5.060292844702756964e+06 4.703570941896717413e+05 -3.842114200514544733e+06
-5.060327036657929420e+06 4.699890980365868309e+05 -3.842114200514544733e+06
-5.060361201851574704e+06 4.696210993979633204e+05 -3.842114200514544733e+06
-5.060904205186529085e+06 4.637327852651520516e+05 -3.842114200514544733e+06
-5.065092278234225698e+06 4.154993179013587651e+05 -3.842114200514544733e+06
-5.065602078791991808e+06 4.092371556233835290e+05 -3.842114200514544733e+06
-5.066191932012191974e+06 4.018691058280577417e+05 -3.842114200514544733e+06
-5.066221143364310265e+06 4.015006808623030665e+05 -3.842114200514544733e+06
-5.066250327923729084e+06 4.011322537732108030e+05 -3.842114200514544733e+06
-5.066279485683300532e+06 4.007638246511562611e+05 -3.842114200514544733e+06
-5.066308616656864993e+06 4.003953933212410193e+05 -3.842114200514544733e+06
-5.066337720837268978e+06 4.000269598738313070e+05 -3.842114200514544733e+06
-5.058801114180075005e+06 4.832088086572850589e+05 -3.842483771521545015e+06
-5.059946163712648675e+06 4.710671777180076460e+05 -3.842483771521545015e+06
-5.059980407307473943e+06 4.706992067744000233e+05 -3.842483771521545015e+06
-5.060014624134396203e+06 4.703312334298117785e+05 -3.842483771521545015e+06
-5.060048814209656790e+06 4.699632575095675420e+05 -3.842483771521545015e+06
-5.060082977524861693e+06 4.695952791039213771e+05 -3.842483771521545015e+06
-5.060117114071640186e+06 4.692272983031389304e+05 -3.842483771521545015e+06
-5.060592215883121826e+06 4.640753065362572670e+05 -3.842483771521545015e+06
-5.065323566315994598e+06 4.092146553062030580e+05 -3.842483771521545015e+06
-5.065353311853883788e+06 4.088462934703631909e+05 -3.842483771521545015e+06
-5.066030065334624611e+06 4.003733791340551106e+05 -3.842483771521545015e+06
-5.066059167914847843e+06 4.000049659435289796e+05 -3.842483771521545015e+06
-5.060280176757207140e+06 4.644177825150570134e+05 -3.842853322207581718e+06
-5.060313936793446541e+06 4.640497872989161988e+05 -3.842853322207581718e+06
-5.064505056521209888e+06 4.158219287979520741e+05 -3.842853322207581718e+06
-5.065045027052048594e+06 4.091921528248920804e+05 -3.842853322207581718e+06
-5.065074770954246633e+06 4.088238112450601766e+05 -3.842853322207581718e+06
-5.065780588200587779e+06 3.999829698978015804e+05 -3.842853322207581718e+06
-5.059934276139326394e+06 4.651281830816979636e+05 -3.843222852561831940e+06
-5.059968087830160744e+06 4.647602131065935828e+05 -3.843222852561831940e+06
-5.060001872769482434e+06 4.643922405852962402e+05 -3.843222852561831940e+06
-5.064226520174634643e+06 4.157990595304558519e+05 -3.843222852561831940e+06
-5.064736691956955008e+06 4.095379673380911699e+05 -3.843222852561831940e+06
-5.064766461008312181e+06 4.091696481801097398e+05 -3.843222852561831940e+06
-5.064796203274662606e+06 4.088013268582333112e+05 -3.843222852561831940e+06
-5.064825918748722412e+06 4.084330034628114081e+05 -3.843222852561831940e+06
-5.058974133434154093e+06 4.724610750172859989e+05 -3.843592362600080203e+06
-5.059588249151390046e+06 4.658384904787304113e+05 -3.843592362600080203e+06
-5.059622112506266683e+06 4.654705455772300484e+05 -3.843592362600080203e+06
-5.059655949103341438e+06 4.651025982140919077e+05 -3.843592362600080203e+06
-5.059689758934327401e+06 4.647346484795651631e+05 -3.843592362600080203e+06
-5.064458100759008899e+06 4.095154402690914576e+05 -3.843592362600080203e+06
-5.064517608803234063e+06 4.087788403089222265e+05 -3.843592362600080203e+06
-5.064547322642762214e+06 4.084105371735182125e+05 -3.843592362600080203e+06
-5.064577009705578908e+06 4.080422317898396868e+05 -3.843592362600080203e+06
-5.065019101444637403e+06 4.025173936158524593e+05 -3.843592362600080203e+06
-5.059276010841987096e+06 4.661807847742701997e+05 -3.843961852311498020e+06
-5.059309899081903510e+06 4.658128626667802455e+05 -3.843961852311498020e+06
-5.059343760573808104e+06 4.654449380075375084e+05 -3.843961852311498020e+06
-5.064179482777694240e+06 4.094929110343708307e+05 -3.843961852311498020e+06
-5.064209248553938232e+06 4.091246323979067383e+05 -3.843961852311498020e+06
-5.064238987548122182e+06 4.087563515977857169e+05 -3.843961852311498020e+06
-5.064268699752962217e+06 4.083880687243473367e+05 -3.843961852311498020e+06
-5.064298385182563215e+06 4.080197836027581943e+05 -3.843961852311498020e+06
-5.064328043829633854e+06 4.076514963233618182e+05 -3.843961852311498020e+06
-5.058997635887654498e+06 4.661551342554223957e+05 -3.844331321685272735e+06
-5.063390750434554182e+06 4.157304385336412233e+05 -3.844331321685272735e+06
-5.063930602159616537e+06 4.091021212618042482e+05 -3.844331321685272735e+06
-5.063960339517481625e+06 4.087338607254819945e+05 -3.844331321685272735e+06
-5.063990050087476149e+06 4.083655981159564690e+05 -3.844331321685272735e+06
-5.064019733883705921e+06 4.079973332584038144e+05 -3.844331321685272735e+06
-5.064049390898877755e+06 4.076290662431626697e+05 -3.844331321685272735e+06
-5.064079021125728264e+06 4.072607971605603816e+05 -3.844331321685272735e+06
-5.064108624578322284e+06 4.068925258357743733e+05 -3.844331321685272735e+06
-5.058685322900502011e+06 4.664973605112867081e+05 -3.844700770737178158e+06
-5.063081862464128993e+06 4.160757593031787546e+05 -3.844700770737178158e+06
-5.063202679788388312e+06 4.146029508778701420e+05 -3.844700770737178158e+06
-5.063232817179827951e+06 4.142347432630173862e+05 -3.844700770737178158e+06
-5.063651928978028707e+06 4.090796079616263742e+05 -3.844700770737178158e+06
-5.063681664699417539e+06 4.087113676910509239e+05 -3.844700770737178158e+06
-5.063711373634409159e+06 4.083431253473862307e+05 -3.844700770737178158e+06
-5.063741055797110312e+06 4.079748807558182161e+05 -3.844700770737178158e+06
-5.063770711180226877e+06 4.076066340066803969e+05 -3.844700770737178158e+06
-5.063800339776495472e+06 4.072383851902951719e+05 -3.844700770737178158e+06
-5.063829941599982791e+06 4.068701341318496270e+05 -3.844700770737178158e+06
-5.064503391874839552e+06 3.983997705586650409e+05 -3.844700770737178158e+06
-5.064532350934222341e+06 3.980314683961956180e+05 -3.844700770737178158e+06
-5.058305007583482191e+06 4.675752468942340347e+05 -3.845070199456397910e+06
-5.062833436712286435e+06 4.156846802089179982e+05 -3.845070199456397910e+06
-5.062924004554060288e+06 4.145801314132355619e+05 -3.845070199456397910e+06
-5.062954140286758542e+06 4.142119440642796690e+05 -3.845070199456397910e+06
-5.063373229017331265e+06 4.090570924980320269e+05 -3.845070199456397910e+06
-5.063402963102085516e+06 4.086888724951508339e+05 -3.845070199456397910e+06
-5.063432670401917771e+06 4.083206504192944849e+05 -3.845070199456397910e+06
-5.063462350930931978e+06 4.079524260956584476e+05 -3.845070199456397910e+06
-5.063492004681836814e+06 4.075841996145714074e+05 -3.845070199456397910e+06
-5.063521631647367962e+06 4.072159710663507576e+05 -3.845070199456397910e+06
-5.063551231841590255e+06 4.068477402761932462e+05 -3.845070199456397910e+06
-5.064282533198899589e+06 3.976412770184550318e+05 -3.845070199456397910e+06
-5.056715204399829730e+06 4.815252476326130563e+05 -3.845439607832104899e+06
-5.057992545308377594e+06 4.679173368458885234e+05 -3.845439607832104899e+06
-5.062554739694939926e+06 4.156617977495246450e+05 -3.845439607832104899e+06
-5.062645302551167086e+06 4.145573097566433717e+05 -3.845439607832104899e+06
-5.063094502285692841e+06 4.090345748716813396e+05 -3.845439607832104899e+06
-5.063124234733656049e+06 4.086663751384411589e+05 -3.845439607832104899e+06
-5.063153940398172475e+06 4.082981733323399676e+05 -3.845439607832104899e+06
-5.063183619293343276e+06 4.079299692785828956e+05 -3.845439607832104899e+06
-5.063213271411878988e+06 4.075617630674935644e+05 -3.845439607832104899e+06
-5.063242896746516228e+06 4.071935547893843614e+05 -3.845439607832104899e+06
-5.063272495311317965e+06 4.068253442694616970e+05 -3.845439607832104899e+06
-5.063625589402029291e+06 4.024066511242391425e+05 -3.845439607832104899e+06
-5.064032658714946359e+06 3.972511220682699350e+05 -3.845439607832104899e+06
-5.062785991185500287e+06 4.093802323802018655e+05 -3.845808995880085044e+06
-5.062815748771204613e+06 4.090120550816119649e+05 -3.845808995880085044e+06
-5.062845479582219385e+06 4.086438756199605996e+05 -3.845808995880085044e+06
-5.062875183611261658e+06 4.082756940855623106e+05 -3.845808995880085044e+06
-5.062934511358442716e+06 4.075393243644879549e+05 -3.845808995880085044e+06
-5.062964135062028654e+06 4.071711363584379433e+05 -3.845808995880085044e+06
-5.062993731997253373e+06 4.068029461106979288e+05 -3.845808995880085044e+06
-5.057093994422652759e+06 4.715435579352122149e+05 -3.846178363589517772e+06
-5.062507212534903549e+06 4.093576901536565274e+05 -3.846178363589517772e+06
-5.062536968482028693e+06 4.089895331284834538e+05 -3.846178363589517772e+06
-5.062566697655937634e+06 4.086213739403678919e+05 -3.846178363589517772e+06
-5.062596400049348362e+06 4.082532126796196681e+05 -3.846178363589517772e+06
-5.062685346602068283e+06 4.071487157741680276e+05 -3.846178363589517772e+06
-5.063532739523496479e+06 3.964709210390219232e+05 -3.846178363589517772e+06
-5.065992729749005288e+06 3.636903319942374364e+05 -3.846178363589517772e+06
-5.055984832134433091e+06 4.803426741557393107e+05 -3.846547710949582048e+06
-5.056849763475375250e+06 4.711498456198186614e+05 -3.846547710949582048e+06
-5.061718487995581701e+06 4.155931371813729638e+05 -3.846547710949582048e+06
-5.062198626045127399e+06 4.097032802594560781e+05 -3.846547710949582048e+06
-5.062228407117947005e+06 4.093351457627656055e+05 -3.846547710949582048e+06
-5.062258161426334642e+06 4.089670090129557648e+05 -3.846547710949582048e+06
-5.062287888962981291e+06 4.085988701003227034e+05 -3.846547710949582048e+06
-5.065713732375565916e+06 3.636703026233352721e+05 -3.846547710949582048e+06
-5.056605475269076414e+06 4.707561687416603672e+05 -3.846917037976054940e+06
-5.061919795490267687e+06 4.096807134260697057e+05 -3.846917037976054940e+06
-5.061949574922719039e+06 4.093125992065658211e+05 -3.846917037976054940e+06
-5.061979327592211775e+06 4.089444827340667252e+05 -3.846917037976054940e+06
-5.062009053491437808e+06 4.085763640988633852e+05 -3.846917037976054940e+06
-5.062127689368330874e+06 4.071038681466710987e+05 -3.846917037976054940e+06
-5.062157281413883902e+06 4.067357387271611369e+05 -3.846917037976054940e+06
-5.063003804559745826e+06 3.960590586554851034e+05 -3.846917037976054940e+06
-5.056531824185289443e+06 4.685239515847230796e+05 -3.847286344658118673e+06
-5.061191059087013826e+06 4.151792933478840278e+05 -3.847286344658118673e+06
-5.061221238389343023e+06 4.148112321090386831e+05 -3.847286344658118673e+06
-5.061640938165462576e+06 4.096581444260883145e+05 -3.847286344658118673e+06
-5.061670715957387350e+06 4.092900504857177148e+05 -3.847286344658118673e+06
-5.061700466987827793e+06 4.089219542924760608e+05 -3.847286344658118673e+06
-5.061730191249476746e+06 4.085538559366493719e+05 -3.847286344658118673e+06
-5.062724887517702766e+06 3.960372400621403358e+05 -3.847286344658118673e+06
-5.065155657246734947e+06 3.636302381108675618e+05 -3.847286344658118673e+06
-5.060912199787668884e+06 4.151564179801112041e+05 -3.847655630984957330e+06
-5.060942377427192405e+06 4.147883770205436158e+05 -3.847655630984957330e+06
-5.061362054078876972e+06 4.096355732601726777e+05 -3.847655630984957330e+06
-5.061391830230117775e+06 4.092674996008816524e+05 -3.847655630984957330e+06
-5.061421579621349461e+06 4.088994236888436135e+05 -3.847655630984957330e+06
-5.061451302245263942e+06 4.085313456143396907e+05 -3.847655630984957330e+06
-5.062445943708147854e+06 3.960154193748774705e+05 -3.847655630984957330e+06
-5.062474729378045537e+06 3.956472668405798031e+05 -3.847655630984957330e+06
-5.064876579507689923e+06 3.636102029704754823e+05 -3.847655630984957330e+06
-5.055838105282076634e+06 4.699430236302026897e+05 -3.848024896972347051e+06
-5.056042675321944058e+06 4.677369534303189721e+05 -3.848024896972347051e+06
-5.060663489693570882e+06 4.147655197378928424e+05 -3.848024896972347051e+06
-5.060693638914067298e+06 4.143974967777371639e+05 -3.848024896972347051e+06
-5.060873972184282728e+06 4.121893132392422995e+05 -3.848024896972347051e+06
-5.060903934057183564e+06 4.118212749791810638e+05 -3.848024896972347051e+06
-5.060933869158324786e+06 4.114532346295309835e+05 -3.848024896972347051e+06
-5.060963777501916513e+06 4.110851920155849075e+05 -3.848024896972347051e+06
-5.062138162271189503e+06 3.963617266571298824e+05 -3.848024896972347051e+06
-5.062166973119168542e+06 3.959935965927644866e+05 -3.848024896972347051e+06
-5.060414722755493596e+06 4.143746575848970679e+05 -3.848394142609465867e+06
-5.060565059102260508e+06 4.125346115448843339e+05 -3.848394142609465867e+06
-5.060595046086782590e+06 4.121665957487050910e+05 -3.848394142609465867e+06
-5.060625006308358163e+06 4.117985777727837558e+05 -3.848394142609465867e+06
-5.060654939759650268e+06 4.114305577073887107e+05 -3.848394142609465867e+06
-5.060684846454866230e+06 4.110625353778224671e+05 -3.848394142609465867e+06
-5.061772578087599948e+06 3.974441984097530949e+05 -3.848394142609465867e+06
-5.061801467656100169e+06 3.970760949285554816e+05 -3.848394142609465867e+06
-5.061830330462210812e+06 3.967079892590734526e+05 -3.848394142609465867e+06
-5.055314939542258158e+06 4.695235883994424948e+05 -3.848763367885503452e+06
-5.060286107901471667e+06 4.125118715891849715e+05 -3.848763367885503452e+06
-5.060316093233034015e+06 4.121438760789712542e+05 -3.848763367885503452e+06
-5.060346051803126931e+06 4.117758783891355852e+05 -3.848763367885503452e+06
-5.060375983604410663e+06 4.114078786099413992e+05 -3.848763367885503452e+06
-5.061493560325296596e+06 3.974222902759580757e+05 -3.848763367885503452e+06
-5.055036235638298094e+06 4.694977031561582698e+05 -3.849132572816229425e+06
-5.055206615644832142e+06 4.676596091451991815e+05 -3.849132572816229425e+06
-5.059977119501604699e+06 4.128571024039157201e+05 -3.849132572816229425e+06
-5.060007129932681099e+06 4.124891294513722532e+05 -3.849132572816229425e+06
-5.060037113611126319e+06 4.121211542290706420e+05 -3.849132572816229425e+06
-5.060067070529577322e+06 4.117531768272672780e+05 -3.849132572816229425e+06
-5.060097000680694357e+06 4.113851973362205899e+05 -3.849132572816229425e+06
-5.060365167851100676e+06 4.080732837180377683e+05 -3.849132572816229425e+06
-5.060394830399210565e+06 4.077052824701540521e+05 -3.849132572816229425e+06
-5.061214515788605437e+06 3.974003800398708554e+05 -3.849132572816229425e+06
-5.053825956002976745e+06 4.793958972243341850e+05 -3.849501757390828338e+06
-5.054757505000792444e+06 4.694718154299368034e+05 -3.849501757390828338e+06
-5.054927875612710603e+06 4.676338227700050338e+05 -3.849501757390828338e+06
-5.059698116427732632e+06 4.128343377949223504e+05 -3.849501757390828338e+06
-5.059728125204057433e+06 4.124663851321119000e+05 -3.849501757390828338e+06
-5.059758107229227200e+06 4.120984301996685099e+05 -3.849501757390828338e+06
-5.059788062495877035e+06 4.117304730878435075e+05 -3.849501757390828338e+06
-5.060086143380553462e+06 4.080507828849640791e+05 -3.849501757390828338e+06
-5.060115804293095134e+06 4.076828019283735775e+05 -3.849501757390828338e+06
-5.060145438445224427e+06 4.073148188157579280e+05 -3.849501757390828338e+06
-5.060906532923378982e+06 3.977465082918875851e+05 -3.849501757390828338e+06
-5.054649108854306862e+06 4.676080339223495685e+05 -3.849870921598492656e+06
-5.059358992075110786e+06 4.135474293706678436e+05 -3.849870921598492656e+06
-5.059389052717017941e+06 4.131795012794821523e+05 -3.849870921598492656e+06
-5.059419086602357216e+06 4.128115710032021743e+05 -3.849870921598492656e+06
-5.059449093723772094e+06 4.124436386320701567e+05 -3.849870921598492656e+06
-5.059479074095507152e+06 4.120757039914303459e+05 -3.849870921598492656e+06
-5.059509027710198425e+06 4.117077671715291217e+05 -3.849870921598492656e+06
-5.059836751433267258e+06 4.076603192311032908e+05 -3.849870921598492656e+06
-5.059866383951147087e+06 4.072923564118453651e+05 -3.849870921598492656e+06
-5.059895989702831954e+06 4.069243915269338759e+05 -3.849870921598492656e+06
-5.060598499725792557e+06 3.980925917464772938e+05 -3.849870921598492656e+06
-5.054370315357719548e+06 4.675822426011317875e+05 -3.850240065454983618e+06
-5.059109997784771025e+06 4.131567120105538634e+05 -3.850240065454983618e+06
-5.059140030013565905e+06 4.127888020277830074e+05 -3.850240065454983618e+06
-5.059170035479912534e+06 4.124208899502757704e+05 -3.850240065454983618e+06
-5.059200014198054560e+06 4.120529756033858866e+05 -3.850240065454983618e+06
-5.059587302691287361e+06 4.072698918534294935e+05 -3.850240065454983618e+06
-5.059616906810041517e+06 4.069019472639361047e+05 -3.850240065454983618e+06
-5.059646484178132378e+06 4.065340004342346801e+05 -3.850240065454983618e+06
-5.054091495131110772e+06 4.675564488071067608e+05 -3.850609188949491829e+06
-5.058830916097436100e+06 4.131339205566475866e+05 -3.850609188949491829e+06
-5.059308194673815742e+06 4.072474251411681180e+05 -3.850609188949491829e+06
-5.059337797159483656e+06 4.068795008490387117e+05 -3.850609188949491829e+06
-5.059367372895962559e+06 4.065115743168247864e+05 -3.850609188949491829e+06
-5.059924227943735197e+06 3.995205644841554458e+05 -3.850609188949491829e+06
-5.052815416319944896e+06 4.781877900948806200e+05 -3.850978292071207426e+06
-5.053778635036079213e+06 4.678981748726752703e+05 -3.850978292071207426e+06
-5.058551807663187385e+06 4.131111269184307312e+05 -3.850978292071207426e+06
-5.059029059906906448e+06 4.072249562757191015e+05 -3.850978292071207426e+06
-5.059058660759330727e+06 4.068570522828989197e+05 -3.850978292071207426e+06
-5.059088234864042141e+06 4.064891460501178517e+05 -3.850978292071207426e+06
-5.059557781721727923e+06 4.006023557287550066e+05 -3.850978292071207426e+06
-5.059586900963728316e+06 4.002344133037173888e+05 -3.850978292071207426e+06
-5.052536597665818408e+06 4.781614032857319689e+05 -3.851347374835894443e+06
-5.053465725227452815e+06 4.682398555185608566e+05 -3.851347374835894443e+06
-5.053499763230725192e+06 4.678723558532500174e+05 -3.851347374835894443e+06
-5.058272672470105812e+06 4.130883310949300649e+05 -3.851347374835894443e+06
-5.059161852898223326e+06 4.020519176973133581e+05 -3.851347374835894443e+06
-5.059191077563385479e+06 4.016840039728936390e+05 -3.851347374835894443e+06
-5.059220275466023013e+06 4.013160882124704658e+05 -3.851347374835894443e+06
-5.062137131367882714e+06 3.626734916853075847e+05 -3.851347374835894443e+06
-5.052257752291367389e+06 4.781350139478281490e+05 -3.851716437232742552e+06
-5.053152765726699494e+06 4.685814906499423669e+05 -3.851716437232742552e+06
-5.053186828575209714e+06 4.682140137427871814e+05 -3.851716437232742552e+06
-5.058232966322557069e+06 4.101228420349329826e+05 -3.851716437232742552e+06
-5.058262777924403548e+06 4.097549958397172159e+05 -3.851716437232742552e+06
-5.058292562775637954e+06 4.093871474775109091e+05 -3.851716437232742552e+06
-5.058322320868966170e+06 4.090192970385475201e+05 -3.851716437232742552e+06
-5.058352052218512632e+06 4.086514443482033093e+05 -3.851716437232742552e+06
-5.058381756816975772e+06 4.082835894967046916e+05 -3.851716437232742552e+06
-5.058411434657079168e+06 4.079157325742866960e+05 -3.851716437232742552e+06
-5.058441085752911866e+06 4.075478734063180746e+05 -3.851716437232742552e+06
-5.058470710097189993e+06 4.071800120830378728e+05 -3.851716437232742552e+06
-5.058765482141925953e+06 4.035012810890121618e+05 -3.851716437232742552e+06
-5.058794812208825722e+06 4.031333961856592796e+05 -3.851716437232742552e+06
-5.057923927720833570e+06 4.104680279060366447e+05 -3.852085479250945151e+06
-5.057953764418966137e+06 4.101002042721085018e+05 -3.852085479250945151e+06
-5.057983574375285767e+06 4.097323783810895984e+05 -3.852085479250945151e+06
-5.058013357582470402e+06 4.093645503231997718e+05 -3.852085479250945151e+06
-5.058043114033224992e+06 4.089967201886674738e+05 -3.852085479250945151e+06
-5.058072843741674908e+06 4.086288878028786858e+05 -3.852085479250945151e+06
-5.058102546700518578e+06 4.082610532560547581e+05 -3.852085479250945151e+06
-5.058132222902478650e+06 4.078932166384257143e+05 -3.852085479250945151e+06
-5.058161872361644171e+06 4.075253777753700269e+05 -3.852085479250945151e+06
-5.058191495070732199e+06 4.071575367571217357e+05 -3.852085479250945151e+06
-5.058221091022485867e+06 4.067896936739037046e+05 -3.852085479250945151e+06
-5.058250660230955109e+06 4.064218483510956285e+05 -3.852085479250945151e+06
-5.058280202688877471e+06 4.060540008789288695e+05 -3.852085479250945151e+06
-5.058309718389015645e+06 4.056861513476298423e+05 -3.852085479250945151e+06
-5.058339207345381379e+06 4.053182995825753314e+05 -3.852085479250945151e+06
-5.058368669550732709e+06 4.049504456739960006e+05 -3.852085479250945151e+06
-5.058398104997850955e+06 4.045825897121221060e+05 -3.852085479250945151e+06
-5.058427513700709678e+06 4.042147315223318874e+05 -3.852085479250945151e+06
-5.058456895652086474e+06 4.038468711948529817e+05 -3.852085479250945151e+06
-5.057614838903258555e+06 4.108131689133848995e+05 -3.852454500906261150e+06
-5.057644700708730146e+06 4.104453676678373595e+05 -3.852454500906261150e+06
-5.057971415181304328e+06 4.063994114856958622e+05 -3.852454500906261150e+06
-5.051421055867508054e+06 4.780558307636149693e+05 -3.852823502187882550e+06
-5.057275786249477416e+06 4.115260414644866250e+05 -3.852823502187882550e+06
-5.057305699890228920e+06 4.111582649619289441e+05 -3.852823502187882550e+06
-5.060381261241656728e+06 3.636573815703826258e+05 -3.853561443613383919e+06
-5.060101729801931418e+06 3.636372934255988221e+05 -3.853930383762218524e+06
-5.049606622682146728e+06 4.764021306425105431e+05 -3.855405940505342092e+06
-5.048872899391097948e+06 4.752216333716805093e+05 -3.856512393986266572e+06
-5.057970032102648169e+06 3.620052305111997412e+05 -3.856881171028486453e+06
-5.052332474816829897e+06 4.270313896638129954e+05 -3.857618663910812698e+06
-5.059647239030364901e+06 3.292249389389612479e+05 -3.857618663910812698e+06
-5.057130617669863626e+06 3.619451525721637299e+05 -3.857987379755865317e+06
-5.059102318498807959e+06 3.332538200898141949e+05 -3.857987379755865317e+06
-5.047335079567566514e+06 4.735957100286207860e+05 -3.858724750226316508e+06
-5.046810675508623943e+06 4.731762615416599438e+05 -3.859462039078198373e+06
-5.057885156183043495e+06 3.346513346418663277e+05 -3.859462039078198373e+06
-5.057349311820418574e+06 3.342464917730303714e+05 -3.860199246278224047e+06
-5.045727081505727954e+06 4.727045078269026708e+05 -3.860936371819640975e+06
-5.054996027618389577e+06 3.603144370164658176e+05 -3.860936371819640975e+06
-5.045202284768750891e+06 4.722852276678101625e+05 -3.861673415695705917e+06
-5.056470335866336711e+06 3.304953449185650679e+05 -3.861673415695705917e+06
-5.052859205976991914e+06 3.586848725867863395e+05 -3.863884057105099782e+06
-5.052604977838387713e+06 3.582975403498343658e+05 -3.864252425825985149e+06
-5.043747122729341500e+06 4.636401990795429447e+05 -3.864620774119625799e+06
-5.043848153296487406e+06 4.625398131303341361e+05 -3.864620774119625799e+06
-5.052350693360553123e+06 3.579102450924873119e+05 -3.864620774119625799e+06
-5.043221042725865729e+06 4.632219899169459241e+05 -3.865357409382011276e+06
-5.042118815695572644e+06 4.690376515258246800e+05 -3.866093962885512970e+06
-5.041872954851649702e+06 4.686449549654111615e+05 -3.866462208960663062e+06
-5.041975077331744134e+06 4.675449777770972578e+05 -3.866462208960663062e+06
-5.041695088103679009e+06 4.675190142299940344e+05 -3.866830434596875682e+06
-5.041347024784892797e+06 4.682262873335806071e+05 -3.867198639783367049e+06
-5.041066986018977128e+06 4.682002781120313448e+05 -3.867566824509353843e+06
-5.040786920586673543e+06 4.681742664137821994e+05 -3.867934988790561911e+06
-5.040820953853697516e+06 4.678076887774102506e+05 -3.867934988790561911e+06
-5.040540859872142784e+06 4.677816949721648707e+05 -3.868303132616207935e+06
-5.040260739240425639e+06 4.677556986936812755e+05 -3.868671255975512322e+06
-5.039980591946584173e+06 4.677296999408493284e+05 -3.869039358884193003e+06
-5.048397285924304277e+06 3.579991584913715487e+05 -3.869775503306566738e+06
-5.038545437578157522e+06 4.679660837074461742e+05 -3.870879566449963022e+06
-5.038265132275515236e+06 4.679400497307072510e+05 -3.871247546561031137e+06
-5.037704441743895411e+06 4.678879743538937764e+05 -3.871983445353147574e+06
-5.037424056511152536e+06 4.678619329534693970e+05 -3.872351364039137959e+06
-5.046561428156225011e+06 3.560248099080077372e+05 -3.872351364039137959e+06
-5.046306383716636337e+06 3.556380146833507461e+05 -3.872719262246207800e+06
-5.036863206132678315e+06 4.678098427305247751e+05 -3.873087139963582158e+06
-5.047588593074506149e+06 3.240170460187076824e+05 -3.873822833965622354e+06
-5.035741185731637292e+06 4.677056325969812460e+05 -3.874558446012032684e+06
-5.044901373688849621e+06 3.555389967207267764e+05 -3.874558446012032684e+06
-5.044927215876387432e+06 3.551721201706959982e+05 -3.874558446012032684e+06
-5.035494611353278160e+06 4.673133835843537818e+05 -3.874926221304741222e+06
-5.035528582020975649e+06 4.669471909057649900e+05 -3.874926221304741222e+06
-5.044594424208635464e+06 3.558860417157448828e+05 -3.874926221304741222e+06
-5.044620291634812020e+06 3.555191874867920415e+05 -3.874926221304741222e+06
-5.044646132382524200e+06 3.551523313776790746e+05 -3.874926221304741222e+06
-5.044235558915896341e+06 3.569667001301856362e+05 -3.875293976096085273e+06
-5.044261504930724390e+06 3.565998719957979629e+05 -3.875293976096085273e+06
-5.044287424268987030e+06 3.562330419755326002e+05 -3.875293976096085273e+06
-5.044313316924336366e+06 3.558662101593710249e+05 -3.875293976096085273e+06
-5.044339182909063995e+06 3.554993763731708750e+05 -3.875293976096085273e+06
-5.044468112662980333e+06 3.536651794561939896e+05 -3.875293976096085273e+06
-5.044493818583816290e+06 3.532983344187514158e+05 -3.875293976096085273e+06
-5.044519497826857492e+06 3.529314875128914719e+05 -3.875293976096085273e+06
-5.035069092090720311e+06 4.657966771009731456e+05 -3.875661710401775781e+06
-5.043928458044201136e+06 3.573136110721562873e+05 -3.875661710401775781e+06
-5.044109696553084068e+06 3.547459311461241450e+05 -3.875661710401775781e+06
-5.044264003497194499e+06 3.525449893957345630e+05 -3.875661710401775781e+06
-5.044289627956042998e+06 3.521781592044926365e+05 -3.875661710401775781e+06
-5.043647303182727657e+06 3.572936939659444033e+05 -3.876029424211040605e+06
-5.043828531589149497e+06 3.547261571655930020e+05 -3.876029424211040605e+06
-5.043854314668159001e+06 3.543593586369946715e+05 -3.876029424211040605e+06
-5.044008452962507494e+06 3.521585283547712606e+05 -3.876029424211040605e+06
-5.043366121654687449e+06 3.572737749706639443e+05 -3.876397117513112724e+06
-5.043547339957690798e+06 3.547063813095681835e+05 -3.876397117513112724e+06
-5.043573121599302627e+06 3.543396032298562350e+05 -3.876397117513112724e+06
-5.043727251300496981e+06 3.521388956431316910e+05 -3.876397117513112724e+06
-5.043752846228791401e+06 3.517721044866879238e+05 -3.876397117513112724e+06
-5.049723897116747685e+06 2.519423549625419546e+05 -3.876397117513112724e+06
-5.043084913448072039e+06 3.572538540854641469e+05 -3.876764790323696099e+06
-5.043266121646698564e+06 3.546866035772051546e+05 -3.876764790323696099e+06
-5.043291901850776747e+06 3.543198459483198239e+05 -3.876764790323696099e+06
-5.042829644017108716e+06 3.568672073931351770e+05 -3.877132442632016726e+06
-5.043010655430819839e+06 3.543000867929641390e+05 -3.877132442632016726e+06
-5.042729382347663864e+06 3.542803257643675897e+05 -3.877500074427315965e+06
-5.042960178189561702e+06 3.509797914559452329e+05 -3.877500074427315965e+06
-5.042344819032386877e+06 3.557273365723231109e+05 -3.877867685725288466e+06
-5.042370674923147075e+06 3.553606459397078725e+05 -3.877867685725288466e+06
-5.042448082589300349e+06 3.542605628616865142e+05 -3.877867685725288466e+06
-5.042089352816510946e+06 3.553408197880866937e+05 -3.878235276515172329e+06
-5.042166756163964048e+06 3.542407980854993802e+05 -3.878235276515172329e+06
-5.042423034047179855e+06 3.505739375705595012e+05 -3.878235276515172329e+06
-5.041833830393502489e+06 3.549543401644743280e+05 -3.878602846786194947e+06
-5.041885403079899959e+06 3.542210314363854704e+05 -3.878602846786194947e+06
-5.042192599397053011e+06 3.498210220778736984e+05 -3.878602846786194947e+06
-5.041936627450904809e+06 3.494348400291840662e+05 -3.878970396554062143e+06
-5.041962025733353570e+06 3.490681791857398930e+05 -3.878970396554062143e+06
-5.041705969541445374e+06 3.486820529906583251e+05 -3.879337925808008295e+06
-5.041092641249070875e+06 3.534285268147881143e+05 -3.879705434537265450e+06
-5.041143992028916255e+06 3.526953258164427243e+05 -3.879705434537265450e+06
-5.041449857199222781e+06 3.482959640419896459e+05 -3.879705434537265450e+06
-5.047243689173534513e+06 2.507147449192704225e+05 -3.879705434537265450e+06
-5.047280100768804550e+06 2.499806504616924503e+05 -3.879705434537265450e+06
-5.040785464700402692e+06 3.537753707495262497e+05 -3.880072922757532448e+06
-5.041193688692521304e+06 3.479099124349610065e+05 -3.880072922757532448e+06
-5.040478237702395767e+06 3.541221700915567344e+05 -3.880440390458045993e+06
-5.040606666945228353e+06 3.522893771448620246e+05 -3.880440390458045993e+06
-5.040912178063132800e+06 3.478904844295185758e+05 -3.880440390458045993e+06
-5.031069667554836720e+06 4.661647000947374618e+05 -3.880807837628044188e+06
-5.040145169243526645e+06 3.548354553252640762e+05 -3.880807837628044188e+06
-5.039786103713302873e+06 3.559151538419690914e+05 -3.881175264283223078e+06
-5.039811973263080232e+06 3.555486493718637503e+05 -3.881175264283223078e+06
-5.040069202865176834e+06 3.518835009574078140e+05 -3.881175264283223078e+06
-5.040374359993985854e+06 3.474850774224415072e+05 -3.881175264283223078e+06
-5.049228141971088015e+06 1.772420329472041049e+05 -3.881175264283223078e+06
-5.039504544563612901e+06 3.558952698298274772e+05 -3.881542670412815176e+06
-5.039813202835765667e+06 3.514973375245581847e+05 -3.881542670412815176e+06
-5.040118023070927709e+06 3.470991375387713197e+05 -3.881542670412815176e+06
-5.049557111483206972e+06 1.588725137773188180e+05 -3.881542670412815176e+06
-5.030361864376711659e+06 4.646233210929516936e+05 -3.881910056006065104e+06
-5.030395639431147836e+06 4.642575016853093985e+05 -3.881910056006065104e+06
-5.039222958769277669e+06 3.558753839360121056e+05 -3.881910056006065104e+06
-5.039557146644498222e+06 3.511112114179158234e+05 -3.881910056006065104e+06
-5.039861630018606782e+06 3.467132350303091225e+05 -3.881910056006065104e+06
-5.030080747120008804e+06 4.645973560357753886e+05 -3.882277421078661922e+06
-5.038915454450051300e+06 3.562219374031469924e+05 -3.882277421078661922e+06
-5.039301034295536578e+06 3.507251224687922513e+05 -3.882277421078661922e+06
-5.039605180841039866e+06 3.463273697283561341e+05 -3.882277421078661922e+06
-5.048804536130224355e+06 1.647294197576323058e+05 -3.882277421078661922e+06
-5.048816502242333256e+06 1.643622598661444208e+05 -3.882277421078661922e+06
-5.049084353292123415e+06 1.559173470896583458e+05 -3.882277421078661922e+06
-5.038633816797778010e+06 3.562020272635454312e+05 -3.882644765619846992e+06
-5.039044865794922225e+06 3.503390707737887278e+05 -3.882644765619846992e+06
-5.039070329842521809e+06 3.499726202227595495e+05 -3.882644765619846992e+06
-5.039323504638224840e+06 3.463080126210162998e+05 -3.882644765619846992e+06
-5.039348675544351339e+06 3.459415417295107036e+05 -3.882644765619846992e+06
-5.048869694636265747e+06 1.537056621868710208e+05 -3.882644765619846992e+06
-5.048914192193804309e+06 1.522369990139730508e+05 -3.882644765619846992e+06
-5.029720650206014514e+06 4.623508329882508842e+05 -3.883012089618863538e+06
-5.038814077131352387e+06 3.495866244247094728e+05 -3.883012089618863538e+06
-5.038839486466223374e+06 3.492201905711488798e+05 -3.883012089618863538e+06
-5.038864869147114456e+06 3.488537549586843234e+05 -3.883012089618863538e+06
-5.047739646399324760e+06 1.793950223449977057e+05 -3.883012089618863538e+06
-5.048665044174513780e+06 1.511270445820279710e+05 -3.883012089618863538e+06
-5.029439441843230277e+06 4.623249832582523231e+05 -3.883379393091396429e+06
-5.038532360361069441e+06 3.495670792672062526e+05 -3.883379393091396429e+06
-5.038557768275321461e+06 3.492006659007206326e+05 -3.883379393091396429e+06
-5.038583149537083693e+06 3.488342507754293620e+05 -3.883379393091396429e+06
-5.038608504158404656e+06 3.484678337173903710e+05 -3.883379393091396429e+06
-5.029191812920052558e+06 4.619333992141797789e+05 -3.883746676026688889e+06
-5.037736891894743778e+06 3.568749984158790903e+05 -3.883746676026688889e+06
-5.038250616944524460e+06 3.495475322610186995e+05 -3.883746676026688889e+06
-5.038276023438023403e+06 3.491811393835457857e+05 -3.883746676026688889e+06
-5.038301403280522674e+06 3.488147447473655920e+05 -3.883746676026688889e+06
-5.028977678036156110e+06 4.611761347167447675e+05 -3.884113938413985539e+06
-5.037455150570861064e+06 3.568550397644703626e+05 -3.884113938413985539e+06
-5.037917956821134314e+06 3.502607225444639334e+05 -3.884113938413985539e+06
-5.037610679386480711e+06 3.506074771984542022e+05 -3.884481180268971249e+06
-5.039751235751594417e+06 3.183621238094510045e+05 -3.884481180268971249e+06
-5.036891587989365682e+06 3.568151167991201510e+05 -3.884848401580890175e+06
-5.037303351521656848e+06 3.509541871570845833e+05 -3.884848401580890175e+06
-5.037783462958324701e+06 3.439937166258092038e+05 -3.884848401580890175e+06
-5.039446132949230261e+06 3.187107934122257284e+05 -3.884848401580890175e+06
-5.046393178561151959e+06 1.775099549486634496e+05 -3.884848401580890175e+06
-5.047318882266576402e+06 1.488824954441582086e+05 -3.884848401580890175e+06
-5.036609766748255119e+06 3.567951524863477680e+05 -3.885215602338990662e+06
-5.037526593026441522e+06 3.436081312965087127e+05 -3.885215602338990662e+06
-5.046110825692548417e+06 1.775000230144657253e+05 -3.885215602338990662e+06
-5.047014771349774674e+06 1.496082254385086708e+05 -3.885215602338990662e+06
-5.036353850966526195e+06 3.564089333000654005e+05 -3.885582782558950130e+06
-5.037269667003411800e+06 3.432225834189601592e+05 -3.885582782558950130e+06
-5.036097879020414315e+06 3.560227512514051050e+05 -3.885949942230016924e+06
-5.036406649838242680e+06 3.516277917737269308e+05 -3.885949942230016924e+06
-5.036432207617369480e+06 3.512615329878382618e+05 -3.885949942230016924e+06
-5.036457738755212165e+06 3.508952724322035792e+05 -3.885949942230016924e+06
-5.037012684913417324e+06 3.428370728259486496e+05 -3.885949942230016924e+06
-5.045507199645916000e+06 1.785809194840374112e+05 -3.885949942230016924e+06
-5.047696983609219082e+06 9.894042725257937855e+04 -3.885949942230016924e+06
-5.036201317646025680e+06 3.505093884822493419e+05 -3.886317081341438927e+06
-5.036226794093106873e+06 3.501431446314975037e+05 -3.886317081341438927e+06
-5.036755646762662567e+06 3.424515996140054194e+05 -3.886317081341438927e+06
-5.047421611685484648e+06 9.856783026965300087e+04 -3.886317081341438927e+06
-5.035663150435863994e+06 3.541518961136644939e+05 -3.886684199908895884e+06
-5.035970288790333085e+06 3.497573167205624632e+05 -3.886684199908895884e+06
-5.036498552537085488e+06 3.420661638782693772e+05 -3.886684199908895884e+06
-5.044903235448189080e+06 1.796615572206435027e+05 -3.886684199908895884e+06
-5.047131850257532671e+06 9.892935001568261941e+04 -3.886684199908895884e+06
-5.035406925789036788e+06 3.537658816809577402e+05 -3.887051297921637073e+06
-5.035713727379971184e+06 3.493715260329985758e+05 -3.887051297921637073e+06
-5.036241402260832489e+06 3.416807654515465256e+05 -3.887051297921637073e+06
-5.026512065105983056e+06 4.602128140199254267e+05 -3.887418375368908513e+06
-5.035124933180092834e+06 3.537460701015956583e+05 -3.887418375368908513e+06
-5.035457109868113883e+06 3.489857726653299760e+05 -3.887418375368908513e+06
-5.035984195940142497e+06 3.412954044303536648e+05 -3.887418375368908513e+06
-5.036009002321965061e+06 3.409291764813951449e+05 -3.887418375368908513e+06
-5.034842913936137222e+06 3.537262566509730532e+05 -3.887785432266389485e+06
-5.035200436240565032e+06 3.486000567126623937e+05 -3.887785432266389485e+06
-5.035502729877983220e+06 3.442058832278029295e+05 -3.887785432266389485e+06
-5.035527747923037037e+06 3.438396901964593562e+05 -3.887785432266389485e+06
-5.035577704115893692e+06 3.431072987684069085e+05 -3.887785432266389485e+06
-5.035751711927899159e+06 3.405438715826297412e+05 -3.887785432266389485e+06
-5.044029529954956844e+06 1.803650010385175119e+05 -3.887785432266389485e+06
-5.034943706521696411e+06 3.482143780078581767e+05 -3.888152468603328802e+06
-5.035320553839648142e+06 3.427219003416890046e+05 -3.888152468603328802e+06
-5.034686920717620291e+06 3.478287366474235896e+05 -3.888519484368977603e+06
-5.035063347518963739e+06 3.423365393205002765e+05 -3.888519484368977603e+06
-5.035088229616676457e+06 3.419703783347649151e+05 -3.888519484368977603e+06
-5.035113085092309862e+06 3.416042154526445665e+05 -3.888519484368977603e+06
-5.036809754405417480e+06 3.156021508311536745e+05 -3.888519484368977603e+06
-5.043264656049421988e+06 1.858462502326069807e+05 -3.888519484368977603e+06
-5.043331898262483068e+06 1.840124551517098153e+05 -3.888519484368977603e+06
-5.043385211939896457e+06 1.825454016642922943e+05 -3.888519484368977603e+06
-5.033996696456497535e+06 3.536668050759184989e+05 -3.888886479579014238e+06
-5.034022402523241006e+06 3.533007215414053644e+05 -3.888886479579014238e+06
-5.034430078814161010e+06 3.474431327264561551e+05 -3.888886479579014238e+06
-5.034855766678761691e+06 3.412189292655896279e+05 -3.888886479579014238e+06
-5.036664733715433627e+06 3.133868361861757585e+05 -3.888886479579014238e+06
-5.042968525704996660e+06 1.862025716694419098e+05 -3.888886479579014238e+06
-5.025170978483986109e+06 4.593530296179831494e+05 -3.889253454222683329e+06
-5.033740275340558030e+06 3.532809211255076807e+05 -3.889253454222683329e+06
-5.034198406264478341e+06 3.466914697264952119e+05 -3.889253454222683329e+06
-5.034573592790947296e+06 3.411998059626930044e+05 -3.889253454222683329e+06
-5.034598392224384472e+06 3.408336805959265912e+05 -3.889253454222683329e+06
-5.036382458445714787e+06 3.133692727074875147e+05 -3.889253454222683329e+06
-5.042672343535596505e+06 1.865588501201126492e+05 -3.889253454222683329e+06
-5.044003349796947092e+06 1.462148284343967098e+05 -3.889253454222683329e+06
-5.044159844441785477e+06 1.407125884132358769e+05 -3.889253454222683329e+06
-5.033611781630226411e+06 3.510648248589321738e+05 -3.889620408289239276e+06
-5.033764483388093300e+06 3.488684640383125516e+05 -3.889620408289239276e+06
-5.033789840504133143e+06 3.485023974913572310e+05 -3.889620408289239276e+06
-5.033815171005075797e+06 3.481363290134928538e+05 -3.889620408289239276e+06
-5.033840474884699099e+06 3.477702586945057847e+05 -3.889620408289239276e+06
-5.033916226788258180e+06 3.466720367980640731e+05 -3.889620408289239276e+06
-5.034167002689040266e+06 3.430111783261504606e+05 -3.889620408289239276e+06
-5.034316190327947028e+06 3.408145760113021825e+05 -3.889620408289239276e+06
-5.042376109557515010e+06 1.869150854893153009e+05 -3.889620408289239276e+06
-5.043773449540107511e+06 1.443726744717813854e+05 -3.889620408289239276e+06
-5.024574190339854918e+06 4.596669299071176210e+05 -3.889987341794360895e+06
-5.033406058977679349e+06 3.499470333156515262e+05 -3.889987341794360895e+06
-5.033431494530426338e+06 3.495809928311965778e+05 -3.889987341794360895e+06
-5.033608798082627356e+06 3.470186573439579806e+05 -3.889987341794360895e+06
-5.033759734367204830e+06 3.448222982103231479e+05 -3.889987341794360895e+06
-5.034058731837408617e+06 3.404293834133337368e+05 -3.889987341794360895e+06
-5.035634685387144797e+06 3.162638076124875224e+05 -3.889987341794360895e+06
-5.042093429183638655e+06 1.869046068528349570e+05 -3.889987341794360895e+06
-5.043695326030720957e+06 1.370289708619936428e+05 -3.889987341794360895e+06
-5.043764427721885964e+06 1.344614380666674988e+05 -3.889987341794360895e+06
-5.024259026257400401e+06 4.600065323408659897e+05 -3.890354254727294203e+06
-5.024325878351020627e+06 4.592757786531760357e+05 -3.890354254727294203e+06
-5.033326566771641374e+06 3.469992002239219146e+05 -3.890354254727294203e+06
-5.033527590910380706e+06 3.440708709977812832e+05 -3.890354254727294203e+06
-5.033577580754268914e+06 3.433387703904666705e+05 -3.890354254727294203e+06
-5.033801217325602658e+06 3.400442282652599970e+05 -3.890354254727294203e+06
-5.033998195145616308e+06 3.371156240756442421e+05 -3.890354254727294203e+06
-5.034120441062422469e+06 3.352851884630624554e+05 -3.890354254727294203e+06
-5.043442302557538263e+06 1.359209825536523131e+05 -3.890354254727294203e+06
-5.043510840255219489e+06 1.333535787045878824e+05 -3.890354254727294203e+06
-5.023977276822254993e+06 4.599807361826717388e+05 -3.890721147077298723e+06
-5.033195228206668049e+06 3.447836284442035249e+05 -3.890721147077298723e+06
-5.033220288272644393e+06 3.444176032176023582e+05 -3.890721147077298723e+06
-5.033245321714442223e+06 3.440515762573932880e+05 -3.890721147077298723e+06
-5.033270328543945216e+06 3.436855473898249329e+05 -3.890721147077298723e+06
-5.033518932785294019e+06 3.400251593301717658e+05 -3.890721147077298723e+06
-5.033543646798821166e+06 3.396591106635413016e+05 -3.890721147077298723e+06
-5.033568334198397584e+06 3.392930601127714035e+05 -3.890721147077298723e+06
-5.033740400615977123e+06 3.367306562996911816e+05 -3.890721147077298723e+06
-5.033862506571597420e+06 3.349003144492929569e+05 -3.890721147077298723e+06
-5.035069968962023035e+06 3.162283405109226005e+05 -3.890721147077298723e+06
-5.041514384557723999e+06 1.872502763230712735e+05 -3.890721147077298723e+06
-5.043237695085512474e+06 1.329793463440316555e+05 -3.890721147077298723e+06
-5.023695500811060891e+06 4.599549375912518008e+05 -3.891088018860036042e+06
-5.023728936396772042e+06 4.595896028998349793e+05 -3.891088018860036042e+06
-5.032887849918209948e+06 3.451302937001204700e+05 -3.891088018860036042e+06
-5.032912935195210390e+06 3.447642908257798990e+05 -3.891088018860036042e+06
-5.032937993855662644e+06 3.443982861281586229e+05 -3.891088018860036042e+06
-5.033433577345266938e+06 3.370778128816885874e+05 -3.891088018860036042e+06
-5.033458077027847990e+06 3.367117703422214254e+05 -3.891088018860036042e+06
-5.033482550085126422e+06 3.363457261099072057e+05 -3.891088018860036042e+06
-5.033604516099069268e+06 3.345154779541983153e+05 -3.891088018860036042e+06
-5.023413698232066818e+06 4.599291365673614782e+05 -3.891454870064771269e+06
-5.032555284119057469e+06 3.458428928495199070e+05 -3.891454870064771269e+06
-5.032605531697357073e+06 3.451109337275986327e+05 -3.891454870064771269e+06
-5.033224643577039242e+06 3.359608333391795168e+05 -3.891454870064771269e+06
-5.033346469651238061e+06 3.341306790742157027e+05 -3.891454870064771269e+06
-5.032298077798395418e+06 3.454575318283527158e+05 -3.891821700680753682e+06
-5.032323186868362129e+06 3.450915719304234954e+05 -3.891821700680753682e+06
-5.032942264013942331e+06 3.359419848911061417e+05 -3.891821700680753682e+06
-5.040514648749381304e+06 1.912509499408240372e+05 -3.891821700680753682e+06
-5.040528543583665043e+06 1.908843928368746419e+05 -3.891821700680753682e+06
-5.032065896474317648e+06 3.447062670316728181e+05 -3.892188510723653249e+06
-5.032364793333195150e+06 3.403148304310884560e+05 -3.892188510723653249e+06
-5.032389528421179391e+06 3.399488656072347076e+05 -3.892188510723653249e+06
-5.032414236889457330e+06 3.395828990733958199e+05 -3.892188510723653249e+06
-5.032438918749756180e+06 3.392169306558403187e+05 -3.892188510723653249e+06
-5.032463573996013962e+06 3.388509604443368153e+05 -3.892188510723653249e+06
-5.032488202622191980e+06 3.384849885286557837e+05 -3.892188510723653249e+06
-5.032561928826245479e+06 3.373870618732267758e+05 -3.892188510723653249e+06
-5.032659857827368192e+06 3.359231346659522969e+05 -3.892188510723653249e+06
-5.032854438285626471e+06 3.329951951897526742e+05 -3.892188510723653249e+06
-5.034009071623891592e+06 3.150591433352729655e+05 -3.892188510723653249e+06
-5.040273419859062880e+06 1.901406060077875736e+05 -3.892188510723653249e+06
-5.040314782154325396e+06 1.890409844117845641e+05 -3.892188510723653249e+06
-5.040328516275896691e+06 1.886744418483912013e+05 -3.892188510723653249e+06
-5.032008016324420460e+06 3.413935539317500661e+05 -3.892555300182724837e+06
-5.032205779453700408e+06 3.384659927557700430e+05 -3.892555300182724837e+06
-5.032279501520240679e+06 3.373681277159698075e+05 -3.892555300182724837e+06
-5.032304022318164818e+06 3.370021691025039763e+05 -3.892555300182724837e+06
-5.032328516502761282e+06 3.366362087068029796e+05 -3.892555300182724837e+06
-5.032352984068030491e+06 3.362702466186347883e+05 -3.892555300182724837e+06
-5.032377425025588833e+06 3.359042826642699656e+05 -3.892555300182724837e+06
-5.031700738896588795e+06 3.417403085861675208e+05 -3.892922069047227968e+06
-5.031947928935512900e+06 3.380810624785945402e+05 -3.892922069047227968e+06
-5.031972501580396667e+06 3.377151279758865130e+05 -3.892922069047227968e+06
-5.031997047607818618e+06 3.373491917749969289e+05 -3.892922069047227968e+06
-5.032021567029429600e+06 3.369832537022109609e+05 -3.892922069047227968e+06
-5.032046059839206748e+06 3.366173138472898863e+05 -3.892922069047227968e+06
-5.032070526031149551e+06 3.362513722999965539e+05 -3.892922069047227968e+06
-5.032094965616876259e+06 3.358854288866113639e+05 -3.892922069047227968e+06
-5.032362044601652771e+06 3.318599348787451745e+05 -3.892922069047227968e+06
-5.031418274999529123e+06 3.417211243571453961e+05 -3.893288817332829349e+06
-5.031714567076916806e+06 3.373302540494994028e+05 -3.893288817332829349e+06
-5.041389862796148285e+06 1.277945074225781573e+05 -3.893288817332829349e+06
-5.031061116963714361e+06 3.427995537372519611e+05 -3.893655545028780121e+06
-5.031432059935810976e+06 3.373113145400320645e+05 -3.893655545028780121e+06
-5.031554377183168195e+06 3.354818118997549755e+05 -3.893655545028780121e+06
-5.031869288677095436e+06 3.307248982687966782e+05 -3.893655545028780121e+06
-5.038831235772397369e+06 1.981597185884433275e+05 -3.893655545028780121e+06
-5.038974009179254994e+06 1.944953250918480917e+05 -3.893655545028780121e+06
-5.031149526192768477e+06 3.372923732471492258e+05 -3.894022252124349587e+06
-5.031271836571553722e+06 3.354629733402932761e+05 -3.894022252124349587e+06
-5.031296218819548376e+06 3.350970880991458544e+05 -3.894022252124349587e+06
-5.038490434278077446e+06 1.996142370892478211e+05 -3.894022252124349587e+06
-5.021424927391615696e+06 4.568013717207566951e+05 -3.894388938635192346e+06
-5.030989269345296547e+06 3.354441330062846537e+05 -3.894388938635192346e+06
-5.031013650223930366e+06 3.350782683140523732e+05 -3.894388938635192346e+06
-5.031038004501914605e+06 3.347124017619549995e+05 -3.894388938635192346e+06
-5.031424054331720807e+06 3.288582979460959323e+05 -3.894388938635192346e+06
-5.038178377268385142e+06 2.003358017458815011e+05 -3.894388938635192346e+06
-5.030682269392794929e+06 3.357911333535671583e+05 -3.894755604550572112e+06
-5.030706675512666814e+06 3.354252908982808003e+05 -3.894755604550572112e+06
-5.030731055021811277e+06 3.350594467568984837e+05 -3.894755604550572112e+06
-5.030755407931800000e+06 3.346936007557555567e+05 -3.894755604550572112e+06
-5.040266779457791708e+06 1.273992649746810202e+05 -3.894755604550572112e+06
-5.020893990176345222e+06 4.563849231280333479e+05 -3.895122249859748874e+06
-5.030472784763335250e+06 3.346747979799812310e+05 -3.895122249859748874e+06
-5.020611878606148995e+06 4.563592799920639955e+05 -3.895488874578383286e+06
-5.030311486806085333e+06 3.328269426335399621e+05 -3.895488874578383286e+06
-5.030335677364889532e+06 3.324611271501643932e+05 -3.895488874578383286e+06
-5.030719108193743043e+06 3.266078420528059360e+05 -3.895488874578383286e+06
-5.029760966778486036e+06 3.368318663486919831e+05 -3.895855478695739061e+06
-5.030028803605568595e+06 3.328082391028325073e+05 -3.895855478695739061e+06
-5.030052992804961279e+06 3.324424441768104443e+05 -3.895855478695739061e+06
-5.030077155402929522e+06 3.320766474926673691e+05 -3.895855478695739061e+06
-5.030101291393557563e+06 3.317108491401266074e+05 -3.895855478695739061e+06
-5.030483849393160082e+06 3.258578372710530530e+05 -3.895855478695739061e+06
-5.030507533143824898e+06 3.254920092715412611e+05 -3.895855478695739061e+06
-5.029478272037073970e+06 3.368129349127876339e+05 -3.896222062201074790e+06
-5.029770281650398858e+06 3.324237594457841478e+05 -3.896222062201074790e+06
-5.029794442890322767e+06 3.320579833210274228e+05 -3.896222062201074790e+06
-5.029818577524401248e+06 3.316922055279667838e+05 -3.896222062201074790e+06
-5.030295684080535546e+06 3.243762826384389191e+05 -3.896222062201074790e+06
-5.019798553116320632e+06 4.559172872290170053e+05 -3.896588625110050663e+06
-5.029195550690498203e+06 3.367940016951948637e+05 -3.896588625110050663e+06
-5.029317679979596287e+06 3.349653123946108972e+05 -3.896588625110050663e+06
-5.029366345518095419e+06 3.342338241903772578e+05 -3.896588625110050663e+06
-5.029463357408942655e+06 3.327708267617994570e+05 -3.896588625110050663e+06
-5.029487543889128603e+06 3.324050729562874185e+05 -3.896588625110050663e+06
-5.029511703770879656e+06 3.320393173928519245e+05 -3.896588625110050663e+06
-5.030060039546279237e+06 3.236264593982563238e+05 -3.896588625110050663e+06
-5.030083561027673073e+06 3.232606622249691281e+05 -3.896588625110050663e+06
-5.038832147809320129e+06 1.280963421268468810e+05 -3.896588625110050663e+06
-5.028912802747036330e+06 3.367750666964679840e+05 -3.896955167411929462e+06
-5.029132144383776933e+06 3.334835790669507114e+05 -3.896955167411929462e+06
-5.029156382697652094e+06 3.331178493460468599e+05 -3.896955167411929462e+06
-5.029847723671060055e+06 3.225109298342030961e+05 -3.896955167411929462e+06
-5.028630028214971535e+06 3.367561299171617138e+05 -3.897321689095975831e+06
-5.028825093972166069e+06 3.338305347596713691e+05 -3.897321689095975831e+06
-5.035869843486053869e+06 2.013444093334514182e+05 -3.897321689095975831e+06
-5.028371702007556334e+06 3.363715187077590381e+05 -3.897688190177847631e+06
-5.028517993100187741e+06 3.341774457018324174e+05 -3.897688190177847631e+06
-5.029398965484093875e+06 3.206459389040559763e+05 -3.897688190177847631e+06
-5.029422270217652433e+06 3.202801898133162758e+05 -3.897688190177847631e+06
-5.035259358855452389e+06 2.024202897616892005e+05 -3.898054670646804851e+06
-5.018104837182377465e+06 4.557634574755380745e+05 -3.898787569729436655e+06
-5.034618887458026409e+06 2.042281669460259436e+05 -3.898787569729436655e+06
-5.037113331955934875e+06 1.287857412721204746e+05 -3.898787569729436655e+06
-5.034290906320382841e+06 2.053149913901732070e+05 -3.899153988348030485e+06
-5.036820505070063286e+06 1.291447825326142629e+05 -3.899153988348030485e+06
-5.028239082579074427e+06 3.165335447707927669e+05 -3.899520386337168515e+06
-5.028626562431364320e+06 3.103170187897089636e+05 -3.899520386337168515e+06
-5.028298322004749440e+06 3.110308909807754681e+05 -3.899886763712496497e+06
-5.033754020413946360e+06 2.045597521178222960e+05 -3.899886763712496497e+06
-5.016975162439617328e+06 4.556608560984667274e+05 -3.900253120463285130e+06
-5.027969953705280088e+06 3.117446726943910471e+05 -3.900253120463285130e+06
-5.027481747860502452e+06 3.150176659941062680e+05 -3.900619456578805577e+06
-5.027504643299541436e+06 3.146520563422623673e+05 -3.900619456578805577e+06
-5.027664166892649606e+06 3.120927424700950505e+05 -3.900619456578805577e+06
-5.027198628728992306e+06 3.149999259937483002e+05 -3.900985772074704524e+06
-5.027221522878690623e+06 3.146343369309572154e+05 -3.900985772074704524e+06
-5.027244390441940166e+06 3.142687462042187108e+05 -3.900985772074704524e+06
-5.027335594817105681e+06 3.128063668720049318e+05 -3.900985772074704524e+06
-5.017044896110540256e+06 4.453690157523415401e+05 -3.901352066940251272e+06
-5.017077270995584317e+06 4.450041647451515310e+05 -3.901352066940251272e+06
-5.017109619347827509e+06 4.446393113845602493e+05 -3.901352066940251272e+06
-5.017141941159342416e+06 4.442744557600598200e+05 -3.901352066940251272e+06
-5.026984081831413321e+06 3.138854740102174110e+05 -3.901352066940251272e+06
-5.027052441384962760e+06 3.127887487530817743e+05 -3.901352066940251272e+06
-5.032620311935075559e+06 2.045136809104348940e+05 -3.901352066940251272e+06
-5.035052885841278359e+06 1.316642949415066687e+05 -3.901352066940251272e+06
-5.015944331203549169e+06 4.544639176940036123e+05 -3.901718341164722107e+06
-5.016729880252217874e+06 4.457087555830312776e+05 -3.901718341164722107e+06
-5.016794652898228727e+06 4.449790971164182411e+05 -3.901718341164722107e+06
-5.016826999428249896e+06 4.446142643084628507e+05 -3.901718341164722107e+06
-5.026723717491223477e+06 3.135022395933074877e+05 -3.901718341164722107e+06
-5.026746502727340907e+06 3.131366850709969876e+05 -3.901718341164722107e+06
-5.034750053186954930e+06 1.323891542112110183e+05 -3.901718341164722107e+06
-5.026757069716477767e+06 3.083669524491777993e+05 -3.902084594763754867e+06
-5.026473821260982193e+06 3.083495765422470286e+05 -3.902450827726625837e+06
-5.026496231785499491e+06 3.079840402065317612e+05 -3.902450827726625837e+06
-5.034173074249600992e+06 1.327403317612388346e+05 -3.902450827726625837e+06
-5.026302326719785109e+06 3.065046041486393078e+05 -3.902817040042609442e+06
-5.033879699399997480e+06 1.330989253211152391e+05 -3.902817040042609442e+06
-5.015469322743597440e+06 4.470672568868767703e+05 -3.903183231727345847e+06
-5.033586272389039397e+06 1.334574762952347228e+05 -3.903183231727345847e+06
-5.015251549550498836e+06 4.463126201043857727e+05 -3.903549402770108543e+06
-5.025629759745785035e+06 3.035290295038999757e+05 -3.903915553160178475e+06
-5.032715448713682592e+06 1.341668839438687137e+05 -3.904281682913187426e+06
-5.029978241537956521e+06 2.066047190662539797e+05 -3.904647792018414941e+06
-5.029380659554509446e+06 2.073129059116085409e+05 -3.905379948268995155e+06
-5.024562177057988010e+06 2.975972918974206550e+05 -3.905745995419263374e+06
-5.029021170685047284e+06 2.091298258689624199e+05 -3.905745995419263374e+06
-5.024256972851580940e+06 2.979458727349663386e+05 -3.906112021905217785e+06
-5.024278626803209074e+06 2.975804976405350608e+05 -3.906112021905217785e+06
-5.025225529252968729e+06 2.760050704412860796e+05 -3.906478027742499020e+06
-5.025285624626382254e+06 2.749087297422889387e+05 -3.906478027742499020e+06
-5.025305603266842663e+06 2.745432799031041213e+05 -3.906478027742499020e+06
-5.025325555326201953e+06 2.741778286997033283e+05 -3.906478027742499020e+06
-5.025345480813928880e+06 2.738123759586085216e+05 -3.906478027742499020e+06
-5.024054257342895493e+06 2.917013506703309249e+05 -3.906844012920381036e+06
-5.024921772579962388e+06 2.763549133994607255e+05 -3.906844012920381036e+06
-5.024941856390837580e+06 2.759894900165192084e+05 -3.906844012920381036e+06
-5.024961913627319038e+06 2.756240651740078465e+05 -3.906844012920381036e+06
-5.024981944284496829e+06 2.752586389615610824e+05 -3.906844012920381036e+06
-5.025001948371879756e+06 2.748932112057104241e+05 -3.906844012920381036e+06
-5.025021925884551369e+06 2.745277819960876950e+05 -3.906844012920381036e+06
-5.025041876817620359e+06 2.741623514223259408e+05 -3.906844012920381036e+06
-5.025061801180558279e+06 2.737969193109569605e+05 -3.906844012920381036e+06
-5.024617965039209463e+06 2.767047120869919891e+05 -3.907209977428149898e+06
-5.024638074284145609e+06 2.763393108843330410e+05 -3.907209977428149898e+06
-5.024658156961123459e+06 2.759739081325567095e+05 -3.907209977428149898e+06
-5.024678213065208867e+06 2.756085039212928968e+05 -3.907209977428149898e+06
-5.024698242591490969e+06 2.752430983401710400e+05 -3.907209977428149898e+06
-5.024718245549477637e+06 2.748776912157324259e+05 -3.907209977428149898e+06
-5.024738221934253350e+06 2.745122826376038138e+05 -3.907209977428149898e+06
-5.024758171740928665e+06 2.741468726954131853e+05 -3.907209977428149898e+06
-5.027809446602361277e+06 2.109107890601484687e+05 -3.907209977428149898e+06
-5.024354349408741109e+06 2.763237069074115716e+05 -3.907575921281429939e+06
-5.024374430951716378e+06 2.759583247887333273e+05 -3.907575921281429939e+06
-5.024394485923299566e+06 2.755929412106500240e+05 -3.907575921281429939e+06
-5.024414514318579808e+06 2.752275562627859763e+05 -3.907575921281429939e+06
-5.027510192355369218e+06 2.112644910638607689e+05 -3.907575921281429939e+06
-5.029836634473790415e+06 1.355543092255358642e+05 -3.907941844469510950e+06
-5.029542660246242769e+06 1.359124116709804803e+05 -3.908307746981669217e+06
-5.022443805130285211e+06 2.949062352167221834e+05 -3.908673628833536524e+06
-5.026596666979014874e+06 2.126908808029395295e+05 -3.908673628833536524e+06
-5.009722321221966296e+06 4.601451181512136245e+05 -3.909039490014394745e+06
-5.026312661034177057e+06 2.126788636313693714e+05 -3.909039490014394745e+06
-5.009439226207857020e+06 4.601191157542018336e+05 -3.909405330513529945e+06
-5.022004420493586920e+06 2.926816739997247932e+05 -3.909405330513529945e+06
-5.023487409368388355e+06 2.660173108458907809e+05 -3.909405330513529945e+06
-5.026028628514517099e+06 2.126668453353361983e+05 -3.909405330513529945e+06
-5.028366242574792355e+06 1.373443935948331491e+05 -3.909771150346569251e+06
-5.022900195415878668e+06 2.663525164591610665e+05 -3.910136949502791744e+06
-5.008589782203504816e+06 4.600410939624371822e+05 -3.910502727971492801e+06
-5.025160895234823227e+06 2.129962242159758171e+05 -3.910502727971492801e+06
-5.021143325528753921e+06 2.878687053545454983e+05 -3.910868485768288374e+06
-5.022351588058067486e+06 2.659571637596237124e+05 -3.910868485768288374e+06
-5.027168754729001783e+06 1.395068644527007127e+05 -3.911234222882467788e+06
-5.020762705146875232e+06 2.845501246678445023e+05 -3.911599939303320367e+06
-5.020783384941376746e+06 2.841850037191777956e+05 -3.911599939303320367e+06
-5.020540644257380627e+06 2.834387227871011128e+05 -3.911965635046466254e+06
-5.020297766153326258e+06 2.826925169823078904e+05 -3.912331310101196170e+06
-5.023630892790076323e+06 2.154933247389663011e+05 -3.912331310101196170e+06
-5.006856722047717310e+06 4.602490947477903683e+05 -3.912696964456795249e+06
-5.020034233663253486e+06 2.823114542124993750e+05 -3.912696964456795249e+06
-5.020054750658958219e+06 2.819463862456976203e+05 -3.912696964456795249e+06
-5.020075241101200692e+06 2.815813168754370417e+05 -3.912696964456795249e+06
-5.020095704999706708e+06 2.812162459284207434e+05 -3.912696964456795249e+06
-5.026031247971389443e+06 1.394752979768590012e+05 -3.912696964456795249e+06
-5.019791135028423741e+06 2.815653810660591698e+05 -3.913062598128885496e+06
-5.019872826701022685e+06 2.801051710938422475e+05 -3.913062598128885496e+06
-5.019893183251705021e+06 2.797401148707187385e+05 -3.913062598128885496e+06
-5.019913513249818236e+06 2.793750572558058193e+05 -3.913062598128885496e+06
-5.019933816705013625e+06 2.790099980758056045e+05 -3.913062598128885496e+06
-5.019954093612299301e+06 2.786449374202593463e+05 -3.913062598128885496e+06
-5.019974343966712244e+06 2.782798753787166788e+05 -3.913062598128885496e+06
-5.019547024635114707e+06 2.756931847243310185e+05 -3.913793803379698191e+06
-5.022462286563312635e+06 2.161750324989025248e+05 -3.913793803379698191e+06
-5.005856770194482990e+06 4.586887655968084000e+05 -3.914159374963331036e+06
-5.019322844637338072e+06 2.745825352938604192e+05 -3.914159374963331036e+06
-5.019342799572034739e+06 2.742175190811699140e+05 -3.914159374963331036e+06
-5.019362727957169525e+06 2.738525015058820718e+05 -3.914159374963331036e+06
-5.019382629802200943e+06 2.734874823947247933e+05 -3.914159374963331036e+06
-5.019402505102239549e+06 2.731224618372296100e+05 -3.914159374963331036e+06
-5.022162184355021454e+06 2.165280153261259256e+05 -3.914159374963331036e+06
-5.019197497834815644e+06 2.716469816724042757e+05 -3.914524925846941303e+06
-5.019236954201751389e+06 2.709169660588263650e+05 -3.914524925846941303e+06
-5.024598613125702366e+06 1.398012228067925316e+05 -3.914524925846941303e+06
-5.018972369671219960e+06 2.705366330864052870e+05 -3.914890456019826699e+06
-5.018805629669429734e+06 2.683314670960158110e+05 -3.915255965497598052e+06
-5.018825130014951341e+06 2.679664885127892485e+05 -3.915255965497598052e+06
-5.020581198211900890e+06 2.201178237691360118e+05 -3.915986922324982937e+06
-5.020597192357364111e+06 2.197527161903999222e+05 -3.915986922324982937e+06
-5.020280659853108227e+06 2.204704352302536427e+05 -3.916352369679498952e+06
-5.023165293157672510e+06 1.401269214746639191e+05 -3.916352369679498952e+06
-5.003594921592457220e+06 4.489430556234251708e+05 -3.918179295721632894e+06
-5.018777198953280225e+06 2.222328370088486699e+05 -3.918179295721632894e+06
-5.016706128027586266e+06 2.594391945344787091e+05 -3.918544618777458090e+06
-5.018427673012349755e+06 2.236800424581595871e+05 -3.918544618777458090e+06
-5.020866463281014934e+06 1.407936196426420065e+05 -3.919275202708776575e+06
-5.001668523553502746e+06 4.575714334271570551e+05 -3.919640463589172810e+06
-5.016150680117771029e+06 2.535586530735576234e+05 -3.919640463589172810e+06
-5.016169106160876341e+06 2.531938676027869224e+05 -3.919640463589172810e+06
-5.015810551876528189e+06 2.546385483887551236e+05 -3.920005703740562778e+06
-5.015829056452741846e+06 2.542737876499567938e+05 -3.920005703740562778e+06
-5.015847534498322755e+06 2.539090256539766560e+05 -3.920005703740562778e+06
-5.015902809485788457e+06 2.528147314418815076e+05 -3.920005703740562778e+06
-5.015921181430036202e+06 2.524499639987426053e+05 -3.920005703740562778e+06
-5.017141293208486401e+06 2.269130375798802124e+05 -3.920005703740562778e+06
-5.020286347774568014e+06 1.411427255997949105e+05 -3.920005703740562778e+06
-5.015544337933723815e+06 2.542593540527528676e+05 -3.920370923152251635e+06
-5.015562814930417575e+06 2.538946127621225605e+05 -3.920370923152251635e+06
-5.015654802057837136e+06 2.520708858565809205e+05 -3.920370923152251635e+06
-5.016435693168967962e+06 2.360206796082404035e+05 -3.920370923152251635e+06
-5.016452843813796528e+06 2.356558734571132809e+05 -3.920370923152251635e+06
-5.016469967925019562e+06 2.352910661472738138e+05 -3.920370923152251635e+06
-5.016504136566829868e+06 2.345614476214073948e+05 -3.920370923152251635e+06
-5.016521181089036167e+06 2.341966365843482199e+05 -3.920370923152251635e+06
-5.016538199085476808e+06 2.338318242211824108e+05 -3.920370923152251635e+06
-5.016673387959145941e+06 2.309132812223297369e+05 -3.920370923152251635e+06
-5.016740345664975233e+06 2.294539803089683119e+05 -3.920370923152251635e+06
-5.016823445845750161e+06 2.276298269444018952e+05 -3.920370923152251635e+06
-5.015388367542549968e+06 2.516918465489326045e+05 -3.920736121839833912e+06
-5.015406657829658128e+06 2.513271165200396790e+05 -3.920736121839833912e+06
-5.015424921592799947e+06 2.509623851620061032e+05 -3.920736121839833912e+06
-5.015552025242619216e+06 2.484092288643997745e+05 -3.920736121839833912e+06
-5.015642017828862183e+06 2.465855062447173405e+05 -3.920736121839833912e+06
-5.015713534439536743e+06 2.451265047692471708e+05 -3.920736121839833912e+06
-5.015766893381381407e+06 2.440322400004380906e+05 -3.920736121839833912e+06
-5.016133721314908005e+06 2.363720643134458514e+05 -3.920736121839833912e+06
-5.016287352082022466e+06 2.330889620772986382e+05 -3.920736121839833912e+06
-5.016338084825808182e+06 2.319945724073754682e+05 -3.920736121839833912e+06
-5.016354942684094422e+06 2.316297733651739836e+05 -3.920736121839833912e+06
-5.016472204867634922e+06 2.290761460536405211e+05 -3.920736121839833912e+06
-5.016522062146380544e+06 2.279817161505916156e+05 -3.920736121839833912e+06
-5.014882048975366168e+06 2.560539623385783634e+05 -3.921101299792615231e+06
-5.015176586511617526e+06 2.502187100724820048e+05 -3.921101299792615231e+06
-5.015249160002422519e+06 2.487598437442412833e+05 -3.921101299792615231e+06
-5.015393033863377757e+06 2.458420481515814026e+05 -3.921101299792615231e+06
-5.015499825259457342e+06 2.436536467755282356e+05 -3.921101299792615231e+06
-5.015831698361337185e+06 2.367234050073614053e+05 -3.921101299792615231e+06
-5.014726944403941743e+06 2.534866854368272761e+05 -3.921466456999900751e+06
-5.014928114690280519e+06 2.494751112107759982e+05 -3.921466456999900751e+06
-5.015512370490720496e+06 2.374394408669273835e+05 -3.921466456999900751e+06
-5.015529624313228764e+06 2.370747018579739670e+05 -3.921466456999900751e+06
-5.000624889223095030e+06 4.501429436144793872e+05 -3.921831593477286864e+06
-5.014442117691313848e+06 2.534722878873478621e+05 -3.921831593477286864e+06
-5.015140837119692005e+06 2.392495271840636851e+05 -3.921831593477286864e+06
-5.015158222576384433e+06 2.388848151889930887e+05 -3.921831593477286864e+06
-5.018788745418613777e+06 1.436575137709701667e+05 -3.921831593477286864e+06
-5.014046195283995941e+06 2.556457036374945601e+05 -3.922196709214081056e+06
-4.999443985500465147e+06 4.537020411927858368e+05 -3.922926878449396230e+06
-4.999040322630694136e+06 4.518327965963975876e+05 -3.923656964699166361e+06
-4.999105986169429496e+06 4.511057109067629208e+05 -3.923656964699166361e+06
-4.998359952005101368e+06 4.561691753454887657e+05 -3.924021976704027504e+06
-4.998042571996267885e+06 4.565067077760282555e+05 -3.924386967956705950e+06
-4.997725142905506305e+06 4.568441940425665234e+05 -3.924751938446521759e+06
-5.016454657983561046e+06 1.454162510014042200e+05 -3.924751938446521759e+06
-4.997440898700784892e+06 4.568182111581732752e+05 -3.925116888189055491e+06
-5.015905107053481974e+06 1.446701768647487916e+05 -3.925481817173621152e+06
-4.995701655909218825e+06 4.570255619508270756e+05 -3.927306150641865563e+06
-4.996239821074044332e+06 4.479168664653536980e+05 -3.927670955038094893e+06
-4.995595434734312817e+06 4.518876943642967381e+05 -3.928035738654094283e+06
-4.995628283727797680e+06 4.515244031888444442e+05 -3.928035738654094283e+06
-4.995922735753300600e+06 4.482546756470450200e+05 -3.928035738654094283e+06
-4.995987878908436745e+06 4.475280434298673645e+05 -3.928035738654094283e+06
-5.013979970234425738e+06 1.420601771932437259e+05 -3.928035738654094283e+06
-4.994815051440235227e+06 4.573107277091399301e+05 -3.928400501505443361e+06
-4.995474899683224969e+06 4.500455825876438175e+05 -3.928400501505443361e+06
-4.995507614714869298e+06 4.496823001826194813e+05 -3.928400501505443361e+06
-4.995540303327783942e+06 4.493190153994491557e+05 -3.928400501505443361e+06
-4.995572965513959527e+06 4.489557283272446948e+05 -3.928400501505443361e+06
-4.995605601288900711e+06 4.485924387935532723e+05 -3.928400501505443361e+06
-4.995703350089729764e+06 4.475025560530719231e+05 -3.928400501505443361e+06
-5.013694416739795357e+06 1.420520866583221359e+05 -3.928400501505443361e+06
-4.994196679344958626e+06 4.609166831935215159e+05 -3.928765243581458461e+06
-4.995418794851261191e+06 4.474770663096605567e+05 -3.928765243581458461e+06
-4.993878637219870463e+06 4.612535917130752350e+05 -3.929129964871459641e+06
-4.993912167317180894e+06 4.608904254490649910e+05 -3.929129964871459641e+06
-4.995101660393689759e+06 4.478148294567761477e+05 -3.929129964871459641e+06
-4.993560546081906185e+06 4.615904540582448826e+05 -3.929494665391020477e+06
-4.993594100685424171e+06 4.612273108384243096e+05 -3.929494665391020477e+06
-4.993627628872288391e+06 4.608641652665609145e+05 -3.929494665391020477e+06
-4.993961458284943365e+06 4.572325752043937100e+05 -3.929494665391020477e+06
-4.994784476814809255e+06 4.481525463871938991e+05 -3.929494665391020477e+06
-4.993208800455662422e+06 4.622903876902208431e+05 -3.929859345129460562e+06
-4.993242405952663161e+06 4.619272701353653101e+05 -3.929859345129460562e+06
-4.993275985050980933e+06 4.615641500504612923e+05 -3.929859345129460562e+06
-4.993309537742370740e+06 4.612010275245740777e+05 -3.929859345129460562e+06
-4.994467244112518616e+06 4.484902172687316197e+05 -3.929859345129460562e+06
-4.992890586858957075e+06 4.626271343525525881e+05 -3.930224004076099955e+06
-4.992924216853771359e+06 4.622640398508041981e+05 -3.930224004076099955e+06
-4.992957820435456000e+06 4.619009429915185319e+05 -3.930224004076099955e+06
-4.992991397619962692e+06 4.615378436023285612e+05 -3.930224004076099955e+06
-4.993024948399045505e+06 4.611747417722945684e+05 -3.930224004076099955e+06
-5.012266251586951315e+06 1.420116227163282165e+05 -3.930224004076099955e+06
-4.992605978762171231e+06 4.626007633704653708e+05 -3.930588642246513162e+06
-4.992639606839985587e+06 4.622376895660731825e+05 -3.930588642246513162e+06
-4.992673208506177180e+06 4.618746134042781196e+05 -3.930588642246513162e+06
-4.992706783776693977e+06 4.615115347127229907e+05 -3.930588642246513162e+06
-4.992740332643292844e+06 4.611484535804629559e+05 -3.930588642246513162e+06
-4.993041084213151596e+06 4.578806141367746168e+05 -3.930588642246513162e+06
-4.993865282423626631e+06 4.488022576221093768e+05 -3.930588642246513162e+06
-4.993547926969551481e+06 4.491398130451032775e+05 -3.930953259630023502e+06
-4.992405097951230593e+06 4.585545238553565578e+05 -3.931317856215946842e+06
-4.993132342853216454e+06 4.505666656009984436e+05 -3.931317856215946842e+06
-5.011112904048576020e+06 1.423436567756385193e+05 -3.931682432019858155e+06
-4.991231200406861492e+06 4.650361231828133459e+05 -3.932046987031078897e+06
-4.990594038927992806e+06 4.657089217829918489e+05 -3.932776034658991266e+06
-5.010182273172284476e+06 1.448697718714786752e+05 -3.932776034658991266e+06
-5.009854029400053434e+06 1.463188189097122522e+05 -3.933140527280573733e+06
-5.008138127722880803e+06 1.462687039352447609e+05 -3.935327046116684098e+06
-4.987643433331497945e+06 4.665312121170018800e+05 -3.936420024599233642e+06
-5.006781270034837537e+06 1.436782150199276803e+05 -3.937148572832504753e+06
-4.986304311063280329e+06 4.623825985946128494e+05 -3.938605419433207717e+06
-4.984307265901018865e+06 4.621974115554686869e+05 -3.941154098971231375e+06
-5.003589491977028549e+06 1.450433174583484069e+05 -3.941154098971231375e+06
-5.002995315912636928e+06 1.457543642353261821e+05 -3.941882105576289818e+06
-4.982342514413338155e+06 4.616497797633486334e+05 -3.943701757221738342e+06
-5.000999468593713827e+06 1.453322274959769275e+05 -3.944429471897862386e+06
-4.999289188838216476e+06 1.449186609024239006e+05 -3.946612115230931900e+06
-4.999044231606635265e+06 1.434561873716344126e+05 -3.946975816083147191e+06
-4.998204178836917505e+06 1.427045256881877431e+05 -3.948066793381956406e+06
-4.996972140400832519e+06 1.455788885328787728e+05 -3.949521137463559862e+06
-4.977517530121036805e+06 4.608376298072169884e+05 -3.949884671264648438e+06
-4.996121306835917756e+06 1.451904650105380861e+05 -3.950611676215492655e+06
-4.995259661890131421e+06 1.451654250600105443e+05 -3.951702026932248846e+06
-4.994737547224081121e+06 1.433325996430386149e+05 -3.952428822917566169e+06
-4.994397779187607579e+06 1.451403782001209038e+05 -3.952792189561933745e+06
-4.993812491757424548e+06 1.454868371616207878e+05 -3.953518860127039254e+06
-4.973965916124922223e+06 4.648869733750991290e+05 -3.953882164052654523e+06
-4.993493235165962018e+06 1.465678789437816595e+05 -3.953882164052654523e+06
-4.992332711875015870e+06 1.468971817925659998e+05 -3.955335170617534779e+06
-4.992406843676832505e+06 1.443557940807478735e+05 -3.955335170617534779e+06
-4.972044473971351981e+06 4.668958920841955696e+05 -3.956061548409710638e+06
-4.971724063204432838e+06 4.672305488455952145e+05 -3.956424705915613566e+06
-4.970611981302808970e+06 4.667613749965297175e+05 -3.957877126710772049e+06
-4.989253005544734187e+06 1.439014692921781389e+05 -3.959329212606396526e+06
-4.968858177399334498e+06 4.669612198601925047e+05 -3.960055129924133886e+06
-4.988645821530739777e+06 1.449732226497184893e+05 -3.960055129924133886e+06
-4.988017007742464542e+06 1.467701941074274655e+05 -3.960780963470913470e+06
-4.967745024618403055e+06 4.664921557033918798e+05 -3.961506713240090758e+06
-4.987131758604928851e+06 1.474701260483722435e+05 -3.961869556691308971e+06
-4.985082908068750054e+06 1.484980756612349651e+05 -3.964408874120544177e+06
-4.964131376922430471e+06 4.679738069735819590e+05 -3.965859451448181178e+06
-4.963844231417601928e+06 4.679467374694035389e+05 -3.966222043344766833e+06
-4.963303874629835598e+06 4.675316506001109374e+05 -3.966947164227372035e+06
-4.983086594112068415e+06 1.477132079706890509e+05 -3.966947164227372035e+06
-4.963050633180160075e+06 4.671436725394045352e+05 -3.967309693192151841e+06
-4.982499071720663458e+06 1.480584487635672267e+05 -3.967672201184525155e+06
-4.982509825658204965e+06 1.476961108729430125e+05 -3.967672201184525155e+06
-4.982232128871212713e+06 1.473252433684280550e+05 -3.968034688193874434e+06
-4.981943678152487613e+06 1.473167138436614769e+05 -3.968397154209589586e+06
-4.981644475352857262e+06 1.476704593681562983e+05 -3.968759599247145001e+06
-4.960683898559391499e+06 4.676488096172447549e+05 -3.970209169481775723e+06
-4.980447149759407155e+06 1.490850060074032226e+05 -3.970209169481775723e+06
-4.960396438139533624e+06 4.676217104257003521e+05 -3.970571509547608439e+06
-4.980125902167096734e+06 1.501628653602143750e+05 -3.970571509547608439e+06
-4.960108951479737647e+06 4.675946087604897330e+05 -3.970933828623778652e+06
-4.959567886859666556e+06 4.671797292644584086e+05 -3.971658403764695395e+06
-4.978871898744110949e+06 1.533867456649199012e+05 -3.972020659834304824e+06
-4.959026683210122399e+06 4.667649210605154512e+05 -3.972382894897896331e+06
-4.978572001943992451e+06 1.537399030245604808e+05 -3.972382894897896331e+06
-4.977972054275276139e+06 1.544460867838189006e+05 -3.973107301990665961e+06
-4.977672003409753554e+06 1.547991132551724440e+05 -3.973469474024702795e+06
-4.977371901208714582e+06 1.551520960823754140e+05 -3.973831625036370009e+06
-4.976482633413824253e+06 1.558488828896367049e+05 -3.974917951987520326e+06
-4.956724975094477646e+06 4.665482743926238036e+05 -3.975280018934000749e+06
-4.975344627901758999e+06 1.456730569032238564e+05 -3.976728076459538657e+06
-4.954353711735882796e+06 4.670520563482997240e+05 -3.978175797481768299e+06
-4.973755068436427973e+06 1.597461847220105119e+05 -3.978175797481768299e+06
-4.973766672353098169e+06 1.593844826822438918e+05 -3.978175797481768299e+06
-4.973778249968802556e+06 1.590227797127651284e+05 -3.978175797481768299e+06
-4.953489521538909525e+06 4.669705882432638900e+05 -3.979261367354494054e+06
-4.971589118850619532e+06 1.640197473580915248e+05 -3.980708499225070700e+06
-4.970993383185363375e+06 1.730480036311608274e+05 -3.981070229569758289e+06
-4.971005954447762109e+06 1.726865023048477888e+05 -3.981070229569758289e+06
-4.970754158104629256e+06 1.715920044047800766e+05 -3.981431938851886429e+06
-4.970477244068811648e+06 1.712205521665233246e+05 -3.981793627086906694e+06
-4.950861582138701342e+06 4.670860885781701654e+05 -3.982516940373238176e+06
-4.969646177862032317e+06 1.701064369865652407e+05 -3.982878565429410432e+06
-4.969369047773888335e+06 1.697351458264699613e+05 -3.983240169422138948e+06
-4.969091863693512045e+06 1.693638949774748180e+05 -3.983601752340839710e+06
-4.968170672138715163e+06 1.790994762546521379e+05 -3.984324854991879314e+06
-4.967881098815592937e+06 1.790890373156681599e+05 -3.984686374703048728e+06
-4.948213228252167813e+06 4.704669524368265411e+05 -3.985409350921818055e+06
-4.965338512978401966e+06 1.771896080000835063e+05 -3.987939103641154245e+06
-4.965351385441746563e+06 1.768285178966155509e+05 -3.987939103641154245e+06
-4.945531349852431566e+06 4.680346524024183163e+05 -3.989022967065662146e+06
-4.964481785120820627e+06 1.767975492653999245e+05 -3.989022967065662146e+06
-4.964178996376181021e+06 1.771482302991110482e+05 -3.989384212687399238e+06
-4.962967331458913162e+06 1.785505138479119632e+05 -3.990828984168106690e+06
-4.942539879819354042e+06 4.688395209650263423e+05 -3.992634473624723498e+06
-4.942216705678673461e+06 4.691715099498704076e+05 -3.992995508182045538e+06
-4.940702712662609294e+06 4.697528665198181989e+05 -3.994800364158984274e+06
-4.939477321289666928e+06 4.703612808251833194e+05 -3.996243868680382613e+06
-4.938830200881265104e+06 4.710245062840810861e+05 -3.996965494139642455e+06
-4.956224455600839108e+06 1.801124185892490787e+05 -3.999129863154495601e+06
-4.936170845322487876e+06 4.743934665557611152e+05 -3.999851150315156672e+06
-4.935384267758050002e+06 4.764913210176989669e+05 -4.000572352871666197e+06
-4.935418906128801405e+06 4.761324085432972643e+05 -4.000572352871666197e+06
-4.935025320380504243e+06 4.771811371014746837e+05 -4.000932922406703699e+06
-4.954757855178842321e+06 1.804199183729847136e+05 -4.000932922406703699e+06
-4.934411346876278520e+06 4.774839683025313425e+05 -4.001653998015408404e+06
-4.933797251045839861e+06 4.777867027071431512e+05 -4.002374988964521792e+06
-4.953303710920566693e+06 1.803669679370504164e+05 -4.002735452694536187e+06
-4.930225377886346541e+06 4.814219959924877621e+05 -4.006338925380631816e+06
-4.929865326782206073e+06 4.821107049991258536e+05 -4.006699156152831391e+06
-4.929505153578019701e+06 4.827993168162612128e+05 -4.007059365735612344e+06
-4.927463819693064317e+06 4.974364391746685724e+05 -4.007779721316661686e+06
-4.927499981256489642e+06 4.970781026360297110e+05 -4.007779721316661686e+06
-4.927572226223294623e+06 4.963614215022560675e+05 -4.007779721316661686e+06
-4.927608309608954936e+06 4.960030770829156972e+05 -4.007779721316661686e+06
-4.927644366943632253e+06 4.956447299544604030e+05 -4.007779721316661686e+06
-4.927680398218473420e+06 4.952863802047912031e+05 -4.007779721316661686e+06
-4.927860163671251386e+06 4.934945923765419284e+05 -4.007779721316661686e+06
-4.927896038583092391e+06 4.931362269393761526e+05 -4.007779721316661686e+06
-4.927931887425166555e+06 4.927778589802662609e+05 -4.007779721316661686e+06
-4.928003506942268461e+06 4.920611150737656280e+05 -4.007779721316661686e+06
-4.949202359544401988e+06 1.809384140614231001e+05 -4.007779721316661686e+06
-4.926774352983073331e+06 5.013484604445360019e+05 -4.008139867319765035e+06
-4.926810799047235399e+06 5.009901739489904139e+05 -4.008139867319765035e+06
-4.926847219055968337e+06 5.006318848039594013e+05 -4.008139867319765035e+06
-4.926883613000350073e+06 5.002735930973252980e+05 -4.008139867319765035e+06
-4.926919980897656642e+06 4.999152986590063665e+05 -4.008139867319765035e+06
-4.926956322738958523e+06 4.995570015768865705e+05 -4.008139867319765035e+06
-4.926992638515350409e+06 4.991987019388543558e+05 -4.008139867319765035e+06
-4.927028928244072013e+06 4.988403995748201851e+05 -4.008139867319765035e+06
-4.927065191916212440e+06 4.984820945726673817e+05 -4.008139867319765035e+06
-4.927101429522885010e+06 4.981237870202888735e+05 -4.008139867319765035e+06
-4.927137641081293114e+06 4.977654767475909903e+05 -4.008139867319765035e+06
-4.927963314695382491e+06 4.895236184479639051e+05 -4.008139867319765035e+06
-4.928282651640101336e+06 4.862981693828402786e+05 -4.008139867319765035e+06
-4.928388628157353960e+06 4.852229733340815874e+05 -4.008139867319765035e+06
-4.928423901538638398e+06 4.848645694877630449e+05 -4.008139867319765035e+06
-4.928564734413892031e+06 4.834309285654062405e+05 -4.008139867319765035e+06
-4.926374869266271591e+06 5.023937307114658179e+05 -4.008499992117192131e+06
-4.926411391345693730e+06 5.020354732644342002e+05 -4.008499992117192131e+06
-4.927815428852089681e+06 4.880613817582359188e+05 -4.008499992117192131e+06
-4.926048308031561784e+06 5.027223884497075342e+05 -4.008860095724320505e+06
-4.925758268869229592e+06 5.026927888251577388e+05 -4.009220178130604792e+06
-4.925104955213228241e+06 5.033499144591260119e+05 -4.009940279324381147e+06
-4.924778226716160774e+06 5.036784059173791902e+05 -4.010300298116706777e+06
-4.924304632449393161e+06 5.054392934841114329e+05 -4.010660295691935346e+06
-4.924341376013883390e+06 5.050811865809038864e+05 -4.010660295691935346e+06
-4.923613928242838942e+06 5.064539053340042010e+05 -4.011380227226665709e+06
-4.923250022092586383e+06 5.071401179757355130e+05 -4.011740161165089346e+06
-4.922885994448210113e+06 5.078262327891003224e+05 -4.012100073896075133e+06
-4.922558812371392734e+06 5.081542725728972000e+05 -4.012459965409082361e+06
-4.922194591710116714e+06 5.088402181470194482e+05 -4.012819835693569854e+06
-4.921465786108796485e+06 5.102118156788135529e+05 -4.013539512612558436e+06
-4.921502876748427749e+06 5.098539152097387123e+05 -4.013539512612558436e+06
-4.921539941351809539e+06 5.094960121301967883e+05 -4.013539512612558436e+06
-4.921576979936537333e+06 5.091381062702928903e+05 -4.013539512612558436e+06
-4.944525701261506416e+06 1.811274972557999426e+05 -4.013539512612558436e+06
-4.944538860151297413e+06 1.807679206924183818e+05 -4.013539512612558436e+06
-4.920578501676714979e+06 5.159074180064955144e+05 -4.013899319225982297e+06
-4.944247169110490941e+06 1.807572567287157290e+05 -4.013899319225982297e+06
-4.920400610766920261e+06 5.148035261490978883e+05 -4.014259104620549362e+06
-4.920475433867359534e+06 5.140878773895036429e+05 -4.014259104620549362e+06
-4.920512806375827640e+06 5.137300490165110677e+05 -4.014259104620549362e+06
-4.920587473344148137e+06 5.130143839500776958e+05 -4.014259104620549362e+06
-4.920624767785687000e+06 5.126565474321843358e+05 -4.014259104620549362e+06
-4.920662036213465966e+06 5.122987081172260805e+05 -4.014259104620549362e+06
-4.920699278618334793e+06 5.119408660929793841e+05 -4.014259104620549362e+06
-4.942270989247980528e+06 2.220862665920888248e+05 -4.014259104620549362e+06
-4.942287126749728806e+06 2.217268538877019018e+05 -4.014259104620549362e+06
-4.943001196026086807e+06 2.051926340191026393e+05 -4.014259104620549362e+06
-4.943016104982603341e+06 2.048331683435160958e+05 -4.014259104620549362e+06
-4.943134435569076799e+06 2.019574035835488758e+05 -4.014259104620549362e+06
-4.943149109252681956e+06 2.015979282270678377e+05 -4.014259104620549362e+06
-4.943163756797978655e+06 2.012384517181633564e+05 -4.014259104620549362e+06
-4.943178378201364540e+06 2.008789741450053698e+05 -4.014259104620549362e+06
-4.943131230333798565e+06 1.947562016685499693e+05 -4.014618868785717059e+06
-4.943650552012761123e+06 1.810954388536947372e+05 -4.014618868785717059e+06
-4.943663708573512733e+06 1.807359259330523200e+05 -4.014618868785717059e+06
-4.941655325644354336e+06 2.227787917069512187e+05 -4.014978611710949801e+06
-4.942725357924279757e+06 1.976203016795646981e+05 -4.014978611710949801e+06
-4.942768354357457720e+06 1.965419615911355650e+05 -4.014978611710949801e+06
-4.943171857369725592e+06 1.861175327892525529e+05 -4.014978611710949801e+06
-4.941314913823738694e+06 2.238436745997196704e+05 -4.015338333411618602e+06
-4.941331179130341858e+06 2.234843314184581395e+05 -4.015338333411618602e+06
-4.942433600461351685e+06 1.976086366175461153e+05 -4.015338333411618602e+06
-4.942447957895603031e+06 1.972492122387233831e+05 -4.015338333411618602e+06
-4.942934000628043897e+06 1.846687132961338211e+05 -4.015338333411618602e+06
-4.942561144813304767e+06 1.868144279672895500e+05 -4.015698033877180424e+06
-4.942655603108480573e+06 1.842983716023986053e+05 -4.015698033877180424e+06
-4.940633323569492437e+06 2.259730229649508838e+05 -4.016057713097105268e+06
-4.940308642791497521e+06 2.266782194923336501e+05 -4.016417371086752042e+06
-4.942071896829642355e+06 1.842766067607178993e+05 -4.016417371086752042e+06
-4.939867444738544524e+06 2.298980159455189132e+05 -4.016777007835585624e+06
-4.941780004481754266e+06 1.842657228778988647e+05 -4.016777007835585624e+06
-4.941737957321468741e+06 1.774269163468051411e+05 -4.017136623333080672e+06
-4.941573712163706310e+06 1.738228663490274921e+05 -4.017496217594588175e+06
-4.916931748792354017e+06 5.198634662897836533e+05 -4.017855790609579999e+06
-4.938548575880815275e+06 2.330760091210187820e+05 -4.018215342367527075e+06
-4.916237042273567058e+06 5.208745868290762883e+05 -4.018574872883779928e+06
-4.915832669345669448e+06 5.219162758374181576e+05 -4.018934382147813682e+06
-4.915870611172625795e+06 5.215587849892372615e+05 -4.018934382147813682e+06
-4.937759494344100356e+06 2.373575530815636448e+05 -4.018934382147813682e+06
-4.937776742413021624e+06 2.369984685081669595e+05 -4.018934382147813682e+06
-4.937793964372665621e+06 2.366393825952271000e+05 -4.018934382147813682e+06
-4.937811160218796693e+06 2.362802954308204353e+05 -4.018934382147813682e+06
-4.937896747735408135e+06 2.344848410756079829e+05 -4.018934382147813682e+06
-4.937913786898574792e+06 2.341257464422786143e+05 -4.018934382147813682e+06
-4.939871697980628349e+06 1.723242832994057972e+05 -4.019653336902988143e+06
-4.936779574281615205e+06 2.394695477610208909e+05 -4.020012782398952171e+06
-4.913883722954725847e+06 5.264077135044047609e+05 -4.020731609600878786e+06
-4.936108131972720847e+06 2.412360525068812130e+05 -4.020731609600878786e+06
-4.936125662102605216e+06 2.408770879275168409e+05 -4.020731609600878786e+06
-4.938944834048161283e+06 1.737303939594724216e+05 -4.020731609600878786e+06
-4.913148890687895939e+06 5.277746170059413416e+05 -4.021450351748301648e+06
-4.937991810339982621e+06 1.758541753496387682e+05 -4.021809690926133189e+06
-4.934763038795181550e+06 2.447676761975577974e+05 -4.022169008834636305e+06
-4.934417370220324025e+06 2.458297138561369502e+05 -4.022528305463287514e+06
-4.937381554035052657e+06 1.765514701752830297e+05 -4.022528305463287514e+06
-4.911716342962069437e+06 5.301500526300850324e+05 -4.022887580827436876e+06
-4.934089388447778299e+06 2.465327946367283876e+05 -4.022887580827436876e+06
-4.933761280456701294e+06 2.472357838181734842e+05 -4.023246834916553926e+06
-4.933360715108322911e+06 2.493737484814751078e+05 -4.023606067720122170e+06
-4.936465789326475933e+06 1.775970794105110399e+05 -4.023606067720122170e+06
-4.910689241576123051e+06 5.314843403440609109e+05 -4.023965279253482819e+06
-4.910359635238595307e+06 5.318099442035750253e+05 -4.024324469506115653e+06
-4.910029981554373167e+06 5.321355001211002236e+05 -4.024683638467503712e+06
-4.909622785275561735e+06 5.331750893851621076e+05 -4.025042786152982619e+06
-4.909661545883028768e+06 5.328180501027591527e+05 -4.025042786152982619e+06
-4.935347357488919050e+06 1.761193645371733874e+05 -4.025042786152982619e+06
-4.909292989574491046e+06 5.335005013467022218e+05 -4.025401912552034017e+06
-4.935054821261305362e+06 1.761089252933310636e+05 -4.025401912552034017e+06
-4.908963146545323543e+06 5.338258654244032223e+05 -4.025761017654142808e+06
-4.931460992092074826e+06 2.521541437504687929e+05 -4.025761017654142808e+06
-4.931150250284086913e+06 2.524977972675854398e+05 -4.026120101474645082e+06
-4.934100887614424340e+06 1.861353253532032832e+05 -4.026120101474645082e+06
-4.930839458497007377e+06 2.528414055855000042e+05 -4.026479164003022946e+06
-4.933808294963246211e+06 1.861242875107344007e+05 -4.026479164003022946e+06
-4.908012212468412705e+06 5.344447503446020419e+05 -4.026838205228764098e+06
-4.933406565026622266e+06 1.889834200722672394e+05 -4.026838205228764098e+06
-4.933845886077336036e+06 1.771435614063916437e+05 -4.026838205228764098e+06
-4.933858755275351927e+06 1.767847615116852394e+05 -4.026838205228764098e+06
-4.933871598377588205e+06 1.764259607681623893e+05 -4.026838205228764098e+06
-4.933566090090199374e+06 1.767742750451027241e+05 -4.027197225167197641e+06
-4.933578932430612855e+06 1.764154955848170503e+05 -4.027197225167197641e+06
-4.907391048171442933e+06 5.347382204347868683e+05 -4.027556223807809409e+06
-4.929869807016722858e+06 2.545889823458094615e+05 -4.027556223807809409e+06
-4.933273398813899606e+06 1.767637876436501101e+05 -4.027556223807809409e+06
-4.933286240392422304e+06 1.764050294684989785e+05 -4.027556223807809409e+06
-4.932980681455019861e+06 1.767532993076342973e+05 -4.027915201140091754e+06
-4.906769763346984051e+06 5.350315916883937316e+05 -4.028274157179370522e+06
-4.906478532126436010e+06 5.349998359894320602e+05 -4.028633091915135738e+06
-4.906187274964980781e+06 5.349680774618876167e+05 -4.028992005336870905e+06
-4.931786423202136531e+06 1.853296977029161644e+05 -4.028992005336870905e+06
-4.928443934631992131e+06 2.537966278896817821e+05 -4.029350897459906526e+06
-4.931119466074372642e+06 1.874593150036425504e+05 -4.029709768273735885e+06
-4.905235501821456477e+06 5.355862281212811358e+05 -4.030068617767843418e+06
-4.927840145244428888e+06 2.541248492378089577e+05 -4.030068617767843418e+06
-4.930826615801607259e+06 1.874481821337316069e+05 -4.030068617767843418e+06
-4.931146264354522340e+06 1.788419850740096008e+05 -4.030068617767843418e+06
-4.931159257069426589e+06 1.784833815829214582e+05 -4.030068617767843418e+06
-4.904905185911501758e+06 5.359111121169882827e+05 -4.030427445957560558e+06
-4.927528953861414455e+06 2.544680957005307428e+05 -4.030427445957560558e+06
-4.930840350988802500e+06 1.791899437263057916e+05 -4.030427445957560558e+06
-4.930853369011900388e+06 1.788313623948828026e+05 -4.030427445957560558e+06
-4.930866360955076292e+06 1.784727802037696820e+05 -4.030427445957560558e+06
-4.904613805965338834e+06 5.358792758744762978e+05 -4.030786252832371742e+06
-4.930521317620865069e+06 1.798964159280954045e+05 -4.030786252832371742e+06
-4.930534387017784640e+06 1.795378578816207300e+05 -4.030786252832371742e+06
-4.930547430342724547e+06 1.791792987996095908e+05 -4.030786252832371742e+06
-4.930560447592475452e+06 1.788207387700069230e+05 -4.030786252832371742e+06
-4.930573438763854094e+06 1.784621778807652299e+05 -4.030786252832371742e+06
-4.904322400088137016e+06 5.358474367987328442e+05 -4.031145038381769788e+06
-4.930241441078519449e+06 1.795271907039311482e+05 -4.031145038381769788e+06
-4.930254483628494665e+06 1.791686529255797795e+05 -4.031145038381769788e+06
-4.903991989696597680e+06 5.361722246100923512e+05 -4.031503802621084265e+06
-4.903700534257539548e+06 5.361403586707793875e+05 -4.031862545539801940e+06
-4.929616191547850147e+06 1.805813332063226262e+05 -4.031862545539801940e+06
-4.903370053013782017e+06 5.364650744764015544e+05 -4.032221267127420288e+06
-4.929243911705837585e+06 1.827214049756861641e+05 -4.032221267127420288e+06
-4.929296854661993682e+06 1.812875383051029348e+05 -4.032221267127420288e+06
-4.929310025230566971e+06 1.809290692143648339e+05 -4.032221267127420288e+06
-4.929349380521001294e+06 1.798536562947063067e+05 -4.032221267127420288e+06
-4.903039524538527243e+06 5.367897422112693312e+05 -4.032579967399254441e+06
-4.928924242217987776e+06 1.834274270823763218e+05 -4.032579967399254441e+06
-4.929030121831095777e+06 1.805598643441047461e+05 -4.032579967399254441e+06
-4.929043239482426085e+06 1.802014146526489931e+05 -4.032579967399254441e+06
-4.902747995943513699e+06 5.367578253648761893e+05 -4.032938646344800480e+06
-4.902417396660985425e+06 5.370824208970898762e+05 -4.033297303953560069e+06
-4.902125818533417769e+06 5.370504771693402436e+05 -4.033655940240844619e+06
-4.901873254602624103e+06 5.366620577952844324e+05 -4.034014555196152069e+06
-4.901581622311187908e+06 5.366301295961015858e+05 -4.034373148808982223e+06
-4.901289964090756141e+06 5.365981985581860645e+05 -4.034731721094643231e+06
-4.900162072304584086e+06 5.361140975785797928e+05 -4.036165796833072789e+06
-4.899870282181944698e+06 5.360821735736238770e+05 -4.036524262402842287e+06
-4.899033721407244913e+06 5.356301181497838115e+05 -4.037599531038898975e+06
-4.921256591850784607e+06 2.620392797266638663e+05 -4.037599531038898975e+06
-4.898196887613412924e+06 5.351781618427061476e+05 -4.038674607499462552e+06
-4.920262069082387723e+06 2.641393312026054482e+05 -4.038674607499462552e+06
-4.897904911482585594e+06 5.351462604609153932e+05 -4.039032923608010169e+06
-4.897612909449203871e+06 5.351143562490054173e+05 -4.039391218356141821e+06
-4.919636995277189650e+06 2.648233746618875302e+05 -4.039391218356141821e+06
-4.897320881521821022e+06 5.350824492079105694e+05 -4.039749491733367555e+06
-4.896483534722208977e+06 5.346306301595550030e+05 -4.040824183689449448e+06
-4.896191400878822431e+06 5.345987330440693768e+05 -4.041182371607095003e+06
-4.895938102996167727e+06 5.342107918196483515e+05 -4.041540538152960129e+06
-4.895392532533502206e+06 5.337910244303549407e+05 -4.042256807113177143e+06
-4.895100290487613529e+06 5.337591585115302587e+05 -4.042614909532336984e+06
-4.894808022561015561e+06 5.337272897706866497e+05 -4.042972990563547704e+06
-4.894515728741228580e+06 5.336954182064633351e+05 -4.043331050222100224e+06
-4.894262205206410028e+06 5.333076244104277575e+05 -4.043689088497506920e+06
-4.893462584643094800e+06 5.325003284845286980e+05 -4.044763074997346848e+06
-4.892447362743854523e+06 5.309498912880201824e+05 -4.046194757512536831e+06
-4.891977956046485342e+06 5.298191409810634796e+05 -4.046910470396563411e+06
-4.891723868763840757e+06 5.294317163308827439e+05 -4.047268294727821834e+06
-4.891469725118993782e+06 5.290443287249096902e+05 -4.047626097663706634e+06
-4.891215525142820552e+06 5.286569780013549607e+05 -4.047983879193730652e+06
-4.890706956188087352e+06 5.278823875765214907e+05 -4.048699378020052798e+06
-4.890236481379272416e+06 5.267523184533866588e+05 -4.049414791200236883e+06
-4.890020237054276280e+06 5.260095602551263291e+05 -4.049772465672590770e+06
-4.889765642835592851e+06 5.256224686208523344e+05 -4.050130118727735244e+06
-4.910612414782337844e+06 2.682773437322549289e+05 -4.050130118727735244e+06
-4.910434890222263522e+06 2.661187199547571363e+05 -4.050487750355198979e+06
-4.910531329105527140e+06 2.643332179193394259e+05 -4.050487750355198979e+06
-4.909906660976128653e+06 2.703875833849195042e+05 -4.050845360570248682e+06
-4.909926311129900627e+06 2.700305242390607018e+05 -4.050845360570248682e+06
-4.910121384546404704e+06 2.664598539491222473e+05 -4.050845360570248682e+06
-4.909710493132609874e+06 2.685861811426532222e+05 -4.051202949362417683e+06
-4.909730012289934792e+06 2.682291361815934069e+05 -4.051202949362417683e+06
-4.909768972704525106e+06 2.675150420914631686e+05 -4.051202949362417683e+06
-4.909788413966259919e+06 2.671579928804808296e+05 -4.051202949362417683e+06
-4.888708578380023129e+06 5.244299905794309452e+05 -4.051560516721233260e+06
-4.909455318217789754e+06 2.678560392610801500e+05 -4.051560516721233260e+06
-4.888236895515120588e+06 5.233006964616167825e+05 -4.052275587174135726e+06
-4.887981907343219034e+06 5.229138641479201615e+05 -4.052633090247283224e+06
-4.908533597655648366e+06 2.685217989632552490e+05 -4.052633090247283224e+06
-4.887433778169780970e+06 5.224957364229824161e+05 -4.053348032111831941e+06
-4.887178649349428713e+06 5.221089969364800490e+05 -4.053705470882297959e+06
-4.886923464284870774e+06 5.217222944750030874e+05 -4.054062888223331887e+06
-4.886668222979417071e+06 5.213356291327826912e+05 -4.054420284124465194e+06
-4.886195415114887059e+06 5.202070771144223399e+05 -4.055135011590899434e+06
-4.885722244077810086e+06 5.190787452322184108e+05 -4.055849653275061864e+06
-4.885466665431374684e+06 5.186923028625360457e+05 -4.056206941948351450e+06
-4.885105789563317783e+06 5.164985317476541968e+05 -4.056921454930754844e+06
-4.884849929964668117e+06 5.161122752569037257e+05 -4.057278679244664963e+06
-4.884706411915820092e+06 5.146603906164611108e+05 -4.057635882101667114e+06
-4.884743826153200120e+06 5.143051634382143384e+05 -4.057635882101667114e+06
-4.884818577146857977e+06 5.135947007533916039e+05 -4.057635882101667114e+06
-4.884930509877765551e+06 5.125289864450263558e+05 -4.057635882101667114e+06
-4.884967769114493392e+06 5.121737429755544290e+05 -4.057635882101667114e+06
-4.885005002526025288e+06 5.118184967121954542e+05 -4.057635882101667114e+06
-4.884971411279774271e+06 5.093010972261522547e+05 -4.057993063491302077e+06
-4.904092443719524890e+06 2.632712810928396648e+05 -4.058350223428825848e+06
-4.884532255513976328e+06 5.078190576097317971e+05 -4.058707361903776880e+06
-4.903816855068361387e+06 2.628988443784721312e+05 -4.058707361903776880e+06
-4.884275581900390796e+06 5.074333415707013919e+05 -4.059064478905698285e+06
-4.884018852182353847e+06 5.070476628666887409e+05 -4.059421574449838139e+06
-4.884055712808455341e+06 5.066924857093207538e+05 -4.059421574449838139e+06
-4.884202897044324316e+06 5.052717500464843470e+05 -4.059421574449838139e+06
-4.884239628530748188e+06 5.049165594244490494e+05 -4.059421574449838139e+06
-4.884384707632265054e+06 5.006239634921764955e+05 -4.059778648525737226e+06
-4.884421101112874225e+06 5.002687597460395191e+05 -4.059778648525737226e+06
-4.884236408132962883e+06 4.991731141951750615e+05 -4.060135701122944709e+06
-4.884272696113948710e+06 4.988179211522685946e+05 -4.060135701122944709e+06
-4.884308958264470100e+06 4.984627254713647417e+05 -4.060135701122944709e+06
-4.884381405064662918e+06 4.977523262883284478e+05 -4.060135701122944709e+06
-4.884417589722645469e+06 4.973971227047058637e+05 -4.060135701122944709e+06
-4.884453748540720902e+06 4.970419165758465533e+05 -4.060135701122944709e+06
-4.884268306149023585e+06 4.959464536002192181e+05 -4.060492732256704941e+06
-4.884082592437172309e+06 4.948510925807820749e+05 -4.060849741916560102e+06
-4.902105200930528343e+06 2.617345460310392664e+05 -4.060849741916560102e+06
-4.902124221842958592e+06 2.613780541605968901e+05 -4.060849741916560102e+06
-4.883380626506835222e+06 4.929861606036992162e+05 -4.061920642025263980e+06
-4.883194146404728293e+06 4.918911538387890323e+05 -4.062277565762061626e+06
-4.882455094031377696e+06 4.903820904600627837e+05 -4.063348208081984427e+06
-4.900172858902326785e+06 2.591298762279813527e+05 -4.063348208081984427e+06
-4.882445514677699655e+06 4.875121498705863487e+05 -4.063705045882656239e+06
-4.899915398046881892e+06 2.584016100005975168e+05 -4.063705045882656239e+06
-4.899934176587135531e+06 2.580452773859360022e+05 -4.063705045882656239e+06
-4.899695228357829154e+06 2.569607936640902190e+05 -4.064061862192434259e+06
-4.899713902115057223e+06 2.566044771499512717e+05 -4.064061862192434259e+06
-4.899732549964644015e+06 2.562481591932449955e+05 -4.064061862192434259e+06
-4.899751171902006492e+06 2.558918398813687672e+05 -4.064061862192434259e+06
-4.899769767922586761e+06 2.555355193017277052e+05 -4.064061862192434259e+06
-4.900009158164725639e+06 2.509032287053736509e+05 -4.064061862192434259e+06
-4.900045598731148057e+06 2.501905486393594474e+05 -4.064061862192434259e+06
-4.900063780145777389e+06 2.498342065779505065e+05 -4.064061862192434259e+06
-4.899493178155968897e+06 2.551638254658436344e+05 -4.064418657000871375e+06
-4.899567195016870275e+06 2.537386098680123978e+05 -4.064418657000871375e+06
-4.899640797291822731e+06 2.523133728853567445e+05 -4.064418657000871375e+06
-4.899677442963682115e+06 2.516007462948297616e+05 -4.064418657000871375e+06
-4.899786758081070147e+06 2.494628348204143986e+05 -4.064418657000871375e+06
-4.881704801703603938e+06 4.860040432596890605e+05 -4.064775430323207751e+06
-4.899509681994024664e+06 2.490915034431894019e+05 -4.064775430323207751e+06
-4.881257609959629364e+06 4.845255904622956878e+05 -4.065488912467770744e+06
-4.880032206330884248e+06 4.818954017867408111e+05 -4.067272241553314496e+06
-4.879478484541661106e+06 4.814824193953010254e+05 -4.067985422627306543e+06
-4.878994542401548475e+06 4.803598939456951339e+05 -4.068698517647183500e+06
-4.878180846377800219e+06 4.795634118675865466e+05 -4.069767998796821572e+06
-4.877661400407578796e+06 4.787960732196210884e+05 -4.070480878623981029e+06
-4.877401593735544942e+06 4.784124605246496503e+05 -4.070837286239861045e+06
-4.877141731256641448e+06 4.780288857055139961e+05 -4.071193672335683834e+06
-4.893344318732506596e+06 2.537731495864724857e+05 -4.071906379925410263e+06
-4.876327116686228663e+06 4.772330056279636337e+05 -4.072262701424094383e+06
-4.893011626483049244e+06 2.544694749706427683e+05 -4.072262701424094383e+06
-4.876067058980551548e+06 4.768495631426369073e+05 -4.072619001386629883e+06
-4.875806945523566566e+06 4.764661584008119535e+05 -4.072975279802581761e+06
-4.875841582230288535e+06 4.761115784258142230e+05 -4.072975279802581761e+06
-4.875321132261417806e+06 4.753449203882279107e+05 -4.073687772029952612e+06
-4.875095350953617133e+06 4.746071224815613241e+05 -4.074043985820502043e+06
-4.891495533311787993e+06 2.551039968142964062e+05 -4.074043985820502043e+06
-4.874087837774329819e+06 4.727200354859076324e+05 -4.075468625533824321e+06
-4.890293283273056149e+06 2.553978971406569472e+05 -4.075468625533824321e+06
-4.873566496117901057e+06 4.719539835388632491e+05 -4.076180816075126175e+06
-4.873579265890777111e+06 4.687357604285695124e+05 -4.076536879015687853e+06
-4.872761983613291755e+06 4.679418947135152994e+05 -4.077604938468778972e+06
-4.872534800612430088e+06 4.672048707189009292e+05 -4.077960915163032711e+06
-4.871784747011863627e+06 4.657028174708775477e+05 -4.079028715832022019e+06
-4.871557122977280058e+06 4.649660546005584765e+05 -4.079384606241303030e+06
-4.886683949651920237e+06 2.562784270377938228e+05 -4.079740475085314363e+06
-4.871101463849707507e+06 4.634927498867663089e+05 -4.080096322353633121e+06
-4.871135157115906477e+06 4.631385121383887599e+05 -4.080096322353633121e+06
-4.871168824621116742e+06 4.627842719407042023e+05 -4.080096322353633121e+06
-4.870940682462778874e+06 4.620477632440215675e+05 -4.080452148035832215e+06
-4.870974270646999590e+06 4.616935371918181772e+05 -4.080452148035832215e+06
-4.871007833063032478e+06 4.613393087829618598e+05 -4.080452148035832215e+06
-4.871041369726809673e+06 4.609850778493020916e+05 -4.080452148035832215e+06
-4.871074880630095489e+06 4.606308444777214318e+05 -4.080452148035832215e+06
-4.886165670706320554e+06 2.548260308540156984e+05 -4.080452148035832215e+06
-4.870684487403006293e+06 4.584497736159914639e+05 -4.081163734677054454e+06
-4.870751114699614234e+06 4.577413564550470910e+05 -4.081163734677054454e+06
-4.885295061233841814e+06 2.544243926925899868e+05 -4.081519495615235064e+06
-4.869999415537511930e+06 4.530264304136079154e+05 -4.082586648928715382e+06
-4.869736715010055341e+06 4.526447936977909994e+05 -4.082942323523731437e+06
-4.869473958986458369e+06 4.522631951092608506e+05 -4.083297976526121609e+06
-4.869506835620626807e+06 4.519090757460777531e+05 -4.083297976526121609e+06
-4.869307896737804636e+06 4.476050895671072649e+05 -4.084009217736963183e+06
-4.869567478763711639e+06 4.447721655031346017e+05 -4.084009217736963183e+06
-4.869599810634544119e+06 4.444180393588111619e+05 -4.084009217736963183e+06
-4.869689979611590505e+06 4.401416071970151970e+05 -4.084364805950185284e+06
-4.869353501891503111e+06 4.372553274017188232e+05 -4.085075917565764394e+06
-4.869152877099631354e+06 4.361664825987149961e+05 -4.085431440972893033e+06
-4.868687647696089000e+06 4.346972376991456840e+05 -4.086142422959366813e+06
-4.881346725735909306e+06 2.559985203845220967e+05 -4.086142422959366813e+06
-4.868454828337187879e+06 4.339627271793895052e+05 -4.086497881543478929e+06
-4.867755551892162301e+06 4.317596434235290508e+05 -4.087564127611189149e+06
-4.867490829091981053e+06 4.313794065953565296e+05 -4.087919499729770701e+06
-4.866758853127379902e+06 4.295310904566203244e+05 -4.088985486381360795e+06
-4.866493853874095716e+06 4.291510462402094272e+05 -4.089340772021400277e+06
-4.866228799340941943e+06 4.287710406553296489e+05 -4.089696036034971010e+06
-4.865963689555610530e+06 4.283910735407831962e+05 -4.090051278411669191e+06
-4.865698524501989596e+06 4.280111449882883462e+05 -4.090406499166673981e+06
-4.877520957119635306e+06 2.607776532484841882e+05 -4.090406499166673981e+06
-4.865199086369939148e+06 4.268975975280854036e+05 -4.091116875769972336e+06
-4.865230118369510397e+06 4.265437891944250441e+05 -4.091116875769972336e+06
-4.876907853643136099e+06 2.611005474219400494e+05 -4.091116875769972336e+06
-4.864995710987318307e+06 4.258102235990681802e+05 -4.091472031623032875e+06
-4.864761167408570647e+06 4.250767330504659330e+05 -4.091827165838354267e+06
-4.864526487665911205e+06 4.243433174922965700e+05 -4.092182278405542485e+06
-4.875700295524094254e+06 2.613914856759450340e+05 -4.092537369339758065e+06
-4.863760181857676245e+06 4.228509306352790445e+05 -4.093247486267677043e+06
-4.863259153704649769e+06 4.217383739411273273e+05 -4.093957516615606844e+06
-4.862696539751726203e+06 4.213333020605395432e+05 -4.094667460351494607e+06
-4.862399865784990601e+06 4.213075964420585078e+05 -4.095022399742683861e+06
-4.873600313613552600e+06 2.616343416900089651e+05 -4.095022399742683861e+06
-4.873619327314290218e+06 2.612799227538958366e+05 -4.095022399742683861e+06
-4.862133789732538164e+06 4.209283054189360118e+05 -4.095377317468837835e+06
-4.861867658517475240e+06 4.205490530135424342e+05 -4.095732213545120321e+06
-4.861601472145198844e+06 4.201698393193797092e+05 -4.096087087961138692e+06
-4.861335230621138588e+06 4.197906644299282925e+05 -4.096441940706495196e+06
-4.872296031038871966e+06 2.636964397629493615e+05 -4.096441940706495196e+06
-4.861099421566909179e+06 4.190580201366914553e+05 -4.096796771796348505e+06
-4.860833042181443423e+06 4.186789420798332430e+05 -4.097151581220301334e+06
-4.860566607678549364e+06 4.182999026860693120e+05 -4.097506368967967108e+06
-4.860300118042304181e+06 4.179209020470328978e+05 -4.097861135054500308e+06
-4.860063924936206080e+06 4.171885075090869213e+05 -4.098215879469505977e+06
-4.870769984470096417e+06 2.643243531140455743e+05 -4.098215879469505977e+06
-4.870827535182094201e+06 2.632617096653191256e+05 -4.098215879469505977e+06
-4.870529925999247469e+06 2.632456242872755392e+05 -4.098570602202598471e+06
-4.859500318432436325e+06 4.167841328275688575e+05 -4.098925303268921562e+06
-4.859530614975287579e+06 4.164307389466835884e+05 -4.098925303268921562e+06
-4.870232291051479056e+06 2.632295375166724552e+05 -4.098925303268921562e+06
-4.859233608340405859e+06 4.164052873748681741e+05 -4.099279982658093330e+06
-4.869857858621189371e+06 2.646300447872471414e+05 -4.099279982658093330e+06
-4.858936576014608145e+06 4.163798336015054374e+05 -4.099634640359725803e+06
-4.858966843164745718e+06 4.160264806333839078e+05 -4.099634640359725803e+06
-4.858669783284925856e+06 4.160010462601255276e+05 -4.099989276388962753e+06
-4.858700022889574990e+06 4.156477126947175711e+05 -4.099989276388962753e+06
-4.858372697710046545e+06 4.159756096868470195e+05 -4.100343890735418536e+06
-4.858402935465681367e+06 4.156222977261806955e+05 -4.100343890735418536e+06
-4.858433147520414554e+06 4.152689836522960686e+05 -4.100343890735418536e+06
-4.858463333888590336e+06 4.149156672974658431e+05 -4.100343890735418536e+06
-4.858166217084541917e+06 4.148902933451387798e+05 -4.100698483388709370e+06
-4.858196375914284959e+06 4.145369964030426345e+05 -4.100698483388709370e+06
-4.857692372803581879e+06 4.134265109072971391e+05 -4.101407603650840931e+06
-4.857395171556733549e+06 4.134012168242033222e+05 -4.101762131238915958e+06
-4.867811966454722919e+06 2.638087905559715000e+05 -4.101762131238915958e+06
-4.857097944614432752e+06 4.133759205542315030e+05 -4.102116637143339962e+06
-4.867514102102455683e+06 2.637926479368517175e+05 -4.102116637143339962e+06
-4.856830738843472674e+06 4.129974245486579603e+05 -4.102471121353731956e+06
-4.856563478039658628e+06 4.126189673264282756e+05 -4.102825583859715145e+06
-4.866918296181149781e+06 2.637603585138852941e+05 -4.102825583859715145e+06
-4.856296162187166512e+06 4.122405489791096770e+05 -4.103180024676422123e+06
-4.866283978131973185e+06 2.644358386766413460e+05 -4.103534443793477025e+06
-4.866303195582683198e+06 2.640819517920929939e+05 -4.103534443793477025e+06
-4.855731428589429706e+06 4.118369488995814463e+05 -4.103888841200494673e+06
-4.865928184226223268e+06 2.654812329015837167e+05 -4.103888841200494673e+06
-4.855196466704471968e+06 4.110803455560820876e+05 -4.104597570919455960e+06
-4.865409142778477632e+06 2.640334338103621849e+05 -4.104597570919455960e+06
-4.854928903235000558e+06 4.107021023329645395e+05 -4.104951903210643213e+06
-4.854631432319928892e+06 4.106769378181718639e+05 -4.105306213801310398e+06
-4.854363786336972378e+06 4.102987528920136392e+05 -4.105660502681076527e+06
-4.854066262253667228e+06 4.102736056707281386e+05 -4.106014769839565735e+06
-4.853798533769928850e+06 4.098954791448654141e+05 -4.106369015291913878e+06
-4.853530750285603106e+06 4.095173916472487617e+05 -4.106723239027740434e+06
-4.853262911827795208e+06 4.091393430170504143e+05 -4.107077441036676057e+06
-4.852965279582847841e+06 4.091142520497216610e+05 -4.107431621333843563e+06
-4.862888898366914131e+06 2.663795003498977167e+05 -4.107431621333843563e+06
-4.852667621673012152e+06 4.090891589187937789e+05 -4.107785779908868484e+06
-4.851804225477823988e+06 4.086610344390403479e+05 -4.108848125273889396e+06
-4.851506463106637821e+06 4.086359543094698456e+05 -4.109202196933135390e+06
-4.851208675071133301e+06 4.086108720182278194e+05 -4.109556246869371738e+06
-4.850642720583641902e+06 4.082079533968531759e+05 -4.110264281531355344e+06
-4.850076630541671999e+06 4.078051105383966351e+05 -4.110972229253355414e+06
-4.849808352385742590e+06 4.074273738082633354e+05 -4.111326170495497994e+06
-4.849540019278815947e+06 4.070496761856465018e+05 -4.111680090003401972e+06
-4.849242044399237260e+06 4.070246654469451169e+05 -4.112033987766699865e+06
-4.848944043881610967e+06 4.069996525562955067e+05 -4.112387863775024191e+06
-4.848377547296374105e+06 4.065970373990066582e+05 -4.113095550561734941e+06
-4.857521708419852890e+06 2.714004496881570667e+05 -4.113449361319395248e+06
-4.847512782880389132e+06 4.061695179042321397e+05 -4.114156917587936390e+06
-4.856765614823215641e+06 2.741926697309753508e+05 -4.114156917587936390e+06
-4.856785541835928336e+06 2.738394750155975344e+05 -4.114156917587936390e+06
-4.856805443158768117e+06 2.734862789367846563e+05 -4.114156917587936390e+06
-4.856864993025224656e+06 2.724266818603015272e+05 -4.114156917587936390e+06
-4.856426959093536250e+06 2.748821463939787936e+05 -4.114510663078094367e+06
-4.855251775871793739e+06 2.744614154424573062e+05 -4.115925427449713927e+06
-4.845752964171348140e+06 4.056671990869862493e+05 -4.116279064131769817e+06
-4.845454650578774512e+06 4.056422254574093386e+05 -4.116632679036409594e+06
-4.854614076395586133e+06 2.751337041355405818e+05 -4.116632679036409594e+06
-4.845156311353870668e+06 4.056172496819953085e+05 -4.116986272178736515e+06
-4.854234939616826363e+06 2.765288153069280670e+05 -4.116986272178736515e+06
-4.854295153322916478e+06 2.754697789549115114e+05 -4.116986272178736515e+06
-4.844857946505372413e+06 4.055922717614758294e+05 -4.117339843548394740e+06
-4.844559556042015553e+06 4.055672916965820477e+05 -4.117693393135030754e+06
-4.844261139951063320e+06 4.055423094862477155e+05 -4.118046920953740831e+06
-4.843962698241252452e+06 4.055173251312042703e+05 -4.118400426994170994e+06
-4.843664230921317823e+06 4.054923386321829166e+05 -4.118753911245973781e+06
-4.843365737978519872e+06 4.054673499881172320e+05 -4.119107373724239878e+06
-4.843395211591565982e+06 4.051151293922343757e+05 -4.119107373724239878e+06
-4.843096691218048334e+06 4.050901603128054994e+05 -4.119460814418621827e+06
-4.842798145238996483e+06 4.050651890916579869e+05 -4.119814233318763785e+06
-4.842827589607574977e+06 4.047130097733527655e+05 -4.119814233318763785e+06
-4.842974427264056168e+06 4.029520812832633965e+05 -4.119814233318763785e+06
-4.842499573641658761e+06 4.050402157277254737e+05 -4.120167630439761095e+06
-4.842529016194912605e+06 4.046880581222272594e+05 -4.120167630439761095e+06
-4.842646530295261182e+06 4.032794064859721693e+05 -4.120167630439761095e+06
-4.842230417172545567e+06 4.046631043309097877e+05 -4.120521005771269090e+06
-4.841931792549226433e+06 4.046381484001317876e+05 -4.120874359302931465e+06
-4.841603705205853097e+06 4.049652827847310109e+05 -4.121227691049845424e+06
-4.841633142312198877e+06 4.046131903288271860e+05 -4.121227691049845424e+06
-4.850300839242937043e+06 2.823208943086184445e+05 -4.121227691049845424e+06
-4.841305031179811805e+06 4.049403008533750544e+05 -4.121581001001656521e+06
-4.850022145564074628e+06 2.819507753495947109e+05 -4.121581001001656521e+06
-4.841006331557714380e+06 4.049153167810933082e+05 -4.121934289148018695e+06
-4.840707606326797977e+06 4.048903305668183020e+05 -4.122287555504027288e+06
-4.849444133687465452e+06 2.815633214409371722e+05 -4.122287555504027288e+06
-4.840408855495816097e+06 4.048653422112821136e+05 -4.122640800059328787e+06
-4.849144843669855967e+06 2.815459443789256620e+05 -4.122640800059328787e+06
-4.839781825243484229e+06 4.051673190431342809e+05 -4.123347223751869518e+06
-4.839482999440244399e+06 4.051423025333139813e+05 -4.123700402893845458e+06
-4.839184148050582036e+06 4.051172838814998977e+05 -4.124053560219173320e+06
-4.847926944823870435e+06 2.818289731277731480e+05 -4.124053560219173320e+06
-4.838615813011339866e+06 4.047153671201795223e+05 -4.124759809454774484e+06
-4.847266491960851476e+06 2.828516753002254991e+05 -4.124759809454774484e+06
-4.838316883031304926e+06 4.046903637801153236e+05 -4.125112901344368234e+06
-4.838017927456676960e+06 4.046653582992476295e+05 -4.125465971426784527e+06
-4.837718946296203882e+06 4.046403506783082266e+05 -4.125819019691688474e+06
-4.837419939558642916e+06 4.046153409180297167e+05 -4.126172046128741466e+06
-4.846027300274820998e+06 2.834865971027437481e+05 -4.126172046128741466e+06
-4.837120907231227495e+06 4.045903290173441637e+05 -4.126525050753016956e+06
-4.836821849322711118e+06 4.045653149769836455e+05 -4.126878033554178663e+06
-4.836522765841859393e+06 4.045402987976815202e+05 -4.127230994521883782e+06
-4.836223656775890850e+06 4.045152804783686297e+05 -4.127583933671213686e+06
-4.835924522133567370e+06 4.044902600197778083e+05 -4.127936850991831161e+06
-4.835625361923654564e+06 4.044652374226422980e+05 -4.128289746473396197e+06
-4.835326176133370027e+06 4.044402126858928241e+05 -4.128642620130983647e+06
-4.835026964771480300e+06 4.044151858102628612e+05 -4.128995471954253968e+06
-4.834727727846746333e+06 4.043901567964849528e+05 -4.129348301932878792e+06
-4.843432999328088015e+06 2.815677224821294658e+05 -4.129348301932878792e+06
-4.843453462700159289e+06 2.812154974070177996e+05 -4.129348301932878792e+06
-4.834428465346386656e+06 4.043651256434902316e+05 -4.129701110081928317e+06
-4.843092196925046854e+06 2.822546961023404147e+05 -4.129701110081928317e+06
-4.834129177279167809e+06 4.043400923520117649e+05 -4.130053896391063463e+06
-4.842771834834383801e+06 2.825893993762113969e+05 -4.130053896391063463e+06
-4.833829863653852604e+06 4.043150569227827364e+05 -4.130406660849957261e+06
-4.833530524457665160e+06 4.042900193547342787e+05 -4.130759403473671060e+06
-4.842172111716425046e+06 2.825544038402918959e+05 -4.130759403473671060e+06
-4.833231159699363634e+06 4.042649796485991101e+05 -4.131112124251877889e+06
-4.841872211741335690e+06 2.825369038306437433e+05 -4.131112124251877889e+06
-4.832931769387718290e+06 4.042399378051107051e+05 -4.131464823174248450e+06
-4.841572286167216487e+06 2.825194023272199556e+05 -4.131464823174248450e+06
-4.832632353509944864e+06 4.042148938231997890e+05 -4.131817500255842693e+06
-4.841272334981261753e+06 2.825018993292733212e+05 -4.131817500255842693e+06
-4.832303505779401399e+06 4.045412638287428999e+05 -4.132170155486332718e+06
-4.832332912074808031e+06 4.041898477035995456e+05 -4.132170155486332718e+06
-4.841013392677327618e+06 2.817803009913891437e+05 -4.132170155486332718e+06
-4.841033871519853361e+06 2.814282517899568193e+05 -4.132170155486332718e+06
-4.841054324755676091e+06 2.810762011846835376e+05 -4.132170155486332718e+06
-4.832004040618029423e+06 4.045161937943981611e+05 -4.132522788855390623e+06
-4.831704549895430915e+06 4.044911216201690258e+05 -4.132875400378077291e+06
-4.831405033620377071e+06 4.044660473067897838e+05 -4.133227990044065751e+06
-4.831105491801640019e+06 4.044409708549947827e+05 -4.133580557843030896e+06
-4.830805924426429905e+06 4.044158922637132928e+05 -4.133933103790028021e+06
-4.829995167528289370e+06 4.032869117827556911e+05 -4.134990610441346653e+06
-4.829636789360233583e+06 4.039643364548461977e+05 -4.135343068927989807e+06
-4.829666153707345948e+06 4.036131142603364424e+05 -4.135343068927989807e+06
-4.829695492505740374e+06 4.032618900156129966e+05 -4.135343068927989807e+06
-4.829754093490963802e+06 4.025594349614848034e+05 -4.135343068927989807e+06
-4.829307704380915500e+06 4.042904672298798687e+05 -4.135695505536423996e+06
-4.828978571971151046e+06 4.046165500531051075e+05 -4.136047920281701721e+06
-4.837547290675161406e+06 2.844025520539815188e+05 -4.136047920281701721e+06
-4.828678827620946802e+06 4.045914346952566993e+05 -4.136400313153506257e+06
-4.828349624078899622e+06 4.049174457900527050e+05 -4.136752684141512029e+06
-4.805614312906499021e+06 6.165014349996087840e+05 -4.137105033260773867e+06
-4.828020373116746545e+06 4.052434090000830474e+05 -4.137105033260773867e+06
-4.828049830484920181e+06 4.048923043513025041e+05 -4.137105033260773867e+06
-4.805046446796168573e+06 6.185598064600619255e+05 -4.137457360500964336e+06
-4.805807484605835751e+06 6.126189769693078706e+05 -4.137457360500964336e+06
-4.827720555818928406e+06 4.052182436166638508e+05 -4.137457360500964336e+06
-4.804658001125412993e+06 6.192202042934477795e+05 -4.137809665851768572e+06
-4.805553538201441057e+06 6.122314600404688390e+05 -4.137809665851768572e+06
-4.806218519899482839e+06 6.069890511029786430e+05 -4.137809665851768572e+06
-4.806306752049760893e+06 6.062900084815456066e+05 -4.137809665851768572e+06
-4.806350829987226985e+06 6.059404824442468816e+05 -4.137809665851768572e+06
-4.806394882516900077e+06 6.055909531185460510e+05 -4.137809665851768572e+06
-4.806438909627963789e+06 6.052414205901809037e+05 -4.137809665851768572e+06
-4.806482911309629679e+06 6.048918849448862020e+05 -4.137809665851768572e+06
-4.827391233764749020e+06 4.055441349038627814e+05 -4.137809665851768572e+06
-4.835753684565490112e+06 2.892377419960136176e+05 -4.137809665851768572e+06
-4.835774705742380582e+06 2.888860752716599382e+05 -4.137809665851768572e+06
-4.835837615823682398e+06 2.878310660238029086e+05 -4.137809665851768572e+06
-4.804134088310807012e+06 6.209286131770741194e+05 -4.138161949328238145e+06
-4.806360085207059979e+06 6.034562224886718905e+05 -4.138161949328238145e+06
-4.827091367236926220e+06 4.055189434276132379e+05 -4.138161949328238145e+06
-4.827647072465746664e+06 3.988488746941820718e+05 -4.138161949328238145e+06
-4.835662346506305970e+06 2.857032581421365030e+05 -4.138161949328238145e+06
-4.803790457414949313e+06 6.212393799992606509e+05 -4.138514210920049343e+06
-4.806236805180972442e+06 6.020206794924830319e+05 -4.138514210920049343e+06
-4.806280572644309141e+06 6.016711585531504825e+05 -4.138514210920049343e+06
-4.806629797346595675e+06 5.988748761407645652e+05 -4.138514210920049343e+06
-4.806673336039653979e+06 5.985253266305602156e+05 -4.138514210920049343e+06
-4.806716849323083647e+06 5.981757738711630227e+05 -4.138514210920049343e+06
-4.806760337186201476e+06 5.978262179483167129e+05 -4.138514210920049343e+06
-4.806803799618351273e+06 5.974766589477617526e+05 -4.138514210920049343e+06
-4.826791475181047805e+06 4.054937498067781562e+05 -4.138514210920049343e+06
-4.803446781330687925e+06 6.215500968399978010e+05 -4.138866450616888702e+06
-4.806548558320464566e+06 5.970899936068478273e+05 -4.138866450616888702e+06
-4.806591967223851942e+06 5.967404499253385002e+05 -4.138866450616888702e+06
-4.806635350697181188e+06 5.963909031718595652e+05 -4.138866450616888702e+06
-4.826491557605894282e+06 4.054685540420953184e+05 -4.138866450616888702e+06
-4.803057824366751127e+06 6.222100535016003996e+05 -4.139218668433798011e+06
-4.806423326877379790e+06 5.956547806725979317e+05 -4.139218668433798011e+06
-4.806596392470118590e+06 5.942566236756503349e+05 -4.139218668433798011e+06
-4.806639595324887894e+06 5.939070765230354154e+05 -4.139218668433798011e+06
-4.806682772759754211e+06 5.935575262295464054e+05 -4.139218668433798011e+06
-4.826191614498658106e+06 4.054433561324886396e+05 -4.139218668433798011e+06
-4.805515692506542429e+06 6.005106060773384525e+05 -4.139570864360459149e+06
-4.805602982412547804e+06 5.998116657465364551e+05 -4.139570864360459149e+06
-4.805646589233571663e+06 5.994621909059321042e+05 -4.139570864360459149e+06
-4.806384016687902622e+06 5.935206340684993193e+05 -4.139570864360459149e+06
-4.806427166010201909e+06 5.931711024461218622e+05 -4.139570864360459149e+06
-4.803806590370599180e+06 6.116538878713529557e+05 -4.139923038386565167e+06
-4.805434985593424179e+06 5.987260103510406334e+05 -4.139923038386565167e+06
-4.806171503077804111e+06 5.927847157602751395e+05 -4.139923038386565167e+06
-4.801935638665703125e+06 6.238400987573474413e+05 -4.140275190527151339e+06
-4.805136219113778323e+06 5.986887859867695952e+05 -4.140275190527151339e+06
-4.825262140114465728e+06 4.057186536053459276e+05 -4.140275190527151339e+06
-4.803164746592023410e+06 6.119271260312562808e+05 -4.140627320771904197e+06
-4.805141550837134011e+06 5.962055575854585040e+05 -4.140627320771904197e+06
-4.805184895426235162e+06 5.958561162267697509e+05 -4.140627320771904197e+06
-4.805228214603126049e+06 5.955066717168972827e+05 -4.140627320771904197e+06
-4.805874952584406361e+06 5.902646276028403081e+05 -4.140627320771904197e+06
-4.824962096757411025e+06 4.056934252999580349e+05 -4.140627320771904197e+06
-4.804582129678368568e+06 5.982649303267265204e+05 -4.140979429110514000e+06
-4.804799347335162573e+06 5.965178953989264555e+05 -4.140979429110514000e+06
-4.804842714628612623e+06 5.961684790090121096e+05 -4.140979429110514000e+06
-4.804886056522073224e+06 5.958190593824053649e+05 -4.140979429110514000e+06
-4.804929373004904017e+06 5.954696366048110649e+05 -4.140979429110514000e+06
-4.804972664066491649e+06 5.951202107619364979e+05 -4.140979429110514000e+06
-4.805015929727383889e+06 5.947707816879112506e+05 -4.140979429110514000e+06
-4.805059169976960868e+06 5.944213494684419129e+05 -4.140979429110514000e+06
-4.805102384804625995e+06 5.940719141892387997e+05 -4.140979429110514000e+06
-4.805145574230891652e+06 5.937224756844241638e+05 -4.140979429110514000e+06
-4.805188738245156594e+06 5.933730340397118125e+05 -4.140979429110514000e+06
-4.805231876836840995e+06 5.930235893408118282e+05 -4.140979429110514000e+06
-4.805704724156131968e+06 5.891794903991491301e+05 -4.140979429110514000e+06
-4.805747557783401571e+06 5.888300081877916818e+05 -4.140979429110514000e+06
-4.824632514107191004e+06 4.060190531284153112e+05 -4.140979429110514000e+06
-4.802656233978679404e+06 6.111524985400100704e+05 -4.141331515558012761e+06
-4.802700665535997599e+06 6.108032379629744682e+05 -4.141331515558012761e+06
-4.802745071704910137e+06 6.104539740718880203e+05 -4.141331515558012761e+06
-4.803055203672367148e+06 6.080090367106053745e+05 -4.141331515558012761e+06
-4.803099406629672274e+06 6.076597471279938472e+05 -4.141331515558012761e+06
-4.803143584196408279e+06 6.073104542479467345e+05 -4.141331515558012761e+06
-4.803187736361730844e+06 6.069611581561353523e+05 -4.141331515558012761e+06
-4.803231863114817999e+06 6.066118589382470818e+05 -4.141331515558012761e+06
-4.803275964476618916e+06 6.062625564284604043e+05 -4.141331515558012761e+06
-4.803320040436305106e+06 6.059132507124578115e+05 -4.141331515558012761e+06
-4.803364090983075090e+06 6.055639418759181863e+05 -4.141331515558012761e+06
-4.803408116137840785e+06 6.052146297530197771e+05 -4.141331515558012761e+06
-4.803452115889793262e+06 6.048653144294474041e+05 -4.141331515558012761e+06
-4.803496090228149667e+06 6.045159959908822784e+05 -4.141331515558012761e+06
-4.803540039173784666e+06 6.041666742714960128e+05 -4.141331515558012761e+06
-4.803583962715908885e+06 6.038173493569800630e+05 -4.141331515558012761e+06
-4.803627860843759030e+06 6.034680213330137776e+05 -4.141331515558012761e+06
-4.803671733578171581e+06 6.031186900337724946e+05 -4.141331515558012761e+06
-4.803715580908376724e+06 6.027693555449395208e+05 -4.141331515558012761e+06
-4.804326775907738134e+06 5.978783392479785252e+05 -4.141331515558012761e+06
-4.804370242147118784e+06 5.975289571369761834e+05 -4.141331515558012761e+06
-4.804413682968175039e+06 5.971795719497953542e+05 -4.141331515558012761e+06
-4.804457098391530104e+06 5.968301835205781972e+05 -4.141331515558012761e+06
-4.804500488406524062e+06 5.964807919350260636e+05 -4.141331515558012761e+06
-4.804543853002524935e+06 5.961313972788408864e+05 -4.141331515558012761e+06
-4.804932991004831158e+06 5.929867032230459154e+05 -4.141331515558012761e+06
-4.804976101512770168e+06 5.926372770397687564e+05 -4.141331515558012761e+06
-4.805019186609603465e+06 5.922878477223286172e+05 -4.141331515558012761e+06
-4.805491445435686037e+06 5.884439192398902960e+05 -4.141331515558012761e+06
-4.805534225581548177e+06 5.880944524566699984e+05 -4.141331515558012761e+06
-4.824332421553890221e+06 4.059937987087292713e+05 -4.141331515558012761e+06
-4.832323144912180491e+06 2.960866450754156103e+05 -4.141331515558012761e+06
-4.802401893164389767e+06 6.107652403560653329e+05 -4.141683580104095396e+06
-4.802446296570829116e+06 6.104159981924210442e+05 -4.141683580104095396e+06
-4.802712183627767488e+06 6.083204776509831427e+05 -4.141683580104095396e+06
-4.802756409245210700e+06 6.079712129288401920e+05 -4.141683580104095396e+06
-4.802800609452683479e+06 6.076219450752690900e+05 -4.141683580104095396e+06
-4.802844784271165729e+06 6.072726739244675264e+05 -4.141683580104095396e+06
-4.802888933689815924e+06 6.069233995621014619e+05 -4.141683580104095396e+06
-4.802933057697812095e+06 6.065741220738531556e+05 -4.141683580104095396e+06
-4.802977156316100620e+06 6.062248412939111004e+05 -4.141683580104095396e+06
-4.803021229533853941e+06 6.058755573079525493e+05 -4.141683580104095396e+06
-4.803065277340273373e+06 6.055262702016511466e+05 -4.141683580104095396e+06
-4.803109299756267108e+06 6.051769798091953853e+05 -4.141683580104095396e+06
-4.803153296771028079e+06 6.048276862162647303e+05 -4.141683580104095396e+06
-4.803197268373774365e+06 6.044783895085351542e+05 -4.141683580104095396e+06
-4.803241214585378766e+06 6.041290895201886306e+05 -4.141683580104095396e+06
-4.803285135395052843e+06 6.037797863369110273e+05 -4.141683580104095396e+06
-4.803329030792033300e+06 6.034304800443765707e+05 -4.141683580104095396e+06
-4.803372900797156617e+06 6.030811704767709598e+05 -4.141683580104095396e+06
-4.803416745399652980e+06 6.027318577197719133e+05 -4.141683580104095396e+06
-4.804071365912414156e+06 5.974917853130252333e+05 -4.141683580104095396e+06
-4.804114804031050764e+06 5.971424218608323717e+05 -4.141683580104095396e+06
-4.804677187588012777e+06 5.926004095235326095e+05 -4.141683580104095396e+06
-4.804720270004555583e+06 5.922510019438256277e+05 -4.141683580104095396e+06
-4.804763327001015656e+06 5.919015913158610929e+05 -4.141683580104095396e+06
-4.804806358597832732e+06 5.915521774737688247e+05 -4.141683580104095396e+06
-4.805235276936316863e+06 5.880578675461111125e+05 -4.141683580104095396e+06
-4.805278028998125345e+06 5.877084194768770831e+05 -4.141683580104095396e+06
-4.802413366560066119e+06 6.082826289241794730e+05 -4.142035622738450300e+06
-4.802457589425862767e+06 6.079333859327288810e+05 -4.142035622738450300e+06
-4.802501786883268505e+06 6.075841398100447841e+05 -4.142035622738450300e+06
-4.802545958953265101e+06 6.072348903903352330e+05 -4.142035622738450300e+06
-4.802590105625009164e+06 6.068856377592612989e+05 -4.142035622738450300e+06
-4.802634226887678728e+06 6.065363820024993038e+05 -4.142035622738450300e+06
-4.802678322762222029e+06 6.061871229542485671e+05 -4.142035622738450300e+06
-4.802722393237811513e+06 6.058378607001807541e+05 -4.142035622738450300e+06
-4.802766438303645700e+06 6.054885953259642702e+05 -4.142035622738450300e+06
-4.802810457980635576e+06 6.051393266657979693e+05 -4.142035622738450300e+06
-4.802854452257973142e+06 6.047900548053557286e+05 -4.142035622738450300e+06
-4.802898421124876477e+06 6.044407798303085146e+05 -4.142035622738450300e+06
-4.802942364602217451e+06 6.040915015748481965e+05 -4.142035622738450300e+06
-4.802986282679209486e+06 6.037422201246558689e+05 -4.142035622738450300e+06
-4.803074042620689608e+06 6.030436477312768111e+05 -4.142035622738450300e+06
-4.803117884495245293e+06 6.026943567079586210e+05 -4.142035622738450300e+06
-4.803161700958009809e+06 6.023450625811209902e+05 -4.142035622738450300e+06
-4.804464382314455695e+06 5.918647641458949074e+05 -4.142035622738450300e+06
-4.804507411233915016e+06 5.915153720437728334e+05 -4.142035622738450300e+06
-4.804550414744748734e+06 5.911659768134186743e+05 -4.142035622738450300e+06
-4.804936302885786630e+06 5.880212795264880406e+05 -4.142035622738450300e+06
-4.823702626136647537e+06 4.062940740007251734e+05 -4.142035622738450300e+06
-4.802114524087646045e+06 6.082447769795670174e+05 -4.142387643476109486e+06
-4.802158744201562367e+06 6.078955557206559461e+05 -4.142387643476109486e+06
-4.802202938908667304e+06 6.075463313307063654e+05 -4.142387643476109486e+06
-4.802247108229944482e+06 6.071971036439366871e+05 -4.142387643476109486e+06
-4.802291252154548652e+06 6.068478727460021619e+05 -4.142387643476109486e+06
-4.802335370671659708e+06 6.064986387225742219e+05 -4.142387643476109486e+06
-4.802379463802224025e+06 6.061494014078623150e+05 -4.142387643476109486e+06
-4.802423531535414979e+06 6.058001608875329839e+05 -4.142387643476109486e+06
-4.802467573860432953e+06 6.054509172472489299e+05 -4.142387643476109486e+06
-4.802511590798185207e+06 6.051016703212196007e+05 -4.142387643476109486e+06
-4.802555582337865606e+06 6.047524201951135183e+05 -4.142387643476109486e+06
-4.802599548468694091e+06 6.044031669545961777e+05 -4.142387643476109486e+06
-4.802643489211539738e+06 6.040539104338700417e+05 -4.142387643476109486e+06
-4.802687404555616900e+06 6.037046507186105009e+05 -4.142387643476109486e+06
-4.802731294490162283e+06 6.033553878944809549e+05 -4.142387643476109486e+06
-4.802775159036010504e+06 6.030061217956879409e+05 -4.142387643476109486e+06
-4.802818998182392679e+06 6.026568525078983512e+05 -4.142387643476109486e+06
-4.802862811918566003e+06 6.023075801167823374e+05 -4.142387643476109486e+06
-4.804208438454202376e+06 5.914785634846666362e+05 -4.142387643476109486e+06
-4.804251439289031550e+06 5.911291899963256437e+05 -4.142387643476109486e+06
-4.804294414706277661e+06 5.907798134656536859e+05 -4.142387643476109486e+06
-4.804680050158845261e+06 5.876352838130522287e+05 -4.142387643476109486e+06
-4.831356523760030977e+06 2.970854279459578102e+05 -4.142387643476109486e+06
-4.801904065537628718e+06 6.075085196383608272e+05 -4.142739642306766473e+06
-4.801948232109950855e+06 6.071593136863776017e+05 -4.142739642306766473e+06
-4.801992373287182301e+06 6.068101045234295307e+05 -4.142739642306766473e+06
-4.802036489058502018e+06 6.064608922351825750e+05 -4.142739642306766473e+06
-4.802080579444854520e+06 6.061116766558565432e+05 -4.142739642306766473e+06
-4.802124644435414113e+06 6.057624578711123904e+05 -4.142739642306766473e+06
-4.802168684019382112e+06 6.054132359666079283e+05 -4.142739642306766473e+06
-4.802212698217664845e+06 6.050640107765624998e+05 -4.142739642306766473e+06
-4.802256687019455247e+06 6.047147823866395047e+05 -4.142739642306766473e+06
-4.802300650413976051e+06 6.043655508824990829e+05 -4.142739642306766473e+06
-4.802344588422094472e+06 6.040163160983540583e+05 -4.142739642306766473e+06
-4.802388501033023931e+06 6.036670781198745826e+05 -4.142739642306766473e+06
-4.802432388236003928e+06 6.033178370327184675e+05 -4.142739642306766473e+06
-4.802476250051865354e+06 6.029685926711026113e+05 -4.142739642306766473e+06
-4.802520086469843052e+06 6.026193451206886675e+05 -4.142739642306766473e+06
-4.802563897479193285e+06 6.022700944671415491e+05 -4.142739642306766473e+06
-4.802607683100712486e+06 6.019208405446733814e+05 -4.142739642306766473e+06
-4.803909440267444588e+06 5.914417517975274241e+05 -4.142739642306766473e+06
-4.803952438426042907e+06 5.910924000530472258e+05 -4.142739642306766473e+06
-4.803995411168639548e+06 5.907430452664254699e+05 -4.142739642306766473e+06
-4.804038358515634201e+06 5.903936872718161903e+05 -4.142739642306766473e+06
-4.804081280456482433e+06 5.900443261549092131e+05 -4.142739642306766473e+06
-4.804124176980665885e+06 5.896949620014034444e+05 -4.142739642306766473e+06
-4.804167048108547926e+06 5.893455946454486111e+05 -4.142739642306766473e+06
-4.804209893829603679e+06 5.889962241727431538e+05 -4.142739642306766473e+06
-4.804252714133332483e+06 5.886468506689819042e+05 -4.142739642306766473e+06
-4.804295509040061384e+06 5.882974739683101652e+05 -4.142739642306766473e+06
-4.804551744894439355e+06 5.862011486612735316e+05 -4.142739642306766473e+06
-4.804594361943894997e+06 5.858517502209387021e+05 -4.142739642306766473e+06
-4.804636953574045561e+06 5.855023487661841791e+05 -4.142739642306766473e+06
-4.801649330602048896e+06 6.071215205187661340e+05 -4.143091619220105931e+06
-4.801693469031673856e+06 6.067723330926507479e+05 -4.143091619220105931e+06
-4.801737582056968473e+06 6.064231425414311234e+05 -4.143091619220105931e+06
-4.801781669698875397e+06 6.060739486993370811e+05 -4.143091619220105931e+06
-4.801825731946570799e+06 6.057247516520245699e+05 -4.143091619220105931e+06
-4.801869768789255992e+06 6.053755514851459302e+05 -4.143091619220105931e+06
-4.801913780247835442e+06 6.050263480329307495e+05 -4.143091619220105931e+06
-4.801957766311504878e+06 6.046771413810374215e+05 -4.143091619220105931e+06
-4.802001726969485171e+06 6.043279316151203820e+05 -4.143091619220105931e+06
-4.802045662242643535e+06 6.039787185694028158e+05 -4.143091619220105931e+06
-4.802089572120193392e+06 6.036295023295496358e+05 -4.143091619220105931e+06
-4.802133456591376103e+06 6.032802829812132986e+05 -4.143091619220105931e+06
-4.802177315677020699e+06 6.029310603586211801e+05 -4.143091619220105931e+06
-4.802221149366362020e+06 6.025818345474294620e+05 -4.143091619220105931e+06
-4.802264957648657262e+06 6.022326056332977023e+05 -4.143091619220105931e+06
-4.802308740544700995e+06 6.018833734504482709e+05 -4.143091619220105931e+06
-4.803653412164549343e+06 5.910556069846621249e+05 -4.143091619220105931e+06
-4.803696382232269272e+06 5.907062739439376164e+05 -4.143091619220105931e+06
-4.803739326905968599e+06 5.903569376954252366e+05 -4.143091619220105931e+06
-4.803782246175102890e+06 5.900075983248094562e+05 -4.143091619220105931e+06
-4.803825140029153787e+06 5.896582559177838266e+05 -4.143091619220105931e+06
-4.803868008488484658e+06 5.893089103085086681e+05 -4.143091619220105931e+06
-4.803910851542570628e+06 5.889595615826767171e+05 -4.143091619220105931e+06
-4.803953669180911966e+06 5.886102098259776831e+05 -4.143091619220105931e+06
-4.804210041524587199e+06 5.865140336449382594e+05 -4.143091619220105931e+06
-4.804252681328585371e+06 5.861646600531504955e+05 -4.143091619220105931e+06
-4.804295295725304633e+06 5.858152833614300471e+05 -4.143091619220105931e+06
-4.804337884704301134e+06 5.854659036554776831e+05 -4.143091619220105931e+06
-4.822772494088839740e+06 4.065689425032786676e+05 -4.143091619220105931e+06
-4.799518981136011891e+06 6.213967306621237658e+05 -4.143443574231167790e+06
-4.801394539375246502e+06 6.067345584520514822e+05 -4.143443574231167790e+06
-4.801438649654282257e+06 6.063853896397062344e+05 -4.143443574231167790e+06
-4.801482734551511705e+06 6.060362175366915762e+05 -4.143443574231167790e+06
-4.801526794056109153e+06 6.056870422286578687e+05 -4.143443574231167790e+06
-4.801570828157278709e+06 6.053378638012523297e+05 -4.143443574231167790e+06
-4.801614836875922978e+06 6.049886820887147915e+05 -4.143443574231167790e+06
-4.801658820201238617e+06 6.046394971766981762e+05 -4.143443574231167790e+06
-4.801702778122445568e+06 6.042903091508517973e+05 -4.143443574231167790e+06
-4.801746710660411045e+06 6.039411178454092005e+05 -4.143443574231167790e+06
-4.801790617804350331e+06 6.035919233460295945e+05 -4.143443574231167790e+06
-4.801834499543501996e+06 6.032427257383606629e+05 -4.143443574231167790e+06
-4.801878355898696929e+06 6.028935248566395603e+05 -4.143443574231167790e+06
-4.801922186859169975e+06 6.025443207865173463e+05 -4.143443574231167790e+06
-4.801965992414178327e+06 6.021951136136483401e+05 -4.143443574231167790e+06
-4.802009772584516555e+06 6.018459031722651562e+05 -4.143443574231167790e+06
-4.802053527359437197e+06 6.014966895480192034e+05 -4.143443574231167790e+06
-4.802402651264677756e+06 5.987028664441483561e+05 -4.143443574231167790e+06
-4.802446177470459603e+06 5.983536242572673364e+05 -4.143443574231167790e+06
-4.802489678268079646e+06 5.980043789898151299e+05 -4.143443574231167790e+06
-4.802533153678187169e+06 5.976551304759982741e+05 -4.143443574231167790e+06
-4.803354360491768457e+06 5.910188107895979192e+05 -4.143443574231167790e+06
-4.803397327884385362e+06 5.906694994966184022e+05 -4.143443574231167790e+06
-4.803440269884561189e+06 5.903201849960508989e+05 -4.143443574231167790e+06
-4.803483186481754296e+06 5.899708673735744087e+05 -4.143443574231167790e+06
-4.803996204092032276e+06 5.857788134029634530e+05 -4.143443574231167790e+06
-4.804038790419650264e+06 5.854294554476613412e+05 -4.143443574231167790e+06
-4.804081351351343095e+06 5.850800943124741316e+05 -4.143443574231167790e+06
-4.822472252156700008e+06 4.065436315343298484e+05 -4.143443574231167790e+06
-4.830432770335489884e+06 2.973812341615478508e+05 -4.143443574231167790e+06
-4.799220142867580056e+06 6.213580398842083523e+05 -4.143795507329642773e+06
-4.801139691859202459e+06 6.063476335311139701e+05 -4.143795507329642773e+06
-4.801183774011519738e+06 6.059984831690251594e+05 -4.143795507329642773e+06
-4.801227830772787333e+06 6.056493296021170681e+05 -4.143795507329642773e+06
-4.801271862132208422e+06 6.053001729160310933e+05 -4.143795507329642773e+06
-4.801315868110684678e+06 6.049510129450178938e+05 -4.143795507329642773e+06
-4.801359848697412759e+06 6.046018497747248039e+05 -4.143795507329642773e+06
-4.801403803881614469e+06 6.042526834907957818e+05 -4.143795507329642773e+06
-4.801447733684155159e+06 6.039035139274746180e+05 -4.143795507329642773e+06
-4.801491638094250113e+06 6.035543411704155151e+05 -4.143795507329642773e+06
-4.801535517101140693e+06 6.032051653052604524e+05 -4.143795507329642773e+06
-4.801579370725654066e+06 6.028559861662571784e+05 -4.143795507329642773e+06
-4.801623198957026936e+06 6.025068038390513975e+05 -4.143795507329642773e+06
-4.801667001784517430e+06 6.021576184092918411e+05 -4.143795507329642773e+06
-4.801710779228917323e+06 6.018084297112217173e+05 -4.143795507329642773e+06
-4.801754531279481016e+06 6.014592378304870799e+05 -4.143795507329642773e+06
-4.802060084555224515e+06 5.990148059573606588e+05 -4.143795507329642773e+06
-4.802103633446796797e+06 5.986655886818107683e+05 -4.143795507329642773e+06
-4.802147156942454167e+06 5.983163682402194245e+05 -4.143795507329642773e+06
-4.802190655031531118e+06 5.979671447182486299e+05 -4.143795507329642773e+06
-4.802234127734676935e+06 5.976179179501153994e+05 -4.143795507329642773e+06
-4.803055283416462131e+06 5.909820114689323818e+05 -4.143795507329642773e+06
-4.803098248133747838e+06 5.906327219255453674e+05 -4.143795507329642773e+06
-4.803141187460174784e+06 5.902834291747700190e+05 -4.143795507329642773e+06
-4.803184101385199465e+06 5.899341333022800973e+05 -4.143795507329642773e+06
-4.803697087052839808e+06 5.857423403466072632e+05 -4.143795507329642773e+06
-4.803739670728853904e+06 5.853930041438030312e+05 -4.143795507329642773e+06
-4.803782229010524228e+06 5.850436647613117239e+05 -4.143795507329642773e+06
-4.800928842105365358e+06 6.056116137735069497e+05 -4.144147418505221140e+06
-4.800972870722804219e+06 6.052624788305867696e+05 -4.144147418505221140e+06
-4.801016873960879631e+06 6.049133406029437901e+05 -4.144147418505221140e+06
-4.801060851808788255e+06 6.045641991762202233e+05 -4.144147418505221140e+06
-4.801104804255751893e+06 6.042150546360545559e+05 -4.144147418505221140e+06
-4.801148731322635897e+06 6.038659068167010555e+05 -4.144147418505221140e+06
-4.801192632998654619e+06 6.035167558038084535e+05 -4.144147418505221140e+06
-4.801236509273051284e+06 6.031676016830133740e+05 -4.144147418505221140e+06
-4.801280360166652128e+06 6.028184442885740427e+05 -4.144147418505221140e+06
-4.801324185668691993e+06 6.024692837061306927e+05 -4.144147418505221140e+06
-4.801367985768432729e+06 6.021201200213268166e+05 -4.144147418505221140e+06
-4.801411760486663319e+06 6.017709530684159836e+05 -4.144147418505221140e+06
-4.801455509812640026e+06 6.014217829330386594e+05 -4.144147418505221140e+06
-4.801499233735638671e+06 6.010726097008448560e+05 -4.144147418505221140e+06
-4.801673875529667363e+06 5.996758847514336230e+05 -4.144147418505221140e+06
-4.801717472497271374e+06 5.993266955600507790e+05 -4.144147418505221140e+06
-4.801761044060548767e+06 5.989775032829381526e+05 -4.144147418505221140e+06
-4.801804590240184218e+06 5.986283077543270774e+05 -4.144147418505221140e+06
-4.801848111025487073e+06 5.982791090598716401e+05 -4.144147418505221140e+06
-4.801891606405790895e+06 5.979299072852287209e+05 -4.144147418505221140e+06
-4.801935076401744038e+06 5.975807022646254627e+05 -4.144147418505221140e+06
-4.802713193495992571e+06 5.912944737743075239e+05 -4.144147418505221140e+06
-4.802756180947393179e+06 5.909452090237437515e+05 -4.144147418505221140e+06
-4.802799142989121377e+06 5.905959412317960523e+05 -4.144147418505221140e+06
-4.802842079641571268e+06 5.902466702326595550e+05 -4.144147418505221140e+06
-4.802884990894201212e+06 5.898973961120028980e+05 -4.144147418505221140e+06
-4.802927876736494713e+06 5.895481189555035671e+05 -4.144147418505221140e+06
-4.803355338179332204e+06 5.860551756282205461e+05 -4.144147418505221140e+06
-4.803397944616491906e+06 5.857058641934301704e+05 -4.144147418505221140e+06
-4.803440525640676729e+06 5.853565497449707473e+05 -4.144147418505221140e+06
-4.803483081272098236e+06 5.850072321170222713e+05 -4.144147418505221140e+06
-4.821842118032380007e+06 4.068436585047431290e+05 -4.144147418505221140e+06
-4.797805024808299728e+06 6.275614964239676483e+05 -4.144499307772935834e+06
-4.799743979194920510e+06 6.125554848760782043e+05 -4.144499307772935834e+06
-4.799788512798653916e+06 6.122064359966716729e+05 -4.144499307772935834e+06
-4.800629828041068278e+06 6.055738947412164416e+05 -4.144499307772935834e+06
-4.800673853916293010e+06 6.052247815433088690e+05 -4.144499307772935834e+06
-4.800717854413734749e+06 6.048756650608831551e+05 -4.144499307772935834e+06
-4.800761829522591084e+06 6.045265453795759240e+05 -4.144499307772935834e+06
-4.800805779232084751e+06 6.041774225850206567e+05 -4.144499307772935834e+06
-4.800849703563078307e+06 6.038282965114817489e+05 -4.144499307772935834e+06
-4.800893602504789829e+06 6.034791672446026932e+05 -4.144499307772935834e+06
-4.800937476046460681e+06 6.031300348700147588e+05 -4.144499307772935834e+06
-4.800981324208915234e+06 6.027808992219862994e+05 -4.144499307772935834e+06
-4.801025146981392056e+06 6.024317603861524258e+05 -4.144499307772935834e+06
-4.801068944353151135e+06 6.020826184481512755e+05 -4.144499307772935834e+06
-4.801112716344980523e+06 6.017334732422467787e+05 -4.144499307772935834e+06
-4.801156462946137413e+06 6.013843248540739296e+05 -4.144499307772935834e+06
-4.801200184145899490e+06 6.010351733692776179e+05 -4.144499307772935834e+06
-4.801243879965021275e+06 6.006860186221149052e+05 -4.144499307772935834e+06
-4.801287550392775796e+06 6.003368606982234633e+05 -4.144499307772935834e+06
-4.801331195418460295e+06 5.999876996832522564e+05 -4.144499307772935834e+06
-4.801374815062792972e+06 5.996385354114500806e+05 -4.144499307772935834e+06
-4.801418409315066412e+06 5.992893679684585659e+05 -4.144499307772935834e+06
-4.801461978164596483e+06 5.989401974399295868e+05 -4.144499307772935834e+06
-4.801505521632065065e+06 5.985910236601044890e+05 -4.144499307772935834e+06
-4.801549039706782438e+06 5.982418467146323528e+05 -4.144499307772935834e+06
-4.801592532378084026e+06 5.978926666891644709e+05 -4.144499307772935834e+06
-4.801635999666615389e+06 5.975434834179384634e+05 -4.144499307772935834e+06
-4.801679441561705433e+06 5.971942969866070198e+05 -4.144499307772935834e+06
-4.802371058126162738e+06 5.916068863205236848e+05 -4.144499307772935834e+06
-4.802414068297751248e+06 5.912576464499263093e+05 -4.144499307772935834e+06
-4.802457053071783856e+06 5.909084034524599556e+05 -4.144499307772935834e+06
-4.802500012437726371e+06 5.905591574137988500e+05 -4.144499307772935834e+06
-4.802542946415971965e+06 5.902099081681490643e+05 -4.144499307772935834e+06
-4.802585854995979927e+06 5.898606558011732996e+05 -4.144499307772935834e+06
-4.802628738167234696e+06 5.895114003985440359e+05 -4.144499307772935834e+06
-4.802671595950094052e+06 5.891621417944626883e+05 -4.144499307772935834e+06
-4.802714428334034979e+06 5.888128800746008055e+05 -4.144499307772935834e+06
-4.802757235308560543e+06 5.884636153246265603e+05 -4.144499307772935834e+06
-4.802800016893993132e+06 5.881143473787370604e+05 -4.144499307772935834e+06
-4.802842773079828359e+06 5.877650763226106064e+05 -4.144499307772935834e+06
-4.802885503855587915e+06 5.874158022419130430e+05 -4.144499307772935834e+06
-4.803013543802211992e+06 5.863679612002841895e+05 -4.144499307772935834e+06
-4.803056172986685298e+06 5.860186746206593234e+05 -4.144499307772935834e+06
-4.803098776770208031e+06 5.856693849418738391e+05 -4.144499307772935834e+06
-4.803141355142337270e+06 5.853200922496070853e+05 -4.144499307772935834e+06
-4.803183908123286441e+06 5.849707963780494174e+05 -4.144499307772935834e+06
-4.803226435702608898e+06 5.846214974128749454e+05 -4.144499307772935834e+06
-4.803268937869882211e+06 5.842721954397611553e+05 -4.144499307772935834e+06
-4.821541801436044276e+06 4.068183192464737804e+05 -4.144499307772935834e+06
-4.797506161317720078e+06 6.275224045437423047e+05 -4.144851175122474786e+06
-4.799444994923552498e+06 6.125173277460078243e+05 -4.144851175122474786e+06
-4.799489525753211230e+06 6.121683006094536977e+05 -4.144851175122474786e+06
-4.799534031200780533e+06 6.118192702354487265e+05 -4.144851175122474786e+06
-4.800330788588657975e+06 6.055361725063506747e+05 -4.144851175122474786e+06
-4.800374811721435748e+06 6.051870810553020565e+05 -4.144851175122474786e+06
-4.800418809478010982e+06 6.048379863199397223e+05 -4.144851175122474786e+06
-4.800462781847582199e+06 6.044888883858952904e+05 -4.144851175122474786e+06
-4.800506728819373995e+06 6.041397873387967702e+05 -4.144851175122474786e+06
-4.800550650414246134e+06 6.037906830129188020e+05 -4.144851175122474786e+06
-4.800594546621416695e+06 6.034415754938995233e+05 -4.144851175122474786e+06
-4.800638417430128902e+06 6.030924648673650809e+05 -4.144851175122474786e+06
-4.800682262861207128e+06 6.027433509675939567e+05 -4.144851175122474786e+06
-4.800726082903889008e+06 6.023942338802161394e+05 -4.144851175122474786e+06
-4.800769877547433600e+06 6.020451136908641784e+05 -4.144851175122474786e+06
-4.800813646812631749e+06 6.016959902338122483e+05 -4.144851175122474786e+06
-4.800857390688737854e+06 6.013468635946904542e+05 -4.144851175122474786e+06
-4.800901109165031463e+06 6.009977338591379812e+05 -4.144851175122474786e+06
-4.800944802262265235e+06 6.006486008614223683e+05 -4.144851175122474786e+06
-4.800988469969714060e+06 6.002994646871758159e+05 -4.144851175122474786e+06
-4.801032112276675180e+06 5.999503254220422823e+05 -4.144851175122474786e+06
-4.801075729203865863e+06 5.996011829002803424e+05 -4.144851175122474786e+06
-4.801119320740578696e+06 5.992520372075268533e+05 -4.144851175122474786e+06
-4.801162886876130477e+06 5.989028884294278687e+05 -4.144851175122474786e+06
-4.801206427631202154e+06 5.985537364002355607e+05 -4.144851175122474786e+06
-4.801249942995104007e+06 5.982045812055931892e+05 -4.144851175122474786e+06
-4.801293432957172394e+06 5.978554229311470408e+05 -4.144851175122474786e+06
-4.801336897538051941e+06 5.975062614111448638e+05 -4.144851175122474786e+06
-4.802028877331721596e+06 5.919192490180494497e+05 -4.144851175122474786e+06
-4.802071910209548660e+06 5.915700341145289131e+05 -4.144851175122474786e+06
-4.802114917701959610e+06 5.912208159986811224e+05 -4.144851175122474786e+06
-4.802157899798397906e+06 5.908715947561591165e+05 -4.144851175122474786e+06
-4.802200856488327496e+06 5.905223704726318829e+05 -4.144851175122474786e+06
-4.802243787792142481e+06 5.901731429823156213e+05 -4.144851175122474786e+06
-4.802286693699301220e+06 5.898239123708679108e+05 -4.144851175122474786e+06
-4.802329574199290015e+06 5.894746787239556434e+05 -4.144851175122474786e+06
-4.802372429312464781e+06 5.891254418757907115e+05 -4.144851175122474786e+06
-4.802415259028302506e+06 5.887762019120395416e+05 -4.144851175122474786e+06
-4.802458063336309046e+06 5.884269589183646021e+05 -4.144851175122474786e+06
-4.802500842256803066e+06 5.880777127289735945e+05 -4.144851175122474786e+06
-4.802543595779282041e+06 5.877284634295392316e+05 -4.144851175122474786e+06
-4.802714355864065699e+06 5.863314353359061060e+05 -4.144851175122474786e+06
-4.802756982393094338e+06 5.859821705139405094e+05 -4.144851175122474786e+06
-4.802799583522753790e+06 5.856329025930071948e+05 -4.144851175122474786e+06
-4.802842159242603928e+06 5.852836316587803885e+05 -4.144851175122474786e+06
-4.802884709572855383e+06 5.849343575454605743e+05 -4.144851175122474786e+06
-4.802927234503061511e+06 5.845850803387168562e+05 -4.144851175122474786e+06
-4.821241459341002628e+06 4.067929778367472463e+05 -4.144851175122474786e+06
-4.797389596988555975e+06 6.260878318436712725e+05 -4.145203020543538965e+06
-4.799145985277508385e+06 6.124791673775571398e+05 -4.145203020543538965e+06
-4.799190513332856819e+06 6.121301619857007172e+05 -4.145203020543538965e+06
-4.799235016007697210e+06 6.117811533565951977e+05 -4.145203020543538965e+06
-4.800031723756888881e+06 6.054984470700138481e+05 -4.145203020543538965e+06
-4.800075744146986865e+06 6.051493773676697165e+05 -4.145203020543538965e+06
-4.800119739162463695e+06 6.048003043812166434e+05 -4.145203020543538965e+06
-4.800163708792516962e+06 6.044512281962806592e+05 -4.145203020543538965e+06
-4.800207653026373126e+06 6.041021488984844182e+05 -4.145203020543538965e+06
-4.800251571884891950e+06 6.037530663221131545e+05 -4.145203020543538965e+06
-4.800295465357290581e+06 6.034039805527995341e+05 -4.145203020543538965e+06
-4.800339333432813175e+06 6.030548916761642322e+05 -4.145203020543538965e+06
-4.800383176132282242e+06 6.027057995264963247e+05 -4.145203020543538965e+06
-4.800426993444936350e+06 6.023567041894202121e+05 -4.145203020543538965e+06
-4.800470785360036418e+06 6.020076057505632052e+05 -4.145203020543538965e+06
-4.800514551898370497e+06 6.016585040442098398e+05 -4.145203020543538965e+06
-4.800558293049194850e+06 6.013093991559848655e+05 -4.145203020543538965e+06
-4.800602008801789023e+06 6.009602911715221126e+05 -4.145203020543538965e+06
-4.800645699176904745e+06 6.006111799250993645e+05 -4.145203020543538965e+06
-4.800689364163816907e+06 6.002620655023436993e+05 -4.145203020543538965e+06
-4.800733003751823679e+06 5.999129479888936039e+05 -4.145203020543538965e+06
-4.800776617961641401e+06 5.995638272190180141e+05 -4.145203020543538965e+06
-4.800820206782562658e+06 5.992147032783483155e+05 -4.145203020543538965e+06
-4.800863770203905180e+06 5.988655762525254395e+05 -4.145203020543538965e+06
-4.800907308246349916e+06 5.985164459758118028e+05 -4.145203020543538965e+06
-4.800950820899206214e+06 5.981673125338451937e+05 -4.145203020543538965e+06
-4.800994308151812293e+06 5.978181760122667765e+05 -4.145203020543538965e+06
-4.801037770024809986e+06 5.974690362453345442e+05 -4.145203020543538965e+06
-4.801643570111618377e+06 5.925807489975383505e+05 -4.145203020543538965e+06
-4.801686651106428355e+06 5.922315620287914062e+05 -4.145203020543538965e+06
-4.801729706707529724e+06 5.918823719280270161e+05 -4.145203020543538965e+06
-4.801772736904370598e+06 5.915331787809022935e+05 -4.145203020543538965e+06
-4.801815741717377678e+06 5.911839824216503184e+05 -4.145203020543538965e+06
-4.801858721135992557e+06 5.908347829359190073e+05 -4.145203020543538965e+06
-4.801901675149683841e+06 5.904855804093718762e+05 -4.145203020543538965e+06
-4.801944603778840043e+06 5.901363746762354858e+05 -4.145203020543538965e+06
-4.801987507012923248e+06 5.897871658221621765e+05 -4.145203020543538965e+06
-4.802030384841418825e+06 5.894379539328134852e+05 -4.145203020543538965e+06
-4.802073237284681760e+06 5.890887388424114324e+05 -4.145203020543538965e+06
-4.802116064332191832e+06 5.887395206366172060e+05 -4.145203020543538965e+06
-4.802158865973452106e+06 5.883902994010881521e+05 -4.145203020543538965e+06
-4.802201642228781246e+06 5.880410749700419838e+05 -4.145203020543538965e+06
-4.802457766407316551e+06 5.859456633091325639e+05 -4.145203020543538965e+06
-4.802500364882888272e+06 5.855964171478981152e+05 -4.145203020543538965e+06
-4.802542937950233929e+06 5.852471679735578364e+05 -4.145203020543538965e+06
-4.802585485629561357e+06 5.848979156203226885e+05 -4.145203020543538965e+06
-4.802628007910427637e+06 5.845486601738561876e+05 -4.145203020543538965e+06
-4.798846950244016014e+06 6.124410037690959871e+05 -4.145554844051155727e+06
-4.798891475524819456e+06 6.120920201237834990e+05 -4.145554844051155727e+06
-4.799732633532986976e+06 6.054607184305945411e+05 -4.145554844051155727e+06
-4.799776651180172339e+06 6.051116704788015923e+05 -4.145554844051155727e+06
-4.799820643454317003e+06 6.047626192431042437e+05 -4.145554844051155727e+06
-4.799864610344620422e+06 6.044135648091234034e+05 -4.145554844051155727e+06
-4.799908551840309985e+06 6.040645072624761378e+05 -4.145554844051155727e+06
-4.799952467962241732e+06 6.037154464374582749e+05 -4.145554844051155727e+06
-4.799996358699635603e+06 6.033663824196968926e+05 -4.145554844051155727e+06
-4.800040224041735753e+06 6.030173152948074276e+05 -4.145554844051155727e+06
-4.800084064009364694e+06 6.026682448970893165e+05 -4.145554844051155727e+06
-4.800127878591759130e+06 6.023191713121616049e+05 -4.145554844051155727e+06
-4.800171667778183706e+06 6.019700946256463649e+05 -4.145554844051155727e+06
-4.800215431589421816e+06 6.016210146718382603e+05 -4.145554844051155727e+06
-4.800259170014732517e+06 6.012719315363568021e+05 -4.145554844051155727e+06
-4.800433869831128977e+06 5.998755673822097015e+05 -4.145554844051155727e+06
-4.800477481323342770e+06 5.995264683660672745e+05 -4.145554844051155727e+06
-4.800521067428242415e+06 5.991773661793284118e+05 -4.145554844051155727e+06
-4.800564628135146573e+06 5.988282609076284571e+05 -4.145554844051155727e+06
-4.800608163464733399e+06 5.984791523852403043e+05 -4.145554844051155727e+06
-4.800651673406314105e+06 5.981300406977965031e+05 -4.145554844051155727e+06
-4.800695157949226908e+06 5.977809259309327463e+05 -4.145554844051155727e+06
-4.801301275761504658e+06 5.928929872539778007e+05 -4.145554844051155727e+06
-4.801344379453486763e+06 5.925438252605511807e+05 -4.145554844051155727e+06
-4.801387457763917744e+06 5.921946600496622268e+05 -4.145554844051155727e+06
-4.801430510682222433e+06 5.918454917069510557e+05 -4.145554844051155727e+06
-4.801473538197849877e+06 5.914963203180693090e+05 -4.145554844051155727e+06
-4.801516540331223980e+06 5.911471457172605442e+05 -4.145554844051155727e+06
-4.801559517071790062e+06 5.907979679901670897e+05 -4.145554844051155727e+06
-4.801602468409013934e+06 5.904487872224473394e+05 -4.145554844051155727e+06
-4.801645394363285042e+06 5.900996032483382151e+05 -4.145554844051155727e+06
-4.801688294924065471e+06 5.897504161534865852e+05 -4.145554844051155727e+06
-4.801731170080841519e+06 5.894012260235486319e+05 -4.145554844051155727e+06
-4.801774019853966311e+06 5.890520326927569695e+05 -4.145554844051155727e+06
-4.801816844232920557e+06 5.887028362467670813e+05 -4.145554844051155727e+06
-4.801859643207208253e+06 5.883536367712311912e+05 -4.145554844051155727e+06
-4.802371250135926530e+06 5.841630002250184771e+05 -4.145554844051155727e+06
-4.802413718972798437e+06 5.838137603601411683e+05 -4.145554844051155727e+06
-4.802456162412117235e+06 5.834645174077640986e+05 -4.145554844051155727e+06
-4.796837232470882125e+06 6.256609711820763769e+05 -4.145906645635016263e+06
-4.799433517925717868e+06 6.054229865891986992e+05 -4.145906645635016263e+06
-4.799477532829756849e+06 6.050739603898028145e+05 -4.145906645635016263e+06
-4.799521522362337448e+06 6.047249309067071881e+05 -4.145906645635016263e+06
-4.799565486512659118e+06 6.043758982255272567e+05 -4.145906645635016263e+06
-4.799609425269948319e+06 6.040268624318750808e+05 -4.145906645635016263e+06
-4.799653338655061089e+06 6.036778233600565000e+05 -4.145906645635016263e+06
-4.799697226657218300e+06 6.033287810956933536e+05 -4.145906645635016263e+06
-4.799741089265665039e+06 6.029797357243959559e+05 -4.145906645635016263e+06
-4.799784926501221023e+06 6.026306870804736391e+05 -4.145906645635016263e+06
-4.799828738353124820e+06 6.022816352495404426e+05 -4.145906645635016263e+06
-4.800265460678620264e+06 5.987909423958305269e+05 -4.145906645635016263e+06
-4.800308993295119144e+06 5.984418556296140887e+05 -4.145906645635016263e+06
-4.800352500525194220e+06 5.980927656985393260e+05 -4.145906645635016263e+06
-4.800958935991447419e+06 5.932051758062168956e+05 -4.145906645635016263e+06
-4.801002062397670932e+06 5.928560386238208739e+05 -4.145906645635016263e+06
-4.801045163403464481e+06 5.925068983898983570e+05 -4.145906645635016263e+06
-4.801088239029288292e+06 5.921577549387139734e+05 -4.145906645635016263e+06
-4.801131289264569059e+06 5.918086083559024846e+05 -4.145906645635016263e+06
-4.801174314098754898e+06 5.914594587271102937e+05 -4.145906645635016263e+06
-4.801217313552269712e+06 5.911103058865913190e+05 -4.145906645635016263e+06
-4.801260287614557892e+06 5.907611499199824175e+05 -4.145906645635016263e+06
-4.801303236275088042e+06 5.904119909129367443e+05 -4.145906645635016263e+06
-4.801346159554247744e+06 5.900628286997014657e+05 -4.145906645635016263e+06
-4.801389057441498153e+06 5.897136633659182116e+05 -4.145906645635016263e+06
-4.801431929926327430e+06 5.893644949972378090e+05 -4.145906645635016263e+06
-4.801474777029088698e+06 5.890153234279030003e+05 -4.145906645635016263e+06
-4.801517598739260808e+06 5.886661487435642630e+05 -4.145906645635016263e+06
-4.802114436282368377e+06 5.837773775403477484e+05 -4.145906645635016263e+06
-4.802156877076644450e+06 5.834281563525201054e+05 -4.145906645635016263e+06
-4.820340280086709186e+06 4.067169407007709378e+05 -4.145906645635016263e+06
-4.796492744110577740e+06 6.259707872171083000e+05 -4.146258425284822006e+06
-4.799090339392402209e+06 6.057342528742662398e+05 -4.146258425284822006e+06
-4.799134376943835057e+06 6.053852515469304053e+05 -4.146258425284822006e+06
-4.799178389104495756e+06 6.050362471017768839e+05 -4.146258425284822006e+06
-4.799222375895279460e+06 6.046872393731282791e+05 -4.146258425284822006e+06
-4.799266337305386551e+06 6.043382284465947887e+05 -4.146258425284822006e+06
-4.799310273324042559e+06 6.039892144077830017e+05 -4.146258425284822006e+06
-4.799354183972105384e+06 6.036401970910090022e+05 -4.146258425284822006e+06
-4.800659699932706542e+06 5.931682022804693552e+05 -4.146258425284822006e+06
-4.800702823650930077e+06 5.928190868592330953e+05 -4.146258425284822006e+06
-4.800832042463325895e+06 5.917717218759608222e+05 -4.146258425284822006e+06
-4.800875064615842886e+06 5.914225940091041848e+05 -4.146258425284822006e+06
-4.800918061389271170e+06 5.910734629307208816e+05 -4.146258425284822006e+06
-4.800961032773055136e+06 5.907243287264425308e+05 -4.146258425284822006e+06
-4.801003978756663390e+06 5.903751914819170488e+05 -4.146258425284822006e+06
-4.801046899360484444e+06 5.900260510314016137e+05 -4.146258425284822006e+06
-4.801089794573978521e+06 5.896769074605326168e+05 -4.146258425284822006e+06
-4.801132664386634715e+06 5.893277608549557626e+05 -4.146258425284822006e+06
-4.801175508818804286e+06 5.889786110489241546e+05 -4.146258425284822006e+06
-4.801815128203150816e+06 5.837409916341223288e+05 -4.146258425284822006e+06
-4.801857566352160648e+06 5.833917922126903431e+05 -4.146258425284822006e+06
-4.820010247832229361e+06 4.070421127437757677e+05 -4.146258425284822006e+06
-4.798791175768330693e+06 6.056964928736204747e+05 -4.146610183015591931e+06
-4.798835210574569181e+06 6.053475133021789370e+05 -4.146610183015591931e+06
-4.798879219991618767e+06 6.049985306131140096e+05 -4.146610183015591931e+06
-4.798923204040372744e+06 6.046495446407586569e+05 -4.146610183015591931e+06
-4.798967162710032426e+06 6.043005554707178380e+05 -4.146610183015591931e+06
-4.800360438478514552e+06 5.931312256168667227e+05 -4.146610183015591931e+06
-4.819709780111926608e+06 4.070167387280797702e+05 -4.146610183015591931e+06
-4.827463776244850829e+06 3.014274027941085515e+05 -4.146610183015591931e+06
-4.795666817300792783e+06 6.276365359995270846e+05 -4.146961918817027938e+06
-4.795712447640379891e+06 6.272877835798457963e+05 -4.146961918817027938e+06
-4.819379676909442991e+06 4.073418388449961785e+05 -4.146961918817027938e+06
-4.819079160066255368e+06 4.073164386707590893e+05 -4.147313632678830065e+06
-4.818748985945788212e+06 4.076414667625835282e+05 -4.147665324616015889e+06
-4.818448419973870739e+06 4.076160404218447511e+05 -4.148016994618286844e+06
-4.793321798551372252e+06 6.361955202610131819e+05 -4.148368642675342038e+06
-4.795962548598747700e+06 6.159722695918583777e+05 -4.148368642675342038e+06
-4.818147828526818193e+06 4.075906119260400883e+05 -4.148368642675342038e+06
-4.792631067227026448e+06 6.368131957061411813e+05 -4.149071872988569550e+06
-4.817516919316728599e+06 4.078900892056395533e+05 -4.149071872988569550e+06
-4.792285634195835330e+06 6.371219581178522203e+05 -4.149423455224146601e+06
-4.795466824695548043e+06 6.127184691847467329e+05 -4.149423455224146601e+06
-4.795511370163145475e+06 6.123697313483884791e+05 -4.149423455224146601e+06
-4.795555890259009786e+06 6.120209903572119074e+05 -4.149423455224146601e+06
-4.795600385004275478e+06 6.116722460456648842e+05 -4.149423455224146601e+06
-4.817216253282641992e+06 4.078646323784983833e+05 -4.149423455224146601e+06
-4.791847395040255040e+06 6.381276229557497427e+05 -4.149775015523945447e+06
-4.795122922735420987e+06 6.130289360140706412e+05 -4.149775015523945447e+06
-4.795167490781714208e+06 6.126802231861476321e+05 -4.149775015523945447e+06
-4.795301042753582820e+06 6.116340653525049565e+05 -4.149775015523945447e+06
-4.816885890124396421e+06 4.081894683278049924e+05 -4.149775015523945447e+06
-4.791501827322905883e+06 6.384362345298897708e+05 -4.150126553877670318e+06
-4.794823566244715825e+06 6.129906650053929770e+05 -4.150126553877670318e+06
-4.794868131508653983e+06 6.126419739473912632e+05 -4.150126553877670318e+06
-4.794957185952667147e+06 6.119445821970560355e+05 -4.150126553877670318e+06
-4.795001675142957829e+06 6.115958814247203991e+05 -4.150126553877670318e+06
-4.816585174985403195e+06 4.081639853175150347e+05 -4.150126553877670318e+06
-4.794524184403781779e+06 6.129523907558342908e+05 -4.150478070275031962e+06
-4.794568746885130182e+06 6.126037214695973089e+05 -4.150478070275031962e+06
-4.794613284010412171e+06 6.122550489436091157e+05 -4.150478070275031962e+06
-4.794657795768712647e+06 6.119063732633932959e+05 -4.150478070275031962e+06
-4.794702282181162387e+06 6.115576942634289153e+05 -4.150478070275031962e+06
-4.816284434381129220e+06 4.081385001492624870e+05 -4.150478070275031962e+06
-4.794224777199838310e+06 6.129141132637603441e+05 -4.150829564731037244e+06
-4.794269336898359470e+06 6.125654657511326950e+05 -4.150829564731037244e+06
-4.794313871242398396e+06 6.122168149989559315e+05 -4.150829564731037244e+06
-4.794358380221040919e+06 6.118681610927486327e+05 -4.150829564731037244e+06
-4.815983668298733421e+06 4.081130128219591570e+05 -4.150829564731037244e+06
-4.793925344641651027e+06 6.128758325302918674e+05 -4.151181037235395052e+06
-4.793969901557110250e+06 6.125272067931172205e+05 -4.151181037235395052e+06
-4.794014433119671419e+06 6.121785778165960219e+05 -4.151181037235395052e+06
-4.815682876747021452e+06 4.080875233363513835e+05 -4.151181037235395052e+06
-4.823350932210671715e+06 3.043399100343462196e+05 -4.151181037235395052e+06
-4.793402735837158747e+06 6.145805195368976565e+05 -4.151532487777808215e+06
-4.815352371891034767e+06 4.084122151072224369e+05 -4.151532487777808215e+06
-4.815051531260226853e+06 4.083866994275933248e+05 -4.151883916373286862e+06
-4.822704004761437885e+06 3.050033236192786135e+05 -4.151883916373286862e+06
-4.805438011045753956e+06 5.063085465719937347e+05 -4.152235323011544999e+06
-4.814720955575264059e+06 4.087113190011152183e+05 -4.152235323011544999e+06
-4.805137701477134600e+06 5.062769054810339585e+05 -4.152586707682283595e+06
-4.814420065881158225e+06 4.086857771213496453e+05 -4.152586707682283595e+06
-4.788595733022060245e+06 6.419480423686647555e+05 -4.152938070400516503e+06
-4.814089419375915080e+06 4.090103246507496224e+05 -4.152938070400516503e+06
-4.788296387922269292e+06 6.419079128585709259e+05 -4.153289411155946087e+06
-4.804278693333743140e+06 5.086593201341240201e+05 -4.153289411155946087e+06
-4.813758725670644082e+06 4.093348240861308877e+05 -4.153289411155946087e+06
-4.813788480612655170e+06 4.089847565628853627e+05 -4.153289411155946087e+06
-4.804052249743015505e+06 5.079288024288796587e+05 -4.153640729938283563e+06
-4.813427984786720015e+06 4.096592753372323932e+05 -4.153640729938283563e+06
-4.813457763317222707e+06 4.093092319492966635e+05 -4.153640729938283563e+06
-4.803603905568111688e+06 5.092943746047246386e+05 -4.153992026762541849e+06
-4.813126998832179233e+06 4.096336591467724065e+05 -4.153992026762541849e+06
-4.812796187157456763e+06 4.099580383170761052e+05 -4.154343301618422847e+06
-4.812495152167292312e+06 4.099323959027220844e+05 -4.154694554495645221e+06
-4.820069568375833333e+06 3.083561493815967697e+05 -4.154694554495645221e+06
-4.786425142447521910e+06 6.444919525482150493e+05 -4.155045785409205593e+06
-4.802702581857440062e+06 5.091988132086214609e+05 -4.155045785409205593e+06
-4.812164269731888548e+06 4.102567028933925903e+05 -4.155045785409205593e+06
-4.811863185700244270e+06 4.102310342471884214e+05 -4.155396994348817039e+06
-4.811532232534298673e+06 4.105552689594252151e+05 -4.155748181304200552e+06
-4.811231099476984702e+06 4.105295740752671263e+05 -4.156099346290348563e+06
-4.789252501042577438e+06 6.136943956729102647e+05 -4.156450489296978340e+06
-4.789564284298282117e+06 6.112563264271421358e+05 -4.156450489296978340e+06
-4.810900075567474589e+06 4.108537366603661794e+05 -4.156450489296978340e+06
-4.789086439198313281e+06 6.126111738936523907e+05 -4.156801610313807148e+06
-4.789130976869361475e+06 6.122629001359269023e+05 -4.156801610313807148e+06
-4.789264437939123251e+06 6.112180592752442462e+05 -4.156801610313807148e+06
-4.810598893500315025e+06 4.108280155321441125e+05 -4.156801610313807148e+06
-4.788831113531439565e+06 6.122245643297425704e+05 -4.157152709355826955e+06
-4.800788086216285825e+06 5.100549993278015754e+05 -4.157152709355826955e+06
-4.810267798877381720e+06 4.111521058913127636e+05 -4.157152709355826955e+06
-4.788531224867797457e+06 6.121862252858104184e+05 -4.157503786412758753e+06
-4.800040541861877777e+06 5.142120792493232293e+05 -4.157503786412758753e+06
-4.809966567794520408e+06 4.111263585110718850e+05 -4.157503786412758753e+06
-4.799515096845258027e+06 5.162741058614135836e+05 -4.157854841474321671e+06
-4.809665311281395145e+06 4.111006089572083438e+05 -4.157854841474321671e+06
-4.788330970804897137e+06 6.089757128512640484e+05 -4.158205874555505812e+06
-4.788375244110420346e+06 6.086274939587826375e+05 -4.158205874555505812e+06
-4.809334122405587696e+06 4.114246029071984813e+05 -4.158205874555505812e+06
-4.787631406945616007e+06 6.120711887304750271e+05 -4.158556885646030772e+06
-4.788075251670458354e+06 6.085893633533824468e+05 -4.158556885646030772e+06
-4.788119496880526654e+06 6.082411630583441583e+05 -4.158556885646030772e+06
-4.809032816888701171e+06 4.113988270930246799e+05 -4.158556885646030772e+06
-4.798949891597041860e+06 5.130362827352633467e+05 -4.158907874735616613e+06
-4.808701557336302474e+06 4.117227488656613859e+05 -4.158907874735616613e+06
-4.808370250667664222e+06 4.120466224544956931e+05 -4.159258841839254834e+06
-4.808400202831480652e+06 4.116969467850729125e+05 -4.159258841839254834e+06
-4.797823631438628770e+06 5.178569512389892479e+05 -4.159609786946667358e+06
-4.808068872610967606e+06 4.120207962797482614e+05 -4.159609786946667358e+06
-4.781051614011830650e+06 6.526203758812351152e+05 -4.159960710047572851e+06
-4.797522870205278508e+06 5.178244883334474289e+05 -4.159960710047572851e+06
-4.797823316376019269e+06 5.150333151351565612e+05 -4.159960710047572851e+06
-4.807737495306391269e+06 4.123445974976782454e+05 -4.159960710047572851e+06
-4.807767469134048559e+06 4.119949679266501917e+05 -4.159960710047572851e+06
-4.780609375560575165e+06 6.536224417619889136e+05 -4.160311611156960484e+06
-4.807436068275622092e+06 4.123187450446691364e+05 -4.160311611156960484e+06
-4.815039314131584018e+06 3.111988133650606032e+05 -4.160311611156960484e+06
-4.807104620322023518e+06 4.126424740428707446e+05 -4.160662490264552645e+06
-4.814760001779408194e+06 3.108291610687859356e+05 -4.160662490264552645e+06
-4.788068879201334901e+06 5.916124839073115727e+05 -4.161013347360074986e+06
-4.806773125294692814e+06 4.129661548311137012e+05 -4.161013347360074986e+06
-4.806803144333018921e+06 4.126165953055032878e+05 -4.161013347360074986e+06
-4.814321971086412668e+06 3.129103414813001291e+05 -4.161013347360074986e+06
-4.785674400723682716e+06 6.082842026630415348e+05 -4.161364182458512485e+06
-4.787076982844673097e+06 5.971457956564167980e+05 -4.161364182458512485e+06
-4.787120395857589319e+06 5.967976679877995048e+05 -4.161364182458512485e+06
-4.788197492584318854e+06 5.880934559750175104e+05 -4.161364182458512485e+06
-4.796769518961569294e+06 5.135088343082285719e+05 -4.161364182458512485e+06
-4.806471625760599971e+06 4.129402519852683763e+05 -4.161364182458512485e+06
-4.786646291831768118e+06 5.981526332892786013e+05 -4.161714995549586602e+06
-4.786689778065126389e+06 5.978045369387379615e+05 -4.161714995549586602e+06
-4.786733238984088413e+06 5.974564374267071253e+05 -4.161714995549586602e+06
-4.786776674577999860e+06 5.971083348385759164e+05 -4.161714995549586602e+06
-4.786820084867482074e+06 5.967602290090927854e+05 -4.161714995549586602e+06
-4.787939866037363186e+06 5.877083758360291831e+05 -4.161714995549586602e+06
-4.796431248901270330e+06 5.138254279238379677e+05 -4.161714995549586602e+06
-4.806140060124944896e+06 4.132638603603027877e+05 -4.161714995549586602e+06
-4.813786142897028476e+06 3.118208881237170426e+05 -4.161714995549586602e+06
-4.786345966437967494e+06 5.981151037928017322e+05 -4.162065786623024847e+06
-4.786389449942898005e+06 5.977670292826408986e+05 -4.162065786623024847e+06
-4.786432908135019243e+06 5.974189516111884732e+05 -4.162065786623024847e+06
-4.786476341003679670e+06 5.970708708638283424e+05 -4.162065786623024847e+06
-4.805808447425885126e+06 4.135874205921561224e+05 -4.162065786623024847e+06
-4.805838511646486819e+06 4.132379312182606081e+05 -4.162065786623024847e+06
-4.813484114685437642e+06 3.118013237512291525e+05 -4.162065786623024847e+06
-4.785170685271478258e+06 6.050379572428258834e+05 -4.162416555693809874e+06
-4.786045615724381991e+06 5.980775711322941352e+05 -4.162416555693809874e+06
-4.786089096500654705e+06 5.977295184643545654e+05 -4.162416555693809874e+06
-4.786132551965706050e+06 5.973814626353216590e+05 -4.162416555693809874e+06
-4.786175982108886354e+06 5.970334037305742968e+05 -4.162416555693809874e+06
-4.795717145497129299e+06 5.148072234059564653e+05 -4.162416555693809874e+06
-4.805506875411104411e+06 4.135614673330779187e+05 -4.162416555693809874e+06
-4.813182061010501347e+06 3.117817577293113573e+05 -4.162416555693809874e+06
-4.778081822296701372e+06 6.564628569686479168e+05 -4.162767302751667798e+06
-4.786437851121896878e+06 5.924711642681054072e+05 -4.162767302751667798e+06
-4.794776094739495777e+06 5.207029714302344946e+05 -4.162767302751667798e+06
-4.805175192122809589e+06 4.138849552099347347e+05 -4.162767302751667798e+06
-4.805205277982415631e+06 4.135355118868812569e+05 -4.162767302751667798e+06
-4.812879981881068088e+06 3.117621900585367111e+05 -4.162767302751667798e+06
-4.777734153047315776e+06 6.567690990947431419e+05 -4.163118027786328457e+06
-4.784613999178073369e+06 6.046140633409698494e+05 -4.163118027786328457e+06
-4.785878452635060064e+06 5.945222647840137361e+05 -4.163118027786328457e+06
-4.786008043376028538e+06 5.934781339362302097e+05 -4.163118027786328457e+06
-4.804843461803084239e+06 4.142083947587519651e+05 -4.163118027786328457e+06
-4.804873571177533828e+06 4.138589756428150577e+05 -4.163118027786328457e+06
-4.795446779469604604e+06 5.087821860274932696e+05 -4.163468730812767521e+06
-4.804511684430020861e+06 4.145317861391634797e+05 -4.163468730812767521e+06
-4.812162083455918357e+06 3.134728219375784975e+05 -4.163468730812767521e+06
-4.811859935109354556e+06 3.134531394553182181e+05 -4.163819411820715293e+06
-4.783712799834432080e+06 6.045001820963944774e+05 -4.164170070799900685e+06
-4.784847221046932973e+06 5.954541902563088806e+05 -4.164170070799900685e+06
-4.803878168529408984e+06 4.148290773088120040e+05 -4.164170070799900685e+06
-4.811512123379047960e+06 3.141332647632108419e+05 -4.164170070799900685e+06
-4.784978433536481112e+06 5.919372138873753138e+05 -4.164520707765302155e+06
-4.803576451621185988e+06 4.148030231620880659e+05 -4.164520707765302155e+06
-4.794205228985457681e+06 5.090030330599968438e+05 -4.164871322706648614e+06
-4.803244533180849627e+06 4.151262696626916877e+05 -4.164871322706648614e+06
-4.775695084954680875e+06 6.582581934402839979e+05 -4.165221915613673162e+06
-4.783249630163180642e+06 6.009079540456789546e+05 -4.165221915613673162e+06
-4.783293316778116859e+06 6.005601047000790713e+05 -4.165221915613673162e+06
-4.783336978096616454e+06 6.002122521784183336e+05 -4.165221915613673162e+06
-4.783554905213615857e+06 5.984729421605613315e+05 -4.165221915613673162e+06
-4.783598414748669602e+06 5.981250706211681245e+05 -4.165221915613673162e+06
-4.783641898975240998e+06 5.977771960020837141e+05 -4.165221915613673162e+06
-4.783685357913971879e+06 5.974293181381671457e+05 -4.165221915613673162e+06
-4.802912567729715258e+06 4.154494679687532480e+05 -4.165221915613673162e+06
-4.784762017250394449e+06 5.862587295562574873e+05 -4.165572486501346808e+06
-4.792405474185654894e+06 5.200929058335185982e+05 -4.165572486501346808e+06
-4.802580555267563090e+06 4.157726179883485893e+05 -4.165572486501346808e+06
-4.810280333842131309e+06 3.144041500276626903e+05 -4.165572486501346808e+06
-4.802248495815923437e+06 4.160957196314553148e+05 -4.165923035359401256e+06
-4.801946659507208504e+06 4.160695667165874620e+05 -4.166273562177576590e+06
-4.801614529566353187e+06 4.163925959916851716e+05 -4.166624066970836837e+06
-4.801282352646306157e+06 4.167155769570187549e+05 -4.166974549728918821e+06
-4.790861530884532258e+06 5.202778577250566450e+05 -4.167325010441559367e+06
-4.800919788175067864e+06 4.173876433931788197e+05 -4.167325010441559367e+06
-4.800950128768620081e+06 4.170385095225979458e+05 -4.167325010441559367e+06
-4.808722831251315773e+06 3.150047452826421359e+05 -4.167325010441559367e+06
-4.800557104383711703e+06 4.180596109676878550e+05 -4.167675449123722035e+06
-4.800587493837796152e+06 4.177105035542271798e+05 -4.167675449123722035e+06
-4.808420410253470764e+06 3.149849346067646402e+05 -4.167675449123722035e+06
-4.783208494700988755e+06 5.814790439327768981e+05 -4.168025865765150171e+06
-4.790523105878268369e+06 5.177738448001269717e+05 -4.168025865765150171e+06
-4.799580204100487754e+06 4.257126339673195034e+05 -4.168025865765150171e+06
-4.800224739617188461e+06 4.183823986256727949e+05 -4.168025865765150171e+06
-4.808072103152764961e+06 3.156644313140438753e+05 -4.168025865765150171e+06
-4.808117963826304302e+06 3.149651222650901182e+05 -4.168025865765150171e+06
-4.808140856024308130e+06 3.146154651991911232e+05 -4.168025865765150171e+06
-4.782907589872563258e+06 5.814424639149622526e+05 -4.168376260355574545e+06
-4.799861866129778326e+06 4.190541947973271599e+05 -4.168376260355574545e+06
-4.798914348855421878e+06 4.263570480438879458e+05 -4.168726632909963839e+06
-4.799529384016330354e+06 4.193768615827367175e+05 -4.168726632909963839e+06
-4.789051388379510492e+06 5.229004740809541545e+05 -4.169076983418056741e+06
-4.798581350937912241e+06 4.266791824833733845e+05 -4.169076983418056741e+06
-4.799105176542285830e+06 4.207464923428841867e+05 -4.169076983418056741e+06
-4.799166320883582346e+06 4.200484862852703664e+05 -4.169076983418056741e+06
-4.799196854976415634e+06 4.196994800071645877e+05 -4.169076983418056741e+06
-4.799227363696038723e+06 4.193504714257184532e+05 -4.169076983418056741e+06
-4.798772530231587589e+06 4.210689897518957150e+05 -4.169427311869586818e+06
-4.771264421911088750e+06 6.615371722742225975e+05 -4.169777618279525544e+06
-4.788223084407713264e+06 5.221053242290893686e+05 -4.170127902637606487e+06
-4.806164916253571399e+06 3.169433283989155898e+05 -4.170127902637606487e+06
-4.805862300551906228e+06 3.169233723571686423e+05 -4.170478164933572989e+06
-4.787658038190188818e+06 5.216914067498384975e+05 -4.170828405182385817e+06
-4.790287839872707613e+06 4.969646121117917937e+05 -4.170828405182385817e+06
-4.797472178090376779e+06 4.220096147868275875e+05 -4.170828405182385817e+06
-4.789768851164959371e+06 4.990232903577896650e+05 -4.171178623373781797e+06
-4.790202507274059579e+06 4.948432390312277712e+05 -4.171178623373781797e+06
-4.797170020921905525e+06 4.219830355331001338e+05 -4.171178623373781797e+06
-4.789503409897271544e+06 4.986435547403601231e+05 -4.171528819497512188e+06
-4.789900763639470562e+06 4.948120679487379384e+05 -4.171528819497512188e+06
-4.796867838390862569e+06 4.219564540483542369e+05 -4.171528819497512188e+06
-4.796565630484349094e+06 4.219298703314552549e+05 -4.171878993568527978e+06
-4.786451730101739988e+06 5.215599603184900479e+05 -4.172229145576573908e+06
-4.796294066196424887e+06 4.215544892067016335e+05 -4.172229145576573908e+06
-4.795991805632770061e+06 4.215279230087662581e+05 -4.172579275511398911e+06
-4.795689519698278047e+06 4.215013545809445204e+05 -4.172929383387949783e+06
-4.795356545215309598e+06 4.218235131521552103e+05 -4.173279469195978250e+06
-4.795387208401792683e+06 4.214747839240139583e+05 -4.173279469195978250e+06
-4.785735830048378557e+06 5.169043304959573434e+05 -4.173629532925232314e+06
-4.786445478008482605e+06 5.102912971494475496e+05 -4.173629532925232314e+06
-4.795023523879684508e+06 4.221456233751149266e+05 -4.173629532925232314e+06
-4.795054210498922504e+06 4.217969182804263546e+05 -4.173629532925232314e+06
-4.802998952946567908e+06 3.188394264963013702e+05 -4.173629532925232314e+06
-4.767465778344094753e+06 6.624240056171932956e+05 -4.173979574590658303e+06
-4.794721165732409805e+06 4.221190042838991503e+05 -4.173979574590658303e+06
-4.802649670708676800e+06 3.195178419772861525e+05 -4.173979574590658303e+06
-4.786505603315266781e+06 5.039618522942332784e+05 -4.174329594182006549e+06
-4.794418782228265889e+06 4.220923829603082850e+05 -4.174329594182006549e+06
-4.784263841511958279e+06 5.220256713384795003e+05 -4.174679591689025518e+06
-4.785428529233851470e+06 5.112387879747546976e+05 -4.174679591689025518e+06
-4.786276936627210118e+06 5.032339343144469312e+05 -4.174679591689025518e+06
-4.794116373376112431e+06 4.220657594051221968e+05 -4.174679591689025518e+06
-4.793813939163031057e+06 4.220391336172036827e+05 -4.175029567126664799e+06
-4.786255257682738826e+06 4.976017164575601346e+05 -4.175379520484674256e+06
-4.793511479597876780e+06 4.220125055973322596e+05 -4.175379520484674256e+06
-4.793208994689513929e+06 4.219858753462883760e+05 -4.175729451752802357e+06
-4.800948357341839932e+06 3.222102045263763866e+05 -4.175729451752802357e+06
-4.776196786144781858e+06 5.813316016707995441e+05 -4.176079360945995897e+06
-4.785578763610573485e+06 4.982349529693594668e+05 -4.176079360945995897e+06
-4.792906484425021335e+06 4.219592428629343631e+05 -4.176079360945995897e+06
-4.800598447231733240e+06 3.228880913213550230e+05 -4.176079360945995897e+06
-4.783695390451850370e+06 5.131648345013124053e+05 -4.176429248054007068e+06
-4.784913121407027356e+06 5.016833230095445761e+05 -4.176429248054007068e+06
-4.800271933799622580e+06 3.232167965540617006e+05 -4.176429248054007068e+06
-4.783318709227628075e+06 5.138281489015703555e+05 -4.176779113066588528e+06
-4.785907968842654489e+06 4.891238640866496135e+05 -4.176779113066588528e+06
-4.782979313164625317e+06 5.141435352083985345e+05 -4.177128955998685211e+06
-4.784079721684000455e+06 5.008924890861587483e+05 -4.177478776840046514e+06
-4.784659297947030514e+06 4.953256218085457804e+05 -4.177478776840046514e+06
-4.781622448682092130e+06 5.210337333830426796e+05 -4.177828575580428354e+06
-4.782822000896643847e+06 5.099049919373466983e+05 -4.177828575580428354e+06
-4.783777565752130933e+06 5.008608534016361809e+05 -4.177828575580428354e+06
-4.785072421164302155e+06 4.883352509049592190e+05 -4.177828575580428354e+06
-4.764000435077231377e+06 6.608831299864406465e+05 -4.178178352234772407e+06
-4.781244576511797495e+06 5.216962300929983612e+05 -4.178178352234772407e+06
-4.782556946371401660e+06 5.095249862679729122e+05 -4.178178352234772407e+06
-4.784520964698565193e+06 4.907400485762645258e+05 -4.178178352234772407e+06
-4.784770158132877201e+06 4.883044037870269385e+05 -4.178178352234772407e+06
-4.773615013030146249e+06 5.824265722350864671e+05 -4.178877839244368486e+06
-4.773699673047105782e+06 5.817322719449819997e+05 -4.178877839244368486e+06
-4.773741965192230418e+06 5.813851171426218934e+05 -4.178877839244368486e+06
-4.790239317340248264e+06 4.245330226024208241e+05 -4.178877839244368486e+06
-4.782532261955036782e+06 5.010820810880760546e+05 -4.179227549604313448e+06
-4.783255997559536248e+06 4.941256423613840598e+05 -4.179227549604313448e+06
-4.783969614680650644e+06 4.871681582786238869e+05 -4.179227549604313448e+06
-4.784146437764924020e+06 4.854286257005385705e+05 -4.179227549604313448e+06
-4.789905710935182869e+06 4.248545268428292475e+05 -4.179227549604313448e+06
-4.797823356990963221e+06 3.234024176475660061e+05 -4.179227549604313448e+06
-4.780451854534348473e+06 5.177404554614172084e+05 -4.179577237862426322e+06
-4.781311143611074425e+06 5.097439168080877862e+05 -4.179577237862426322e+06
-4.762495302364910021e+06 6.606743313451475697e+05 -4.179926904008466285e+06
-4.779047217914609239e+06 5.277876145655816654e+05 -4.179926904008466285e+06
-4.782830650832812302e+06 4.923241235206433921e+05 -4.179926904008466285e+06
-4.782564050952834077e+06 4.919452005002158112e+05 -4.180276548057367560e+06
-4.788873632139979862e+06 4.261670061795331421e+05 -4.180276548057367560e+06
-4.781902641077395529e+06 4.953917217490081675e+05 -4.180626169998888858e+06
-4.796539566642294638e+06 3.243670950564576779e+05 -4.180626169998888858e+06
-4.780360805021796376e+06 5.071816104375876021e+05 -4.180975769822793547e+06
-4.780021546604358591e+06 5.074971448038391536e+05 -4.181325347544008866e+06
-4.771200928792912513e+06 5.821320309275991749e+05 -4.181674903152295854e+06
-4.771243250015940517e+06 5.817850578380043153e+05 -4.181674903152295854e+06
-4.778374240157940425e+06 5.199765622999437037e+05 -4.181674903152295854e+06
-4.778788662649001926e+06 5.161539712950021494e+05 -4.181674903152295854e+06
-4.780379333873966709e+06 5.012079694267952582e+05 -4.181674903152295854e+06
-4.787538084806323051e+06 4.274518579620891833e+05 -4.181674903152295854e+06
-4.770899054705764167e+06 5.820951994090656517e+05 -4.182024436637423467e+06
-4.770941373251126148e+06 5.817482482724729925e+05 -4.182024436637423467e+06
-4.777041795394044369e+06 5.293243773206338519e+05 -4.182024436637423467e+06
-4.782392494361879304e+06 4.785756379493156564e+05 -4.182024436637423467e+06
-4.795207809718095697e+06 3.260286382911980036e+05 -4.182024436637423467e+06
-4.770597155380489305e+06 5.820583648112398805e+05 -4.182373948014314752e+06
-4.770639471247961745e+06 5.817114356294848258e+05 -4.182373948014314752e+06
-4.782124655888942070e+06 4.781975894023515866e+05 -4.182373948014314752e+06
-4.794904372150939889e+06 3.260080074153836467e+05 -4.182373948014314752e+06
-4.770295230825926177e+06 5.820215271352002164e+05 -4.182723437272734474e+06
-4.770337544015285559e+06 5.816746199101175880e+05 -4.182723437272734474e+06
-4.776205807290332392e+06 5.313414473720943788e+05 -4.182723437272734474e+06
-4.776283037259242497e+06 5.306467707232236862e+05 -4.182723437272734474e+06
-4.759784476866380312e+06 6.602982736884092446e+05 -4.183072904402448330e+06
-4.770035591561937705e+06 5.816378011154491687e+05 -4.183072904402448330e+06
-4.775903483388113789e+06 5.313078145626508631e+05 -4.183072904402448330e+06
-4.777240334626343101e+06 5.191501340395135921e+05 -4.183072904402448330e+06
-4.769733613875029609e+06 5.816009792439080775e+05 -4.183422349418378435e+06
-4.775639756945027970e+06 5.309268859954749933e+05 -4.183422349418378435e+06
-4.781147029307563789e+06 4.788021830884599476e+05 -4.183422349418378435e+06
-4.785585757762239315e+06 4.321890807158779353e+05 -4.183422349418378435e+06
-4.769431610963394865e+06 5.815641542965712724e+05 -4.183771772310295142e+06
-4.775337380076995119e+06 5.308932695551418001e+05 -4.183771772310295142e+06
-4.775375975100912154e+06 5.305459957897851709e+05 -4.183771772310295142e+06
-4.775414544861011207e+06 5.301987193019853439e+05 -4.183771772310295142e+06
-4.775453089375601150e+06 5.298514399268854177e+05 -4.183771772310295142e+06
-4.776974158606457524e+06 5.159579878494879231e+05 -4.183771772310295142e+06
-4.782047420840605162e+06 4.666017810202696128e+05 -4.183771772310295142e+06
-4.758784346631081775e+06 6.608650023593185470e+05 -4.184121173067960888e+06
-4.769129582835887559e+06 5.815273262745185057e+05 -4.184121173067960888e+06
-4.774375040655056946e+06 5.367624989270495716e+05 -4.184121173067960888e+06
-4.775840118681620806e+06 5.235667769019631669e+05 -4.184121173067960888e+06
-4.776970997636903077e+06 5.131462723437463283e+05 -4.184121173067960888e+06
-4.778516029354136437e+06 4.985534738520717947e+05 -4.184121173067960888e+06
-4.793339352355328389e+06 3.266019936347487383e+05 -4.184121173067960888e+06
-4.758482948491491377e+06 6.608231464003755245e+05 -4.184470551706299651e+06
-4.768785229684166610e+06 5.818372925903814612e+05 -4.184470551706299651e+06
-4.768827529479604214e+06 5.814904951761764241e+05 -4.184470551706299651e+06
-4.774267499464829452e+06 5.349925657956575742e+05 -4.184470551706299651e+06
-4.775117315579090267e+06 5.273536046710227383e+05 -4.184470551706299651e+06
-4.768483153787407093e+06 5.818004364491499728e+05 -4.184819908215081785e+06
-4.768525450903388672e+06 5.814536610026233830e+05 -4.184819908215081785e+06
-4.774929768368217163e+06 5.262784842246143380e+05 -4.184819908215081785e+06
-4.773311498018114828e+06 5.380490254766370635e+05 -4.185169242584067862e+06
-4.779002501809457317e+06 4.849066906398049323e+05 -4.185169242584067862e+06
-4.783495583184930496e+06 4.316496152796038077e+05 -4.185867844937203452e+06
-4.791749820505413227e+06 3.275439549237813335e+05 -4.185867844937203452e+06
-4.791446111626198515e+06 3.275231946564114187e+05 -4.186217112900888082e+06
-4.782351961639781483e+06 4.375075301243687863e+05 -4.186566358734160662e+06
-4.782920560279088095e+06 4.312470730045161908e+05 -4.186566358734160662e+06
-4.782951908798956312e+06 4.308992481216565357e+05 -4.186566358734160662e+06
-4.756070857582391240e+06 6.604881729390415130e+05 -4.187264783968544099e+06
-4.782282688552364707e+06 4.315401669708477566e+05 -4.187264783968544099e+06
-4.782345402940532193e+06 4.308446076144216931e+05 -4.187264783968544099e+06
-4.782376722201329656e+06 4.304968244757761131e+05 -4.187264783968544099e+06
-4.777443017599820159e+06 4.791330789446119452e+05 -4.187613963374344166e+06
-4.781410455991215073e+06 4.377720241062656860e+05 -4.187613963374344166e+06
-4.765636365931453183e+06 5.825083071695271647e+05 -4.187963120633960702e+06
-4.770380641655066051e+06 5.422863025491771987e+05 -4.187963120633960702e+06
-4.770616804577687755e+06 5.402047797741387039e+05 -4.187963120633960702e+06
-4.773790520822319202e+06 5.114000034384272876e+05 -4.187963120633960702e+06
-4.781107179895404726e+06 4.377442570296785561e+05 -4.187963120633960702e+06
-4.782050810771527700e+06 4.273124657779452973e+05 -4.187963120633960702e+06
-4.755213918777182698e+06 6.600166930537223816e+05 -4.188312255737170111e+06
-4.769959606214519590e+06 5.432925579498073785e+05 -4.188312255737170111e+06
-4.777631560966921039e+06 4.710818571061741095e+05 -4.188312255737170111e+06
-4.781120930745691061e+06 4.342396734837533440e+05 -4.188312255737170111e+06
-4.781152496898330748e+06 4.338919794657143648e+05 -4.188312255737170111e+06
-4.781184037773435935e+06 4.335442830695909215e+05 -4.188312255737170111e+06
-4.781215553363258950e+06 4.331965843806716730e+05 -4.188312255737170111e+06
-4.765074044062851928e+06 5.820878739229444182e+05 -4.188661368698878679e+06
-4.773481496041948907e+06 5.085581041678030160e+05 -4.188661368698878679e+06
-4.773518466811584309e+06 5.082109654252102482e+05 -4.188661368698878679e+06
-4.780532368841374293e+06 4.373410669369144016e+05 -4.188661368698878679e+06
-4.780564160535230301e+06 4.369934157120951568e+05 -4.188661368698878679e+06
-4.780754379801055416e+06 4.349074595619899919e+05 -4.188661368698878679e+06
-4.764771671023342758e+06 5.820509368936198298e+05 -4.189010459508865606e+06
-4.764813986355894245e+06 5.817044314362562727e+05 -4.189010459508865606e+06
-4.764856276499895379e+06 5.813579228193920571e+05 -4.189010459508865606e+06
-4.764982995727287605e+06 5.803183786122289021e+05 -4.189010459508865606e+06
-4.775458292476984672e+06 4.866523060030853376e+05 -4.189010459508865606e+06
-4.754308734157636762e+06 6.598910547608084744e+05 -4.189359528156908695e+06
-4.764469272792609408e+06 5.820139967870069668e+05 -4.189359528156908695e+06
-4.775155216015342623e+06 4.866214204105577664e+05 -4.189359528156908695e+06
-4.764124514191095717e+06 5.823235120801950106e+05 -4.189708574657912366e+06
-4.780221835829653777e+06 4.306532940723118954e+05 -4.189708574657912366e+06
-4.787680312331957743e+06 3.290148077420316404e+05 -4.190406601177915465e+06
-4.763597137813659385e+06 5.790949552889927290e+05 -4.190755581201599445e+06
-4.763639238194402307e+06 5.787485351707566297e+05 -4.190755581201599445e+06
-4.771255489159412682e+06 5.121813309696282377e+05 -4.190755581201599445e+06
-4.771441408130068332e+06 5.104464197243381059e+05 -4.190755581201599445e+06
-4.763210321183217689e+06 5.797509627620243700e+05 -4.191104539062485099e+06
-4.763378762371358462e+06 5.783653765910724178e+05 -4.191104539062485099e+06
-4.763420809696215205e+06 5.780189723554771626e+05 -4.191104539062485099e+06
-4.766862829951619729e+06 5.489102869098590454e+05 -4.191104539062485099e+06
-4.770989688997319899e+06 5.118018465491214301e+05 -4.191104539062485099e+06
-4.771026895665164106e+06 5.114548890072897193e+05 -4.191104539062485099e+06
-4.774862181416083127e+06 4.743151812163244467e+05 -4.191104539062485099e+06
-4.752497686096674763e+06 6.596396839555040933e+05 -4.191453474750355352e+06
-4.762865585098473355e+06 5.800605031268239254e+05 -4.191453474750355352e+06
-4.763118230840262026e+06 5.779822558178538457e+05 -4.191453474750355352e+06
-4.763160250304477289e+06 5.776358705296607222e+05 -4.191453474750355352e+06
-4.774902523072310723e+06 4.708127697512576124e+05 -4.191453474750355352e+06
-4.762182352465856820e+06 5.831406172373247100e+05 -4.191802388280109037e+06
-4.762815626787314191e+06 5.779455362226924626e+05 -4.191802388280109037e+06
-4.762857643582005054e+06 5.775991729405857623e+05 -4.191802388280109037e+06
-4.751941754002453759e+06 6.592102966185993282e+05 -4.192151279641528614e+06
-4.762512997546230443e+06 5.779088135710677598e+05 -4.192151279641528614e+06
-4.762555011671173386e+06 5.775624722968793940e+05 -4.192151279641528614e+06
-4.774295792388194241e+06 4.707529451679281192e+05 -4.192151279641528614e+06
-4.762084157662310638e+06 5.789110272304792888e+05 -4.192500148824396078e+06
-4.762126244671427645e+06 5.785647171397597995e+05 -4.192500148824396078e+06
-4.762168306485959329e+06 5.782184040724190418e+05 -4.192500148824396078e+06
-4.769403939611439593e+06 5.151403332358006155e+05 -4.192500148824396078e+06
-4.772391011099005118e+06 4.866903936681115883e+05 -4.192500148824396078e+06
-4.761486190649061464e+06 5.812981630037168507e+05 -4.192848995843613055e+06
-4.765468192576892674e+06 5.476962694697881816e+05 -4.192848995843613055e+06
-4.765627309347236529e+06 5.463100277836984023e+05 -4.192848995843613055e+06
-4.765165261445403099e+06 5.476614535306362668e+05 -4.193197820688962471e+06
-4.780304363642887212e+06 3.942375267603245447e+05 -4.193197820688962471e+06
-4.780333020759954117e+06 3.938898922304871376e+05 -4.193197820688962471e+06
-4.780361652603120543e+06 3.935422555341324769e+05 -4.193197820688962471e+06
-4.780390259165355936e+06 3.931946167565262876e+05 -4.193197820688962471e+06
-4.772078877271107398e+06 4.806983533265494043e+05 -4.193546623350225389e+06
-4.779943058374010958e+06 3.949076809711773531e+05 -4.193546623350225389e+06
-4.779971764233901165e+06 3.945600726309986203e+05 -4.193546623350225389e+06
-4.780000444814920425e+06 3.942124622041877592e+05 -4.193546623350225389e+06
-4.780029100110044703e+06 3.938648497760138707e+05 -4.193546623350225389e+06
-4.780057730132876895e+06 3.935172351814605645e+05 -4.193546623350225389e+06
-4.761041474362197332e+06 5.773789232674312079e+05 -4.193895403842300642e+06
-4.761083449946247041e+06 5.770326890899363207e+05 -4.193895403842300642e+06
-4.761125400361395441e+06 5.766864517777081346e+05 -4.193895403842300642e+06
-4.761167325597343035e+06 5.763402114156769821e+05 -4.193895403842300642e+06
-4.761209225643815473e+06 5.759939680887700524e+05 -4.193895403842300642e+06
-4.775692416351003572e+06 4.400503221654683002e+05 -4.193895403842300642e+06
-4.779581634015304036e+06 3.955777362466406194e+05 -4.193895403842300642e+06
-4.779610388603948057e+06 3.952301541882111342e+05 -4.193895403842300642e+06
-4.779639117908742279e+06 3.948825701230298146e+05 -4.193895403842300642e+06
-4.779667821943322197e+06 3.945349838860935415e+05 -4.193895403842300642e+06
-4.779696500700641423e+06 3.941873955626579118e+05 -4.193895403842300642e+06
-4.779725154173671268e+06 3.938398052379864966e+05 -4.193895403842300642e+06
-4.779753782376016490e+06 3.934922127470734413e+05 -4.193895403842300642e+06
-4.779782385300644673e+06 3.931446181751733529e+05 -4.193895403842300642e+06
-4.779810962940548547e+06 3.927970216075559147e+05 -4.193895403842300642e+06
-4.779839515309295617e+06 3.924494228792079957e+05 -4.193895403842300642e+06
-4.750129481319259852e+06 6.589588901673238724e+05 -4.194244162154973485e+06
-4.760696693253034726e+06 5.776884134882322978e+05 -4.194244162154973485e+06
-4.760948304181961343e+06 5.756111127626338275e+05 -4.194244162154973485e+06
-4.771015450994127430e+06 4.851478894154208247e+05 -4.194244162154973485e+06
-4.772234828626789153e+06 4.730027998546838644e+05 -4.194244162154973485e+06
-4.779277671928673051e+06 3.955525791004002676e+05 -4.194244162154973485e+06
-4.779506986269524321e+06 3.927720413035349920e+05 -4.194244162154973485e+06
-4.779535536822455004e+06 3.924244646810622071e+05 -4.194244162154973485e+06
-4.779564062098823488e+06 3.920768859832555754e+05 -4.194244162154973485e+06
-4.749827347943917848e+06 6.589169768943318632e+05 -4.194592898278029636e+06
-4.760309821370411664e+06 5.783440345330073033e+05 -4.194592898278029636e+06
-4.760645482672226615e+06 5.755745008494076319e+05 -4.194592898278029636e+06
-4.768770158789049834e+06 5.038477849098722800e+05 -4.194592898278029636e+06
-4.779231533066350035e+06 3.923995044081797241e+05 -4.194592898278029636e+06
-4.779260056528359652e+06 3.920519478182179155e+05 -4.194592898278029636e+06
-4.779288554708427750e+06 3.917043892383038765e+05 -4.194592898278029636e+06
-4.749525189441877417e+06 6.588750601356535917e+05 -4.194941612226365134e+06
-4.760342635978564620e+06 5.755378858913787408e+05 -4.194941612226365134e+06
-4.778927504027998075e+06 3.923745420594946481e+05 -4.194941612226365134e+06
-4.778956025675497949e+06 3.920270075792161515e+05 -4.194941612226365134e+06
-4.778984522042663768e+06 3.916794711091120262e+05 -4.194941612226365134e+06
-4.749223005821989849e+06 6.588331398925167741e+05 -4.195290303989762440e+06
-4.759997899886581115e+06 5.758474262552795699e+05 -4.195290303989762440e+06
-4.770596356531326659e+06 4.801985717383173760e+05 -4.195290303989762440e+06
-4.778221518627458252e+06 3.972145316765099415e+05 -4.195290303989762440e+06
-4.778623449716303498e+06 3.923495776357381255e+05 -4.195290303989762440e+06
-4.778651969549143687e+06 3.920020652669809060e+05 -4.195290303989762440e+06
-4.748920797093102708e+06 6.587912161661490100e+05 -4.195638973558012396e+06
-4.759485320169147104e+06 5.775414189956056653e+05 -4.195638973558012396e+06
-4.759569269818848930e+06 5.768491738376067951e+05 -4.195638973558012396e+06
-4.759611206892394461e+06 5.765030466401587473e+05 -4.195638973558012396e+06
-4.767713255392214283e+06 5.051385135964606307e+05 -4.195638973558012396e+06
-4.777801724811763503e+06 3.985790786616971600e+05 -4.195638973558012396e+06
-4.777830697668910027e+06 3.982316260339915752e+05 -4.195638973558012396e+06
-4.777859645251566544e+06 3.978841713836276322e+05 -4.195638973558012396e+06
-4.777888567573473789e+06 3.975367145456681028e+05 -4.195638973558012396e+06
-4.778319370140171610e+06 3.923246111376411864e+05 -4.195638973558012396e+06
-4.748570645093338564e+06 6.590946164441826986e+05 -4.195987620946006849e+06
-4.777468656623496674e+06 3.989011404445293592e+05 -4.195987620946006849e+06
-4.777497652902521193e+06 3.985537120373763028e+05 -4.195987620946006849e+06
-4.777526623915758915e+06 3.982062815224727965e+05 -4.195987620946006849e+06
-4.778015265286614187e+06 3.922996425641376409e+05 -4.195987620946006849e+06
-4.782740964791352861e+06 3.297237458457329776e+05 -4.195987620946006849e+06
-4.777135541603734717e+06 3.992231536977693904e+05 -4.196336246143533848e+06
-4.777164561294144019e+06 3.988757495979532250e+05 -4.196336246143533848e+06
-4.777193555727497675e+06 3.985283433053054614e+05 -4.196336246143533848e+06
-4.777682595509669743e+06 3.926221158645845717e+05 -4.196336246143533848e+06
-4.760969724863438867e+06 5.573549640303741908e+05 -4.196684849140385166e+06
-4.767496165929885581e+06 4.984551984274899587e+05 -4.196684849140385166e+06
-4.768251828576944768e+06 4.911738757997719222e+05 -4.196684849140385166e+06
-4.769347005272543989e+06 4.804231679398486740e+05 -4.196684849140385166e+06
-4.776773311378579587e+06 3.998924964248128235e+05 -4.196684849140385166e+06
-4.776802379752889276e+06 3.995451185819755192e+05 -4.196684849140385166e+06
-4.776831422865089960e+06 3.991977386261468637e+05 -4.196684849140385166e+06
-4.776860440708067268e+06 3.988503566425330937e+05 -4.196684849140385166e+06
-4.777378441944853403e+06 3.925971210237221094e+05 -4.196684849140385166e+06
-4.782108089880519547e+06 3.300295345796080655e+05 -4.196684849140385166e+06
-4.747711711025252938e+06 6.586234864197240677e+05 -4.197033429951446131e+06
-4.760585481588127092e+06 5.580118819186073961e+05 -4.197033429951446131e+06
-4.766241689655842260e+06 5.074362459034956410e+05 -4.197033429951446131e+06
-4.776410962249468081e+06 4.005617400265665492e+05 -4.197033429951446131e+06
-4.776440079293508083e+06 4.002143885327360476e+05 -4.197033429951446131e+06
-4.777074263107587583e+06 3.925721241060112370e+05 -4.197033429951446131e+06
-4.767501547677873634e+06 4.924981573027130216e+05 -4.197381988566505723e+06
-4.776770059006780386e+06 3.925471251121840323e+05 -4.197381988566505723e+06
-4.781185002149114385e+06 3.345077238000065554e+05 -4.197381988566505723e+06
-4.747154895141459070e+06 6.581943795145495096e+05 -4.197730524975364096e+06
-4.759938561049575917e+06 5.582869644934883108e+05 -4.197730524975364096e+06
-4.766038979219683446e+06 5.035592202002311242e+05 -4.197730524975364096e+06
-4.776437272011391819e+06 3.928694773463983438e+05 -4.197730524975364096e+06
-4.746852507586565800e+06 6.581524533938599052e+05 -4.198079039192900062e+06
-4.766281816170965321e+06 4.983282347281022812e+05 -4.198079039192900062e+06
-4.767640714529721066e+06 4.851550245516947471e+05 -4.198079039192900062e+06
-4.776104438121127896e+06 3.931917812580651953e+05 -4.198079039192900062e+06
-4.757771366751343943e+06 5.713658083120874362e+05 -4.198427531208907254e+06
-4.757812905068018474e+06 5.710198118763518287e+05 -4.198427531208907254e+06
-4.757854418223009445e+06 5.706738124207771616e+05 -4.198427531208907254e+06
-4.757426653187952004e+06 5.716753736629119376e+05 -4.198776001013183035e+06
-4.757468214007795788e+06 5.713294023776681861e+05 -4.198776001013183035e+06
-4.757509749677756801e+06 5.709834279879203532e+05 -4.198776001013183035e+06
-4.757551260187638924e+06 5.706374505785256624e+05 -4.198776001013183035e+06
-4.757592745527268387e+06 5.702914702343533281e+05 -4.198776001013183035e+06
-4.757634205716338009e+06 5.699454867911617039e+05 -4.198776001013183035e+06
-4.765456627393039875e+06 5.003441073416473228e+05 -4.198776001013183035e+06
-4.775409976531189866e+06 3.941835224386362825e+05 -4.198776001013183035e+06
-4.756748322239161469e+06 5.747523500357682351e+05 -4.199124448620603420e+06
-4.757165036097118631e+06 5.712929934209018247e+05 -4.199124448620603420e+06
-4.757206569120147265e+06 5.709470410789718153e+05 -4.199124448620603420e+06
-4.757248076984699816e+06 5.706010857175874989e+05 -4.199124448620603420e+06
-4.757289559680604376e+06 5.702551274216125021e+05 -4.199124448620603420e+06
-4.757331017227551900e+06 5.699091660268155392e+05 -4.199124448620603420e+06
-4.757372449615366757e+06 5.695632016180510400e+05 -4.199124448620603420e+06
-4.758685000590309501e+06 5.584907610279034125e+05 -4.199124448620603420e+06
-4.775076978613850661e+06 3.945056568779950612e+05 -4.199124448620603420e+06
-4.745451105578612536e+06 6.593651377839086344e+05 -4.199472874020968564e+06
-4.756319649016749114e+06 5.757533992424702737e+05 -4.199472874020968564e+06
-4.756361506401860155e+06 5.754075084500474622e+05 -4.199472874020968564e+06
-4.756861833028187975e+06 5.712565814428540180e+05 -4.199472874020968564e+06
-4.757069233326709829e+06 5.695268998901584418e+05 -4.199472874020968564e+06
-4.757110637906101532e+06 5.691809546028994955e+05 -4.199472874020968564e+06
-4.758381700644793920e+06 5.584551650140109705e+05 -4.199472874020968564e+06
-4.764958259061992168e+06 4.992407933642594144e+05 -4.199472874020968564e+06
-4.767126022986223921e+06 4.780983803879872430e+05 -4.199472874020968564e+06
-4.774686457980114035e+06 3.955221970299217501e+05 -4.199472874020968564e+06
-4.774715208542776294e+06 3.951749709589143167e+05 -4.199472874020968564e+06
-4.774743933854367584e+06 3.948277427980249049e+05 -4.199472874020968564e+06
-4.756807393827621825e+06 5.691446719163688831e+05 -4.199821277204076760e+06
-4.756848770621235482e+06 5.687987455886013340e+05 -4.199821277204076760e+06
-4.757997106385616586e+06 5.591115945587396855e+05 -4.199821277204076760e+06
-4.763368459903085604e+06 5.113346797787456308e+05 -4.199821277204076760e+06
-4.766787361786229536e+06 4.784145556512709009e+05 -4.199821277204076760e+06
-4.771753346825228073e+06 4.260425291049722582e+05 -4.199821277204076760e+06
-4.744846078803569078e+06 6.592810712633579969e+05 -4.200169658184802160e+06
-4.756545498741148971e+06 5.687624819457395934e+05 -4.200169658184802160e+06
-4.763064772361597978e+06 5.113020797451587860e+05 -4.200169658184802160e+06
-4.765853169569555670e+06 4.846229550563888042e+05 -4.200169658184802160e+06
-4.773672596346911043e+06 4.003320938299919362e+05 -4.200169658184802160e+06
-4.773701696697847918e+06 3.999849414763724781e+05 -4.200169658184802160e+06
-4.773730771796098910e+06 3.996377870907501783e+05 -4.200169658184802160e+06
-4.773759821655466221e+06 3.992906305083261104e+05 -4.200169658184802160e+06
-4.773788846268815920e+06 3.989434718142565689e+05 -4.200169658184802160e+06
-4.773817845629037358e+06 3.985963110936935409e+05 -4.200169658184802160e+06
-4.773846819749897346e+06 3.982491481818350730e+05 -4.200169658184802160e+06
-4.773875768624278717e+06 3.979019831638369360e+05 -4.200169658184802160e+06
-4.773904692245091312e+06 3.975548161248546676e+05 -4.200169658184802160e+06
-4.773933590626063757e+06 3.972076469000876532e+05 -4.200169658184802160e+06
-4.773962463760099374e+06 3.968604755746888695e+05 -4.200169658184802160e+06
-4.744591456445331685e+06 6.588939980601362186e+05 -4.200518016952943988e+06
-4.756242201706085354e+06 5.687262152949790470e+05 -4.200518016952943988e+06
-4.757349723899825476e+06 5.593862652621702291e+05 -4.200518016952943988e+06
-4.773309934501747601e+06 4.010008209974432830e+05 -4.200518016952943988e+06
-4.773339083477866836e+06 4.006536950988809695e+05 -4.200518016952943988e+06
-4.773455426963899285e+06 3.992651700844966690e+05 -4.200518016952943988e+06
-4.773484449726520106e+06 3.989180335267028422e+05 -4.200518016952943988e+06
-4.773513447237621993e+06 3.985708949425447499e+05 -4.200518016952943988e+06
-4.744288877272906713e+06 6.588519780880314065e+05 -4.200866353498296812e+06
-4.755773253110235557e+06 5.700733681266087806e+05 -4.200866353498296812e+06
-4.755814697443283163e+06 5.697275170012267772e+05 -4.200866353498296812e+06
-4.757005641383205540e+06 5.596965319655732019e+05 -4.200866353498296812e+06
-4.773005523851648904e+06 4.009752477741905022e+05 -4.200866353498296812e+06
-4.773468848649144173e+06 3.954213335445498815e+05 -4.200866353498296812e+06
-4.777820586270874366e+06 3.388116371262487955e+05 -4.200866353498296812e+06
-4.777845212716626935e+06 3.384641832849390339e+05 -4.200866353498296812e+06
-4.777869813888855278e+06 3.381167277370532975e+05 -4.200866353498296812e+06
-4.743986273003060371e+06 6.588099546305810800e+05 -4.201214667835741304e+06
-4.756539226027127355e+06 5.610444777618554654e+05 -4.201214667835741304e+06
-4.756580013748875819e+06 5.606985710402384866e+05 -4.201214667835741304e+06
-4.756620776325252838e+06 5.603526612703518476e+05 -4.201214667835741304e+06
-4.761630629080531187e+06 5.160523878095708787e+05 -4.201214667835741304e+06
-4.761930050359128043e+06 5.132820961698672036e+05 -4.201214667835741304e+06
-4.763764913331830874e+06 4.959638749650952523e+05 -4.201214667835741304e+06
-4.763800968248892576e+06 4.956174428656996461e+05 -4.201214667835741304e+06
-4.772467017203472555e+06 4.037262494151343708e+05 -4.201214667835741304e+06
-4.772671917446706444e+06 4.012967520145107992e+05 -4.201214667835741304e+06
-4.772701087952217087e+06 4.009496724297673209e+05 -4.201214667835741304e+06
-4.756194985605197959e+06 5.613545692674966995e+05 -4.201562959955077618e+06
-4.761326874149696901e+06 5.160194676883819629e+05 -4.201562959955077618e+06
-4.763676960055325180e+06 4.938537372254789225e+05 -4.201562959955077618e+06
-4.765371809351868927e+06 4.772223927772254683e+05 -4.201562959955077618e+06
-4.772338264284394681e+06 4.016182077303401311e+05 -4.201562959955077618e+06
-4.772367458167708479e+06 4.012711524086934514e+05 -4.201562959955077618e+06
-4.755440988539571874e+06 5.651230140518101398e+05 -4.201911229846101254e+06
-4.755482072863705456e+06 5.647771871854773490e+05 -4.201911229846101254e+06
-4.755523132048345171e+06 5.644313572493264219e+05 -4.201911229846101254e+06
-4.755850700093212537e+06 5.616646107029751875e+05 -4.201911229846101254e+06
-4.760910409941541962e+06 5.170252266606379999e+05 -4.201911229846101254e+06
-4.762576875256517902e+06 5.014424431229205220e+05 -4.201911229846101254e+06
-4.771887442997002043e+06 4.033277176946250838e+05 -4.201911229846101254e+06
-4.771916761200590990e+06 4.029806951531055383e+05 -4.201911229846101254e+06
-4.771946054160881788e+06 4.026336705637132400e+05 -4.201911229846101254e+06
-4.772033781636672094e+06 4.015925838603436132e+05 -4.201911229846101254e+06
-4.754642597495161928e+06 5.692363776558755198e+05 -4.202259477523691021e+06
-4.754683980953600258e+06 5.688906088392940583e+05 -4.202259477523691021e+06
-4.754725339276838116e+06 5.685448369311523857e+05 -4.202259477523691021e+06
-4.754766672454723157e+06 5.681990620162604610e+05 -4.202259477523691021e+06
-4.754972961136413738e+06 5.664701425705653382e+05 -4.202259477523691021e+06
-4.755014143437599763e+06 5.661243496535903541e+05 -4.202259477523691021e+06
-4.755137539449136704e+06 5.650869530292864656e+05 -4.202259477523691021e+06
-4.755178621151641943e+06 5.647411482304860838e+05 -4.202259477523691021e+06
-4.755219677716257982e+06 5.643953403620633762e+05 -4.202259477523691021e+06
-4.755465488969396800e+06 5.623204307006534655e+05 -4.202259477523691021e+06
-4.760644195993280038e+06 5.166460323256241973e+05 -4.202259477523691021e+06
-4.761649450567060150e+06 5.072975393955028849e+05 -4.202259477523691021e+06
-4.761796815984673798e+06 5.059124102456307737e+05 -4.202259477523691021e+06
-4.764029448393251747e+06 4.844375072227663477e+05 -4.202259477523691021e+06
-4.768809546608382836e+06 4.348698560938261217e+05 -4.202259477523691021e+06
-4.771612260775855742e+06 4.029549805820065667e+05 -4.202259477523691021e+06
-4.771641551866935566e+06 4.026079781365743838e+05 -4.202259477523691021e+06
-4.771670817730232142e+06 4.022609734786711633e+05 -4.202259477523691021e+06
-4.771700058358560316e+06 4.019139666934096604e+05 -4.202259477523691021e+06
-4.776797716576143168e+06 3.359462136641203542e+05 -4.202259477523691021e+06
-4.753715425411173142e+06 5.743858886505499249e+05 -4.202607702977639623e+06
-4.754545807523551397e+06 5.674712847653444624e+05 -4.202607702977639623e+06
-4.754587062630987726e+06 5.671255229092120426e+05 -4.202607702977639623e+06
-4.754628292583908886e+06 5.667797581368207466e+05 -4.202607702977639623e+06
-4.754710677074807696e+06 5.660882194356571417e+05 -4.202607702977639623e+06
-4.754834065211175941e+06 5.650508890183025505e+05 -4.202607702977639623e+06
-4.754875144291834906e+06 5.647051062888634624e+05 -4.202607702977639623e+06
-4.754916198236208409e+06 5.643593204899978591e+05 -4.202607702977639623e+06
-4.755080162538075820e+06 5.629761475496799685e+05 -4.202607702977639623e+06
-4.761308658780283295e+06 5.076114170277364901e+05 -4.202607702977639623e+06
-4.761345560737067834e+06 5.072651635214276612e+05 -4.202607702977639623e+06
-4.761382437513489276e+06 5.069189073324438650e+05 -4.202607702977639623e+06
-4.764320625838003121e+06 4.785169475447959849e+05 -4.202607702977639623e+06
-4.771307735116466880e+06 4.029292638798816479e+05 -4.202607702977639623e+06
-4.771337024338180199e+06 4.025822835802448681e+05 -4.202607702977639623e+06
-4.771366288333722390e+06 4.022353010682781460e+05 -4.202607702977639623e+06
-4.776492859979481436e+06 3.359247734806678491e+05 -4.202607702977639623e+06
-4.742424968100022525e+06 6.589446657337008510e+05 -4.202955906197756529e+06
-4.754694720820583403e+06 5.636317613107647048e+05 -4.202955906197756529e+06
-4.770973871640679426e+06 4.032505011520099360e+05 -4.202955906197756529e+06
-4.771003184231338091e+06 4.029035450474836980e+05 -4.202955906197756529e+06
-4.771584137188657187e+06 3.959639785220047925e+05 -4.202955906197756529e+06
-4.770610600267530419e+06 4.039186194668266107e+05 -4.203304087198912166e+06
-4.770639961439045146e+06 4.035716898616402759e+05 -4.203304087198912166e+06
-4.770669297388090752e+06 4.032247580389058567e+05 -4.203304087198912166e+06
-4.770698608107463457e+06 4.028778240837141057e+05 -4.203304087198912166e+06
-4.770727893589980900e+06 4.025308880811723066e+05 -4.203304087198912166e+06
-4.770757153849546798e+06 4.021839498665830470e+05 -4.203304087198912166e+06
-4.771250717883754522e+06 3.962856767922315630e+05 -4.203304087198912166e+06
-4.771279523977320641e+06 3.959387005732977414e+05 -4.203304087198912166e+06
-4.763303745969534852e+06 4.794645123221981339e+05 -4.203652245970904827e+06
-4.770276620001344010e+06 4.042397353209090652e+05 -4.203652245970904827e+06
-4.770306004532990977e+06 4.038928299193452694e+05 -4.203652245970904827e+06
-4.770335363829842769e+06 4.035459224650504766e+05 -4.203652245970904827e+06
-4.770364697905835696e+06 4.031990127933491603e+05 -4.203652245970904827e+06
-4.770394006753765978e+06 4.028521009893267183e+05 -4.203652245970904827e+06
-4.770423290366454050e+06 4.025051871380849043e+05 -4.203652245970904827e+06
-4.770452548757798970e+06 4.021582710749368416e+05 -4.203652245970904827e+06
-4.770481781920618378e+06 4.018113528849736904e+05 -4.203652245970904827e+06
-4.741468714556145482e+06 6.591632671769186854e+05 -4.204000382503543049e+06
-4.753249168200070970e+06 5.680177188392977696e+05 -4.204000382503543049e+06
-4.762403220407027751e+06 4.853219036545003182e+05 -4.204000382503543049e+06
-4.767224281018721871e+06 4.354244347479770076e+05 -4.204000382503543049e+06
-4.767539670005427673e+06 4.319574965602462762e+05 -4.204000382503543049e+06
-4.770089380179163069e+06 4.028263757650742773e+05 -4.204000382503543049e+06
-4.770118661921865307e+06 4.024794840669665718e+05 -4.204000382503543049e+06
-4.770147918444836512e+06 4.021325901570938877e+05 -4.204000382503543049e+06
-4.770177149740891531e+06 4.017856941205419716e+05 -4.204000382503543049e+06
-4.775003001271531917e+06 3.396588314145905897e+05 -4.204000382503543049e+06
-4.752904274579943158e+06 5.683270836736540077e+05 -4.204348496811688878e+06
-4.762555718907714821e+06 4.807886663147489890e+05 -4.204348496811688878e+06
-4.769872492326791398e+06 4.017600332306523924e+05 -4.204348496811688878e+06
-4.740815099581670016e+06 6.594238295633587986e+05 -4.204696588885153644e+06
-4.761794873391231522e+06 4.852599088762077736e+05 -4.204696588885153644e+06
-4.762216529337404296e+06 4.811042746881080093e+05 -4.204696588885153644e+06
-4.765394004649809562e+06 4.485393805065706256e+05 -4.204696588885153644e+06
-4.761172060725321993e+06 4.883451918383436860e+05 -4.205044658713741228e+06
-4.767063352420753799e+06 4.270215594440564746e+05 -4.205044658713741228e+06
-4.773864742540122010e+06 3.427183072953249211e+05 -4.205044658713741228e+06
-4.761115806121271104e+06 4.858903851666417904e+05 -4.205392706312314607e+06
-4.773534781221066602e+06 3.430435514157405705e+05 -4.205392706312314607e+06
-4.765775109265829436e+06 4.310987857445320697e+05 -4.206088734778649174e+06
-4.766118438669790514e+06 4.272863018398488639e+05 -4.206088734778649174e+06
-4.772974491270746104e+06 3.423055080580866779e+05 -4.206088734778649174e+06
-4.750916847713532858e+06 5.694912320082234219e+05 -4.206436715651082806e+06
-4.751329737130757421e+06 5.660361174691044725e+05 -4.206436715651082806e+06
-4.759955045244712383e+06 4.882203646632765885e+05 -4.206436715651082806e+06
-4.765751579794831574e+06 4.279521432422137004e+05 -4.206436715651082806e+06
-4.772569618646592833e+06 3.436719255249795387e+05 -4.206436715651082806e+06
-4.750984798518995754e+06 5.663454321374349529e+05 -4.206784674277788028e+06
-4.759686217970236205e+06 4.878430185271851951e+05 -4.206784674277788028e+06
-4.759275336433379911e+06 4.888501492627651314e+05 -4.207132610648578033e+06
-4.771934344879022799e+06 3.439750057508460013e+05 -4.207132610648578033e+06
-4.771984323546745814e+06 3.432809523428212851e+05 -4.207132610648578033e+06
-4.738295519560095854e+06 6.597758732539265184e+05 -4.207480524778307416e+06
-4.738343487278623506e+06 6.594312929907970829e+05 -4.207480524778307416e+06
-4.771604147129059769e+06 3.443000097473432543e+05 -4.207480524778307416e+06
-4.758702119103753008e+06 4.884415600796734216e+05 -4.207828416656789370e+06
-4.764000106977559626e+06 4.337326327282933053e+05 -4.207828416656789370e+06
-4.771348974062381312e+06 3.435840271163322031e+05 -4.207828416656789370e+06
-4.770792642900438979e+06 3.470315577719076537e+05 -4.208176286273835227e+06
-4.737290256124368869e+06 6.603382813093432924e+05 -4.208524133644302376e+06
-4.757646542073456571e+06 4.897317791169293341e+05 -4.208871958758004941e+06
-4.762896100382163189e+06 4.357276348189750570e+05 -4.208871958758004941e+06
-4.736731964812589809e+06 6.599093059191601351e+05 -4.209219761604751460e+06
-4.769977593227856793e+06 3.455774278222208959e+05 -4.209219761604751460e+06
-4.735802831210223958e+06 6.643445277584007708e+05 -4.209567542199400254e+06
-4.735851131188809872e+06 6.640001286739181960e+05 -4.209567542199400254e+06
-4.735899406121856533e+06 6.636557260778726777e+05 -4.209567542199400254e+06
-4.769621968269411474e+06 3.462490252161450917e+05 -4.209567542199400254e+06
-4.769672277698311023e+06 3.455553081888866727e+05 -4.209567542199400254e+06
-4.735257798621587455e+06 6.660238306111879647e+05 -4.209915300531763583e+06
-4.735306220723973587e+06 6.656794711581584997e+05 -4.209915300531763583e+06
-4.735354617772091180e+06 6.653351082673295168e+05 -4.209915300531763583e+06
-4.735402989788914099e+06 6.649907417752334150e+05 -4.209915300531763583e+06
-4.735451336762569845e+06 6.646463717663352145e+05 -4.209915300531763583e+06
-4.735499658681208268e+06 6.643019983251035446e+05 -4.209915300531763583e+06
-4.735547955567766912e+06 6.639576212880637031e+05 -4.209915300531763583e+06
-4.735596227410391904e+06 6.636132407396855997e+05 -4.209915300531763583e+06
-4.736173535956160165e+06 6.594804012683701003e+05 -4.209915300531763583e+06
-4.764583457577235997e+06 4.062002438821450341e+05 -4.209915300531763583e+06
-4.734857703426958062e+06 6.666698515820290195e+05 -4.210263036591656506e+06
-4.734906172498746775e+06 6.663255213056743378e+05 -4.210263036591656506e+06
-4.734954616541630588e+06 6.659811874228223460e+05 -4.210263036591656506e+06
-4.735003035543717444e+06 6.656368500179306138e+05 -4.210263036591656506e+06
-4.735293023662016727e+06 6.635707518930016086e+05 -4.210263036591656506e+06
-4.734554502504848875e+06 6.666271607713642297e+05 -4.210610750393935479e+06
-4.734602968472876586e+06 6.662828525445121340e+05 -4.210610750393935479e+06
-4.734651409413602203e+06 6.659385407113936963e+05 -4.210610750393935479e+06
-4.734989794863780029e+06 6.635282595360059058e+05 -4.210610750393935479e+06
-4.762000261741670780e+06 4.286625897361293901e+05 -4.210610750393935479e+06
-4.763973312974324450e+06 4.061482265570813324e+05 -4.210610750393935479e+06
-4.734251276544064283e+06 6.665844664352439577e+05 -4.210958441928409971e+06
-4.734299739408074878e+06 6.662401802597153001e+05 -4.210958441928409971e+06
-4.734686541024566628e+06 6.634857636699430877e+05 -4.210958441928409971e+06
-4.768172884095760062e+06 3.492811871913309442e+05 -4.210958441928409971e+06
-4.733996485313222744e+06 6.661975044525337871e+05 -4.211306111184898764e+06
-4.734044920048862696e+06 6.658532367243445478e+05 -4.211306111184898764e+06
-4.767842048840042204e+06 3.496055423037752043e+05 -4.211306111184898764e+06
-4.733741637808078900e+06 6.658105794481510529e+05 -4.211653758178252727e+06
-4.734031701850215904e+06 6.637450316952604335e+05 -4.211653758178252727e+06
-4.763146384531734511e+06 4.050310367678753682e+05 -4.211653758178252727e+06
-4.733486734029669315e+06 6.654236915139313787e+05 -4.212001382898288779e+06
-4.733680097660604864e+06 6.640467479588944698e+05 -4.212001382898288779e+06
-4.733728375989643857e+06 6.637025032447515987e+05 -4.212001382898288779e+06
-4.754440458179802634e+06 4.939446123665334890e+05 -4.212001382898288779e+06
-4.762485946070710197e+06 4.091612933084839024e+05 -4.212001382898288779e+06
-4.762515688528782688e+06 4.088149544477471500e+05 -4.212001382898288779e+06
-4.733328449610735290e+06 6.643484129989875946e+05 -4.212348985334828496e+06
-4.762477024474126287e+06 4.056718096007090644e+05 -4.212348985334828496e+06
-4.733314487413940951e+06 6.622405984526580432e+05 -4.212696565502714366e+06
-4.761335931616013870e+06 4.153417789049101411e+05 -4.212696565502714366e+06
-4.760268919290356338e+06 4.169928101463277126e+05 -4.213739172317680903e+06
-4.765524881600590423e+06 3.518746801365266438e+05 -4.213739172317680903e+06
-4.758799497637875378e+06 4.266301529658432119e+05 -4.214434132106212899e+06
-4.760938859670960344e+06 4.020536290261976537e+05 -4.214434132106212899e+06
-4.758587184063765220e+06 4.255646326720518409e+05 -4.214781578573530540e+06
-4.759394017058055848e+06 4.057578228345819516e+05 -4.215823784220649861e+06
-4.759423512016926892e+06 4.054117088342834613e+05 -4.215823784220649861e+06
-4.759452981805598363e+06 4.050655926899681217e+05 -4.215823784220649861e+06
-4.759118022306275554e+06 4.053856869630811852e+05 -4.216171141517511569e+06
-4.759147490203389898e+06 4.050395930346750538e+05 -4.216171141517511569e+06
-4.759176932924700901e+06 4.046934970472785644e+05 -4.216171141517511569e+06
-4.759235742874617688e+06 4.040012984875318944e+05 -4.216171141517511569e+06
-4.759323769023015164e+06 4.029629847113544238e+05 -4.216171141517511569e+06
-4.759586488289390691e+06 3.998479285028050072e+05 -4.216171141517511569e+06
-4.757245598888241686e+06 4.233523935424866504e+05 -4.216518476508824155e+06
-4.757307122685281560e+06 4.226604756865532836e+05 -4.216518476508824155e+06
-4.758900829942000099e+06 4.043214414757651975e+05 -4.216518476508824155e+06
-4.759135249248260632e+06 4.015527569602690055e+05 -4.216518476508824155e+06
-4.758624672841596417e+06 4.039494260651210207e+05 -4.216865789209430106e+06
-4.758829688480393961e+06 4.015269752242329996e+05 -4.216865789209430106e+06
-4.749543653867348097e+06 4.965782125525240554e+05 -4.217213079609156586e+06
-4.758348461629617959e+06 4.035774509068829939e+05 -4.217213079609156586e+06
-4.758524102545469068e+06 4.015011913647226756e+05 -4.217213079609156586e+06
-4.758698837505500764e+06 3.994248553824049304e+05 -4.217213079609156586e+06
-4.762003236014664173e+06 3.578826921762561542e+05 -4.217213079609156586e+06
-4.762029249388611875e+06 3.575363885547771351e+05 -4.217213079609156586e+06
-4.749238619533976540e+06 4.965463203508576844e+05 -4.217560347697828896e+06
-4.761619215281689540e+06 3.588985402410501265e+05 -4.217560347697828896e+06
-4.761697401478028856e+06 3.578597075452286517e+05 -4.217560347697828896e+06
-4.748933560076950118e+06 4.965144255224420922e+05 -4.217907593490282074e+06
-4.757912855188250542e+06 4.014496172764438088e+05 -4.217907593490282074e+06
-4.757607193761858158e+06 4.014238270473294542e+05 -4.218254816976339556e+06
-4.757125911393326707e+06 4.034737607900395524e+05 -4.218602018145839684e+06
-4.760492011521197855e+06 3.615989777899024775e+05 -4.218602018145839684e+06
-4.756690058532929979e+06 4.013464436235783505e+05 -4.219296353569478728e+06
-4.759801161005437374e+06 3.625909381749597378e+05 -4.219296353569478728e+06
-4.755902958620973863e+06 4.033700365322585567e+05 -4.219990599729842506e+06
-4.746600334445599467e+06 4.952236366245078971e+05 -4.220684756620581262e+06
-4.746636335576392710e+06 4.948784527705652872e+05 -4.220684756620581262e+06
-4.746672311595980078e+06 4.945332663823078037e+05 -4.220684756620581262e+06
-4.758497963860614225e+06 3.635358485281261383e+05 -4.220684756620581262e+06
-4.746367014578868635e+06 4.945014589346523280e+05 -4.221031801589414477e+06
-4.746402963192031719e+06 4.941562920501223998e+05 -4.221031801589414477e+06
-4.746133559962239116e+06 4.937793568970673368e+05 -4.221378824235333130e+06
-4.723648511492392048e+06 6.692959923401178094e+05 -4.222419758208930492e+06
-4.723344472657006234e+06 6.692529129336918704e+05 -4.222766691536519676e+06
-4.744983750649430789e+06 4.929621434984426596e+05 -4.222766691536519676e+06
-4.745019587324065156e+06 4.926170772117847810e+05 -4.222766691536519676e+06
-4.753805861524770036e+06 3.990141598771358840e+05 -4.222766691536519676e+06
-4.744678293805607595e+06 4.929304092147464398e+05 -4.223113602540344931e+06
-4.744714128173267469e+06 4.925853651416227221e+05 -4.223113602540344931e+06
-4.744749937439925037e+06 4.922403185462732799e+05 -4.223113602540344931e+06
-4.744785721622581594e+06 4.918952692648975644e+05 -4.223113602540344931e+06
-4.744480232769898139e+06 4.918635990209151059e+05 -4.223460491210244596e+06
-4.743887779770774767e+06 4.945918917306467774e+05 -4.223807357536067255e+06
-4.743546281250122003e+06 4.949050002904282301e+05 -4.224154201532619074e+06
-4.743797600180231966e+06 4.924902133023515344e+05 -4.224154201532619074e+06
-4.743904931982315145e+06 4.914552655005202978e+05 -4.224154201532619074e+06
-4.743940659067961387e+06 4.911102777545551071e+05 -4.224154201532619074e+06
-4.744012037991262041e+06 4.904202943071545451e+05 -4.224154201532619074e+06
-4.743527840712831356e+06 4.921135330907338066e+05 -4.224501023189745843e+06
-4.743563615678620525e+06 4.917685726830823114e+05 -4.224501023189745843e+06
-4.743599365558084100e+06 4.914236096747181145e+05 -4.224501023189745843e+06
-4.743635090342462063e+06 4.910786441502505331e+05 -4.224501023189745843e+06
-4.743670790048712865e+06 4.907336759459259920e+05 -4.224501023189745843e+06
-4.743043014264919795e+06 4.938064819062777096e+05 -4.224847822497288696e+06
-4.743078912346712314e+06 4.934615567517309100e+05 -4.224847822497288696e+06
-4.743114785336136818e+06 4.931166290702960687e+05 -4.224847822497288696e+06
-4.743150633250220679e+06 4.927716986982313101e+05 -4.224847822497288696e+06
-4.743222253817188554e+06 4.920818302206483204e+05 -4.224847822497288696e+06
-4.743258026478287764e+06 4.917368920359885669e+05 -4.224847822497288696e+06
-4.743293774054677226e+06 4.913919512507836916e+05 -4.224847822497288696e+06
-4.743329496537597850e+06 4.910470079496374819e+05 -4.224847822497288696e+06
-4.743365193944008090e+06 4.907020619688069564e+05 -4.224847822497288696e+06
-4.743436513492259197e+06 4.900121623065258609e+05 -4.224847822497288696e+06
-4.743472135642280802e+06 4.896672085459385999e+05 -4.224847822497288696e+06
-4.743507732706462033e+06 4.893222521957452409e+05 -4.224847822497288696e+06
-4.743649870083973743e+06 4.879424011010066024e+05 -4.224847822497288696e+06
-4.742880846399169415e+06 4.923950380222838721e+05 -4.225194599470056593e+06
-4.742916641829698347e+06 4.920501247474290431e+05 -4.225194599470056593e+06
-4.742952412185918540e+06 4.917052087875858415e+05 -4.225194599470056593e+06
-4.743023877640319988e+06 4.910153691513648955e+05 -4.225194599470056593e+06
-4.743059572746698745e+06 4.906704453958531958e+05 -4.225194599470056593e+06
-4.743095242769419216e+06 4.903255190454319818e+05 -4.225194599470056593e+06
-4.743130887699739076e+06 4.899805901847058558e+05 -4.225194599470056593e+06
-4.743166507554579526e+06 4.896356586499386467e+05 -4.225194599470056593e+06
-4.743202102325194515e+06 4.892907245257322793e+05 -4.225194599470056593e+06
-4.743237672002863139e+06 4.889457878966974677e+05 -4.225194599470056593e+06
-4.743273216604469344e+06 4.886008485990922782e+05 -4.225194599470056593e+06
-4.742682515780130401e+06 4.913286266053884174e+05 -4.225541354097900912e+06
-4.742718233659570105e+06 4.909837277563586249e+05 -4.225541354097900912e+06
-4.742753926465731114e+06 4.906388262279899209e+05 -4.225541354097900912e+06
-4.742789594189847820e+06 4.902939221048788168e+05 -4.225541354097900912e+06
-4.742825236823181622e+06 4.899490154716246179e+05 -4.225541354097900912e+06
-4.742860854382652789e+06 4.896041061645016889e+05 -4.225541354097900912e+06
-4.742896446859514341e+06 4.892591942681063665e+05 -4.225541354097900912e+06
-4.742305342614962719e+06 4.919867059953017742e+05 -4.225888086370658129e+06
-4.742376849026891403e+06 4.912969603857820039e+05 -4.225888086370658129e+06
-4.742412564604306594e+06 4.909520837655459763e+05 -4.225888086370658129e+06
-4.742448255110058933e+06 4.906072044661436230e+05 -4.225888086370658129e+06
-4.742483920535384677e+06 4.902623225721662166e+05 -4.225888086370658129e+06
-4.742555176135458052e+06 4.895725510905522387e+05 -4.225888086370658129e+06
-4.719912807016301900e+06 6.715679717497158563e+05 -4.226234796303143725e+06
-4.719559671500983648e+06 6.718678941729016369e+05 -4.226581483885196969e+06
-4.750553992076250724e+06 3.973496299824679154e+05 -4.226581483885196969e+06
-4.752187702468200587e+06 3.773088928037739242e+05 -4.226581483885196969e+06
-4.751826364387317561e+06 3.779756936673265882e+05 -4.226928149106665514e+06
-4.751853838992593810e+06 3.776301300757667632e+05 -4.226928149106665514e+06
-4.741451698312838562e+06 4.852772250166080776e+05 -4.227621412502125837e+06
-4.750854057815404609e+06 3.824185062107157428e+05 -4.227621412502125837e+06
-4.750073815158386715e+06 3.844418141817083233e+05 -4.228314586458217353e+06
-4.748744635631172918e+06 3.968505379492746433e+05 -4.228661139899191447e+06
-4.717282351133218035e+06 6.725937396198791685e+05 -4.229007670968593098e+06
-4.740228123291561380e+06 4.851519947857197258e+05 -4.229007670968593098e+06
-4.739957433297536336e+06 4.847759826357626007e+05 -4.229354179681215435e+06
-4.748344799524117261e+06 3.867349775347666000e+05 -4.230047129995533265e+06
-4.715721390430074185e+06 6.748207148493337445e+05 -4.230393571601876989e+06
-4.747106816768616438e+06 3.942803572733988403e+05 -4.230739990835798904e+06
-4.737544084505322389e+06 4.841810339814070030e+05 -4.232125443993990310e+06
-4.736625449751888402e+06 4.840871487284500618e+05 -4.233164298866589554e+06
-4.711136161777103320e+06 6.829073321519432357e+05 -4.234202952255504206e+06
-4.711185811746248975e+06 6.825647268293392844e+05 -4.234202952255504206e+06
-4.710881061084841378e+06 6.825205740278436569e+05 -4.234549125271882862e+06
-4.734481091996684670e+06 4.838679935424251598e+05 -4.235587509938983247e+06
-4.708491755219581537e+06 6.818248122891685925e+05 -4.237317703025826253e+06
-4.733018959622012451e+06 4.830229927058365429e+05 -4.237317703025826253e+06
-4.732712392910837196e+06 4.829917063806477236e+05 -4.237663674426711164e+06
-4.731651873138804920e+06 4.842742343148794025e+05 -4.238701454148518853e+06
-4.731687078046056442e+06 4.839301375727630220e+05 -4.238701454148518853e+06
-4.731722257921352051e+06 4.835860383539666072e+05 -4.238701454148518853e+06
-4.731757412781391293e+06 4.832419364951415919e+05 -4.238701454148518853e+06
-4.731792542617542669e+06 4.828978320806926931e+05 -4.238701454148518853e+06
-4.731274735130661167e+06 4.849309896844094619e+05 -4.239047335894940421e+06
-4.731309987791054882e+06 4.845869204493847210e+05 -4.239047335894940421e+06
-4.731345215438390151e+06 4.842428485690454254e+05 -4.239047335894940421e+06
-4.731380418064016849e+06 4.838987741277911118e+05 -4.239047335894940421e+06
-4.731415595659309998e+06 4.835546972100172425e+05 -4.239047335894940421e+06
-4.731450748240967281e+06 4.832106176523858448e+05 -4.239047335894940421e+06
-4.731485875800359063e+06 4.828665355392962811e+05 -4.239047335894940421e+06
-4.731520978328876197e+06 4.825224509551480296e+05 -4.239047335894940421e+06
-4.706214425662335008e+06 6.846401361690254416e+05 -4.239393195214875974e+06
-4.730968056984386407e+06 4.848995567735527875e+05 -4.239393195214875974e+06
-4.731003307359725237e+06 4.845555098408717313e+05 -4.239393195214875974e+06
-4.731038532723627053e+06 4.842114602630476002e+05 -4.239393195214875974e+06
-4.731073733067442663e+06 4.838674081244744011e+05 -4.239393195214875974e+06
-4.731108908382547088e+06 4.835233535095421830e+05 -4.239393195214875974e+06
-4.731144058685637079e+06 4.831792962549236254e+05 -4.239393195214875974e+06
-4.731179183968083002e+06 4.828352364450124442e+05 -4.239393195214875974e+06
-4.731214284221277572e+06 4.824911741642028210e+05 -4.239393195214875974e+06
-4.730626080694396049e+06 4.852121434444109909e+05 -4.239739032123092562e+06
-4.730661353811042383e+06 4.848681212975521339e+05 -4.239739032123092562e+06
-4.730696601901140995e+06 4.845240966690347996e+05 -4.239739032123092562e+06
-4.730731824981423095e+06 4.841800693955458119e+05 -4.239739032123092562e+06
-4.730767023043241352e+06 4.838360395614738227e+05 -4.239739032123092562e+06
-4.730802196077970788e+06 4.834920072512033512e+05 -4.239739032123092562e+06
-4.730837344102307223e+06 4.831479723014176707e+05 -4.239739032123092562e+06
-4.730872467107621953e+06 4.828039347965050256e+05 -4.239739032123092562e+06
-4.730907565085307695e+06 4.824598948208540678e+05 -4.239739032123092562e+06
-4.730942638052025810e+06 4.821158522111485945e+05 -4.239739032123092562e+06
-4.731047706825567409e+06 4.810837091738682357e+05 -4.239739032123092562e+06
-4.731082679712862708e+06 4.807396563764059101e+05 -4.239739032123092562e+06
-4.731222321040264331e+06 4.793634199459897354e+05 -4.239739032123092562e+06
-4.731257168824125081e+06 4.790193544547713245e+05 -4.239739032123092562e+06
-4.731880150073662400e+06 4.728257446785229258e+05 -4.239739032123092562e+06
-4.702623762837985530e+06 7.047348712418806972e+05 -4.240084846609463915e+06
-4.705454746003053151e+06 6.855779509801529348e+05 -4.240084846609463915e+06
-4.730354625619608909e+06 4.848366832573277061e+05 -4.240084846609463915e+06
-4.730389871424280107e+06 4.844926809347934322e+05 -4.240084846609463915e+06
-4.730425092220757157e+06 4.841486759674590430e+05 -4.240084846609463915e+06
-4.730460288000390865e+06 4.838046684397076606e+05 -4.240084846609463915e+06
-4.730495458754559979e+06 4.834606584359183325e+05 -4.240084846609463915e+06
-4.730530604499957524e+06 4.831166457927849260e+05 -4.240084846609463915e+06
-4.730565725227954797e+06 4.827726305946902139e+05 -4.240084846609463915e+06
-4.730600820929946378e+06 4.824286129260174930e+05 -4.240084846609463915e+06
-4.730635891622591764e+06 4.820845926234609797e+05 -4.240084846609463915e+06
-4.730845790378129110e+06 4.800204174973614281e+05 -4.240084846609463915e+06
-4.731020017982424237e+06 4.783002017586645670e+05 -4.240084846609463915e+06
-4.731158949712255970e+06 4.769239835764407180e+05 -4.240084846609463915e+06
-4.731297481110565364e+06 4.755477250388436951e+05 -4.240084846609463915e+06
-4.731332051400747150e+06 4.752036541744965944e+05 -4.240084846609463915e+06
-4.731538947714321315e+06 4.731391759464151110e+05 -4.240084846609463915e+06
-4.731573342857512645e+06 4.727950874459117767e+05 -4.240084846609463915e+06
-4.731607712977788411e+06 4.724509964450306725e+05 -4.240084846609463915e+06
-4.702318807923536748e+06 7.046891707195326453e+05 -4.240430638663859107e+06
-4.730083115938130766e+06 4.844612626390682417e+05 -4.240430638663859107e+06
-4.730118334450615570e+06 4.841172799797071493e+05 -4.240430638663859107e+06
-4.730153527947880328e+06 4.837732947600950720e+05 -4.240430638663859107e+06
-4.730188696421301924e+06 4.834293070646057022e+05 -4.240430638663859107e+06
-4.730223839887574315e+06 4.830853167299433262e+05 -4.240430638663859107e+06
-4.730258958338069730e+06 4.827413238404854201e+05 -4.240430638663859107e+06
-4.730294051764180884e+06 4.823973284806096344e+05 -4.240430638663859107e+06
-4.730329120182568207e+06 4.820533304870208958e+05 -4.240430638663859107e+06
-4.731094295869394206e+06 4.744847334455581731e+05 -4.240430638663859107e+06
-4.731232117713076063e+06 4.731084939007743378e+05 -4.240430638663859107e+06
-4.731266510625816882e+06 4.727644277136612800e+05 -4.240430638663859107e+06
-4.731300878517265432e+06 4.724203590263325605e+05 -4.240430638663859107e+06
-4.702013828133573756e+06 7.046434664693416562e+05 -4.240776408301046118e+06
-4.703236500788665377e+06 6.964358351251537679e+05 -4.240776408301046118e+06
-4.704394784924993291e+06 6.885681973252963508e+05 -4.240776408301046118e+06
-4.729741094196335413e+06 4.847737994856283185e+05 -4.240776408301046118e+06
-4.729776335429592058e+06 4.844298417805173667e+05 -4.240776408301046118e+06
-4.729811551657898352e+06 4.840858814309492591e+05 -4.240776408301046118e+06
-4.729846742872606963e+06 4.837419185212962329e+05 -4.240776408301046118e+06
-4.729881909065095708e+06 4.833979531359264511e+05 -4.240776408301046118e+06
-4.729917050252057612e+06 4.830539851115549100e+05 -4.240776408301046118e+06
-4.729952166424863972e+06 4.827100145325534977e+05 -4.240776408301046118e+06
-4.729987257574909367e+06 4.823660414832943934e+05 -4.240776408301046118e+06
-4.730022323718853295e+06 4.820220658004931756e+05 -4.240776408301046118e+06
-4.730057364848084748e+06 4.816780875685194042e+05 -4.240776408301046118e+06
-4.730092380954018794e+06 4.813341068717449671e+05 -4.240776408301046118e+06
-4.730925262683362700e+06 4.730778093523646239e+05 -4.240776408301046118e+06
-4.730959653365471400e+06 4.727337654804619378e+05 -4.240776408301046118e+06
-4.730994019027910195e+06 4.723897191085057566e+05 -4.240776408301046118e+06
-4.702830081167024560e+06 6.970746658035187284e+05 -4.241122155510904267e+06
-4.702880761435792781e+06 6.967326644787300611e+05 -4.241122155510904267e+06
-4.702931416821232997e+06 6.963906595513534267e+05 -4.241122155510904267e+06
-4.703285308164844289e+06 6.939965216305193026e+05 -4.241122155510904267e+06
-4.703838960630211048e+06 6.902339418572776485e+05 -4.241122155510904267e+06
-4.703939301342858933e+06 6.895497888598024147e+05 -4.241122155510904267e+06
-4.703989434372127056e+06 6.892077069722369779e+05 -4.241122155510904267e+06
-4.704039542536393739e+06 6.888656213576976443e+05 -4.241122155510904267e+06
-4.729399026993043721e+06 4.850862866663865861e+05 -4.241122155510904267e+06
-4.729434290960371494e+06 4.847423537537308293e+05 -4.241122155510904267e+06
-4.729469529907641932e+06 4.843984183600603137e+05 -4.241122155510904267e+06
-4.729504743851583451e+06 4.840544803221042966e+05 -4.241122155510904267e+06
-4.729539932783550583e+06 4.837105397242293693e+05 -4.241122155510904267e+06
-4.729575096694920212e+06 4.833665966507982812e+05 -4.241122155510904267e+06
-4.729680438371111639e+06 4.823347519349874929e+05 -4.241122155510904267e+06
-4.729715502240425907e+06 4.819907985647929017e+05 -4.241122155510904267e+06
-4.729750541096651927e+06 4.816468426455911249e+05 -4.241122155510904267e+06
-4.729785554931201972e+06 4.813028842617485789e+05 -4.241122155510904267e+06
-4.702423550352690741e+06 6.977133893035576912e+05 -4.241467880283302628e+06
-4.702474277059650049e+06 6.973714176229106961e+05 -4.241467880283302628e+06
-4.702524978909761645e+06 6.970294421721422113e+05 -4.241467880283302628e+06
-4.702778115091304295e+06 6.953195098250528099e+05 -4.241467880283302628e+06
-4.702828667721654288e+06 6.949775122839852702e+05 -4.241467880283302628e+06
-4.703232193353433162e+06 6.922414000396946212e+05 -4.241467880283302628e+06
-4.703282522136105224e+06 6.918993694852605695e+05 -4.241467880283302628e+06
-4.703383105069222860e+06 6.912152974829635350e+05 -4.241467880283302628e+06
-4.703433359231206588e+06 6.908732559566302225e+05 -4.241467880283302628e+06
-4.703483588519093581e+06 6.905312107766154222e+05 -4.241467880283302628e+06
-4.729056914351318032e+06 4.853987240929385880e+05 -4.241467880283302628e+06
-4.729092201040643267e+06 4.850548160585876903e+05 -4.241467880283302628e+06
-4.729127462720174342e+06 4.847109054590298329e+05 -4.241467880283302628e+06
-4.729408655756279826e+06 4.819595287808364374e+05 -4.241467880283302628e+06
-4.730242630093595944e+06 4.737044236338663613e+05 -4.241467880283302628e+06
-4.700996223566544242e+06 7.051900709760396276e+05 -4.241813582633011043e+06
-4.701354594539550133e+06 7.027969170336263487e+05 -4.241813582633011043e+06
-4.701405690933845006e+06 7.024550230761829298e+05 -4.241813582633011043e+06
-4.702016908343557268e+06 6.983520056829518871e+05 -4.241813582633011043e+06
-4.702067681505260058e+06 6.980100634903868195e+05 -4.241813582633011043e+06
-4.702118429800088517e+06 6.976681176063950406e+05 -4.241813582633011043e+06
-4.702472971532481723e+06 6.952743934566947864e+05 -4.241813582633011043e+06
-4.728785350071087480e+06 4.850233428848223994e+05 -4.241813582633011043e+06
-4.700639858997758478e+06 7.054861495193565497e+05 -4.242159262549897656e+06
-4.701253721855565906e+06 7.013837992863132386e+05 -4.242159262549897656e+06
-4.701304715497557074e+06 7.010419125862213550e+05 -4.242159262549897656e+06
-4.701457547233198769e+06 7.000162303304859670e+05 -4.242159262549897656e+06
-4.701508441422222182e+06 6.996743288114093011e+05 -4.242159262549897656e+06
-4.701660974792522378e+06 6.986486021421162877e+05 -4.242159262549897656e+06
-4.702117232179597951e+06 6.955712228102829540e+05 -4.242159262549897656e+06
-4.702167803104648367e+06 6.952292734113805927e+05 -4.242159262549897656e+06
-4.702218349174435250e+06 6.948873202536952449e+05 -4.242159262549897656e+06
-4.729594297051003203e+06 4.739868948238327866e+05 -4.242159262549897656e+06
-4.700283451389504597e+06 7.057821761474758387e+05 -4.242504920023841783e+06
-4.699927000710043125e+06 7.060781510160160251e+05 -4.242850555069610476e+06
-4.728945847910358571e+06 4.742692641073006671e+05 -4.242850555069610476e+06
-4.699265348300694488e+06 7.063282068284526467e+05 -4.243541757836118340e+06
-4.728228211942202412e+06 4.752392295412821695e+05 -4.243541757836118340e+06
-4.698654956359795295e+06 7.062364612016102765e+05 -4.244232870843087323e+06
-4.727579489601357840e+06 4.755213008432015777e+05 -4.244232870843087323e+06
-4.698349723122628406e+06 7.061905827867746120e+05 -4.244578393670776859e+06
-4.698044465030930005e+06 7.061447006361513631e+05 -4.244923894059317186e+06
-4.726554242983926088e+06 4.764598065958279185e+05 -4.245269371998591349e+06
-4.697433874319691211e+06 7.060529251329163089e+05 -4.245614827478482388e+06
-4.697128541696057655e+06 7.060070317796893651e+05 -4.245960260513739660e+06
-4.725835810670169070e+06 4.774289022729297867e+05 -4.245960260513739660e+06
-4.696823184231672436e+06 7.059611346927458653e+05 -4.246305671094249934e+06
-4.696517801935477182e+06 7.059152338734302903e+05 -4.246651059209899046e+06
-4.696212394794438034e+06 7.058693293197831372e+05 -4.246996424875435419e+06
-4.695906962817491032e+06 7.058234210331479553e+05 -4.247341768080745824e+06
-4.695347334207950160e+06 7.053901398074208992e+05 -4.248032387095085345e+06
-4.723853069494487718e+06 4.786167736495947465e+05 -4.248032387095085345e+06
-4.723510888698662631e+06 4.789291363480794244e+05 -4.248377662908754312e+06
-4.694787568091322668e+06 7.049569287950217258e+05 -4.248722916246604174e+06
-4.694482005282511935e+06 7.049110462889169576e+05 -4.249068147123385221e+06
-4.694176417646950111e+06 7.048651600548927672e+05 -4.249413355528976768e+06
-4.720841778197973967e+06 4.807396325327652739e+05 -4.251139060408733785e+06
-4.719471329931996763e+06 4.819871911753489403e+05 -4.252519219650020823e+06
-4.690762080657229759e+06 7.047012892468604259e+05 -4.253209164337215014e+06
-4.717343873199650086e+06 4.845431485932101496e+05 -4.254588783788288012e+06
-4.717000830515366048e+06 4.848545645879531512e+05 -4.254933632398462854e+06
-4.715214142400644720e+06 4.870967011119503295e+05 -4.256657537912910804e+06
-4.713567913894687779e+06 4.879659788709460991e+05 -4.258380880636090413e+06
-4.712537156840874813e+06 4.888984291754092555e+05 -4.259414616041028872e+06
-4.711814148139569908e+06 4.898624669003561721e+05 -4.260103660348429345e+06
-4.711470359100286849e+06 4.901730586727617774e+05 -4.260448148712856695e+06
-4.710782645508935675e+06 4.907940923601119430e+05 -4.261137057837525383e+06
-4.710438720981146209e+06 4.911045340966996737e+05 -4.261481478602385148e+06
-4.708990912842874415e+06 4.930307011246263864e+05 -4.262858936267044395e+06
-4.708302477111746557e+06 4.936509342006425140e+05 -4.263547529837825336e+06
-4.707613860999885947e+06 4.942709669104047352e+05 -4.264236033217580058e+06
-4.707305439802403562e+06 4.942385845511041698e+05 -4.264580251085401513e+06
-4.706996993710353971e+06 4.942061995780246798e+05 -4.264924446399998851e+06
-4.706652572950533591e+06 4.945160907607565750e+05 -4.265268619151297957e+06
-4.678655589145545848e+06 7.101905237900929060e+05 -4.265612769353999756e+06
-4.704548992403920740e+06 4.967165111338395509e+05 -4.267333181934390217e+06
-4.674862442627604119e+06 7.144846861565401778e+05 -4.269053030328583904e+06
-4.702860971670279279e+06 4.979215855762871215e+05 -4.269053030328583904e+06
-4.674451579350193031e+06 7.151176595289406832e+05 -4.269396932277477346e+06
-4.674503571817635559e+06 7.147777218994947616e+05 -4.269396932277477346e+06
-4.674040606131623499e+06 7.157505246330519440e+05 -4.269740811655929312e+06
-4.674092644623405300e+06 7.154106168887487147e+05 -4.269740811655929312e+06
-4.674144658383779228e+06 7.150707054425765527e+05 -4.269740811655929312e+06
-4.673837712698168121e+06 7.150237475745634874e+05 -4.270084668453867547e+06
-4.673374647344423458e+06 7.159963751423340291e+05 -4.270428502661229111e+06
-4.673945908009694889e+06 7.122577150568510406e+05 -4.270428502661229111e+06
-4.673223747183201835e+06 7.149298204957091948e+05 -4.270772314292692579e+06
-4.672708578667336144e+06 7.162421173415185185e+05 -4.271116103338192217e+06
-4.672401547805407085e+06 7.161950550368755357e+05 -4.271459869787653908e+06
-4.672453618616195396e+06 7.158552665686424589e+05 -4.271459869787653908e+06
-4.672505664729223587e+06 7.155154742330602603e+05 -4.271459869787653908e+06
-4.700554289520442486e+06 4.990600685935594374e+05 -4.271459869787653908e+06
-4.672094492226129398e+06 7.161479889435078949e+05 -4.271803613655763678e+06
-4.672146559614987113e+06 7.158082228051074781e+05 -4.271803613655763678e+06
-4.699391034197162837e+06 4.982453726066398667e+05 -4.272834709696057253e+06
-4.698427691318405792e+06 4.984887585272050346e+05 -4.273865602364491671e+06
-4.698154845597955398e+06 4.981143076995610027e+05 -4.274209188054491766e+06
-4.697700651531533338e+06 4.994480617533249897e+05 -4.274552751132106408e+06
-4.697809502397685312e+06 4.984231705799445626e+05 -4.274552751132106408e+06
-4.669745481601038948e+06 7.130075967537822435e+05 -4.274896291612004861e+06
-4.697464114271364175e+06 4.987319832281357958e+05 -4.274896291612004861e+06
-4.668875246497863904e+06 7.125272816128830891e+05 -4.275926777389536612e+06
-4.664504154713100754e+06 7.184567368521715980e+05 -4.279703483646496199e+06
-4.664660786649777554e+06 7.174390828188337618e+05 -4.279703483646496199e+06
-4.664144284416450188e+06 7.187485442870347761e+05 -4.280046684819059446e+06
-4.663784371694486588e+06 7.190402992963996949e+05 -4.280389863356608897e+06
-4.664045513810218312e+06 7.173444519760166295e+05 -4.280389863356608897e+06
-4.663476715509371832e+06 7.189928663154137321e+05 -4.280733019249093719e+06
-4.663528989806304686e+06 7.186537268717957195e+05 -4.280733019249093719e+06
-4.663581239452723414e+06 7.183145835461890092e+05 -4.280733019249093719e+06
-4.663633464435803704e+06 7.179754364217751427e+05 -4.280733019249093719e+06
-4.685930019706798717e+06 5.099169006789036794e+05 -4.286220433530299924e+06
-4.685471616618095897e+06 5.112461492987956153e+05 -4.286563204327373765e+06
-4.685124527013931423e+06 5.115530483235965949e+05 -4.286905952446742915e+06
-4.657222917917946354e+06 7.145617403767552460e+05 -4.288276718217888847e+06
-4.656142098498981446e+06 7.154356700408913894e+05 -4.289304554425884970e+06
-4.680260589405637234e+06 5.158443303366836044e+05 -4.291702044890336692e+06
-4.652797505175752565e+06 7.166536038830269827e+05 -4.292729200388927944e+06
-4.652180380694322288e+06 7.165585504268708173e+05 -4.293413857211179100e+06
-4.651819663088067435e+06 7.168493098083200166e+05 -4.293756151568758301e+06
-4.651458903216313571e+06 7.171400166424026247e+05 -4.294098423210606910e+06
-4.650889212144319899e+06 7.187835903329337016e+05 -4.294440672151342966e+06
-4.676310788478114642e+06 5.174743067029311787e+05 -4.295809440776618198e+06
-4.675727343957896344e+06 5.170655540834973799e+05 -4.296493688782139681e+06
-4.675566975366716273e+06 5.156711642939104349e+05 -4.296835778706920333e+06
-4.675604463671631180e+06 5.153311460779569461e+05 -4.296835778706920333e+06
-4.648314797476328909e+06 7.190779542382824002e+05 -4.297177845899687149e+06
-4.674531794876793399e+06 5.193421709400612745e+05 -4.297519890375053510e+06
-4.675058118898742832e+06 5.145827209980324842e+05 -4.297519890375053510e+06
-4.647335913632393815e+06 7.192725798883122625e+05 -4.298203911133507267e+06
-4.673683498170457780e+06 5.213124756283714669e+05 -4.298203911133507267e+06
-4.647027004898237064e+06 7.192247697910228744e+05 -4.298545887421184219e+06
-4.673182987204155885e+06 5.229770758265284239e+05 -4.298545887421184219e+06
-4.673863558714244515e+06 5.168594472943692817e+05 -4.298545887421184219e+06
-4.645325123746590689e+06 7.199991321122648660e+05 -4.300255427814295515e+06
-4.644963709419909865e+06 7.202890249160694657e+05 -4.300597267677769065e+06
-4.670549813546781428e+06 5.268096696521345293e+05 -4.300939084797544405e+06
-4.644293165049722418e+06 7.205309123236042215e+05 -4.301280879163618200e+06
-4.643984052609420381e+06 7.204829556032365654e+05 -4.301622650790582411e+06
-4.667755492859569378e+06 5.292448070833603851e+05 -4.303672802741237916e+06
-4.641353057372020558e+06 7.211117680059131235e+05 -4.304356004661648534e+06
-4.640629470389767550e+06 7.216906070161237149e+05 -4.305039115535964258e+06
-4.666119562491728924e+06 5.269972692837115610e+05 -4.305722135333341546e+06
-4.639596307944597676e+06 7.222210718556846259e+05 -4.306063611080829985e+06
-4.664413248457912356e+06 5.309273536734823138e+05 -4.307087901672262698e+06
-4.637891282369750552e+06 7.229920439574378543e+05 -4.307770648176725022e+06
-4.663595201533908956e+06 5.298036442339936038e+05 -4.308111987261506729e+06
-4.663279964321637526e+06 5.270200134816247737e+05 -4.308794597070765682e+06
-4.636495159464162774e+06 7.238105477999534924e+05 -4.309135867799822241e+06
-4.662661213264819235e+06 5.296975393155236961e+05 -4.309135867799822241e+06
-4.662349834527637810e+06 5.296621654070761288e+05 -4.309477115731837228e+06
-4.662038431126161478e+06 5.296267886966628721e+05 -4.309818340881384909e+06
-4.661649927817637101e+06 5.302694242629322689e+05 -4.310159543238472193e+06
-4.634630599944800138e+06 7.255911324486554367e+05 -4.310841879559860565e+06
-4.631940902522341348e+06 7.265505021124884952e+05 -4.313570312794333324e+06
-4.631215341322800145e+06 7.271268646529986290e+05 -4.314252193022127263e+06
-4.657714662694198079e+06 5.287925035454507452e+05 -4.314593098904879764e+06
-4.626698958129976876e+06 7.315900116901014699e+05 -4.318341557315060869e+06
-4.626282313835431822e+06 7.322138354383787373e+05 -4.318682189266316593e+06
-4.653198328178842552e+06 5.351359329623868689e+05 -4.318682189266316593e+06
-4.625865561484646052e+06 7.328375495897858636e+05 -4.319022798386409879e+06
-4.625448701097534038e+06 7.334611542046951363e+05 -4.319363384665367194e+06
-4.652223276028717868e+06 5.353665947783667361e+05 -4.319703948093206622e+06
-4.624774834755934775e+06 7.336990824548251694e+05 -4.320044488684481941e+06
-4.651872242944962345e+06 5.356689753056822810e+05 -4.320044488684481941e+06
-4.652180218951728195e+06 5.302203377991920570e+05 -4.320385006429214031e+06
-4.652218765355073847e+06 5.298820203590174206e+05 -4.320385006429214031e+06
-4.652257287164425477e+06 5.295437000353656476e+05 -4.320385006429214031e+06
-4.651170044874474406e+06 5.362735830969235394e+05 -4.320725501317431219e+06
-4.651868040326197632e+06 5.301847580390598159e+05 -4.320725501317431219e+06
-4.623630301265268587e+06 7.348963811723727267e+05 -4.321065973363678902e+06
-4.623159519102931023e+06 7.358556869404573226e+05 -4.321406422557977960e+06
-4.622849152050352655e+06 7.358062866634961683e+05 -4.321746848890366964e+06
-4.622538760542403907e+06 7.357568824940406485e+05 -4.322087252375379205e+06
-4.649882271010893397e+06 5.364677516802195460e+05 -4.322087252375379205e+06
-4.649570018866132945e+06 5.364317264227411943e+05 -4.322427633003045805e+06
-4.648906423346279189e+06 5.366977468594318489e+05 -4.323108325670976192e+06
-4.648555060634841211e+06 5.369997442080785986e+05 -4.323448637715807185e+06
-4.620354553222716786e+06 7.374764559044807684e+05 -4.324129193201871589e+06
-4.647266478656350635e+06 5.371933592420542846e+05 -4.324809657215360552e+06
-4.646954037715821527e+06 5.371572431296734139e+05 -4.325149854919473641e+06
-4.646524279967714101e+06 5.381348513183967443e+05 -4.325490029750045389e+06
-4.646641572199892253e+06 5.371211241765380837e+05 -4.325490029750045389e+06
-4.618168846124018542e+06 7.391941225799344247e+05 -4.326170310775205493e+06
-4.645156721978542395e+06 5.390035031837669667e+05 -4.326850500284611247e+06
-4.616710875662797131e+06 7.403381737801263807e+05 -4.327530598272040486e+06
-4.614995313858848996e+06 7.410958286118481774e+05 -4.329230442685510032e+06
-4.614630551016797312e+06 7.413814966407390311e+05 -4.329570342893292196e+06
-4.642459265136205591e+06 5.404013485270534875e+05 -4.329570342893292196e+06
-4.642498551949129440e+06 5.400637379875543993e+05 -4.329570342893292196e+06
-4.642107200595031492e+06 5.407025274825223023e+05 -4.329910220195999369e+06
-4.613954844812359661e+06 7.416171393574344693e+05 -4.330250074608146213e+06
-4.641794422870568931e+06 5.406660958149953512e+05 -4.330250074608146213e+06
-4.613279031140422449e+06 7.418526720227012411e+05 -4.330929714720947668e+06
-4.641129468462309800e+06 5.409307378194491612e+05 -4.330929714720947668e+06
-4.612914102165164426e+06 7.421381277928564232e+05 -4.331269500426159240e+06
-4.640385639189085923e+06 5.418701969540694263e+05 -4.331609263225465082e+06
-4.639720422129698098e+06 5.421345314999633702e+05 -4.332288720091025345e+06
-4.638936649557847530e+06 5.434108326688270317e+05 -4.332968085311404429e+06
-4.610250158545587212e+06 7.448053735705135623e+05 -4.333647358880379237e+06
-4.637997651964198798e+06 5.433008373179986374e+05 -4.333986961279896088e+06
-4.609208340971195139e+06 7.453249587642340921e+05 -4.334666097332602367e+06
-4.637411023279306479e+06 5.428902520794828888e+05 -4.334666097332602367e+06
-4.637097923310678452e+06 5.428535982396483887e+05 -4.335005630965899676e+06
-4.606011793761171401e+06 7.492770731812271988e+05 -4.337381724420617335e+06
-4.632748693055102602e+06 5.447352285847763997e+05 -4.339417481383294798e+06
-4.632867425594043918e+06 5.437245066526647424e+05 -4.339417481383294798e+06
-4.632395644787576981e+06 5.450352538001482608e+05 -4.339756693902101368e+06
-4.632514442790267989e+06 5.440246088840794982e+05 -4.339756693902101368e+06
-4.632553993129864335e+06 5.436877214619179722e+05 -4.339756693902101368e+06
-4.602371350376644172e+06 7.559012340171542019e+05 -4.340095883461978287e+06
-4.632082198546149768e+06 5.449983745556171052e+05 -4.340095883461978287e+06
-4.632200988510496914e+06 5.439877980237872107e+05 -4.340095883461978287e+06
-4.631808346274115145e+06 5.446246592332684668e+05 -4.340435050077411346e+06
-4.630430717438352294e+06 5.482183176082829013e+05 -4.341452412182136439e+06
-4.600392279365861788e+06 7.562633536581288790e+05 -4.342130538786773570e+06
-4.628035861418426037e+06 5.496412426661521895e+05 -4.343825453420685604e+06
-4.627079536020466127e+06 5.549882125609823270e+05 -4.344164367431207560e+06
-4.625582133045052178e+06 5.568560430477672489e+05 -4.345519793738784268e+06
-4.594745669512318447e+06 7.690684776301056845e+05 -4.345858592869020998e+06
-4.594801585591625422e+06 7.687343363159857690e+05 -4.345858592869020998e+06
-4.594857477384757251e+06 7.684001908562234603e+05 -4.345858592869020998e+06
-4.594913344877996482e+06 7.680660413327764254e+05 -4.345858592869020998e+06
-4.594969188057647087e+06 7.677318878276125761e+05 -4.345858592869020998e+06
-4.595025006950219162e+06 7.673977301821005531e+05 -4.345858592869020998e+06
-4.593929649792673066e+06 7.720231877237260342e+05 -4.346197369008068927e+06
-4.623850955081680790e+06 5.580121979585295776e+05 -4.347213559525196441e+06
-4.623415240687320009e+06 5.589830053643101128e+05 -4.347552243722219020e+06
-4.591977414472077042e+06 7.740988979642466875e+05 -4.347890904927224852e+06
-4.623060691397762857e+06 5.592812552767698653e+05 -4.347890904927224852e+06
-4.623223184128867462e+06 5.579364377637056168e+05 -4.347890904927224852e+06
-4.623385285661538132e+06 5.565915730403222842e+05 -4.347890904927224852e+06
-4.622949821291089989e+06 5.575623642908040201e+05 -4.348229543130298145e+06
-4.623030866549336351e+06 5.568899776266030967e+05 -4.348229543130298145e+06
-4.622392165947263129e+06 5.595414519135758746e+05 -4.348568158345895819e+06
-4.621397067856913432e+06 5.624902573544334155e+05 -4.349245319775014184e+06
-4.621723529314120300e+06 5.598015425124900648e+05 -4.349245319775014184e+06
-4.621409525944311172e+06 5.597635091750007123e+05 -4.349583865993074141e+06
-4.589598823919562623e+06 7.767875149227499496e+05 -4.349922389208376408e+06
-4.620523241857994348e+06 5.644299596174743492e+05 -4.349922389208376408e+06
-4.621054781526606530e+06 5.600615269716203911e+05 -4.349922389208376408e+06
-4.621095498134190217e+06 5.597254728772034869e+05 -4.349922389208376408e+06
-4.589230414327168837e+06 7.770684643424319802e+05 -4.350260889410998672e+06
-4.620085987409497611e+06 5.653995604910118273e+05 -4.350260889410998672e+06
-4.620577632344638929e+06 5.613675601042842027e+05 -4.350260889410998672e+06
-4.620740732052500360e+06 5.600234648762054276e+05 -4.350260889410998672e+06
-4.620781445892960764e+06 5.596874336202131817e+05 -4.350260889410998672e+06
-4.588861963882316835e+06 7.773493600947775412e+05 -4.350599366615406238e+06
-4.588436909571421333e+06 7.779638849671250209e+05 -4.350937820811683312e+06
-4.619416780502733774e+06 5.656586315439991886e+05 -4.350937820811683312e+06
-4.618061984925535508e+06 5.689017442985762609e+05 -4.351953045325702056e+06
-4.617747864230959676e+06 5.688630475873481482e+05 -4.352291407463435084e+06
-4.586820253193987533e+06 7.780329388721762225e+05 -4.352629746592209674e+06
-4.585143350372995250e+06 7.859837794927526265e+05 -4.352968062702113762e+06
-4.585200496592960320e+06 7.856503364341435954e+05 -4.352968062702113762e+06
-4.585257618577819318e+06 7.853168891406012699e+05 -4.352968062702113762e+06
-4.585314716313554905e+06 7.849834376939125359e+05 -4.352968062702113762e+06
-4.585371789786169305e+06 7.846499821758676553e+05 -4.352968062702113762e+06
-4.585428839022755623e+06 7.843165224281771807e+05 -4.352968062702113762e+06
-4.585884359848128632e+06 7.816486955120766070e+05 -4.352968062702113762e+06
-4.585941190823617391e+06 7.813151984971684869e+05 -4.352968062702113762e+06
-4.586451578152962029e+06 7.783135398755540373e+05 -4.352968062702113762e+06
-4.584659759892827831e+06 7.869305297906921478e+05 -4.353306355783242732e+06
-4.585742700000641868e+06 7.805950692183808424e+05 -4.353306355783242732e+06
-4.585799454354632646e+06 7.802615825080563081e+05 -4.353306355783242732e+06
-4.584290493901567534e+06 7.872103526572789997e+05 -4.353644625850039534e+06
-4.583921187215624377e+06 7.874901218133410439e+05 -4.353982872892601416e+06
-4.583609115973981097e+06 7.874365098488113144e+05 -4.354321096901023760e+06
-4.615072533346991986e+06 5.750080843160738004e+05 -4.354321096901023760e+06
-4.614674620872169733e+06 5.756401156805040082e+05 -4.354659297889747657e+06
-4.614800096241624095e+06 5.746333361637396738e+05 -4.354659297889747657e+06
-4.582927632446334697e+06 7.876625553559157997e+05 -4.354997475848869421e+06
-4.614192733614238910e+06 5.769431535355378874e+05 -4.354997475848869421e+06
-4.582615492388945073e+06 7.876089081995671149e+05 -4.355335630768484436e+06
-4.614004215206530876e+06 5.758972524807262234e+05 -4.355335630768484436e+06
-4.614129746690485626e+06 5.748906192176687764e+05 -4.355335630768484436e+06
-4.582246043333159760e+06 7.878884893222030951e+05 -4.355673762663036585e+06
-4.613564170202246867e+06 5.768645600787735311e+05 -4.355673762663036585e+06
-4.613648022950221784e+06 5.761935382979722926e+05 -4.355673762663036585e+06
-4.581876553617857397e+06 7.881680167076934595e+05 -4.356011871522621252e+06
-4.581507023272104561e+06 7.884474902714482741e+05 -4.356349957337338477e+06
-4.612430412084138021e+06 5.808112799251701217e+05 -4.356349957337338477e+06
-4.612200500438008457e+06 5.801008869913051603e+05 -4.356688020121624693e+06
-4.612242674372506328e+06 5.797654767454434186e+05 -4.356688020121624693e+06
-4.580710450355234556e+06 7.893393970014385413e+05 -4.357026059865577146e+06
-4.611674916488902643e+06 5.817382386256897589e+05 -4.357026059865577146e+06
-4.580028495464718901e+06 7.895648472137186909e+05 -4.357702070217232220e+06
-4.579658761956487782e+06 7.898440520521993749e+05 -4.358040040829470381e+06
-4.579716188931631856e+06 7.895110077539150370e+05 -4.358040040829470381e+06
-4.579830970208392479e+06 7.888449067130568437e+05 -4.358040040829470381e+06
-4.579888324523175135e+06 7.885118498940740246e+05 -4.358040040829470381e+06
-4.579945654617229477e+06 7.881787889050482772e+05 -4.358040040829470381e+06
-4.580002960476500914e+06 7.878457238276781281e+05 -4.358040040829470381e+06
-4.580060242128193378e+06 7.875126545038511977e+05 -4.358040040829470381e+06
-4.580117499558248557e+06 7.871795810152675258e+05 -4.358040040829470381e+06
-4.580174732752628624e+06 7.868465034436227288e+05 -4.358040040829470381e+06
-4.580231941738504916e+06 7.865134216308065224e+05 -4.358040040829470381e+06
-4.580289126501834020e+06 7.861803356585160363e+05 -4.358040040829470381e+06
-4.579288987864756957e+06 7.901232030335348099e+05 -4.358377988386114128e+06
-4.579346435127528384e+06 7.897901857051693369e+05 -4.358377988386114128e+06
-4.579403858186226338e+06 7.894571641200772719e+05 -4.358377988386114128e+06
-4.578919173154784366e+06 7.904023003090888960e+05 -4.358715912901598029e+06
-4.578976640728846192e+06 7.900693097937460989e+05 -4.358715912901598029e+06
-4.579034084073216654e+06 7.897363151800442720e+05 -4.358715912901598029e+06
-4.579148898140598089e+06 7.890703132650082698e+05 -4.358715912901598029e+06
-4.579435509481936693e+06 7.874052356406486360e+05 -4.358715912901598029e+06
-4.579492759101922624e+06 7.870722075841926271e+05 -4.358715912901598029e+06
-4.609891049926152453e+06 5.832161678392905742e+05 -4.358715912901598029e+06
-4.578606805723321624e+06 7.903483801748751430e+05 -4.359053814366029575e+06
-4.578664269377025776e+06 7.900154123756774934e+05 -4.359053814366029575e+06
-4.578721708802691661e+06 7.896824404784002108e+05 -4.359053814366029575e+06
-4.578836515037619509e+06 7.890164839970788453e+05 -4.359053814366029575e+06
-4.579008542761750519e+06 7.880175180640777107e+05 -4.359053814366029575e+06
-4.579065836895556189e+06 7.876845211358203087e+05 -4.359053814366029575e+06
-4.579123106826734729e+06 7.873515199619750492e+05 -4.359053814366029575e+06
-4.609534147671491839e+06 5.835115979236541316e+05 -4.359053814366029575e+06
-4.578236930140066892e+06 7.906273967640229966e+05 -4.359391692769508809e+06
-4.578294414085409604e+06 7.902944558622010518e+05 -4.359391692769508809e+06
-4.578351873818453401e+06 7.899615107809087494e+05 -4.359391692769508809e+06
-4.578524107726977207e+06 7.889626505577306962e+05 -4.359391692769508809e+06
-4.578581470594027080e+06 7.886296888560784282e+05 -4.359391692769508809e+06
-4.578638809261028655e+06 7.882967229038480436e+05 -4.359391692769508809e+06
-4.578753413938619196e+06 7.876307785743477289e+05 -4.359391692769508809e+06
-4.578810679962354712e+06 7.872978001206849003e+05 -4.359391692769508809e+06
-4.609177202449401841e+06 5.838069761769747129e+05 -4.359391692769508809e+06
-4.577924518204978667e+06 7.905734455512033310e+05 -4.359729548126468435e+06
-4.578039454039782286e+06 7.899076050071372883e+05 -4.359729548126468435e+06
-4.578096885627129115e+06 7.895746785479913233e+05 -4.359729548126468435e+06
-4.578154293017007411e+06 7.892417478332802420e+05 -4.359729548126468435e+06
-4.578383680444149300e+06 7.879099833329126704e+05 -4.359729548126468435e+06
-4.578440966759460978e+06 7.875770318462023279e+05 -4.359729548126468435e+06
-4.577554581764858216e+06 7.908523813581815921e+05 -4.360067380427009426e+06
-4.577612082059551030e+06 7.905194901574384421e+05 -4.360067380427009426e+06
-4.577784437717895955e+06 7.895207913185029756e+05 -4.360067380427009426e+06
-4.577841841189810075e+06 7.891878833257892402e+05 -4.360067380427009426e+06
-4.577899220451817848e+06 7.888549711594552500e+05 -4.360067380427009426e+06
-4.578013906331146136e+06 7.881891343928775750e+05 -4.360067380427009426e+06
-4.577242125343121588e+06 7.907983990624410799e+05 -4.360405189661240205e+06
-4.577471965606566519e+06 7.894668999149302253e+05 -4.360405189661240205e+06
-4.576872128043637611e+06 7.910772542350637959e+05 -4.360742975843591616e+06
-4.577044605404837057e+06 7.900787168157766573e+05 -4.360742975843591616e+06
-4.577102049452197738e+06 7.897458626237140270e+05 -4.360742975843591616e+06
-4.576617139866102487e+06 7.906904219222485553e+05 -4.361080738964164630e+06
-4.576674628385254182e+06 7.903575988946213620e+05 -4.361080738964164630e+06
-4.576732092714471743e+06 7.900247716073115589e+05 -4.361080738964164630e+06
-4.576789532839652151e+06 7.896919401419576025e+05 -4.361080738964164630e+06
-4.607434382918848656e+06 5.849480278904968873e+05 -4.361080738964164630e+06
-4.576247102020196617e+06 7.909692232792894356e+05 -4.361418479013073258e+06
-4.576304610829128884e+06 7.906364270809594309e+05 -4.361418479013073258e+06
-4.576419555827572010e+06 7.899708222220975440e+05 -4.361418479013073258e+06
-4.575819470353988931e+06 7.915807358340851497e+05 -4.361756196004736237e+06
-4.575877023620693013e+06 7.912479708122564480e+05 -4.361756196004736237e+06
-4.576106994730793871e+06 7.899168686578307534e+05 -4.361756196004736237e+06
-4.575276465341410600e+06 7.928575919638976920e+05 -4.362093889929263853e+06
-4.575334111478966661e+06 7.925248663472711341e+05 -4.362093889929263853e+06
-4.574790819486387074e+06 7.938015088684380753e+05 -4.362431560776771046e+06
-4.575309381474408321e+06 7.908071454729079269e+05 -4.362431560776771046e+06
-4.574881700798716396e+06 7.914185090855398448e+05 -4.362769208561674692e+06
-4.574939242270440795e+06 7.910858122606556863e+05 -4.362769208561674692e+06
-4.573992356520135887e+06 7.946909361080891686e+05 -4.363106833274086937e+06
-4.574569062553758733e+06 7.913644251310490072e+05 -4.363106833274086937e+06
-4.574486389430172741e+06 7.899797063357712468e+05 -4.363444434904121794e+06
-4.573077865703345276e+06 7.962451715163380140e+05 -4.363782013466192409e+06
-4.572707301361542195e+06 7.965232727164146490e+05 -4.364119568950417452e+06
-4.571711288276040927e+06 7.966923328205299331e+05 -4.365132096910057589e+06
-4.571340602646400221e+06 7.969702722264548065e+05 -4.365469560056940652e+06
-4.570483066298556514e+06 7.981907476679080864e+05 -4.366144417104808614e+06
-4.570112219019116834e+06 7.984684714504240546e+05 -4.366481810986025259e+06
-4.602056608364202082e+06 5.869860030184555799e+05 -4.366481810986025259e+06
-4.569683232810066082e+06 7.990784600930756424e+05 -4.366819181783214211e+06
-4.569741331356743351e+06 7.987461412113817642e+05 -4.366819181783214211e+06
-4.601741608550137840e+06 5.869458252245811746e+05 -4.366819181783214211e+06
-4.569079568009489216e+06 8.006851741862926865e+05 -4.367156529486490414e+06
-4.569137783387350850e+06 8.003528992798406398e+05 -4.367156529486490414e+06
-4.569195974615311250e+06 8.000206200609811349e+05 -4.367156529486490414e+06
-4.568591955079393461e+06 8.016270844383022049e+05 -4.367493854085979052e+06
-4.600625567900477909e+06 5.881635658424964640e+05 -4.367831155596086755e+06
-4.600668328200180084e+06 5.878289973282273859e+05 -4.367831155596086755e+06
-4.567907938940349035e+06 8.018494830771913985e+05 -4.368168434006931260e+06
-4.600310482455415651e+06 5.881232839773071464e+05 -4.368168434006931260e+06
-4.599952593930008821e+06 5.884175184973984724e+05 -4.368505689308639616e+06
-4.599637462759824470e+06 5.883772074947578367e+05 -4.368842921515608206e+06
-4.566109884155378677e+06 8.029030787511466770e+05 -4.369854479493622668e+06
-4.565112437773897313e+06 8.030699416295242263e+05 -4.370865829481980763e+06
-4.596842937260641716e+06 5.876799782319520600e+05 -4.371876971432549879e+06
-4.596527559980863705e+06 5.876396590573696885e+05 -4.372213972513159737e+06
-4.596212158399929293e+06 5.875993367760240799e+05 -4.372550950463246554e+06
-4.595896732504371554e+06 5.875590113861934515e+05 -4.372887905297197402e+06
-4.594492863731041551e+06 5.934930351302125491e+05 -4.373561745577220805e+06
-4.594134248783226125e+06 5.937863838536796393e+05 -4.373898631027811207e+06
-4.594177417992632836e+06 5.934522874668120639e+05 -4.373898631027811207e+06
-4.594349851896131411e+06 5.921158703117513796e+05 -4.373898631027811207e+06
-4.593818781712835655e+06 5.937456101102911634e+05 -4.374235493347055279e+06
-4.593861947957926430e+06 5.934115366649405332e+05 -4.374235493347055279e+06
-4.593905089918753132e+06 5.930774600011535222e+05 -4.374235493347055279e+06
-4.593460102771987207e+06 5.940388806702925358e+05 -4.374572332525083795e+06
-4.593503290355622768e+06 5.937048332278596936e+05 -4.374572332525083795e+06
-4.593546453636169434e+06 5.933707827257921454e+05 -4.374572332525083795e+06
-4.593933830012897030e+06 5.903641867263665190e+05 -4.374572332525083795e+06
-4.593144590080914088e+06 5.939980777022361290e+05 -4.374909148576285690e+06
-4.593317182792054489e+06 5.926619609615490772e+05 -4.374909148576285690e+06
-4.593360270233294927e+06 5.923279239963587606e+05 -4.374909148576285690e+06
-4.593618284782745875e+06 5.903236361633705674e+05 -4.374909148576285690e+06
-4.593259776523220353e+06 5.906171152635322651e+05 -4.375245941490791738e+06
-4.593302715259261429e+06 5.902830824784500292e+05 -4.375245941490791738e+06
-4.593345629713938572e+06 5.899490464914923068e+05 -4.375245941490791738e+06
-4.593474227315397933e+06 5.889469198981889058e+05 -4.375245941490791738e+06
-4.593517044601130299e+06 5.886128714420525357e+05 -4.375245941490791738e+06
-4.592944185665851459e+06 5.905765355073566316e+05 -4.375582711258739233e+06
-4.592987121451684274e+06 5.902425256727928063e+05 -4.375582711258739233e+06
-4.593158621723677032e+06 5.889064548967655282e+05 -4.375582711258739233e+06
-4.593201436067545786e+06 5.885724293922242941e+05 -4.375582711258739233e+06
-4.592885803235250525e+06 5.885319842287614010e+05 -4.375919457894516177e+06
-4.592741137050617486e+06 5.871555866242683260e+05 -4.376256181388255209e+06
-4.592425443895167671e+06 5.871152270667949924e+05 -4.376592881730099209e+06
-4.591853129583320580e+06 5.890784943129166495e+05 -4.376929558934424073e+06
-4.591895956441701390e+06 5.887445637459977297e+05 -4.376929558934424073e+06
-4.592067021020395681e+06 5.874088104403789621e+05 -4.376929558934424073e+06
-4.592109726445117034e+06 5.870748644033962628e+05 -4.376929558934424073e+06
-4.556392216829060577e+06 8.176010439228730975e+05 -4.377266212991367094e+06
-4.591494557305093855e+06 5.893718951917438535e+05 -4.377266212991367094e+06
-4.591537405490858480e+06 5.890379907802997623e+05 -4.377266212991367094e+06
-4.591580229404572397e+06 5.887040831735936226e+05 -4.377266212991367094e+06
-4.591708555439187214e+06 5.877023417605111608e+05 -4.377266212991367094e+06
-4.555900416270936839e+06 8.185387823304753983e+05 -4.377602843891076744e+06
-4.555959930048740469e+06 8.182074657121060882e+05 -4.377602843891076744e+06
-4.591178811884434894e+06 5.893313655832145596e+05 -4.377602843891076744e+06
-4.591221657123638317e+06 5.889974841335288947e+05 -4.377602843891076744e+06
-4.591264478092460893e+06 5.886635994888009736e+05 -4.377602843891076744e+06
-4.591392795302419923e+06 5.876619269629315240e+05 -4.377602843891076744e+06
-4.555467981290197931e+06 8.191450598913963186e+05 -4.377939451647925191e+06
-4.590820175594302826e+06 5.896246883068612078e+05 -4.377939451647925191e+06
-4.590863042175766081e+06 5.892908328570357990e+05 -4.377939451647925191e+06
-4.591034265691143461e+06 5.879553800710197538e+05 -4.377939451647925191e+06
-4.555095044178694487e+06 8.194199710037000477e+05 -4.378276036252053455e+06
-4.590590087533731945e+06 5.889164614935234422e+05 -4.378276036252053455e+06
-4.554722067108761519e+06 8.196948277934495127e+05 -4.378612597693607211e+06
-4.590274266329539008e+06 5.888759455026615178e+05 -4.378612597693607211e+06
-4.590402629889775999e+06 5.878744890024353517e+05 -4.378612597693607211e+06
-4.589958420842119493e+06 5.888354263965589926e+05 -4.378949135986954905e+06
-4.590086775569974445e+06 5.878340388040926773e+05 -4.378949135986954905e+06
-4.589813630398185924e+06 5.874598063577061985e+05 -4.379285651122245938e+06
-4.589856339547640644e+06 5.871260241116452962e+05 -4.379285651122245938e+06
-4.589540430806961842e+06 5.870856136436098022e+05 -4.379622143089625053e+06
-4.553229759118854068e+06 8.207937126265008701e+05 -4.379958611903458834e+06
-4.589010738750230521e+06 5.887138503957543289e+05 -4.379958611903458834e+06
-4.552796860443305224e+06 8.213993890346412081e+05 -4.380295057553897612e+06
-4.588694796176905744e+06 5.886733188347197138e+05 -4.380295057553897612e+06
-4.588993868341193534e+06 5.863373475191784091e+05 -4.380295057553897612e+06
-4.588677880914744921e+06 5.862969736954626860e+05 -4.380631480031081475e+06
-4.588361869213502854e+06 5.862565967701481422e+05 -4.380967879349384457e+06
-4.551736812076245435e+06 8.218917290840253700e+05 -4.381304255498955958e+06
-4.588045833246721886e+06 5.862162167444170918e+05 -4.381304255498955958e+06
-4.587729773023661226e+06 5.861758336194527801e+05 -4.381640608469937928e+06
-4.587413688530818559e+06 5.861354473935299320e+05 -4.381976938276701607e+06
-4.549929587741985917e+06 8.229321498111893889e+05 -4.382985788637372665e+06
-4.549556071689379402e+06 8.232062738108978374e+05 -4.383322025737177581e+06
-4.549182515778531320e+06 8.234803434833597858e+05 -4.383658239647730254e+06
-4.548808920016669668e+06 8.237543587406590814e+05 -4.383994430383385159e+06
-4.548435284390470013e+06 8.240283197371546412e+05 -4.384330597934301011e+06
-4.547747846471462399e+06 8.242453592849220149e+05 -4.385002863466733135e+06
-4.547314138513061218e+06 8.248498765494552208e+05 -4.385338961452759802e+06
-4.547000336238045245e+06 8.247929550877035363e+05 -4.385675036238868721e+06
-4.546626521384840831e+06 8.250666714815802407e+05 -4.386011087839414366e+06
-4.545938800613245927e+06 8.252833532268739073e+05 -4.386683121444448829e+06
-4.545564886258673854e+06 8.255569336797433207e+05 -4.387019103453445248e+06
-4.545190932117395103e+06 8.258304597460775403e+05 -4.387355062261702493e+06
-4.544502988373079337e+06 8.260468651927841129e+05 -4.388026910260844044e+06
-4.544128934799643233e+06 8.263202552674720064e+05 -4.388362799456234090e+06
-4.542524556185832247e+06 8.297829728619761299e+05 -4.389370327780176885e+06
-4.542584887685203925e+06 8.294526290132286958e+05 -4.389370327780176885e+06
-4.542645195175607689e+06 8.291222806986394571e+05 -4.389370327780176885e+06
-4.542705478642242961e+06 8.287919279992411612e+05 -4.389370327780176885e+06
-4.542765738070331514e+06 8.284615709960639942e+05 -4.389370327780176885e+06
-4.542825973488478921e+06 8.281312095322833629e+05 -4.389370327780176885e+06
-4.543006535578862764e+06 8.271400989498015260e+05 -4.389370327780176885e+06
-4.580793402027488686e+06 5.825812677595965797e+05 -4.389370327780176885e+06
-4.580094483262311667e+06 5.855387845441329991e+05 -4.389706124125477858e+06
-4.580137052736805752e+06 5.852057090995307080e+05 -4.389706124125477858e+06
-4.579526594525136054e+06 5.824201562979005976e+05 -4.390713373880712315e+06
-4.540338182954211719e+06 8.310897032879664330e+05 -4.391384757624497637e+06
-4.578872063339594752e+06 5.799684707671768265e+05 -4.391720414653486572e+06
-4.538739916614009067e+06 8.362563222345783142e+05 -4.392056048464928754e+06
-4.578597369266700931e+06 5.795953737623236375e+05 -4.392056048464928754e+06
-4.539153785057255998e+06 8.322376037630131468e+05 -4.392391659048994072e+06
-4.576843981023784727e+06 5.807261499554854818e+05 -4.393733869059917517e+06
-4.577073916499955580e+06 5.763590823591935914e+05 -4.394069363480487838e+06
-4.577366721544289030e+06 5.740290283784136409e+05 -4.394069363480487838e+06
-4.534821953023432754e+06 8.433793351093142992e+05 -4.394740282597743906e+06
-4.535005841929223388e+06 8.423899703703233972e+05 -4.394740282597743906e+06
-4.535678254474724643e+06 8.387619569328422658e+05 -4.394740282597743906e+06
-4.575341990839899518e+06 5.849312056728360476e+05 -4.394740282597743906e+06
-4.577065684270254336e+06 5.712867672092203284e+05 -4.394740282597743906e+06
-4.577107217306762934e+06 5.709539121426865458e+05 -4.394740282597743906e+06
-4.535302972055355087e+06 8.390336577138587600e+05 -4.395075707298927009e+06
-4.574598410165035166e+06 5.882175726942918263e+05 -4.395075707298927009e+06
-4.575618075469926000e+06 5.802325004200669937e+05 -4.395075707298927009e+06
-4.576914513796151616e+06 5.699158363416177453e+05 -4.395075707298927009e+06
-4.574238603540134616e+06 5.885094586332618492e+05 -4.395411108756766655e+06
-4.574452289224182256e+06 5.868461797006522538e+05 -4.395411108756766655e+06
-4.574494953790062107e+06 5.865135145645565353e+05 -4.395411108756766655e+06
-4.574750433120722882e+06 5.845174588319550967e+05 -4.395411108756766655e+06
-4.575089717377536930e+06 5.818558781725439476e+05 -4.395411108756766655e+06
-4.573921561220763251e+06 5.884686688057280844e+05 -4.395746486961439252e+06
-4.574092546305332333e+06 5.871381440514404094e+05 -4.395746486961439252e+06
-4.575655808253996074e+06 5.748284498505956726e+05 -4.395746486961439252e+06
-4.576652103532483801e+06 5.668415524622893427e+05 -4.395746486961439252e+06
-4.573647274296935648e+06 5.880952723781826207e+05 -4.396081841927268542e+06
-4.573775467936411500e+06 5.870974433434501989e+05 -4.396081841927268542e+06
-4.576169778033552691e+06 5.681334365179537563e+05 -4.396081841927268542e+06
-4.531834125083388761e+06 8.506682655500672990e+05 -4.396417173644434661e+06
-4.573372933057439514e+06 5.877219159278254956e+05 -4.396417173644434661e+06
-4.574180633714429103e+06 5.814022406528443098e+05 -4.396417173644434661e+06
-4.575811184409379028e+06 5.684268113999522757e+05 -4.396417173644434661e+06
-4.577162133081641980e+06 5.574440265782747883e+05 -4.396417173644434661e+06
-4.577202659455273300e+06 5.571111644545036834e+05 -4.396417173644434661e+06
-4.574662369367816485e+06 5.750415788533518789e+05 -4.396752482103113085e+06
-4.576844749523423612e+06 5.574053730275551789e+05 -4.396752482103113085e+06
-4.576925772435870953e+06 5.567396920755914180e+05 -4.396752482103113085e+06
-4.576966247589473613e+06 5.564068471423152369e+05 -4.396752482103113085e+06
-4.576527341752959415e+06 5.573667165280714398e+05 -4.397087767317626625e+06
-4.576567862506124191e+06 5.570339005678364774e+05 -4.397087767317626625e+06
-4.576608359046404250e+06 5.567010817416033242e+05 -4.397087767317626625e+06
-4.576648831393023022e+06 5.563682598913841648e+05 -4.397087767317626625e+06
-4.576729703465557657e+06 5.557026074455255875e+05 -4.397087767317626625e+06
-4.576209909779543988e+06 5.573280570809553610e+05 -4.397423029278154485e+06
-4.576452654389187694e+06 5.553312558359156828e+05 -4.397423029278154485e+06
-4.576493027119659819e+06 5.549984453124797437e+05 -4.397423029278154485e+06
-4.576694527706844732e+06 5.533343488636435941e+05 -4.397423029278154485e+06
-4.575689514983122237e+06 5.589531992323650047e+05 -4.397758267974880524e+06
-4.576135181382686831e+06 5.552927319623593939e+05 -4.397758267974880524e+06
-4.576417262641381472e+06 5.529631584984125802e+05 -4.397758267974880524e+06
-4.575858051296557300e+06 5.549214408043236472e+05 -4.398093483422121964e+06
-4.576099745855282061e+06 5.529247933155976934e+05 -4.398093483422121964e+06
-4.575621183133634739e+06 5.542174429138040869e+05 -4.398428675610057078e+06
-4.575741985730349086e+06 5.532191840452055912e+05 -4.398428675610057078e+06
-4.574703370512639172e+06 5.564693579203250119e+05 -4.399098990192882717e+06
-4.527259610117394477e+06 8.559460736528371926e+05 -4.400104287582055666e+06
-4.572112834700881504e+06 5.696555846873451956e+05 -4.400104287582055666e+06
-4.573790996687613428e+06 5.560208422544442583e+05 -4.400104287582055666e+06
-4.572488236660667695e+06 5.508016159348067595e+05 -4.402114254024242982e+06
-4.565496520948348567e+06 6.035924531681060325e+05 -4.402449166962298565e+06
-4.565540403361378238e+06 6.032604392696282594e+05 -4.402449166962298565e+06
-4.565584261619036086e+06 6.029284222604908282e+05 -4.402449166962298565e+06
-4.564959356625014916e+06 6.052103958316296339e+05 -4.402784056609982625e+06
-4.565003356689029373e+06 6.048784210722423159e+05 -4.402784056609982625e+06
-4.565135212049230933e+06 6.038824774483651854e+05 -4.402784056609982625e+06
-4.565179115554379299e+06 6.035504898242471972e+05 -4.402784056609982625e+06
-4.565222994916588068e+06 6.032184990082537988e+05 -4.402784056609982625e+06
-4.565266850125103258e+06 6.028865050818170421e+05 -4.402784056609982625e+06
-4.564333287366568111e+06 6.074918862988488982e+05 -4.403118922981590964e+06
-4.564465712912376039e+06 6.064960887992235366e+05 -4.403118922981590964e+06
-4.564597921205719933e+06 6.055002624325283105e+05 -4.403118922981590964e+06
-4.564641942360941321e+06 6.051683138770282967e+05 -4.403118922981590964e+06
-4.564685939365508966e+06 6.048363622007651720e+05 -4.403118922981590964e+06
-4.564729912240307778e+06 6.045044072461548494e+05 -4.403118922981590964e+06
-4.564773860974542797e+06 6.041724490946285659e+05 -4.403118922981590964e+06
-4.564817785557442345e+06 6.038404878276059171e+05 -4.403118922981590964e+06
-4.564861686009858735e+06 6.035085232875066577e+05 -4.403118922981590964e+06
-4.564905562321013771e+06 6.031765555557539919e+05 -4.403118922981590964e+06
-4.564949414480155334e+06 6.028445847137742676e+05 -4.403118922981590964e+06
-4.563971683370893821e+06 6.077815425760974176e+05 -4.403453766067320481e+06
-4.564015870427157730e+06 6.074496395558691584e+05 -4.403453766067320481e+06
-4.564060033346636221e+06 6.071177333231408847e+05 -4.403453766067320481e+06
-4.564104172118501738e+06 6.067858239593339385e+05 -4.403453766067320481e+06
-4.564148286763709970e+06 6.064539113068822771e+05 -4.403453766067320481e+06
-4.564192377271429636e+06 6.061219954472024692e+05 -4.403453766067320481e+06
-4.564236443630855531e+06 6.057900764617082896e+05 -4.403453766067320481e+06
-4.564280485862907022e+06 6.054581541928331135e+05 -4.403453766067320481e+06
-4.564324503956770524e+06 6.051262287219958380e+05 -4.403453766067320481e+06
-4.564368497901659459e+06 6.047943001306124497e+05 -4.403453766067320481e+06
-4.564412467718456872e+06 6.044623682611099211e+05 -4.403453766067320481e+06
-4.564456413396369666e+06 6.041304331949136686e+05 -4.403453766067320481e+06
-4.564500334924627095e+06 6.037984950134376995e+05 -4.403453766067320481e+06
-4.564544232324078679e+06 6.034665535591128282e+05 -4.403453766067320481e+06
-4.564588105583948083e+06 6.031346089133565547e+05 -4.403453766067320481e+06
-4.564631954693484120e+06 6.028026611575892894e+05 -4.403453766067320481e+06
-4.564675779673499987e+06 6.024707101342370734e+05 -4.403453766067320481e+06
-4.564719580513238907e+06 6.021387559247160098e+05 -4.403453766067320481e+06
-4.564763357201965526e+06 6.018067986104588490e+05 -4.403453766067320481e+06
-4.564807109760460444e+06 6.014748380338792922e+05 -4.403453766067320481e+06
-4.563610037268479355e+06 6.080711461784752319e+05 -4.403788585857361555e+06
-4.563654245375663973e+06 6.077392695367803099e+05 -4.403788585857361555e+06
-4.563698429358584806e+06 6.074073896014081547e+05 -4.403788585857361555e+06
-4.563742589206398465e+06 6.070755064537593862e+05 -4.403788585857361555e+06
-4.563786724908280186e+06 6.067436201752496418e+05 -4.403788585857361555e+06
-4.563830836485181935e+06 6.064117306083240546e+05 -4.403788585857361555e+06
-4.563874923926273361e+06 6.060798378343932563e+05 -4.403788585857361555e+06
-4.563918987220751122e+06 6.057479419348656666e+05 -4.403788585857361555e+06
-4.563963026389532723e+06 6.054160427521852544e+05 -4.403788585857361555e+06
-4.564007041421804577e+06 6.050841403677655617e+05 -4.403788585857361555e+06
-4.564051032306781970e+06 6.047522348630168708e+05 -4.403788585857361555e+06
-4.564094999065346085e+06 6.044203260803768644e+05 -4.403788585857361555e+06
-4.564138941686704755e+06 6.040884141012654873e+05 -4.403788585857361555e+06
-4.564182860160087235e+06 6.037564990070912754e+05 -4.403788585857361555e+06
-4.564226754506342113e+06 6.034245806402956368e+05 -4.403788585857361555e+06
-4.564270624714693986e+06 6.030926590822904836e+05 -4.403788585857361555e+06
-4.564314470774391666e+06 6.027607344144908711e+05 -4.403788585857361555e+06
-4.564358292706248350e+06 6.024288064793335507e+05 -4.403788585857361555e+06
-4.564402090499507263e+06 6.020968753582288045e+05 -4.403788585857361555e+06
-4.564445864143433049e+06 6.017649411326040281e+05 -4.403788585857361555e+06
-4.564489613658805378e+06 6.014330036448837491e+05 -4.403788585857361555e+06
-4.564533339034885168e+06 6.011010629764841869e+05 -4.403788585857361555e+06
-4.564577040260954760e+06 6.007691192088313401e+05 -4.403788585857361555e+06
-4.563248349030518904e+06 6.083606972571338993e+05 -4.404123382366013713e+06
-4.563292578206016682e+06 6.080288468377339887e+05 -4.404123382366013713e+06
-4.563336783237946220e+06 6.076969932824217249e+05 -4.404123382366013713e+06
-4.563380964147291146e+06 6.073651364336613333e+05 -4.404123382366013713e+06
-4.563425120923207141e+06 6.070332763728477294e+05 -4.404123382366013713e+06
-4.563469253554869443e+06 6.067014131813910790e+05 -4.404123382366013713e+06
-4.563513362063231878e+06 6.063695467017472256e+05 -4.404123382366013713e+06
-4.563557446437462233e+06 6.060376770153213292e+05 -4.404123382366013713e+06
-4.563601506666759029e+06 6.057058042035159888e+05 -4.404123382366013713e+06
-4.563645542772036977e+06 6.053739281087862328e+05 -4.404123382366013713e+06
-4.563689554742485285e+06 6.050420488125398988e+05 -4.404123382366013713e+06
-4.563733542567318305e+06 6.047101663961815648e+05 -4.404123382366013713e+06
-4.563777506267416291e+06 6.043782807021600893e+05 -4.404123382366013713e+06
-4.563821445831988007e+06 6.040463918118895963e+05 -4.404123382366013713e+06
-4.563865361250263639e+06 6.037144998067728011e+05 -4.404123382366013713e+06
-4.563909252543089911e+06 6.033826045292624040e+05 -4.404123382366013713e+06
-4.563953119699692354e+06 6.030507060607643798e+05 -4.404123382366013713e+06
-4.563996962709319778e+06 6.027188044826881960e+05 -4.404123382366013713e+06
-4.564040781592785381e+06 6.023868996374816634e+05 -4.404123382366013713e+06
-4.564084576339331456e+06 6.020549916065493599e+05 -4.404123382366013713e+06
-4.564128346938225441e+06 6.017230804713129764e+05 -4.404123382366013713e+06
-4.564172093410243280e+06 6.013911660742078675e+05 -4.404123382366013713e+06
-4.564215815744648688e+06 6.010592484966448974e+05 -4.404123382366013713e+06
-4.564259513930724002e+06 6.007273278200442437e+05 -4.404123382366013713e+06
-4.564303187989213504e+06 6.003954038868384669e+05 -4.404123382366013713e+06
-4.562886618682882749e+06 6.086501957273019943e+05 -4.404458155583476648e+06
-4.562930868912261911e+06 6.083183716129140230e+05 -4.404458155583476648e+06
-4.562975095010591671e+06 6.079865442814336857e+05 -4.404458155583476648e+06
-4.563019296967032366e+06 6.076547138142590411e+05 -4.404458155583476648e+06
-4.563063474802566692e+06 6.073228800538653741e+05 -4.404458155583476648e+06
-4.563107628506351262e+06 6.069910430816420121e+05 -4.404458155583476648e+06
-4.563151758067562245e+06 6.066592029789934168e+05 -4.404458155583476648e+06
-4.563195863507150672e+06 6.063273595883863745e+05 -4.404458155583476648e+06
-4.563239944814287126e+06 6.059955129912204575e+05 -4.404458155583476648e+06
-4.563284001978170127e+06 6.056636632688924437e+05 -4.404458155583476648e+06
-4.563328035019711591e+06 6.053318102638685377e+05 -4.404458155583476648e+06
-4.563372043928103521e+06 6.049999540575506398e+05 -4.404458155583476648e+06
-4.563416028692559339e+06 6.046680947313379729e+05 -4.404458155583476648e+06
-4.563459989333959296e+06 6.043362321276901057e+05 -4.404458155583476648e+06
-4.563503925841511227e+06 6.040043663280155743e+05 -4.404458155583476648e+06
-4.563547838204448111e+06 6.036724974137116224e+05 -4.404458155583476648e+06
-4.563591726443612948e+06 6.033406252272415441e+05 -4.404458155583476648e+06
-4.563635590548234060e+06 6.030087498500059592e+05 -4.404458155583476648e+06
-4.563679430507560261e+06 6.026768713634085143e+05 -4.404458155583476648e+06
-4.563723246342402883e+06 6.023449896099079633e+05 -4.404458155583476648e+06
-4.563767038042005152e+06 6.020131046709034126e+05 -4.404458155583476648e+06
-4.563810805595634505e+06 6.016812166278107325e+05 -4.404458155583476648e+06
-4.563854549024067819e+06 6.013493253230762202e+05 -4.404458155583476648e+06
-4.563898268316566944e+06 6.010174308381051524e+05 -4.404458155583476648e+06
-4.563941963462417014e+06 6.006855332543118857e+05 -4.404458155583476648e+06
-4.563985634482359514e+06 6.003536324141402729e+05 -4.404458155583476648e+06
-4.564029281365674920e+06 6.000217283989978023e+05 -4.404458155583476648e+06
-4.564072904101664200e+06 5.996898212903012754e+05 -4.404458155583476648e+06
-4.521042022534061223e+06 8.646499234594920417e+05 -4.404792905499940738e+06
-4.562569117520282976e+06 6.086078437775585335e+05 -4.404792905499940738e+06
-4.562613364670581184e+06 6.082760427526204148e+05 -4.404792905499940738e+06
-4.562657587691508234e+06 6.079442385108137969e+05 -4.404792905499940738e+06
-4.562701786572226323e+06 6.076124311335311504e+05 -4.404792905499940738e+06
-4.562745961333716288e+06 6.072806204632587032e+05 -4.404792905499940738e+06
-4.562790111965136603e+06 6.069488065813799622e+05 -4.404792905499940738e+06
-4.562834238455663435e+06 6.066169895692936843e+05 -4.404792905499940738e+06
-4.562878340826245025e+06 6.062851692694779485e+05 -4.404792905499940738e+06
-4.562922419066054747e+06 6.059533457633262733e+05 -4.404792905499940738e+06
-4.562966473164289258e+06 6.056215191322300816e+05 -4.404792905499940738e+06
-4.563010503141863272e+06 6.052896892186664045e+05 -4.404792905499940738e+06
-4.563054508987965062e+06 6.049578561040315544e+05 -4.404792905499940738e+06
-4.563098490691811778e+06 6.046260198697190499e+05 -4.404792905499940738e+06
-4.563142448274280876e+06 6.042941803581992863e+05 -4.404792905499940738e+06
-4.563186381724581122e+06 6.039623376508753281e+05 -4.404792905499940738e+06
-4.563230291031945497e+06 6.036304918291385984e+05 -4.404792905499940738e+06
-4.563274176217218861e+06 6.032986427354634507e+05 -4.404792905499940738e+06
-4.563318037269625813e+06 6.029667904512448004e+05 -4.404792905499940738e+06
-4.563361874178418890e+06 6.026349350578807062e+05 -4.404792905499940738e+06
-4.563405686964405701e+06 6.023030763978408650e+05 -4.404792905499940738e+06
-4.563449475616833195e+06 6.019712145525185624e+05 -4.404792905499940738e+06
-4.563493240124967881e+06 6.016393496033240808e+05 -4.404792905499940738e+06
-4.563536980509584770e+06 6.013074813927148934e+05 -4.404792905499940738e+06
-4.563580696759946644e+06 6.009756100020903395e+05 -4.404792905499940738e+06
-4.563624388865339570e+06 6.006437355128593044e+05 -4.404792905499940738e+06
-4.563668056846504100e+06 6.003118577674764674e+05 -4.404792905499940738e+06
-4.563711700692720711e+06 5.999799768473437289e+05 -4.404792905499940738e+06
-4.563755320393292233e+06 5.996480928338720696e+05 -4.404792905499940738e+06
-4.562207324033117853e+06 6.088972632438886212e+05 -4.405127632129706442e+06
-4.562251592220930383e+06 6.085654886081777513e+05 -4.405127632129706442e+06
-4.562295836291912012e+06 6.082337106744447956e+05 -4.405127632129706442e+06
-4.562340056235203519e+06 6.079019295240673237e+05 -4.405127632129706442e+06
-4.562384252039965242e+06 6.075701452384318691e+05 -4.405127632129706442e+06
-4.562428423727178015e+06 6.072383576600359520e+05 -4.405127632129706442e+06
-4.562472571285999380e+06 6.069065668702571420e+05 -4.405127632129706442e+06
-4.562516694705607370e+06 6.065747729504887247e+05 -4.405127632129706442e+06
-4.562560794006950222e+06 6.062429757432196056e+05 -4.405127632129706442e+06
-4.562604869179198518e+06 6.059111753298377153e+05 -4.405127632129706442e+06
-4.562648920211553574e+06 6.055793717917287722e+05 -4.405127632129706442e+06
-4.562692947124925442e+06 6.052475649713807506e+05 -4.405127632129706442e+06
-4.562736949908505194e+06 6.049157549501843750e+05 -4.405127632129706442e+06
-4.562780928551509976e+06 6.045839418095273431e+05 -4.405127632129706442e+06
-4.562824883074815385e+06 6.042521253918912262e+05 -4.405127632129706442e+06
-4.562868813467632048e+06 6.039203057786732679e+05 -4.405127632129706442e+06
-4.562912719719192944e+06 6.035884830512593035e+05 -4.405127632129706442e+06
-4.562956601850340143e+06 6.032566570521346293e+05 -4.405127632129706442e+06
-4.563000459850301966e+06 6.029248278626885731e+05 -4.405127632129706442e+06
-4.563044293708330020e+06 6.025929955643133726e+05 -4.405127632129706442e+06
-4.563088103445230983e+06 6.022611599994897842e+05 -4.405127632129706442e+06
-4.563131889050250873e+06 6.019293212496052729e+05 -4.405127632129706442e+06
-4.563175650512658060e+06 6.015974793960648822e+05 -4.405127632129706442e+06
-4.563219387853227556e+06 6.012656342813365627e+05 -4.405127632129706442e+06
-4.563263101061222143e+06 6.009337859868141823e+05 -4.405127632129706442e+06
-4.563306790125926957e+06 6.006019345939009218e+05 -4.405127632129706442e+06
-4.563350455068081617e+06 6.002700799450625200e+05 -4.405127632129706442e+06
-4.563394095876969397e+06 5.999382221216951730e+05 -4.405127632129706442e+06
-4.563437712541892193e+06 5.996063612052042736e+05 -4.405127632129706442e+06
-4.563481305083556101e+06 5.992744970380468294e+05 -4.405127632129706442e+06
-4.563524873491259292e+06 5.989426297016316094e+05 -4.405127632129706442e+06
-4.561845488444792107e+06 6.091866301660559839e+05 -4.405462335462966934e+06
-4.561889777687540278e+06 6.088548817633809522e+05 -4.405462335462966934e+06
-4.561934042794124223e+06 6.085231302204002859e+05 -4.405462335462966934e+06
-4.561978283785557374e+06 6.081913753796272213e+05 -4.405462335462966934e+06
-4.562022500650977716e+06 6.078596173224333907e+05 -4.405462335462966934e+06
-4.562066693379550241e+06 6.075278561301999725e+05 -4.405462335462966934e+06
-4.562110861992252059e+06 6.071960916454350809e+05 -4.405462335462966934e+06
-4.562155006478241645e+06 6.068643239495109301e+05 -4.405462335462966934e+06
-4.562199126826697960e+06 6.065325531238151016e+05 -4.405462335462966934e+06
-4.562243223058567382e+06 6.062007790108473273e+05 -4.405462335462966934e+06
-4.562287295163022354e+06 6.058690016919898335e+05 -4.405462335462966934e+06
-4.562331343129264191e+06 6.055372212486228673e+05 -4.405462335462966934e+06
-4.562375366978201084e+06 6.052054375232453458e+05 -4.405462335462966934e+06
-4.562419366699025966e+06 6.048736505972420564e+05 -4.405462335462966934e+06
-4.562463342280955985e+06 6.045418605519954581e+05 -4.405462335462966934e+06
-4.562507293744865805e+06 6.042100672299977159e+05 -4.405462335462966934e+06
-4.562551221079966053e+06 6.038782707126407186e+05 -4.405462335462966934e+06
-4.562595124275490642e+06 6.035464710813043639e+05 -4.405462335462966934e+06
-4.562639003352281637e+06 6.032146681784850080e+05 -4.405462335462966934e+06
-4.562682858299565502e+06 6.028828620855663903e+05 -4.405462335462966934e+06
-4.562726689106595702e+06 6.025510528839349281e+05 -4.405462335462966934e+06
-4.562770495794178918e+06 6.022192404160824372e+05 -4.405462335462966934e+06
-4.562814278351560235e+06 6.018874247633909108e+05 -4.405462335462966934e+06
-4.562858036768009886e+06 6.015556060072592227e+05 -4.405462335462966934e+06
-4.562901771064300090e+06 6.012237839901668485e+05 -4.405462335462966934e+06
-4.562945481229694560e+06 6.008919587935016025e+05 -4.405462335462966934e+06
-4.562989167253480293e+06 6.005601304986613104e+05 -4.405462335462966934e+06
-4.563032829156395979e+06 6.002282989481223049e+05 -4.405462335462966934e+06
-4.563076466927723028e+06 5.998964642232754268e+05 -4.405462335462966934e+06
-4.563120080556766130e+06 5.995646264055202482e+05 -4.405462335462966934e+06
-4.563163670064229518e+06 5.992327853373247199e+05 -4.405462335462966934e+06
-4.563207235439412296e+06 5.989009411000921391e+05 -4.405462335462966934e+06
-4.563250776671636850e+06 5.985690937752162572e+05 -4.405462335462966934e+06
-4.563554889619929716e+06 5.962460735662826337e+05 -4.405462335462966934e+06
-4.563598237794251181e+06 5.959142008866564138e+05 -4.405462335462966934e+06
-4.563814616621852852e+06 5.942547904105643975e+05 -4.405462335462966934e+06
-4.563857819985278882e+06 5.939228988483196590e+05 -4.405462335462966934e+06
-4.561483610781204887e+06 6.094759444593247026e+05 -4.405797015489919111e+06
-4.561527921064441092e+06 6.091442223723731004e+05 -4.405797015489919111e+06
-4.561572207224046811e+06 6.088124970639636740e+05 -4.405797015489919111e+06
-4.561616469249168411e+06 6.084807686154672410e+05 -4.405797015489919111e+06
-4.561660707160818391e+06 6.081490368694078643e+05 -4.405797015489919111e+06
-4.561704920948135667e+06 6.078173019071517047e+05 -4.405797015489919111e+06
-4.561749110600283369e+06 6.074855638100742362e+05 -4.405797015489919111e+06
-4.561793276138240471e+06 6.071538224206943996e+05 -4.405797015489919111e+06
-4.561837417551164515e+06 6.068220778203789378e+05 -4.405797015489919111e+06
-4.561881534828236327e+06 6.064903300905096112e+05 -4.405797015489919111e+06
-4.561925627990399487e+06 6.061585790735970950e+05 -4.405797015489919111e+06
-4.561969697026828304e+06 6.058268248510182602e+05 -4.405797015489919111e+06
-4.562013741926724091e+06 6.054950675041473005e+05 -4.405797015489919111e+06
-4.562057762710994110e+06 6.051633068754941924e+05 -4.405797015489919111e+06
-4.562101759368831292e+06 6.048315430464383680e+05 -4.405797015489919111e+06
-4.562145731889453717e+06 6.044997760983561166e+05 -4.405797015489919111e+06
-4.562189680293735117e+06 6.041680058737510117e+05 -4.405797015489919111e+06
-4.562233604570887052e+06 6.038362324540088885e+05 -4.405797015489919111e+06
-4.562277504710144363e+06 6.035044559205044061e+05 -4.405797015489919111e+06
-4.562321380732345395e+06 6.031726761157445144e+05 -4.405797015489919111e+06
-4.562365232626720332e+06 6.028408931211074814e+05 -4.405797015489919111e+06
-4.562409060382521711e+06 6.025091070179741364e+05 -4.405797015489919111e+06
-4.562452864020554349e+06 6.021773176488470053e+05 -4.405797015489919111e+06
-4.562496643530066125e+06 6.018455250951024937e+05 -4.405797015489919111e+06
-4.562540398900326341e+06 6.015137294381340034e+05 -4.405797015489919111e+06
-4.562584130152106285e+06 6.011819305204317207e+05 -4.405797015489919111e+06
-4.562627837274670601e+06 6.008501284233781043e+05 -4.405797015489919111e+06
-4.562671520257306285e+06 6.005183232283648103e+05 -4.405797015489919111e+06
-4.562715179120750166e+06 6.001865147778796963e+05 -4.405797015489919111e+06
-4.562758813854287378e+06 5.998547031533075497e+05 -4.405797015489919111e+06
-4.562802424447219819e+06 5.995228884360424709e+05 -4.405797015489919111e+06
-4.562846010920252651e+06 5.991910704685632372e+05 -4.405797015489919111e+06
-4.562889573262683116e+06 5.988592493322676746e+05 -4.405797015489919111e+06
-4.562933111463838257e+06 5.985274251085437136e+05 -4.405797015489919111e+06
-4.562976625544382259e+06 5.981955976398700150e+05 -4.405797015489919111e+06
-4.563367166302432306e+06 5.952090085113204550e+05 -4.405797015489919111e+06
-4.563410439059745520e+06 5.948771494860623498e+05 -4.405797015489919111e+06
-4.563453687673096545e+06 5.945452873944425955e+05 -4.405797015489919111e+06
-4.563496912163015455e+06 5.942134220789254177e+05 -4.405797015489919111e+06
-4.563540112518890761e+06 5.938815536209120182e+05 -4.405797015489919111e+06
-4.561077335604031570e+06 6.100968985793566098e+05 -4.406131672224863432e+06
-4.561121691045403481e+06 6.097652060359319439e+05 -4.406131672224863432e+06
-4.561166022354657762e+06 6.094335103473700583e+05 -4.406131672224863432e+06
-4.561210329552837647e+06 6.091018113562146900e+05 -4.406131672224863432e+06
-4.561254612629067153e+06 6.087701091438257135e+05 -4.406131672224863432e+06
-4.561298871572492644e+06 6.084384037915682420e+05 -4.406131672224863432e+06
-4.561343106404124759e+06 6.081066951419776306e+05 -4.406131672224863432e+06
-4.561387317113104276e+06 6.077749832764139865e+05 -4.406131672224863432e+06
-4.561431503688595258e+06 6.074432682762473123e+05 -4.406131672224863432e+06
-4.561475666151573882e+06 6.071115499840076081e+05 -4.406131672224863432e+06
-4.561519804491198622e+06 6.067798284810557961e+05 -4.406131672224863432e+06
-4.561563918696652167e+06 6.064481038487679325e+05 -4.406131672224863432e+06
-4.561608008788876235e+06 6.061163759296657518e+05 -4.406131672224863432e+06
-4.561652074757046066e+06 6.057846448051205371e+05 -4.406131672224863432e+06
-4.561696116590362042e+06 6.054529105565006612e+05 -4.406131672224863432e+06
-4.561740134309731424e+06 6.051211730263271602e+05 -4.406131672224863432e+06
-4.561784127904349007e+06 6.047894322959736455e+05 -4.406131672224863432e+06
-4.561828097363431938e+06 6.044576884468110511e+05 -4.406131672224863432e+06
-4.561872042707852088e+06 6.041259413213536609e+05 -4.406131672224863432e+06
-4.561915963926822878e+06 6.037941910009817220e+05 -4.406131672224863432e+06
-4.561959861009580083e+06 6.034624375670640729e+05 -4.406131672224863432e+06
-4.562003733976960182e+06 6.031306808621189557e+05 -4.406131672224863432e+06
-4.562047582818193361e+06 6.027989209675187012e+05 -4.406131672224863432e+06
-4.562091407522534020e+06 6.024671579646385508e+05 -4.406131672224863432e+06
-4.562135208110786043e+06 6.021353916959919734e+05 -4.406131672224863432e+06
-4.562178984572195448e+06 6.018036222429499030e+05 -4.406131672224863432e+06
-4.562222736896035261e+06 6.014718496868998045e+05 -4.406131672224863432e+06
-4.562266465103073046e+06 6.011400738703429233e+05 -4.406131672224863432e+06
-4.562310169182575308e+06 6.008082948746560141e+05 -4.406131672224863432e+06
-4.562353849123829976e+06 6.004765127812252613e+05 -4.406131672224863432e+06
-4.562397504947572947e+06 6.001447274325492326e+05 -4.406131672224863432e+06
-4.562441136643087491e+06 5.998129389100071276e+05 -4.406131672224863432e+06
-4.562484744199679233e+06 5.994811472949875752e+05 -4.406131672224863432e+06
-4.562528327638049610e+06 5.991493524299800629e+05 -4.406131672224863432e+06
-4.562571886947499588e+06 5.988175543963768287e+05 -4.406131672224863432e+06
-4.562615422117353417e+06 5.984857532755602151e+05 -4.406131672224863432e+06
-4.562658933168276213e+06 5.981539489100198261e+05 -4.406131672224863432e+06
-4.562962834861954674e+06 5.958312300353870960e+05 -4.406131672224863432e+06
-4.563006152859173715e+06 5.954994004919350846e+05 -4.406131672224863432e+06
-4.563049446735342965e+06 5.951675677195497556e+05 -4.406131672224863432e+06
-4.563092716479836032e+06 5.948357317996220663e+05 -4.406131672224863432e+06
-4.563135962082048878e+06 5.945038928135460010e+05 -4.406131672224863432e+06
-4.563179183562508784e+06 5.941720506037971936e+05 -4.406131672224863432e+06
-4.563222380910606124e+06 5.938402052517709089e+05 -4.406131672224863432e+06
-4.563438005636989139e+06 5.921809315782013582e+05 -4.406131672224863432e+06
-4.566764782230983488e+06 5.659541596204763046e+05 -4.406131672224863432e+06
-4.560759729231394827e+06 6.100544150499933166e+05 -4.406466305657991208e+06
-4.560804081584116444e+06 6.097227456036700169e+05 -4.406466305657991208e+06
-4.560848409806400537e+06 6.093910730124285910e+05 -4.406466305657991208e+06
-4.560892713919290341e+06 6.090593971188234864e+05 -4.406466305657991208e+06
-4.560936993911908939e+06 6.087277180042091059e+05 -4.406466305657991208e+06
-4.560981249773404561e+06 6.083960357499450911e+05 -4.406466305657991208e+06
-4.561025481524785049e+06 6.080643501985772746e+05 -4.406466305657991208e+06
-4.561069689155193046e+06 6.077326614314605249e+05 -4.406466305657991208e+06
-4.561113872653793544e+06 6.074009695299590239e+05 -4.406466305657991208e+06
-4.561158032041558996e+06 6.070692743366135983e+05 -4.406466305657991208e+06
-4.561202167307652533e+06 6.067375759327796986e+05 -4.406466305657991208e+06
-4.561246278441254050e+06 6.064058743998276768e+05 -4.406466305657991208e+06
-4.561290365463306196e+06 6.060741695802903268e+05 -4.406466305657991208e+06
-4.561334428362982348e+06 6.057424615555328783e+05 -4.406466305657991208e+06
-4.561378467129486613e+06 6.054107504069185816e+05 -4.406466305657991208e+06
-4.561422481783723459e+06 6.050790359769790666e+05 -4.406466305657991208e+06
-4.561466472314887680e+06 6.047473183470823569e+05 -4.406466305657991208e+06
-4.561510438712198287e+06 6.044155975985936821e+05 -4.406466305657991208e+06
-4.561554380996526219e+06 6.040838735740383854e+05 -4.406466305657991208e+06
-4.561598299157083035e+06 6.037521463547911262e+05 -4.406466305657991208e+06
-4.561642193183107302e+06 6.034204160222149221e+05 -4.406466305657991208e+06
-4.561686063095434569e+06 6.030886824188389583e+05 -4.406466305657991208e+06
-4.561729908883295022e+06 6.027569456260300940e+05 -4.406466305657991208e+06
-4.561773730535943061e+06 6.024252057251576334e+05 -4.406466305657991208e+06
-4.561817528074181639e+06 6.020934625587462215e+05 -4.406466305657991208e+06
-4.561861301487258635e+06 6.017617162081609713e+05 -4.406466305657991208e+06
-4.561905050764445215e+06 6.014299667547838762e+05 -4.406466305657991208e+06
-4.561948775926509872e+06 6.010982140411270084e+05 -4.406466305657991208e+06
-4.561992476962719113e+06 6.007664581485614181e+05 -4.406466305657991208e+06
-4.562036153862362728e+06 6.004346991584678181e+05 -4.406466305657991208e+06
-4.562079806646172889e+06 6.001029369133556029e+05 -4.406466305657991208e+06
-4.562123435303434730e+06 5.997711714945982676e+05 -4.406466305657991208e+06
-4.562167039823454805e+06 5.994394029835787369e+05 -4.406466305657991208e+06
-4.562210620226933621e+06 5.991076312227977905e+05 -4.406466305657991208e+06
-4.562254176503171213e+06 5.987758562936416129e+05 -4.406466305657991208e+06
-4.562297708641493693e+06 5.984440782774870750e+05 -4.406466305657991208e+06
-4.562341216662566178e+06 5.981122970168346073e+05 -4.406466305657991208e+06
-4.562471595946853049e+06 5.971169343428364955e+05 -4.406466305657991208e+06
-4.562515007454827428e+06 5.967851404402507469e+05 -4.406466305657991208e+06
-4.562558394823541865e+06 5.964533434611990815e+05 -4.406466305657991208e+06
-4.562601758073591627e+06 5.961215432481770404e+05 -4.406466305657991208e+06
-4.562688412175142206e+06 5.954579334457567893e+05 -4.406466305657991208e+06
-4.562774969768028706e+06 5.947943109673950821e+05 -4.406466305657991208e+06
-4.562818212358873338e+06 5.944624950886178995e+05 -4.406466305657991208e+06
-4.562861430829646066e+06 5.941306759863923071e+05 -4.406466305657991208e+06
-4.562904625169736333e+06 5.937988537421080982e+05 -4.406466305657991208e+06
-4.562990941446603276e+06 5.931351999140252592e+05 -4.406466305657991208e+06
-4.563034063393282704e+06 5.928033682540947339e+05 -4.406466305657991208e+06
-4.563077161198025569e+06 5.924715335387667874e+05 -4.406466305657991208e+06
-4.563120234881292097e+06 5.921396956105155405e+05 -4.406466305657991208e+06
-4.563163284432508051e+06 5.918078545507305535e+05 -4.406466305657991208e+06
-4.563206309841121547e+06 5.914760104408175685e+05 -4.406466305657991208e+06
-4.563249311127558351e+06 5.911441631232412765e+05 -4.406466305657991208e+06
-4.518587208677450195e+06 8.672464045825792709e+05 -4.406800915779508650e+06
-4.560397725365088321e+06 6.103435714168001432e+05 -4.406800915779508650e+06
-4.560442098746812902e+06 6.100119282953784568e+05 -4.406800915779508650e+06
-4.560486448010650463e+06 6.096802819479099708e+05 -4.406800915779508650e+06
-4.560530773145730607e+06 6.093486324557424523e+05 -4.406800915779508650e+06
-4.560575074173095636e+06 6.090169796614411753e+05 -4.406800915779508650e+06
-4.560619351081869565e+06 6.086853236463549547e+05 -4.406800915779508650e+06
-4.560663603861200623e+06 6.083536644918377278e+05 -4.406800915779508650e+06
-4.560707832532096654e+06 6.080220020404465031e+05 -4.406800915779508650e+06
-4.560752037083699368e+06 6.076903363735300954e+05 -4.406800915779508650e+06
-4.560796217505174689e+06 6.073586675724472152e+05 -4.406800915779508650e+06
-4.560840373817495070e+06 6.070269954797498649e+05 -4.406800915779508650e+06
-4.560884506009823643e+06 6.066953201767875580e+05 -4.406800915779508650e+06
-4.560928614071340300e+06 6.063636417449250584e+05 -4.406800915779508650e+06
-4.560972698022985831e+06 6.060319600267059868e+05 -4.406800915779508650e+06
-4.561016757853937335e+06 6.057002751034902176e+05 -4.406800915779508650e+06
-4.561060793553396128e+06 6.053685870566349477e+05 -4.406800915779508650e+06
-4.561104805142267607e+06 6.050368957286832156e+05 -4.406800915779508650e+06
-4.561148792609746568e+06 6.047052012009971077e+05 -4.406800915779508650e+06
-4.561192755945052020e+06 6.043735035549361492e+05 -4.406800915779508650e+06
-4.561236695169053972e+06 6.040418026330367429e+05 -4.406800915779508650e+06
-4.561280610270965844e+06 6.037100985166678438e+05 -4.406800915779508650e+06
-4.561324501240026206e+06 6.033783912871868815e+05 -4.406800915779508650e+06
-4.561368368097067811e+06 6.030466807871339843e+05 -4.406800915779508650e+06
-4.561412210831322707e+06 6.027149670978701906e+05 -4.406800915779508650e+06
-4.561456029432047158e+06 6.023832503007593332e+05 -4.406800915779508650e+06
-4.561499823920040391e+06 6.020515302383368835e+05 -4.406800915779508650e+06
-4.561543594284553081e+06 6.017198069919624832e+05 -4.406800915779508650e+06
-4.561587340514856391e+06 6.013880806430121884e+05 -4.406800915779508650e+06
-4.561631062631716952e+06 6.010563510340092471e+05 -4.406800915779508650e+06
-4.561674760624402203e+06 6.007246182463191217e+05 -4.406800915779508650e+06
-4.561718434482202865e+06 6.003928823613164714e+05 -4.406800915779508650e+06
-4.561762084225849248e+06 6.000611432215219829e+05 -4.406800915779508650e+06
-4.561805709844628349e+06 5.997294009083034471e+05 -4.406800915779508650e+06
-4.561849311327845789e+06 5.993976555030380841e+05 -4.406800915779508650e+06
-4.561892888696202077e+06 5.990659068482375005e+05 -4.406800915779508650e+06
-4.561936441938998178e+06 5.987341550252824090e+05 -4.406800915779508650e+06
-4.561979971045559272e+06 5.984024001155439764e+05 -4.406800915779508650e+06
-4.562023476036549546e+06 5.980706419615335763e+05 -4.406800915779508650e+06
-4.562066956901289523e+06 5.977388806446301751e+05 -4.406800915779508650e+06
-4.562110413629121147e+06 5.974071162462091306e+05 -4.406800915779508650e+06
-4.562153846240676008e+06 5.970753486087773927e+05 -4.406800915779508650e+06
-4.562197254725289531e+06 5.967435778137141606e+05 -4.406800915779508650e+06
-4.562240639072325081e+06 5.964118039423993323e+05 -4.406800915779508650e+06
-4.562283999302376062e+06 5.960800268373392755e+05 -4.406800915779508650e+06
-4.562327335404798388e+06 5.957482465799113270e+05 -4.406800915779508650e+06
-4.562370647368971258e+06 5.954164632514959667e+05 -4.406800915779508650e+06
-4.562413935215454549e+06 5.950846766945970012e+05 -4.406800915779508650e+06
-4.562457198933622800e+06 5.947528869905940956e+05 -4.406800915779508650e+06
-4.562500438512871973e+06 5.944210942208698252e+05 -4.406800915779508650e+06
-4.562543653973728418e+06 5.940892982279218268e+05 -4.406800915779508650e+06
-4.562586845305582508e+06 5.937574990931338398e+05 -4.406800915779508650e+06
-4.562630012497849762e+06 5.934256968978949590e+05 -4.406800915779508650e+06
-4.562673155571022071e+06 5.930938914846940897e+05 -4.406800915779508650e+06
-4.562716274514507502e+06 5.927620829349156702e+05 -4.406800915779508650e+06
-4.562759369317738339e+06 5.924302713299526367e+05 -4.406800915779508650e+06
-4.562802440001172014e+06 5.920984565122899367e+05 -4.406800915779508650e+06
-4.562845486554236151e+06 5.917666385633117752e+05 -4.406800915779508650e+06
-4.562888508966379799e+06 5.914348175644179573e+05 -4.406800915779508650e+06
-4.562931507258024998e+06 5.911029933580842335e+05 -4.406800915779508650e+06
-4.560080073845800944e+06 6.103010583347351057e+05 -4.407135502603701316e+06
-4.560124444136726670e+06 6.099694383136980468e+05 -4.407135502603701316e+06
-4.560168790311445482e+06 6.096378150668388698e+05 -4.407135502603701316e+06
-4.560213112359087914e+06 6.093061886754996376e+05 -4.407135502603701316e+06
-4.560257410300693475e+06 6.089745589822567999e+05 -4.407135502603701316e+06
-4.560301684125388041e+06 6.086429260684532346e+05 -4.407135502603701316e+06
-4.560345933822320774e+06 6.083112900154374074e+05 -4.407135502603701316e+06
-4.560390159412497655e+06 6.079796506657771533e+05 -4.407135502603701316e+06
-4.560434360885061324e+06 6.076480081008158159e+05 -4.407135502603701316e+06
-4.560478538229178637e+06 6.073163624019061681e+05 -4.407135502603701316e+06
-4.560522691465820186e+06 6.069847134116113884e+05 -4.407135502603701316e+06
-4.560566820584149100e+06 6.066530612112751696e+05 -4.407135502603701316e+06
-4.560610925573347136e+06 6.063214058822568040e+05 -4.407135502603701316e+06
-4.560655006454354152e+06 6.059897472671108553e+05 -4.407135502603701316e+06
-4.560699063216347247e+06 6.056580854471913772e+05 -4.407135502603701316e+06
-4.560743095848528668e+06 6.053264205038499786e+05 -4.407135502603701316e+06
-4.560787104371801019e+06 6.049947522796405246e+05 -4.407135502603701316e+06
-4.560831088775361888e+06 6.046630808559197467e+05 -4.407135502603701316e+06
-4.560875049048430286e+06 6.043314063140412327e+05 -4.407135502603701316e+06
-4.560918985211874358e+06 6.039997284965525614e+05 -4.407135502603701316e+06
-4.560962897254908457e+06 6.036680474848167505e+05 -4.407135502603701316e+06
-4.561006785166772082e+06 6.033363633601857582e+05 -4.407135502603701316e+06
-4.561050648968296126e+06 6.030046759652106557e+05 -4.407135502603701316e+06
-4.561094488648714498e+06 6.026729853812468937e+05 -4.407135502603701316e+06
-4.561138304197282530e+06 6.023412916896524839e+05 -4.407135502603701316e+06
-4.561182095634799451e+06 6.020095947329739574e+05 -4.407135502603701316e+06
-4.561225862950515933e+06 6.016778945925651351e+05 -4.407135502603701316e+06
-4.561269606133704074e+06 6.013461913497967180e+05 -4.407135502603701316e+06
-4.561313325205129571e+06 6.010144848472025478e+05 -4.407135502603701316e+06
-4.561357020154059865e+06 6.006827751661426155e+05 -4.407135502603701316e+06
-4.561400690969785675e+06 6.003510623879859922e+05 -4.407135502603701316e+06
-4.561444337673038244e+06 6.000193463552641915e+05 -4.407135502603701316e+06
-4.561487960253103636e+06 5.996876271493394161e+05 -4.407135502603701316e+06
-4.561531558699288405e+06 5.993559048515831819e+05 -4.407135502603701316e+06
-4.561575133032292128e+06 5.990241793045180384e+05 -4.407135502603701316e+06
-4.561618683241414838e+06 5.986924505895191105e+05 -4.407135502603701316e+06
-4.561662209315984510e+06 5.983607187879517442e+05 -4.407135502603701316e+06
-4.561705711276663467e+06 5.980289837423384888e+05 -4.407135502603701316e+06
-4.561749189112771302e+06 5.976972455340524903e+05 -4.407135502603701316e+06
-4.561792642813653685e+06 5.973655042444635183e+05 -4.407135502603701316e+06
-4.561836072399938479e+06 5.970337597160894657e+05 -4.407135502603701316e+06
-4.561879477860962972e+06 5.967020120303038275e+05 -4.407135502603701316e+06
-4.561922859186089598e+06 5.963702612684809137e+05 -4.407135502603701316e+06
-4.561966216395912692e+06 5.960385072731380351e+05 -4.407135502603701316e+06
-4.562009549479786307e+06 5.957067501256468240e+05 -4.407135502603701316e+06
-4.562052858427093364e+06 5.953749899073820561e+05 -4.407135502603701316e+06
-4.562096143258390017e+06 5.950432264608585974e+05 -4.407135502603701316e+06
-4.562139403963051736e+06 5.947114598674504086e+05 -4.407135502603701316e+06
-4.562182640530476347e+06 5.943796902085343609e+05 -4.407135502603701316e+06
-4.562225852981188335e+06 5.940479173266191501e+05 -4.407135502603701316e+06
-4.562269041304579005e+06 5.937161413030828116e+05 -4.407135502603701316e+06
-4.562312205490062945e+06 5.933843622193086194e+05 -4.407135502603701316e+06
-4.562355345558132976e+06 5.930525799177967710e+05 -4.407135502603701316e+06
-4.562398461498196237e+06 5.927207944799257675e+05 -4.407135502603701316e+06
-4.562441553299686871e+06 5.923890059870829573e+05 -4.407135502603701316e+06
-4.562484620983060449e+06 5.920572142817642307e+05 -4.407135502603701316e+06
-4.562527664537744597e+06 5.917254194453480886e+05 -4.407135502603701316e+06
-4.562570683953190222e+06 5.913936215592287481e+05 -4.407135502603701316e+06
-4.562613679249818437e+06 5.910618204658930190e+05 -4.407135502603701316e+06
-4.562656650417074561e+06 5.907300162467303453e+05 -4.407135502603701316e+06
-4.562699597444427200e+06 5.903982089831267949e+05 -4.407135502603701316e+06
-4.562742520352263935e+06 5.900663985175689450e+05 -4.407135502603701316e+06
-4.562785419130046852e+06 5.897345849314482184e+05 -4.407135502603701316e+06
-4.517768421338357031e+06 8.681112298590128776e+05 -4.407470066120767966e+06
-4.559673591478779912e+06 6.109217260995076504e+05 -4.407470066120767966e+06
-4.559718006907017902e+06 6.105901356370635331e+05 -4.407470066120767966e+06
-4.559762398210546933e+06 6.102585420250952011e+05 -4.407470066120767966e+06
-4.559806765410440043e+06 6.099269451061964501e+05 -4.407470066120767966e+06
-4.559851108495805413e+06 6.095953449617003789e+05 -4.407470066120767966e+06
-4.559895427455774508e+06 6.092637416729433462e+05 -4.407470066120767966e+06
-4.559939722311386839e+06 6.089321350825126283e+05 -4.407470066120767966e+06
-4.559983993051768281e+06 6.086005252717456315e+05 -4.407470066120767966e+06
-4.560028239666068926e+06 6.082689123219850007e+05 -4.407470066120767966e+06
-4.560072462175291963e+06 6.079372960758096306e+05 -4.407470066120767966e+06
-4.560116660568582825e+06 6.076056766145571601e+05 -4.407470066120767966e+06
-4.560160834835107438e+06 6.072740540195747744e+05 -4.407470066120767966e+06
-4.560204984995837323e+06 6.069424281334364787e+05 -4.407470066120767966e+06
-4.560249111039933749e+06 6.066107990374804940e+05 -4.407470066120767966e+06
-4.560293212956581265e+06 6.062791668130601756e+05 -4.407470066120767966e+06
-4.560337290766716003e+06 6.059475313027411466e+05 -4.407470066120767966e+06
-4.560381344459516928e+06 6.056158925878719892e+05 -4.407470066120767966e+06
-4.560425374024187215e+06 6.052842507497984916e+05 -4.407470066120767966e+06
-4.560469379481629469e+06 6.049526056310854619e+05 -4.407470066120767966e+06
-4.560513360821038485e+06 6.046209573130839271e+05 -4.407470066120767966e+06
-4.560557318031636998e+06 6.042893058771420037e+05 -4.407470066120767966e+06
-4.560601251134291291e+06 6.039576511658179807e+05 -4.407470066120767966e+06
-4.560645160118215717e+06 6.036259932604695205e+05 -4.407470066120767966e+06
-4.560689044972649775e+06 6.032943322424426442e+05 -4.407470066120767966e+06
-4.560732905718425289e+06 6.029626679542994825e+05 -4.407470066120767966e+06
-4.560776742344774306e+06 6.026310004773896653e+05 -4.407470066120767966e+06
-4.560820554840954952e+06 6.022993298930658493e+05 -4.407470066120767966e+06
-4.560864343227764592e+06 6.019676560438855086e+05 -4.407470066120767966e+06
-4.560908107494452968e+06 6.016359790111965267e+05 -4.407470066120767966e+06
-4.560951847630294971e+06 6.013042988763640169e+05 -4.407470066120767966e+06
-4.560995563656053506e+06 6.009726154819328804e+05 -4.407470066120767966e+06
-4.561039255560997874e+06 6.006409289092574036e+05 -4.407470066120767966e+06
-4.561082923334418796e+06 6.003092392397010699e+05 -4.407470066120767966e+06
-4.561126566997045651e+06 5.999775463158062194e+05 -4.407470066120767966e+06
-4.561170186538166367e+06 5.996458502189294668e+05 -4.407470066120767966e+06
-4.561213781947088428e+06 5.993141510304366238e+05 -4.407470066120767966e+06
-4.561257353244507685e+06 5.989824485928612994e+05 -4.407470066120767966e+06
-4.561300900419727899e+06 5.986507429875729140e+05 -4.407470066120767966e+06
-4.561344423462076113e+06 5.983190342959311092e+05 -4.407470066120767966e+06
-4.561387922392213717e+06 5.979873223604692612e+05 -4.407470066120767966e+06
-4.561431397199460305e+06 5.976556072625551606e+05 -4.407470066120767966e+06
-4.561474847873163410e+06 5.973238890835526399e+05 -4.407470066120767966e+06
-4.561518274433947168e+06 5.969921676659907680e+05 -4.407470066120767966e+06
-4.561561676871152595e+06 5.966604430912371026e+05 -4.407470066120767966e+06
-4.561605055174142122e+06 5.963287154406605987e+05 -4.407470066120767966e+06
-4.561648409363506362e+06 5.959969845567892771e+05 -4.407470066120767966e+06
-4.561691739428604022e+06 5.956652505209892988e+05 -4.407470066120767966e+06
-4.561735045358815230e+06 5.953335134146297351e+05 -4.407470066120767966e+06
-4.561778327174696140e+06 5.950017730802362785e+05 -4.407470066120767966e+06
-4.561821584865623154e+06 5.946700295991773019e+05 -4.407470066120767966e+06
-4.561864818420995027e+06 5.943382830528240884e+05 -4.407470066120767966e+06
-4.561908027861333452e+06 5.940065332836961607e+05 -4.407470066120767966e+06
-4.561951213176031597e+06 5.936747803731660824e+05 -4.407470066120767966e+06
-4.561994374354505911e+06 5.933430244026113069e+05 -4.407470066120767966e+06
-4.562037511417243630e+06 5.930112652145429747e+05 -4.407470066120767966e+06
-4.562080624353658408e+06 5.926795028903339989e+05 -4.407470066120767966e+06
-4.562123713153179735e+06 5.923477375113661401e+05 -4.407470066120767966e+06
-4.562166777836265974e+06 5.920159689201459987e+05 -4.407470066120767966e+06
-4.562209818392342888e+06 5.916841971980467206e+05 -4.407470066120767966e+06
-4.562252834810863249e+06 5.913524224264567019e+05 -4.407470066120767966e+06
-4.562295827112246305e+06 5.910206444478735793e+05 -4.407470066120767966e+06
-4.562338795285938308e+06 5.906888633436813252e+05 -4.407470066120767966e+06
-4.562381739321407862e+06 5.903570791952603031e+05 -4.407470066120767966e+06
-4.562424659239041619e+06 5.900252918451080332e+05 -4.407470066120767966e+06
-4.562467555028303526e+06 5.896935013746102341e+05 -4.407470066120767966e+06
-4.562510426678679883e+06 5.893617078651500633e+05 -4.407470066120767966e+06
-4.559311461478679441e+06 6.112107244848038536e+05 -4.407804606320919469e+06
-4.559355897924432531e+06 6.108791603564344114e+05 -4.407804606320919469e+06
-4.559400310258042067e+06 6.105475929974318715e+05 -4.407804606320919469e+06
-4.559444698468623683e+06 6.102160224891246762e+05 -4.407804606320919469e+06
-4.559489062577248551e+06 6.098844486741173314e+05 -4.407804606320919469e+06
-4.559533402573025785e+06 6.095528716337374644e+05 -4.407804606320919469e+06
-4.559577718445087783e+06 6.092212914493157296e+05 -4.407804606320919469e+06
-4.559622010214473121e+06 6.088897079634503461e+05 -4.407804606320919469e+06
-4.559666277870306745e+06 6.085581212574731326e+05 -4.407804606320919469e+06
-4.559710521401741542e+06 6.082265314127209131e+05 -4.407804606320919469e+06
-4.559754740829777904e+06 6.078949382717835251e+05 -4.407804606320919469e+06
-4.559798936143562198e+06 6.075633419159932528e+05 -4.407804606320919469e+06
-4.559843107332261279e+06 6.072317424266912276e+05 -4.407804606320919469e+06
-4.559887254416844808e+06 6.069001396464627469e+05 -4.407804606320919469e+06
-4.559931377386475913e+06 6.065685336566400947e+05 -4.407804606320919469e+06
-4.559975476230338216e+06 6.062369245385711547e+05 -4.407804606320919469e+06
-4.560019550969368778e+06 6.059053121348324930e+05 -4.407804606320919469e+06
-4.560063601592744701e+06 6.055736965267668711e+05 -4.407804606320919469e+06
-4.560107628089671955e+06 6.052420777957144892e+05 -4.407804606320919469e+06
-4.560151630481050350e+06 6.049104557842512149e+05 -4.407804606320919469e+06
-4.560195608756075613e+06 6.045788305737223709e+05 -4.407804606320919469e+06
-4.560239562903972343e+06 6.042472022454703692e+05 -4.407804606320919469e+06
-4.560283492945604026e+06 6.039155706420645583e+05 -4.407804606320919469e+06
-4.560327398870185949e+06 6.035839358448567800e+05 -4.407804606320919469e+06
-4.560371280666959472e+06 6.032522979351873510e+05 -4.407804606320919469e+06
-4.560415138356753625e+06 6.029206567556295777e+05 -4.407804606320919469e+06
-4.560458971928802319e+06 6.025890123875275021e+05 -4.407804606320919469e+06
-4.560502781372363679e+06 6.022573649122277275e+05 -4.407804606320919469e+06
-4.560546566708233207e+06 6.019257141722987872e+05 -4.407804606320919469e+06
-4.560590327925663441e+06 6.015940602490832098e+05 -4.407804606320919469e+06
-4.560634065013927408e+06 6.012624032239401713e+05 -4.407804606320919469e+06
-4.560677777993788011e+06 6.009307429394257488e+05 -4.407804606320919469e+06
-4.560721466854515485e+06 6.005990794768884080e+05 -4.407804606320919469e+06
-4.560765131585400552e+06 6.002674129176858114e+05 -4.407804606320919469e+06
-4.560808772207172588e+06 5.999357431043715915e+05 -4.407804606320919469e+06
-4.560852388709117658e+06 5.996040701182965422e+05 -4.407804606320919469e+06
-4.560895981080545112e+06 5.992723940408207709e+05 -4.407804606320919469e+06
-4.560939549342150800e+06 5.989407147144888295e+05 -4.407804606320919469e+06
-4.560983093483237550e+06 5.986090322206645506e+05 -4.407804606320919469e+06
-4.561026613493134268e+06 5.982773466407018714e+05 -4.407804606320919469e+06
-4.561070109392499551e+06 5.979456578171453439e+05 -4.407804606320919469e+06
-4.561113581170655787e+06 5.976139658313567052e+05 -4.407804606320919469e+06
-4.561157028816948645e+06 5.972822707646944327e+05 -4.407804606320919469e+06
-4.561200452352004126e+06 5.969505724596984219e+05 -4.407804606320919469e+06
-4.561243851765161380e+06 5.966188709977306426e+05 -4.407804606320919469e+06
-4.561287227045782842e+06 5.962871664601542288e+05 -4.407804606320919469e+06
-4.561330578214460984e+06 5.959554586895083776e+05 -4.407804606320919469e+06
-4.561373905260551721e+06 5.956237477671534289e+05 -4.407804606320919469e+06
-4.561417208173438907e+06 5.952920337744527496e+05 -4.407804606320919469e+06
-4.561460486973674968e+06 5.949603165539432084e+05 -4.407804606320919469e+06
-4.561503741650639102e+06 5.946285961869873572e+05 -4.407804606320919469e+06
-4.561546972193729132e+06 5.942968727549508912e+05 -4.407804606320919469e+06
-4.561590178623465821e+06 5.939651461003641598e+05 -4.407804606320919469e+06
-4.561633360929243267e+06 5.936334163045942551e+05 -4.407804606320919469e+06
-4.561676519100477919e+06 5.933016834490128094e+05 -4.407804606320919469e+06
-4.561719653157657944e+06 5.929699473761420231e+05 -4.407804606320919469e+06
-4.561762763090194203e+06 5.926382081673489884e+05 -4.407804606320919469e+06
-4.561805848887519911e+06 5.923064659040099941e+05 -4.407804606320919469e+06
-4.561848910570089705e+06 5.919747204286425840e+05 -4.407804606320919469e+06
-4.561891948127333075e+06 5.916429718226140831e+05 -4.407804606320919469e+06
-4.561934961548699997e+06 5.913112201673072996e+05 -4.407804606320919469e+06
-4.561977950854610652e+06 5.909794653052309295e+05 -4.407804606320919469e+06
-4.562020916034511290e+06 5.906477073177632410e+05 -4.407804606320919469e+06
-4.562063857077871449e+06 5.903159462862787768e+05 -4.407804606320919469e+06
-4.562106774005075917e+06 5.899841820532862330e+05 -4.407804606320919469e+06
-4.562149666805589572e+06 5.896524147001655074e+05 -4.407804606320919469e+06
-4.562192535468899645e+06 5.893206443082941696e+05 -4.407804606320919469e+06
-4.517075715803715400e+06 8.683187479533983860e+05 -4.408139123218435794e+06
-4.558904807882923633e+06 6.118312046741036465e+05 -4.408139123218435794e+06
-4.558949289452348836e+06 6.114996701167778810e+05 -4.408139123218435794e+06
-4.558993746901113540e+06 6.111681324051063275e+05 -4.408139123218435794e+06
-4.559038180250323378e+06 6.108365913817074616e+05 -4.408139123218435794e+06
-4.559082589489069767e+06 6.105050471279005287e+05 -4.408139123218435794e+06
-4.559126974606469274e+06 6.101734997250083834e+05 -4.408139123218435794e+06
-4.559171335623591207e+06 6.098419490156467073e+05 -4.408139123218435794e+06
-4.559215672529545613e+06 6.095103950811370742e+05 -4.408139123218435794e+06
-4.559259985313466750e+06 6.091788380028047832e+05 -4.408139123218435794e+06
-4.559304273996389471e+06 6.088472776232588803e+05 -4.408139123218435794e+06
-4.559348538567442447e+06 6.085157140238254797e+05 -4.408139123218435794e+06
-4.559392779015775770e+06 6.081841472858358175e+05 -4.408139123218435794e+06
-4.559436995362391695e+06 6.078525772518907906e+05 -4.408139123218435794e+06
-4.559481187596435659e+06 6.075210040033167461e+05 -4.408139123218435794e+06
-4.559525355707076378e+06 6.071894276214494603e+05 -4.408139123218435794e+06
-4.559569499715279788e+06 6.068578479488848243e+05 -4.408139123218435794e+06
-4.559613619610211812e+06 6.065262650669497671e+05 -4.408139123218435794e+06
-4.559657715381057002e+06 6.061946790569864679e+05 -4.408139123218435794e+06
-4.559701787048748694e+06 6.058630897615824360e+05 -4.408139123218435794e+06
-4.559745834602466784e+06 6.055314972620747285e+05 -4.408139123218435794e+06
-4.559789858031418175e+06 6.051999016397978412e+05 -4.408139123218435794e+06
-4.559833857356499881e+06 6.048683027373387013e+05 -4.408139123218435794e+06
-4.559877832566909492e+06 6.045367006360369269e+05 -4.408139123218435794e+06
-4.559921783651870675e+06 6.042050954172292259e+05 -4.408139123218435794e+06
-4.559965710632247850e+06 6.038734869234958896e+05 -4.408139123218435794e+06
-4.560009613497255370e+06 6.035418752361831721e+05 -4.408139123218435794e+06
-4.560053492236136459e+06 6.032102604366258020e+05 -4.408139123218435794e+06
-4.560097346869717352e+06 6.028786423674077960e+05 -4.408139123218435794e+06
-4.560141177387233824e+06 6.025470211098677246e+05 -4.408139123218435794e+06
-4.560184983777943999e+06 6.022153967453464866e+05 -4.408139123218435794e+06
-4.560228766062642448e+06 6.018837691164236749e+05 -4.408139123218435794e+06
-4.560272524230581708e+06 6.015521383044358809e+05 -4.408139123218435794e+06
-4.560316258271036670e+06 6.012205043907369254e+05 -4.408139123218435794e+06
-4.560359968204768375e+06 6.008888672178935958e+05 -4.408139123218435794e+06
-4.560403654021047987e+06 6.005572268672488863e+05 -4.408139123218435794e+06
-4.560447315709166229e+06 6.002255834201547550e+05 -4.408139123218435794e+06
-4.560490953289850615e+06 5.998939367191756610e+05 -4.408139123218435794e+06
-4.560534566752390005e+06 5.995622868456568103e+05 -4.408139123218435794e+06
-4.560578156086093746e+06 5.992306338809527224e+05 -4.408139123218435794e+06
-4.560621721311654896e+06 5.988989776676188922e+05 -4.408139123218435794e+06
-4.560665262418378145e+06 5.985673182870134478e+05 -4.408139123218435794e+06
-4.560708779395593330e+06 5.982356558204846224e+05 -4.408139123218435794e+06
-4.560752272263956256e+06 5.979039901105880272e+05 -4.408139123218435794e+06
-4.560795741012791172e+06 5.975723212386795785e+05 -4.408139123218435794e+06
-4.560839185631445609e+06 5.972406492861122824e+05 -4.408139123218435794e+06
-4.560882606140540913e+06 5.969089740954368608e+05 -4.408139123218435794e+06
-4.560926002529419959e+06 5.965772957480096957e+05 -4.408139123218435794e+06
-4.560969374787445180e+06 5.962456143251881003e+05 -4.408139123218435794e+06
-4.561012722935207188e+06 5.959139296695224475e+05 -4.408139123218435794e+06
-4.561056046962062828e+06 5.955822418623673730e+05 -4.408139123218435794e+06
-4.561099346857395954e+06 5.952505509850805392e+05 -4.408139123218435794e+06
-4.561142622641758993e+06 5.949188568802097579e+05 -4.408139123218435794e+06
-4.561185874304530211e+06 5.945871596291118767e+05 -4.408139123218435794e+06
-4.561229101835109293e+06 5.942554593131470028e+05 -4.408139123218435794e+06
-4.561272305254016072e+06 5.939237557748564286e+05 -4.408139123218435794e+06
-4.561315484550644644e+06 5.935920490956015419e+05 -4.408139123218435794e+06
-4.561358639714412391e+06 5.932603393567483872e+05 -4.408139123218435794e+06
-4.561401770765805617e+06 5.929286264008299913e+05 -4.408139123218435794e+06
-4.561444877694236115e+06 5.925969103092079749e+05 -4.408139123218435794e+06
-4.561487960489138030e+06 5.922651911632526899e+05 -4.408139123218435794e+06
-4.561531019170964137e+06 5.919334688054929720e+05 -4.408139123218435794e+06
-4.561574053729144856e+06 5.916017433172903256e+05 -4.408139123218435794e+06
-4.561617064153132029e+06 5.912700147800218547e+05 -4.408139123218435794e+06
-4.561660050463342108e+06 5.909382830362073146e+05 -4.408139123218435794e+06
-4.561703012649224140e+06 5.906065481672191527e+05 -4.408139123218435794e+06
-4.561745950700247660e+06 5.902748102544263238e+05 -4.408139123218435794e+06
-4.561788864636795595e+06 5.899430691403485835e+05 -4.408139123218435794e+06
-4.561831754448334686e+06 5.896113249063601252e+05 -4.408139123218435794e+06
-4.561874620124351233e+06 5.892795776338326978e+05 -4.408139123218435794e+06
-4.561917461685195565e+06 5.889478271652790718e+05 -4.408139123218435794e+06
-4.561960279120349325e+06 5.886160735820804257e+05 -4.408139123218435794e+06
-4.562003072419319302e+06 5.882843169656061800e+05 -4.408139123218435794e+06
-4.564650403047073632e+06 5.673774478362646187e+05 -4.408139123218435794e+06
-4.564856405559169129e+06 5.657176565888907062e+05 -4.408139123218435794e+06
-4.565102811902828515e+06 5.637258084458201192e+05 -4.408139123218435794e+06
-4.566683265984494239e+06 5.507761964066623477e+05 -4.408139123218435794e+06
-4.566723307477897033e+06 5.504440964250041870e+05 -4.408139123218435794e+06
-4.566763324829805642e+06 5.501119934526227880e+05 -4.408139123218435794e+06
-4.516697745120824315e+06 8.685866964026887435e+05 -4.408473616803523153e+06
-4.558631553863015957e+06 6.114570516984263668e+05 -4.408473616803523153e+06
-4.558676008213323541e+06 6.111255370932479855e+05 -4.408473616803523153e+06
-4.558720438465754502e+06 6.107940191765729105e+05 -4.408473616803523153e+06
-4.558764844609403051e+06 6.104624980297151487e+05 -4.408473616803523153e+06
-4.558809226633384824e+06 6.101309737339915009e+05 -4.408473616803523153e+06
-4.558853584558769129e+06 6.097994461320287082e+05 -4.408473616803523153e+06
-4.558897918374666944e+06 6.094679153051428730e+05 -4.408473616803523153e+06
-4.558942228070212528e+06 6.091363813346533570e+05 -4.408473616803523153e+06
-4.558986513666439801e+06 6.088048440631802659e+05 -4.408473616803523153e+06
-4.559030775152476504e+06 6.084733035720442422e+05 -4.408473616803523153e+06
-4.559075012517475523e+06 6.081417599425707012e+05 -4.408473616803523153e+06
-4.559119225782437250e+06 6.078102130173713667e+05 -4.408473616803523153e+06
-4.559163414936507121e+06 6.074786628777671140e+05 -4.408473616803523153e+06
-4.559207579968854785e+06 6.071471096050881315e+05 -4.408473616803523153e+06
-4.559251720900445245e+06 6.068155530419410206e+05 -4.408473616803523153e+06
-4.559295837720444426e+06 6.064839932696472388e+05 -4.408473616803523153e+06
-4.559339930418038741e+06 6.061524303695431445e+05 -4.408473616803523153e+06
-4.559383999014159665e+06 6.058208641842273064e+05 -4.408473616803523153e+06
-4.559428043497987092e+06 6.054892947950310772e+05 -4.408473616803523153e+06
-4.559472063858728856e+06 6.051577222832833650e+05 -4.408473616803523153e+06
-4.559516060117281042e+06 6.048261464915820397e+05 -4.408473616803523153e+06
-4.559560032262842171e+06 6.044945675012608990e+05 -4.408473616803523153e+06
-4.559603980284636840e+06 6.041629853936511790e+05 -4.408473616803523153e+06
-4.559647904203526676e+06 6.038314000113441143e+05 -4.408473616803523153e+06
-4.559691804008727893e+06 6.034998114356801379e+05 -4.408473616803523153e+06
-4.559735679689482786e+06 6.031682197479885072e+05 -4.408473616803523153e+06
-4.559779531266619451e+06 6.028366247908641817e+05 -4.408473616803523153e+06
-4.559823358729371801e+06 6.025050266456397949e+05 -4.408473616803523153e+06
-4.559867162066998892e+06 6.021734253936508903e+05 -4.408473616803523153e+06
-4.559910941300295293e+06 6.018418208774880040e+05 -4.408473616803523153e+06
-4.559954696418512613e+06 6.015102131784819067e+05 -4.408473616803523153e+06
-4.559998427410927601e+06 6.011786023779808311e+05 -4.408473616803523153e+06
-4.560042134298298508e+06 6.008469883185625076e+05 -4.408473616803523153e+06
-4.560085817069898359e+06 6.005153710815642262e+05 -4.408473616803523153e+06
-4.560129475715018809e+06 6.001837507483323570e+05 -4.408473616803523153e+06
-4.560173110254386440e+06 5.998521271614424186e+05 -4.408473616803523153e+06
-4.560216720677289180e+06 5.995205004022337962e+05 -4.408473616803523153e+06
-4.560260306973037310e+06 5.991888705520553049e+05 -4.408473616803523153e+06
-4.560303869162323885e+06 5.988572374534734990e+05 -4.408473616803523153e+06
-4.560347407234453596e+06 5.985256011878408026e+05 -4.408473616803523153e+06
-4.560390921178756282e+06 5.981939618364999769e+05 -4.408473616803523153e+06
-4.560434411015887745e+06 5.978623192420171108e+05 -4.408473616803523153e+06
-4.560477876735172234e+06 5.975306734857429983e+05 -4.408473616803523153e+06
-4.560521318325957283e+06 5.971990246490247082e+05 -4.408473616803523153e+06
-4.560564735808864236e+06 5.968673725744239055e+05 -4.408473616803523153e+06
-4.560608129173235036e+06 5.965357173432913842e+05 -4.408473616803523153e+06
-4.560651498408434913e+06 5.962040590369789861e+05 -4.408473616803523153e+06
-4.560694843535050750e+06 5.958723974980475614e+05 -4.408473616803523153e+06
-4.560738164542442188e+06 5.955407328078465071e+05 -4.408473616803523153e+06
-4.560781461419992149e+06 5.952090650477276649e+05 -4.408473616803523153e+06
-4.560824734188253991e+06 5.948773940602496732e+05 -4.408473616803523153e+06
-4.560867982836604118e+06 5.945457199267640244e+05 -4.408473616803523153e+06
-4.560911207354444079e+06 5.942140427286248887e+05 -4.408473616803523153e+06
-4.560954407762291841e+06 5.938823623083846178e+05 -4.408473616803523153e+06
-4.560997584049543366e+06 5.935506787473990116e+05 -4.408473616803523153e+06
-4.561040736205615103e+06 5.932189921270282939e+05 -4.408473616803523153e+06
-4.561083864250993356e+06 5.928873022898166673e+05 -4.408473616803523153e+06
-4.561126968175089918e+06 5.925556093171199318e+05 -4.408473616803523153e+06
-4.561170047967339866e+06 5.922239132903028512e+05 -4.408473616803523153e+06
-4.561213103648195043e+06 5.918922140519050881e+05 -4.408473616803523153e+06
-4.561256135207085870e+06 5.915605116832824424e+05 -4.408473616803523153e+06
-4.561299142633465119e+06 5.912288062658066629e+05 -4.408473616803523153e+06
-4.561342125947747380e+06 5.908970976420082152e+05 -4.408473616803523153e+06
-4.561385085139383562e+06 5.905653858932539588e+05 -4.408473616803523153e+06
-4.561428020197843201e+06 5.902336711009073770e+05 -4.408473616803523153e+06
-4.561470931143508293e+06 5.899019531074987026e+05 -4.408473616803523153e+06
-4.561513817965845577e+06 5.895702319943968905e+05 -4.408473616803523153e+06
-4.561556680654342286e+06 5.892385078429678688e+05 -4.408473616803523153e+06
-4.561599519229347818e+06 5.889067804957354674e+05 -4.408473616803523153e+06
-4.561642333680343814e+06 5.885750500340749277e+05 -4.408473616803523153e+06
-4.561685123996838927e+06 5.882433165393503150e+05 -4.408473616803523153e+06
-4.561727890199144371e+06 5.879115798540893011e+05 -4.408473616803523153e+06
-4.516003512489156798e+06 8.704967125748656690e+05 -4.408808087066384964e+06
-4.558313794172999449e+06 6.114144300474089105e+05 -4.408808087066384964e+06
-4.558358245424613357e+06 6.110829385504762176e+05 -4.408808087066384964e+06
-4.558402672580030747e+06 6.107514437422776828e+05 -4.408808087066384964e+06
-4.558447075628346764e+06 6.104199457041216083e+05 -4.408808087066384964e+06
-4.558491454558677040e+06 6.100884445173192071e+05 -4.408808087066384964e+06
-4.558535809392089956e+06 6.097569400245080469e+05 -4.408808087066384964e+06
-4.558580140117696486e+06 6.094254323069987586e+05 -4.408808087066384964e+06
-4.558624446724630892e+06 6.090939214461047668e+05 -4.408808087066384964e+06
-4.558668729233928025e+06 6.087624072844574694e+05 -4.408808087066384964e+06
-4.558712987634715624e+06 6.084308899033715716e+05 -4.408808087066384964e+06
-4.558757221916146576e+06 6.080993693841667846e+05 -4.408808087066384964e+06
-4.558801432099219412e+06 6.077678455694661243e+05 -4.408808087066384964e+06
-4.558845618173081428e+06 6.074363185405846452e+05 -4.408808087066384964e+06
-4.558889780126903206e+06 6.071047883788465988e+05 -4.408808087066384964e+06
-4.558933917981647886e+06 6.067732549268699950e+05 -4.408808087066384964e+06
-4.558978031726481393e+06 6.064417182659702376e+05 -4.408808087066384964e+06
-4.559022121350591071e+06 6.061101784774783300e+05 -4.408808087066384964e+06
-4.559066186874907464e+06 6.057786354040036676e+05 -4.408808087066384964e+06
-4.559110228288612328e+06 6.054470891268717824e+05 -4.408808087066384964e+06
-4.559154245580911636e+06 6.051155397274063434e+05 -4.408808087066384964e+06
-4.559198238772702403e+06 6.047839870482156985e+05 -4.408808087066384964e+06
-4.559242207853182219e+06 6.044524311706282897e+05 -4.408808087066384964e+06
-4.559286152811577544e+06 6.041208721759695327e+05 -4.408808087066384964e+06
-4.559330073668747209e+06 6.037893099068417214e+05 -4.408808087066384964e+06
-4.559373970413910225e+06 6.034577444445795845e+05 -4.408808087066384964e+06
-4.559417843036308885e+06 6.031261758705066750e+05 -4.408808087066384964e+06
-4.559461691556767561e+06 6.027946040272290120e+05 -4.408808087066384964e+06
-4.559505515964523889e+06 6.024630289960736409e+05 -4.408808087066384964e+06
-4.559549316248836927e+06 6.021314508583701681e+05 -4.408808087066384964e+06
-4.559593092430499382e+06 6.017998694567201892e+05 -4.408808087066384964e+06
-4.559636844498762861e+06 6.014682848724490032e+05 -4.408808087066384964e+06
-4.559680572442906909e+06 6.011366971868990222e+05 -4.408808087066384964e+06
-4.559724276283686981e+06 6.008051062426589197e+05 -4.408808087066384964e+06
-4.559767956010376103e+06 6.004735121210602811e+05 -4.408808087066384964e+06
-4.559811611612268724e+06 6.001419149034440052e+05 -4.408808087066384964e+06
-4.559855243110087700e+06 5.998103144323963206e+05 -4.408808087066384964e+06
-4.559898850493122824e+06 5.994787107892511413e+05 -4.408808087066384964e+06
-4.559942433750686236e+06 5.991471040553515777e+05 -4.408808087066384964e+06
-4.559985992903467268e+06 5.988154940732751274e+05 -4.408808087066384964e+06
-4.560029527940773405e+06 5.984838809243685100e+05 -4.408808087066384964e+06
-4.560073038851933554e+06 5.981522646899687825e+05 -4.408808087066384964e+06
-4.560116525657603517e+06 5.978206452126532095e+05 -4.408808087066384964e+06
-4.560159988347107545e+06 5.974890225737667643e+05 -4.408808087066384964e+06
-4.560203426909793168e+06 5.971573968546506949e+05 -4.408808087066384964e+06
-4.560246841366282664e+06 5.968257678978780750e+05 -4.408808087066384964e+06
-4.560290231705916114e+06 5.964941357847936451e+05 -4.408808087066384964e+06
-4.560333597918060608e+06 5.961625005967435427e+05 -4.408808087066384964e+06
-4.560376940023302101e+06 5.958308621763000265e+05 -4.408808087066384964e+06
-4.560420258010999300e+06 5.954992206048063235e+05 -4.408808087066384964e+06
-4.560463551870538853e+06 5.951675759636088042e+05 -4.408808087066384964e+06
-4.560506821622468531e+06 5.948359280952772824e+05 -4.408808087066384964e+06
-4.560550067256169394e+06 5.945042770811571972e+05 -4.408808087066384964e+06
-4.560593288761042058e+06 5.941726230025974801e+05 -4.408808087066384964e+06
-4.560636486157603562e+06 5.938409657021610765e+05 -4.408808087066384964e+06
-4.560679659435248002e+06 5.935093052611981984e+05 -4.408808087066384964e+06
-4.560722808583396487e+06 5.931776417610635981e+05 -4.408808087066384964e+06
-4.560765933622531593e+06 5.928459750443123048e+05 -4.408808087066384964e+06
-4.560809034542066976e+06 5.925143051922944142e+05 -4.408808087066384964e+06
-4.560852111331437714e+06 5.921826322863689857e+05 -4.408808087066384964e+06
-4.560895164011093788e+06 5.918509561690868577e+05 -4.408808087066384964e+06
-4.560938192570466548e+06 5.915192769217981258e+05 -4.408808087066384964e+06
-4.560981196999010630e+06 5.911875946258687181e+05 -4.408808087066384964e+06
-4.561024177317138761e+06 5.908559091238400433e+05 -4.408808087066384964e+06
-4.561067133514301851e+06 5.905242204970734892e+05 -4.408808087066384964e+06
-4.561110065579970367e+06 5.901925288269266021e+05 -4.408808087066384964e+06
-4.561152973534525372e+06 5.898608339559409069e+05 -4.408808087066384964e+06
-4.561195857367434539e+06 5.895291359654794214e+05 -4.408808087066384964e+06
-4.561238717068185098e+06 5.891974349369026022e+05 -4.408808087066384964e+06
-4.561281552657124586e+06 5.888657307127451058e+05 -4.408808087066384964e+06
-4.561324364123736508e+06 5.885340233743767021e+05 -4.408808087066384964e+06
-4.561367151457530446e+06 5.882023130031555193e+05 -4.408808087066384964e+06
-4.561409914678814821e+06 5.878705994416202884e+05 -4.408808087066384964e+06
-4.561452653777093627e+06 5.875388827711328631e+05 -4.408808087066384964e+06
-4.562597490020646714e+06 5.785813646111866692e+05 -4.408808087066384964e+06
-4.562639553573419340e+06 5.782495616819718853e+05 -4.408808087066384964e+06
-4.515562030810034834e+06 8.710927967736648861e+05 -4.409142534021303058e+06
-4.557996010368732736e+06 6.113718051619055914e+05 -4.409142534021303058e+06
-4.558040458521418273e+06 6.110403367749723839e+05 -4.409142534021303058e+06
-4.558084882579586469e+06 6.107088650770040695e+05 -4.409142534021303058e+06
-4.558129282532334328e+06 6.103773901493034791e+05 -4.409142534021303058e+06
-4.558173658368778415e+06 6.100459120731758885e+05 -4.409142534021303058e+06
-4.558218010109984316e+06 6.097144306912701577e+05 -4.409142534021303058e+06
-4.558262337745065801e+06 6.093829460848909803e+05 -4.409142534021303058e+06
-4.558306641263156198e+06 6.090514583353464259e+05 -4.409142534021303058e+06
-4.558350920685288496e+06 6.087199672852786025e+05 -4.409142534021303058e+06
-4.558395176000592299e+06 6.083884730159966275e+05 -4.409142534021303058e+06
-4.558439407198221423e+06 6.080569756088145077e+05 -4.409142534021303058e+06
-4.558483614299171604e+06 6.077254749063663185e+05 -4.409142534021303058e+06
-4.558527797292592935e+06 6.073939709899612935e+05 -4.409142534021303058e+06
-4.558571956167654134e+06 6.070624639409180963e+05 -4.409142534021303058e+06
-4.558616090945318341e+06 6.067309536018657964e+05 -4.409142534021303058e+06
-4.558660201614753343e+06 6.063994400541140931e+05 -4.409142534021303058e+06
-4.558704288165145554e+06 6.060679233789881691e+05 -4.409142534021303058e+06
-4.558748350617425516e+06 6.057364034191085957e+05 -4.409142534021303058e+06
-4.558792388960773125e+06 6.054048802557952004e+05 -4.409142534021303058e+06
-4.558836403184398077e+06 6.050733539703657152e+05 -4.409142534021303058e+06
-4.558880393309193663e+06 6.047418244054397801e+05 -4.409142534021303058e+06
-4.558924359324360266e+06 6.044102916423401330e+05 -4.409142534021303058e+06
-4.558968301219123416e+06 6.040787557623863686e+05 -4.409142534021303058e+06
-4.559012219014341012e+06 6.037472166081918404e+05 -4.409142534021303058e+06
-4.559056112699233927e+06 6.034156742610855727e+05 -4.409142534021303058e+06
-4.559099982263042592e+06 6.030841288023855304e+05 -4.409142534021303058e+06
-4.559143827726593241e+06 6.027525800747086760e+05 -4.409142534021303058e+06
-4.559187649079121649e+06 6.024210281593762338e+05 -4.409142534021303058e+06
-4.559231446309888735e+06 6.020894731377123389e+05 -4.409142534021303058e+06
-4.559275219439684413e+06 6.017579148523294134e+05 -4.409142534021303058e+06
-4.559318968457764015e+06 6.014263533845472848e+05 -4.409142534021303058e+06
-4.559362693353405222e+06 6.010947888157024281e+05 -4.409142534021303058e+06
-4.559406394147362560e+06 6.007632209883946925e+05 -4.409142534021303058e+06
-4.559450070828910917e+06 6.004316499839499593e+05 -4.409142534021303058e+06
-4.559493723387343809e+06 6.001000758837034227e+05 -4.409142534021303058e+06
-4.559537351843383163e+06 5.997684985302522546e+05 -4.409142534021303058e+06
-4.559580956186321564e+06 5.994369180049247807e+05 -4.409142534021303058e+06
-4.559624536405468360e+06 5.991053343890582910e+05 -4.409142534021303058e+06
-4.559668092521514744e+06 5.987737475252414588e+05 -4.409142534021303058e+06
-4.559711624523765408e+06 5.984421574948151829e+05 -4.409142534021303058e+06
-4.559755132401553914e+06 5.981105643791110488e+05 -4.409142534021303058e+06
-4.559798616175532341e+06 5.977789680207170313e+05 -4.409142534021303058e+06
-4.559842075835024938e+06 5.974473685009725159e+05 -4.409142534021303058e+06
-4.559885511369382963e+06 5.971157659012131626e+05 -4.409142534021303058e+06
-4.559928922799224034e+06 5.967841600640229881e+05 -4.409142534021303058e+06
-4.559972310113891028e+06 5.964525510707410285e+05 -4.409142534021303058e+06
-4.560015673302751034e+06 5.961209390027078334e+05 -4.409142534021303058e+06
-4.560059012386388145e+06 5.957893237025063718e+05 -4.409142534021303058e+06
-4.560102327354162931e+06 5.954577052514745155e+05 -4.409142534021303058e+06
-4.560145618195462041e+06 5.951260837309530471e+05 -4.409142534021303058e+06
-4.560188884930832312e+06 5.947944589835222578e+05 -4.409142534021303058e+06
-4.560232127549654804e+06 5.944628310905223479e+05 -4.409142534021303058e+06
-4.560275346041330136e+06 5.941312001332964282e+05 -4.409142534021303058e+06
-4.560318540426376276e+06 5.937995659544185037e+05 -4.409142534021303058e+06
-4.560361710694187321e+06 5.934679286352329655e+05 -4.409142534021303058e+06
-4.560404856834183447e+06 5.931362882570889778e+05 -4.409142534021303058e+06
-4.560447978866847232e+06 5.928046446625525132e+05 -4.409142534021303058e+06
-4.560491076781592332e+06 5.924729979329680791e+05 -4.409142534021303058e+06
-4.560534150567855686e+06 5.921413481496890308e+05 -4.409142534021303058e+06
-4.560577200246085413e+06 5.918096951552771498e+05 -4.409142534021303058e+06
-4.560620225805713795e+06 5.914780390310768271e+05 -4.409142534021303058e+06
-4.560663227236194536e+06 5.911463798584482865e+05 -4.409142534021303058e+06
-4.560706204557941295e+06 5.908147174799441127e+05 -4.409142534021303058e+06
-4.560749157760403119e+06 5.904830519769198727e+05 -4.409142534021303058e+06
-4.560792086833054200e+06 5.901513834307275247e+05 -4.409142534021303058e+06
-4.560834991796272807e+06 5.898197116839195369e+05 -4.409142534021303058e+06
-4.560877872639525682e+06 5.894880368178532226e+05 -4.409142534021303058e+06
-4.560920729352302849e+06 5.891563589138833340e+05 -4.409142534021303058e+06
-4.560963561954950914e+06 5.888246778145554708e+05 -4.409142534021303058e+06
-4.561006370436952449e+06 5.884929936012338148e+05 -4.409142534021303058e+06
-4.561049154787817970e+06 5.881613063552709064e+05 -4.409142534021303058e+06
-4.561091915027855895e+06 5.878296159192164196e+05 -4.409142534021303058e+06
-4.561134651146569289e+06 5.874979223744263873e+05 -4.409142534021303058e+06
-4.562153080931816250e+06 5.795363498768199934e+05 -4.409142534021303058e+06
-4.562195213934241794e+06 5.792045792634137906e+05 -4.409142534021303058e+06
-4.562237322819623165e+06 5.788728055072613060e+05 -4.409142534021303058e+06
-4.515183826441965997e+06 8.713604152793253306e+05 -4.409476957658485509e+06
-4.557855838072990999e+06 6.100033764028064907e+05 -4.409476957658485509e+06
-4.557900186721756123e+06 6.096719181335591711e+05 -4.409476957658485509e+06
-4.557944511266076006e+06 6.093404566400632029e+05 -4.409476957658485509e+06
-4.557988811695088632e+06 6.090089920036210679e+05 -4.409476957658485509e+06
-4.558033088029822335e+06 6.086775240668858169e+05 -4.409476957658485509e+06
-4.558077340259407647e+06 6.083460529111607466e+05 -4.409476957658485509e+06
-4.558121568373001181e+06 6.080145786177545087e+05 -4.409476957658485509e+06
-4.558165772391595878e+06 6.076831010293118889e+05 -4.409476957658485509e+06
-4.558209952304340899e+06 6.073516202271364164e+05 -4.409476957658485509e+06
-4.558254108100409620e+06 6.070201362925413996e+05 -4.409476957658485509e+06
-4.558298239800760522e+06 6.066886490681666182e+05 -4.409476957658485509e+06
-4.558342347394563258e+06 6.063571586353160674e+05 -4.409476957658485509e+06
-4.558386430871005170e+06 6.060256650753094582e+05 -4.409476957658485509e+06
-4.558430490251014009e+06 6.056941682307780720e+05 -4.409476957658485509e+06
-4.558474525523772463e+06 6.053626681830363814e+05 -4.409476957658485509e+06
-4.558518536678490229e+06 6.050311650133962976e+05 -4.409476957658485509e+06
-4.558562523736058734e+06 6.046996585644884035e+05 -4.409476957658485509e+06
-4.558606486685678363e+06 6.043681489176296163e+05 -4.409476957658485509e+06
-4.558650425516577438e+06 6.040366361541342922e+05 -4.409476957658485509e+06
-4.558694340249611065e+06 6.037051201166262617e+05 -4.409476957658485509e+06
-4.558738230874000117e+06 6.033736008864294272e+05 -4.409476957658485509e+06
-4.558782097378988750e+06 6.030420785448555835e+05 -4.409476957658485509e+06
-4.558825939785398543e+06 6.027105529345327523e+05 -4.409476957658485509e+06
-4.558869758082467131e+06 6.023790241367766866e+05 -4.409476957658485509e+06
-4.558913552259456366e+06 6.020474922329058172e+05 -4.409476957658485509e+06
-4.558957322337155230e+06 6.017159570655435091e+05 -4.409476957658485509e+06
-4.559001068304819055e+06 6.013844187160037691e+05 -4.409476957658485509e+06
-4.559044790151725523e+06 6.010528772656176006e+05 -4.409476957658485509e+06
-4.559088487898630090e+06 6.007213325569957960e+05 -4.409476957658485509e+06
-4.559132161534805782e+06 6.003897846714584157e+05 -4.409476957658485509e+06
-4.559175811049547978e+06 6.000582336903350661e+05 -4.409476957658485509e+06
-4.559219436463578604e+06 5.997266794562340947e+05 -4.409476957658485509e+06
-4.559263037766187452e+06 5.993951220504777739e+05 -4.409476957658485509e+06
-4.559306614946688525e+06 5.990635615543981548e+05 -4.409476957658485509e+06
-4.559350168025768362e+06 5.987319978105945047e+05 -4.409476957658485509e+06
-4.559393696992735378e+06 5.984004309004022507e+05 -4.409476957658485509e+06
-4.559437201836921275e+06 5.980688609051470412e+05 -4.409476957658485509e+06
-4.559480682578977197e+06 5.977372876674282597e+05 -4.409476957658485509e+06
-4.559524139208230190e+06 5.974057112685794709e+05 -4.409476957658485509e+06
-4.559567571714029647e+06 5.970741317899305141e+05 -4.409476957658485509e+06
-4.559610980116993189e+06 5.967425490740763489e+05 -4.409476957658485509e+06
-4.559654364406463690e+06 5.964109632023506565e+05 -4.409476957658485509e+06
-4.559697724571810104e+06 5.960793742560879327e+05 -4.409476957658485509e+06
-4.559741060633613728e+06 5.957477820778825553e+05 -4.409476957658485509e+06
-4.559784372581237927e+06 5.954161867490663426e+05 -4.409476957658485509e+06
-4.559827660404066555e+06 5.950845883509743726e+05 -4.409476957658485509e+06
-4.559870924122648314e+06 5.947529867261983454e+05 -4.409476957658485509e+06
-4.559914163726363331e+06 5.944213819560724078e+05 -4.409476957658485509e+06
-4.559957379204615019e+06 5.940897741219340824e+05 -4.409476957658485509e+06
-4.560000570577915758e+06 5.937581630663684336e+05 -4.409476957658485509e+06
-4.560043737835665233e+06 5.934265488707140321e+05 -4.409476957658485509e+06
-4.560086880967280827e+06 5.930949316163145704e+05 -4.409476957658485509e+06
-4.560129999993246049e+06 5.927633111457468476e+05 -4.409476957658485509e+06
-4.560173094902973622e+06 5.924316875403497834e+05 -4.409476957658485509e+06
-4.560216165685901418e+06 5.921000608814710286e+05 -4.409476957658485509e+06
-4.560259212362476625e+06 5.917684310116833076e+05 -4.409476957658485509e+06
-4.560302234922132455e+06 5.914367980123254238e+05 -4.409476957658485509e+06
-4.560345233354323544e+06 5.911051619647518964e+05 -4.409476957658485509e+06
-4.560388207679460756e+06 5.907735227115262533e+05 -4.409476957658485509e+06
-4.560431157886995934e+06 5.904418803339983569e+05 -4.409476957658485509e+06
-4.560474083966401406e+06 5.901102349135144614e+05 -4.409476957658485509e+06
-4.560516985938055441e+06 5.897785862926380942e+05 -4.409476957658485509e+06
-4.560559863791426644e+06 5.894469345527210971e+05 -4.409476957658485509e+06
-4.560602717516004108e+06 5.891152797751120524e+05 -4.409476957658485509e+06
-4.560645547132133506e+06 5.887836218023680849e+05 -4.409476957658485509e+06
-4.560688352629298344e+06 5.884519607158474391e+05 -4.409476957658485509e+06
-4.560731133997009136e+06 5.881202965968968347e+05 -4.409476957658485509e+06
-4.560773891255574301e+06 5.877886292880771216e+05 -4.409476957658485509e+06
-4.560816624394496903e+06 5.874569588707386283e+05 -4.409476957658485509e+06
-4.560859333403304219e+06 5.871252854262347100e+05 -4.409476957658485509e+06
-4.560944679080916569e+06 5.864619290647495072e+05 -4.409476957658485509e+06
-4.561750650644231588e+06 5.801594274212878663e+05 -4.409476957658485509e+06
-4.561792828969311900e+06 5.798276859921700088e+05 -4.409476957658485509e+06
-4.561834983169360086e+06 5.794959414966347395e+05 -4.409476957658485509e+06
-4.514805583177131601e+06 8.716279786972127622e+05 -4.409811357968139462e+06
-4.557449230271747336e+06 6.106236980585074052e+05 -4.409811357968139462e+06
-4.557493624032654800e+06 6.102922693569759140e+05 -4.409811357968139462e+06
-4.557537993680622429e+06 6.099608375074565411e+05 -4.409811357968139462e+06
-4.557582339236711152e+06 6.096294023526200326e+05 -4.409811357968139462e+06
-4.557626660690037534e+06 6.092979639737597900e+05 -4.409811357968139462e+06
-4.557670958029736765e+06 6.089665224521724740e+05 -4.409811357968139462e+06
-4.557715231276837178e+06 6.086350776305220788e+05 -4.409811357968139462e+06
-4.557759480420472100e+06 6.083036295901065459e+05 -4.409811357968139462e+06
-4.557803705449794419e+06 6.079721784122285899e+05 -4.409811357968139462e+06
-4.557847906385799870e+06 6.076407239395439392e+05 -4.409811357968139462e+06
-4.557892083217636682e+06 6.073092662533506518e+05 -4.409811357968139462e+06
-4.557936235934478231e+06 6.069778054349562153e+05 -4.409811357968139462e+06
-4.557980364557282999e+06 6.066463413270113524e+05 -4.409811357968139462e+06
-4.558024469075219706e+06 6.063148740108145867e+05 -4.409811357968139462e+06
-4.558068549477477558e+06 6.059834035676798085e+05 -4.409811357968139462e+06
-4.558112605784983374e+06 6.056519298402492423e+05 -4.409811357968139462e+06
-4.558156637986919843e+06 6.053204529098317726e+05 -4.409811357968139462e+06
-4.558200646072497591e+06 6.049889728577336064e+05 -4.409811357968139462e+06
-4.558244630062606186e+06 6.046574895265963860e+05 -4.409811357968139462e+06
-4.558288589946447872e+06 6.043260029977313243e+05 -4.409811357968139462e+06
-4.558332525713249110e+06 6.039945133524468401e+05 -4.409811357968139462e+06
-4.558376437383867800e+06 6.036630204333781730e+05 -4.409811357968139462e+06
-4.558420324947522022e+06 6.033315243218431715e+05 -4.409811357968139462e+06
-4.558464188393456861e+06 6.030000250991482753e+05 -4.409811357968139462e+06
-4.558508027742493898e+06 6.026685226079323329e+05 -4.409811357968139462e+06
-4.558551842983871698e+06 6.023370169295055093e+05 -4.409811357968139462e+06
-4.558595634106852114e+06 6.020055081451804144e+05 -4.409811357968139462e+06
-4.558639401132222265e+06 6.016739960975913564e+05 -4.409811357968139462e+06
-4.558683144049238414e+06 6.013424808680468705e+05 -4.409811357968139462e+06
-4.558726862847180106e+06 6.010109625378721394e+05 -4.409811357968139462e+06
-4.558770557546800002e+06 6.006794409496890148e+05 -4.409811357968139462e+06
-4.558814228137372062e+06 6.003479161848118529e+05 -4.409811357968139462e+06
-4.558857874608193524e+06 6.000163883245646721e+05 -4.409811357968139462e+06
-4.558901496979983523e+06 5.996848572115665302e+05 -4.409811357968139462e+06
-4.558945095242033713e+06 5.993533229271344608e+05 -4.409811357968139462e+06
-4.558988669383657165e+06 5.990217855525943451e+05 -4.409811357968139462e+06
-4.559032219425541349e+06 5.986902449305568589e+05 -4.409811357968139462e+06
-4.559075745356993750e+06 5.983587011423514923e+05 -4.409811357968139462e+06
-4.559119247167346999e+06 5.980271542692984222e+05 -4.409811357968139462e+06
-4.559162724877251312e+06 5.976956041540078586e+05 -4.409811357968139462e+06
-4.559206178476034664e+06 5.973640508778076619e+05 -4.409811357968139462e+06
-4.559249607953045517e+06 5.970324945220220834e+05 -4.409811357968139462e+06
-4.559293013328902423e+06 5.967009349292571424e+05 -4.409811357968139462e+06
-4.559336394592947327e+06 5.963693721808405826e+05 -4.409811357968139462e+06
-4.559379751734550111e+06 5.960378063581015449e+05 -4.409811357968139462e+06
-4.559423084774292074e+06 5.957062373036451172e+05 -4.409811357968139462e+06
-4.559466393701534718e+06 5.953746650987976464e+05 -4.409811357968139462e+06
-4.559509678505665623e+06 5.950430898248883896e+05 -4.409811357968139462e+06
-4.559552939207230695e+06 5.947115113245201064e+05 -4.409811357968139462e+06
-4.559596175795610063e+06 5.943799296790213557e+05 -4.409811357968139462e+06
-4.559639388260208070e+06 5.940483449697237229e+05 -4.409811357968139462e+06
-4.559682576621537097e+06 5.937167570392234484e+05 -4.409811357968139462e+06
-4.559725740868994966e+06 5.933851659688536311e+05 -4.409811357968139462e+06
-4.559768880992002785e+06 5.930535718399517937e+05 -4.409811357968139462e+06
-4.559811997011040337e+06 5.927219744951061439e+05 -4.409811357968139462e+06
-4.559855088915522210e+06 5.923903740156496642e+05 -4.409811357968139462e+06
-4.559898156694888137e+06 5.920587704829244176e+05 -4.409811357968139462e+06
-4.559941200369581580e+06 5.917271637395140715e+05 -4.409811357968139462e+06
-4.559984219929036684e+06 5.913955538667518413e+05 -4.409811357968139462e+06
-4.560027215362709947e+06 5.910639409459866583e+05 -4.409811357968139462e+06
-4.560070186691010371e+06 5.907323248197927605e+05 -4.409811357968139462e+06
-4.560113133903391659e+06 5.904007055695145391e+05 -4.409811357968139462e+06
-4.560156056989325210e+06 5.900690832764925435e+05 -4.409811357968139462e+06
-4.560198955969188362e+06 5.897374577833012445e+05 -4.409811357968139462e+06
-4.560241830832450651e+06 5.894058291712867795e+05 -4.409811357968139462e+06
-4.560327508197986521e+06 5.887425626773854019e+05 -4.409811357968139462e+06
-4.560370310710088350e+06 5.884109247194190975e+05 -4.409811357968139462e+06
-4.560413089094419032e+06 5.880792837292343611e+05 -4.409811357968139462e+06
-4.560455843371284194e+06 5.877476395494029857e+05 -4.409811357968139462e+06
-4.560498573530189693e+06 5.874159922612694791e+05 -4.409811357968139462e+06
-4.560541279560662806e+06 5.870843419461817248e+05 -4.409811357968139462e+06
-4.560583961482975632e+06 5.867526884467066266e+05 -4.409811357968139462e+06
-4.560626619286650792e+06 5.864210318441893905e+05 -4.409811357968139462e+06
-4.561305863766153343e+06 5.811141060993926367e+05 -4.409811357968139462e+06
-4.561348111518607475e+06 5.807823970135675045e+05 -4.409811357968139462e+06
-4.561390335148382001e+06 5.804506848562760279e+05 -4.409811357968139462e+06
-4.514427300978004001e+06 8.718954871763591655e+05 -4.410145734964543954e+06
-4.557175758624725975e+06 6.102497041188959265e+05 -4.410145734964543954e+06
-4.557220125178103335e+06 6.099182953853101935e+05 -4.410145734964543954e+06
-4.557264467641281895e+06 6.095868833466378273e+05 -4.410145734964543954e+06
-4.557308786003379151e+06 6.092554680841666413e+05 -4.410145734964543954e+06
-4.557353080253531225e+06 6.089240496791874757e+05 -4.410145734964543954e+06
-4.557397350412765518e+06 6.085926279743755003e+05 -4.410145734964543954e+06
-4.557441596470213495e+06 6.082612030510227196e+05 -4.410145734964543954e+06
-4.557485818415032700e+06 6.079297749904264929e+05 -4.410145734964543954e+06
-4.557530016268214211e+06 6.075983436352532590e+05 -4.410145734964543954e+06
-4.557574190018908121e+06 6.072669090667956043e+05 -4.410145734964543954e+06
-4.557618339656289667e+06 6.069354713663551956e+05 -4.410145734964543954e+06
-4.557662465201314539e+06 6.066040303765939316e+05 -4.410145734964543954e+06
-4.557706566643152386e+06 6.062725861788043985e+05 -4.410145734964543954e+06
-4.557750643970993347e+06 6.059411388542948989e+05 -4.410145734964543954e+06
-4.557794697205763310e+06 6.056096882457188331e+05 -4.410145734964543954e+06
-4.557838726336644962e+06 6.052782344343791483e+05 -4.410145734964543954e+06
-4.557882731352848932e+06 6.049467775015764637e+05 -4.410145734964543954e+06
-4.557926712275264785e+06 6.046153172899634810e+05 -4.410145734964543954e+06
-4.557970669093095697e+06 6.042838538808457088e+05 -4.410145734964543954e+06
-4.558014601795568131e+06 6.039523873555258615e+05 -4.410145734964543954e+06
-4.558058510403537191e+06 6.036209175566502381e+05 -4.410145734964543954e+06
-4.558102394906224683e+06 6.032894445655307500e+05 -4.410145734964543954e+06
-4.558146255292874761e+06 6.029579684634684818e+05 -4.410145734964543954e+06
-4.558190091584307142e+06 6.026264890931131085e+05 -4.410145734964543954e+06
-4.558233903769762255e+06 6.022950065357690910e+05 -4.410145734964543954e+06
-4.558277691838501953e+06 6.019635208727434510e+05 -4.410145734964543954e+06
-4.558321455811311491e+06 6.016320319466815563e+05 -4.410145734964543954e+06
-4.558365195677448995e+06 6.013005398388860049e+05 -4.410145734964543954e+06
-4.558408911426194012e+06 6.009690446306765079e+05 -4.410145734964543954e+06
-4.558452603078298271e+06 6.006375461646858603e+05 -4.410145734964543954e+06
-4.558496270623036660e+06 6.003060445222228300e+05 -4.410145734964543954e+06
-4.558539914049706422e+06 5.999745397846056148e+05 -4.410145734964543954e+06
-4.558583533379024826e+06 5.996430317944642156e+05 -4.410145734964543954e+06
-4.558627128600285389e+06 5.993115206331101945e+05 -4.410145734964543954e+06
-4.558670699702801183e+06 5.989800063818636118e+05 -4.410145734964543954e+06
-4.558714246707259677e+06 5.986484888833460864e+05 -4.410145734964543954e+06
-4.558757769602966495e+06 5.983169682188816369e+05 -4.410145734964543954e+06
-4.558801268379257061e+06 5.979854444697846193e+05 -4.410145734964543954e+06
-4.558844743056780659e+06 5.976539174786760705e+05 -4.410145734964543954e+06
-4.558888193624863401e+06 5.973223873268784955e+05 -4.410145734964543954e+06
-4.558931620072856545e+06 5.969908540957103251e+05 -4.410145734964543954e+06
-4.558975022421376780e+06 5.966593176277885213e+05 -4.410145734964543954e+06
-4.559018400659766980e+06 5.963277780044352403e+05 -4.410145734964543954e+06
-4.559061754777397960e+06 5.959962353069738019e+05 -4.410145734964543954e+06
-4.559105084794848226e+06 5.956646893780204700e+05 -4.410145734964543954e+06
-4.559148390701481141e+06 5.953331402988957707e+05 -4.410145734964543954e+06
-4.559191672486684285e+06 5.950015881509233732e+05 -4.410145734964543954e+06
-4.559234930171002634e+06 5.946700327767169802e+05 -4.410145734964543954e+06
-4.559278163743817247e+06 5.943384742575994460e+05 -4.410145734964543954e+06
-4.559321373194533400e+06 5.940069126748967683e+05 -4.410145734964543954e+06
-4.559364558543661609e+06 5.936753478712160140e+05 -4.410145734964543954e+06
-4.559407719780600630e+06 5.933437799278846942e+05 -4.410145734964543954e+06
-4.559450856894772500e+06 5.930122089262348600e+05 -4.410145734964543954e+06
-4.559493969906654209e+06 5.926806347088653129e+05 -4.410145734964543954e+06
-4.559537058805663139e+06 5.923490573571036803e+05 -4.410145734964543954e+06
-4.559580123581238091e+06 5.920174769522862043e+05 -4.410145734964543954e+06
-4.559623164253821597e+06 5.916858933370076120e+05 -4.410145734964543954e+06
-4.559666180812849663e+06 5.913543065925954143e+05 -4.410145734964543954e+06
-4.559709173247777857e+06 5.910227168003926054e+05 -4.410145734964543954e+06
-4.559752141579015180e+06 5.906911238029849483e+05 -4.410145734964543954e+06
-4.559795085796013474e+06 5.903595276817106642e+05 -4.410145734964543954e+06
-4.559838005888248794e+06 5.900279285179049475e+05 -4.410145734964543954e+06
-4.559923773749019951e+06 5.893647206717954250e+05 -4.410145734964543954e+06
-4.559966621496519074e+06 5.890331121521696914e+05 -4.410145734964543954e+06
-4.560052244665743783e+06 5.883698856101969723e+05 -4.410145734964543954e+06
-4.560180498540070839e+06 5.873750225442699157e+05 -4.410145734964543954e+06
-4.560223201591983438e+06 5.870433953603527043e+05 -4.410145734964543954e+06
-4.560265880537416786e+06 5.867117649922705023e+05 -4.410145734964543954e+06
-4.560308535365895368e+06 5.863801315213623457e+05 -4.410145734964543954e+06
-4.560903170507386327e+06 5.817369385123526445e+05 -4.410145734964543954e+06
-4.560945463554560207e+06 5.814052587095608469e+05 -4.410145734964543954e+06
-4.563152472866753116e+06 5.638218741270061582e+05 -4.410145734964543954e+06
-4.514048979875346646e+06 8.721629406337547116e+05 -4.410480088637905195e+06
-4.556769069881232455e+06 6.108698973613821436e+05 -4.410480088637905195e+06
-4.556813481548057869e+06 6.105385181218629004e+05 -4.410480088637905195e+06
-4.556857869116186164e+06 6.102071356535120867e+05 -4.410480088637905195e+06
-4.556902232574738562e+06 6.098757500376127427e+05 -4.410480088637905195e+06
-4.556946571944773197e+06 6.095443611168571515e+05 -4.410480088637905195e+06
-4.556990887215406634e+06 6.092129689725276548e+05 -4.410480088637905195e+06
-4.557035178375776857e+06 6.088815736859093886e+05 -4.410480088637905195e+06
-4.557079445446909405e+06 6.085501750996884657e+05 -4.410480088637905195e+06
-4.557123688417938538e+06 6.082187732951513026e+05 -4.410480088637905195e+06
-4.557167907278019935e+06 6.078873683535894379e+05 -4.410480088637905195e+06
-4.557212102048143744e+06 6.075559601176806027e+05 -4.410480088637905195e+06
-4.557256272717461921e+06 6.072245486687113298e+05 -4.410480088637905195e+06
-4.557300419275148772e+06 6.068931340879778145e+05 -4.410480088637905195e+06
-4.557344541742160916e+06 6.065617162181527819e+05 -4.410480088637905195e+06
-4.557388640107667074e+06 6.062302951405233471e+05 -4.410480088637905195e+06
-4.557432714360858314e+06 6.058988709363921080e+05 -4.410480088637905195e+06
-4.557476764522658661e+06 6.055674434484232916e+05 -4.410480088637905195e+06
-4.557520790582252666e+06 6.052360127579143737e+05 -4.410480088637905195e+06
-4.557564792528850958e+06 6.049045789461601526e+05 -4.410480088637905195e+06
-4.557608770383341238e+06 6.045731418558242731e+05 -4.410480088637905195e+06
-4.557652724134928547e+06 6.042417015682066558e+05 -4.410480088637905195e+06
-4.557696653772839345e+06 6.039102581646044273e+05 -4.410480088637905195e+06
-4.557740559317928739e+06 6.035788114876745967e+05 -4.410480088637905195e+06
-4.557784440759415738e+06 6.032473616187238367e+05 -4.410480088637905195e+06
-4.557828298086549155e+06 6.029159086390471784e+05 -4.410480088637905195e+06
-4.557872131320145912e+06 6.025844523913053563e+05 -4.410480088637905195e+06
-4.557915940449445508e+06 6.022529929567972431e+05 -4.410480088637905195e+06
-4.557959725463712588e+06 6.019215304168241564e+05 -4.410480088637905195e+06
-4.558003486383731477e+06 6.015900646140424069e+05 -4.410480088637905195e+06
-4.558047223198759370e+06 6.012585956297490047e+05 -4.410480088637905195e+06
-4.558090935898075812e+06 6.009271235452578403e+05 -4.410480088637905195e+06
-4.558134624502433464e+06 6.005956482032128843e+05 -4.410480088637905195e+06
-4.558178289001106285e+06 6.002641696849170839e+05 -4.410480088637905195e+06
-4.558221929383393377e+06 5.999326880716828164e+05 -4.410480088637905195e+06
-4.558265545670010149e+06 5.996012032061514910e+05 -4.410480088637905195e+06
-4.558309137850250117e+06 5.992697151696286164e+05 -4.410480088637905195e+06
-4.558352705913429148e+06 5.989382240434287814e+05 -4.410480088637905195e+06
-4.558396249880230054e+06 5.986067296701845480e+05 -4.410480088637905195e+06
-4.558439769739962183e+06 5.982752321312142303e+05 -4.410480088637905195e+06
-4.558483265481960028e+06 5.979437315078263637e+05 -4.410480088637905195e+06
-4.558526737126871943e+06 5.976122276426533936e+05 -4.410480088637905195e+06
-4.558570184664024971e+06 5.972807206170115387e+05 -4.410480088637905195e+06
-4.558613608082771301e+06 5.969492105122141074e+05 -4.410480088637905195e+06
-4.558657007403724827e+06 5.966176971708887722e+05 -4.410480088637905195e+06
-4.558700382616231218e+06 5.962861806743521011e+05 -4.410480088637905195e+06
-4.558743733709659427e+06 5.959546611039217096e+05 -4.410480088637905195e+06
-4.558787060704588890e+06 5.956231383022248046e+05 -4.410480088637905195e+06
-4.558830363590382971e+06 5.952916123505762080e+05 -4.410480088637905195e+06
-4.558873642356430180e+06 5.949600833302942337e+05 -4.410480088637905195e+06
-4.558916897023273632e+06 5.946285510840030620e+05 -4.410480088637905195e+06
-4.558960127580295317e+06 5.942970156930201920e+05 -4.410480088637905195e+06
-4.559003334016901441e+06 5.939654772386658005e+05 -4.410480088637905195e+06
-4.559046516353599727e+06 5.936339355635582469e+05 -4.410480088637905195e+06
-4.559089674579791725e+06 5.933023907490189886e+05 -4.410480088637905195e+06
-4.559132808684899472e+06 5.929708428763746051e+05 -4.410480088637905195e+06
-4.559175918689398095e+06 5.926392917882347247e+05 -4.410480088637905195e+06
-4.559219004582705908e+06 5.923077375659213867e+05 -4.410480088637905195e+06
-4.559262066354261711e+06 5.919761802907653619e+05 -4.410480088637905195e+06
-4.559434072352782823e+06 5.906499196623087628e+05 -4.410480088637905195e+06
-4.560585020990192890e+06 5.816963589781678747e+05 -4.410480088637905195e+06
-4.513670619899947196e+06 8.724303389864270575e+05 -4.410814418978432193e+06
-4.556406729822040536e+06 6.111586322423748206e+05 -4.410814418978432193e+06
-4.556451162476558238e+06 6.108272794317294611e+05 -4.410814418978432193e+06
-4.556495571044960991e+06 6.104959233112037182e+05 -4.410814418978432193e+06
-4.556539955516347662e+06 6.101645639620715519e+05 -4.410814418978432193e+06
-4.556584315879840404e+06 6.098332014656102983e+05 -4.410814418978432193e+06
-4.556628652156495489e+06 6.095018356645236490e+05 -4.410814418978432193e+06
-4.556672964335431345e+06 6.091704666400877759e+05 -4.410814418978432193e+06
-4.556717252405785955e+06 6.088390944735824596e+05 -4.410814418978432193e+06
-4.556761516388583928e+06 6.085077190077046398e+05 -4.410814418978432193e+06
-4.556805756272959523e+06 6.081763403237351449e+05 -4.410814418978432193e+06
-4.556849972048068419e+06 6.078449585029598093e+05 -4.410814418978432193e+06
-4.556894163734901696e+06 6.075135733880673070e+05 -4.410814418978432193e+06
-4.556938331322611310e+06 6.071821850603385828e+05 -4.410814418978432193e+06
-4.556982474800370634e+06 6.068507936010640115e+05 -4.410814418978432193e+06
-4.557026594189135358e+06 6.065193988529274939e+05 -4.410814418978432193e+06
-4.557070689478076994e+06 6.061880008972103242e+05 -4.410814418978432193e+06
-4.557114760656384751e+06 6.058565998152095126e+05 -4.410814418978432193e+06
-4.557158807744982652e+06 6.055251954496001126e+05 -4.410814418978432193e+06
-4.557202830733056180e+06 6.051937878816741286e+05 -4.410814418978432193e+06
-4.557246829609815963e+06 6.048623771927205380e+05 -4.410814418978432193e+06
-4.557290804396149702e+06 6.045309632254140452e+05 -4.410814418978432193e+06
-4.557334755081260577e+06 6.041995460610489827e+05 -4.410814418978432193e+06
-4.557378681654377840e+06 6.038681257809166564e+05 -4.410814418978432193e+06
-4.557422584136353806e+06 6.035367022276850184e+05 -4.410814418978432193e+06
-4.557466462516410276e+06 6.032052754826551536e+05 -4.410814418978432193e+06
-4.557510316783794202e+06 6.028738456271163886e+05 -4.410814418978432193e+06
-4.557554146959323436e+06 6.025424125037406338e+05 -4.410814418978432193e+06
-4.557597953032236546e+06 6.022109761938207084e+05 -4.410814418978432193e+06
-4.557641734991800040e+06 6.018795367786525749e+05 -4.410814418978432193e+06
-4.557685492858795449e+06 6.015480941009033704e+05 -4.410814418978432193e+06
-4.557729226622481830e+06 6.012166482418644009e+05 -4.410814418978432193e+06
-4.557772936272140592e+06 6.008851992828442017e+05 -4.410814418978432193e+06
-4.557816621828519739e+06 6.005537470664972207e+05 -4.410814418978432193e+06
-4.557860283280896954e+06 6.002222916741210502e+05 -4.410814418978432193e+06
-4.557903920618569478e+06 5.998908331870224793e+05 -4.410814418978432193e+06
-4.557947533862253651e+06 5.995593714478536276e+05 -4.410814418978432193e+06
-4.557991123001243919e+06 5.992279065379144158e+05 -4.410814418978432193e+06
-4.558034688024854288e+06 5.988964385385138448e+05 -4.410814418978432193e+06
-4.558078228953768499e+06 5.985649672922954196e+05 -4.410814418978432193e+06
-4.558121745777294971e+06 5.982334928805717500e+05 -4.410814418978432193e+06
-4.558165238484770991e+06 5.979020153846457833e+05 -4.410814418978432193e+06
-4.558208707096841186e+06 5.975705346471607918e+05 -4.410814418978432193e+06
-4.558252151602834463e+06 5.972390507494275225e+05 -4.410814418978432193e+06
-4.558295571992103942e+06 5.969075637727534631e+05 -4.410814418978432193e+06
-4.558338968285262585e+06 5.965760735597771127e+05 -4.410814418978432193e+06
-4.558382340471655130e+06 5.962445801918096840e+05 -4.410814418978432193e+06
-4.558425688540652394e+06 5.959130837501630886e+05 -4.410814418978432193e+06
-4.558469012512831949e+06 5.955815840774753597e+05 -4.410814418978432193e+06
-4.558512312377559021e+06 5.952500812550556147e+05 -4.410814418978432193e+06
-4.558555588124221191e+06 5.949185753642165801e+05 -4.410814418978432193e+06
-4.558598839773360640e+06 5.945870662475934951e+05 -4.410814418978432193e+06
-4.513292221014246345e+06 8.726976823833627859e+05 -4.411148726000405848e+06
-4.556133230967477895e+06 6.107846582706959452e+05 -4.411148726000405848e+06
-4.556177636437222362e+06 6.104533252709164517e+05 -4.411148726000405848e+06
-4.556222017811632715e+06 6.101219890427559149e+05 -4.411148726000405848e+06
-4.556266375079831108e+06 6.097906496674859663e+05 -4.411148726000405848e+06
-4.556310708262872882e+06 6.094593069878210081e+05 -4.411148726000405848e+06
-4.556355017349876463e+06 6.091279610850318568e+05 -4.411148726000405848e+06
-4.556399302329980768e+06 6.087966120403924724e+05 -4.411148726000405848e+06
-4.556443563224209473e+06 6.084652596966108540e+05 -4.411148726000405848e+06
-4.556487800021696836e+06 6.081339041349621257e+05 -4.411148726000405848e+06
-4.556532012711601332e+06 6.078025454367263010e+05 -4.411148726000405848e+06
-4.556576201314909384e+06 6.074711834446032299e+05 -4.411148726000405848e+06
-4.556620365820775740e+06 6.071398182398680365e+05 -4.411148726000405848e+06
-4.556664506218374707e+06 6.068084499038056238e+05 -4.411148726000405848e+06
-4.556708622528659180e+06 6.064770782791107194e+05 -4.411148726000405848e+06
-4.556752714740801603e+06 6.061457034470590297e+05 -4.411148726000405848e+06
-4.556796782843993977e+06 6.058143254889417440e+05 -4.411148726000405848e+06
-4.556840826859156601e+06 6.054829442474450916e+05 -4.411148726000405848e+06
-4.556884846775476821e+06 6.051515598038551398e+05 -4.411148726000405848e+06
-4.556928842582165264e+06 6.048201722394555109e+05 -4.411148726000405848e+06
-4.556972814300108701e+06 6.044887813969316194e+05 -4.411148726000405848e+06
-4.557016761918511242e+06 6.041573873575722100e+05 -4.411148726000405848e+06
-4.557060685426602140e+06 6.038259902026630007e+05 -4.411148726000405848e+06
-4.557104584845232777e+06 6.034945897748830030e+05 -4.411148726000405848e+06
-4.557148460163625889e+06 6.031631861555272480e+05 -4.411148726000405848e+06
-4.557192311371029355e+06 6.028317794258798240e+05 -4.411148726000405848e+06
-4.557236138488258235e+06 6.025003694286232349e+05 -4.411148726000405848e+06
-4.557279941504553892e+06 6.021689562450449448e+05 -4.411148726000405848e+06
-4.557323720409181900e+06 6.018375399564350955e+05 -4.411148726000405848e+06
-4.557367475222922862e+06 6.015061204054718837e+05 -4.411148726000405848e+06
-4.557411205935036764e+06 6.011746976734409109e+05 -4.411148726000405848e+06
-4.557454912534805015e+06 6.008432718416448915e+05 -4.411148726000405848e+06
-4.557498595042975619e+06 6.005118427527494496e+05 -4.411148726000405848e+06
-4.557542253448825330e+06 6.001804104880463565e+05 -4.411148726000405848e+06
-4.557585887741654180e+06 5.998489751288368134e+05 -4.411148726000405848e+06
-4.557629497942175716e+06 5.995175365177839994e+05 -4.411148726000405848e+06
-4.557673084039683454e+06 5.991860947361820145e+05 -4.411148726000405848e+06
-4.557716646023496054e+06 5.988546498653342715e+05 -4.411148726000405848e+06
-4.557760183914292604e+06 5.985232017478952184e+05 -4.411148726000405848e+06
-4.557803697701384313e+06 5.981917504651716445e+05 -4.411148726000405848e+06
-4.557847187374107540e+06 5.978602960984611418e+05 -4.411148726000405848e+06
-4.557890652953105979e+06 5.975288384904176928e+05 -4.411148726000405848e+06
-4.557934094427710399e+06 5.971973777223465731e+05 -4.411148726000405848e+06
-4.557977511787272990e+06 5.968659138755494496e+05 -4.411148726000405848e+06
-4.512850287521834485e+06 8.732931567320101894e+05 -4.411483009694034234e+06
-4.555859677734149620e+06 6.104107240022482583e+05 -4.411483009694034234e+06
-4.555904056011348963e+06 6.100794108968116343e+05 -4.411483009694034234e+06
-4.555948410184018314e+06 6.097480946444851579e+05 -4.411483009694034234e+06
-4.555992740273212083e+06 6.094167750879942905e+05 -4.411483009694034234e+06
-4.556037046268048696e+06 6.090854523086041445e+05 -4.411483009694034234e+06
-4.556081328157668933e+06 6.087541263875830919e+05 -4.411483009694034234e+06
-4.556125585963094607e+06 6.084227971676499583e+05 -4.411483009694034234e+06
-4.556169819673459977e+06 6.080914647300742799e+05 -4.411483009694034234e+06
-4.556214029277925380e+06 6.077601291561304824e+05 -4.411483009694034234e+06
-4.556258214797475375e+06 6.074287902885292424e+05 -4.411483009694034234e+06
-4.556302376221264713e+06 6.070974482085400959e+05 -4.411483009694034234e+06
-4.556346513538468629e+06 6.067661029974422418e+05 -4.411483009694034234e+06
-4.556390626770040020e+06 6.064347544979413506e+05 -4.411483009694034234e+06
-4.556434715905151330e+06 6.061034027913075406e+05 -4.411483009694034234e+06
-4.556478780932994559e+06 6.057720479588262970e+05 -4.411483009694034234e+06
-4.556522821874489076e+06 6.054406898431947920e+05 -4.411483009694034234e+06
-4.556566838718822226e+06 6.051093285256935051e+05 -4.411483009694034234e+06
-4.556610831455207430e+06 6.047779640876003541e+05 -4.411483009694034234e+06
-4.556654800104527734e+06 6.044465963716116967e+05 -4.411483009694034234e+06
-4.556698744655989110e+06 6.041152254590105731e+05 -4.411483009694034234e+06
-4.556742665098822676e+06 6.037838514310771134e+05 -4.411483009694034234e+06
-4.556786561453876086e+06 6.034524741305011557e+05 -4.411483009694034234e+06
-4.556830433710373938e+06 6.031210936385723762e+05 -4.411483009694034234e+06
-4.556874281857564114e+06 6.027897100365688093e+05 -4.411483009694034234e+06
-4.556918105916261673e+06 6.024583231671841349e+05 -4.411483009694034234e+06
-4.556961905875707045e+06 6.021269331117002293e+05 -4.411483009694034234e+06
-4.557005681725167669e+06 6.017955399514012970e+05 -4.411483009694034234e+06
-4.557049433485423215e+06 6.014641435289767105e+05 -4.411483009694034234e+06
-4.557093161145732738e+06 6.011327439257064834e+05 -4.411483009694034234e+06
-4.557136864695380442e+06 6.008013412228873931e+05 -4.411483009694034234e+06
-4.557180544155111536e+06 6.004699352631962392e+05 -4.411483009694034234e+06
-4.557224199514203705e+06 6.001385261279190890e+05 -4.411483009694034234e+06
-4.557267830761956982e+06 5.998071138983514393e+05 -4.411483009694034234e+06
-4.557311437919083983e+06 5.994756984171672957e+05 -4.411483009694034234e+06
-4.557355020974881016e+06 5.991442797656554030e+05 -4.411483009694034234e+06
-4.557398579918663949e+06 5.988128580251132371e+05 -4.411483009694034234e+06
-4.557442114771112800e+06 5.984814330382064218e+05 -4.411483009694034234e+06
-4.557485625521538779e+06 5.981500048862360418e+05 -4.411483009694034234e+06
-4.561467987761676311e+06 5.669818796101901680e+05 -4.411483009694034234e+06
-4.512408252420532517e+06 8.738885164480899693e+05 -4.411817270049524494e+06
-4.555497295673336834e+06 6.106994062594786519e+05 -4.411817270049524494e+06
-4.555541694945061579e+06 6.103681195064478088e+05 -4.411817270049524494e+06
-4.555586070124815218e+06 6.100368295254865661e+05 -4.411817270049524494e+06
-4.555630421201720834e+06 6.097055363978552632e+05 -4.411817270049524494e+06
-4.555674748196831904e+06 6.093742399662900716e+05 -4.411817270049524494e+06
-4.555719051099268720e+06 6.090429403120506322e+05 -4.411817270049524494e+06
-4.555763329898170196e+06 6.087116375163994962e+05 -4.411817270049524494e+06
-4.555807584614559077e+06 6.083803314220666653e+05 -4.411817270049524494e+06
-4.555851815237568691e+06 6.080490221103157382e+05 -4.411817270049524494e+06
-4.555896021756360307e+06 6.077177096624156693e+05 -4.411817270049524494e+06
-4.555940204191919416e+06 6.073863939210879616e+05 -4.411817270049524494e+06
-4.555984362533397973e+06 6.070550749675965635e+05 -4.411817270049524494e+06
-4.556028496769974940e+06 6.067237528832150856e+05 -4.411817270049524494e+06
-4.556072606922599487e+06 6.063924275106600253e+05 -4.411817270049524494e+06
-4.556116692980445921e+06 6.060610989311959129e+05 -4.411817270049524494e+06
-4.556160754932707176e+06 6.057297672261025291e+05 -4.411817270049524494e+06
-4.556204792800300755e+06 6.053984322380879894e+05 -4.411817270049524494e+06
-4.556248806572414935e+06 6.050670940484271850e+05 -4.411817270049524494e+06
-4.556292796238263138e+06 6.047357527383923298e+05 -4.411817270049524494e+06
-4.556336761818728410e+06 6.044044081506908406e+05 -4.411817270049524494e+06
-4.556380703303016722e+06 6.040730603665999370e+05 -4.411817270049524494e+06
-4.556424620680359192e+06 6.037417094673940446e+05 -4.411817270049524494e+06
-4.556468513971603476e+06 6.034103552957741776e+05 -4.411817270049524494e+06
-4.556512383165974170e+06 6.030789979330241913e+05 -4.411817270049524494e+06
-4.556556228252720088e+06 6.027476374604164157e+05 -4.411817270049524494e+06
-4.556600049252653494e+06 6.024162737206557067e+05 -4.411817270049524494e+06
-4.556643846155018546e+06 6.020849067950181197e+05 -4.411817270049524494e+06
-4.556687618949080817e+06 6.017535367647821549e+05 -4.411817270049524494e+06
-4.556731367655619048e+06 6.014221634726483608e+05 -4.411817270049524494e+06
-4.556775092263893224e+06 6.010907869998906972e+05 -4.411817270049524494e+06
-4.556818792763188481e+06 6.007594074278007029e+05 -4.411817270049524494e+06
-4.561355458054099232e+06 5.652837879975376418e+05 -4.411817270049524494e+06
-4.561396554583251476e+06 5.649520754265817814e+05 -4.411817270049524494e+06
-4.512029698080051690e+06 8.741556395774894627e+05 -4.412151507081154734e+06
-4.555179291884010658e+06 6.106567754087229259e+05 -4.412151507081154734e+06
-4.555223688056373037e+06 6.103255117816948332e+05 -4.412151507081154734e+06
-4.555268060138446279e+06 6.099942449269616045e+05 -4.412151507081154734e+06
-4.555312408119353466e+06 6.096629749257779913e+05 -4.412151507081154734e+06
-4.555356732020148076e+06 6.093317016208912246e+05 -4.412151507081154734e+06
-4.555401031829949468e+06 6.090004250935550081e+05 -4.412151507081154734e+06
-4.555445307537898421e+06 6.086691454250265379e+05 -4.412151507081154734e+06
-4.555489559165015817e+06 6.083378624580465257e+05 -4.412151507081154734e+06
-4.555533786700435914e+06 6.080065762738729827e+05 -4.412151507081154734e+06
-4.555577990133320913e+06 6.076752869537692750e+05 -4.412151507081154734e+06
-4.555622169484653510e+06 6.073439943404678488e+05 -4.412151507081154734e+06
-4.555666324743588455e+06 6.070126985152270645e+05 -4.412151507081154734e+06
-4.555710455899304710e+06 6.066813995593145955e+05 -4.412151507081154734e+06
-4.555754562972749583e+06 6.063500973154582316e+05 -4.412151507081154734e+06
-4.555798645953098312e+06 6.060187918649165658e+05 -4.412151507081154734e+06
-4.555842704829543829e+06 6.056874832889637910e+05 -4.412151507081154734e+06
-4.555886739623003639e+06 6.053561714303191984e+05 -4.412151507081154734e+06
-4.555930750322666019e+06 6.050248563702517422e+05 -4.412151507081154734e+06
-4.555974736917745322e+06 6.046935381900279317e+05 -4.412151507081154734e+06
-4.556018699429122731e+06 6.043622167323663598e+05 -4.412151507081154734e+06
-4.556062637846005149e+06 6.040308920785385417e+05 -4.412151507081154734e+06
-4.556106552157624625e+06 6.036995643098131986e+05 -4.412151507081154734e+06
-4.556150442384826951e+06 6.033682332689022878e+05 -4.412151507081154734e+06
-4.556194308516838588e+06 6.030368990370840766e+05 -4.412151507081154734e+06
-4.556238150542907417e+06 6.027055616956251906e+05 -4.412151507081154734e+06
-4.556281968483846635e+06 6.023742210872413125e+05 -4.412151507081154734e+06
-4.560913619600298814e+06 5.662393779189146589e+05 -4.412151507081154734e+06
-4.511587503128102049e+06 8.747508019650860224e+05 -4.412485720779135823e+06
-4.511651104876828380e+06 8.744227077243144158e+05 -4.412485720779135823e+06
-4.554772405604883097e+06 6.112766125581201632e+05 -4.412485720779135823e+06
-4.554816846854154952e+06 6.109453785190585768e+05 -4.412485720779135823e+06
-4.554861264004631899e+06 6.106141413285105955e+05 -4.412485720779135823e+06
-4.554905657077397220e+06 6.102829008292371873e+05 -4.412485720779135823e+06
-4.554950026061554439e+06 6.099516571024839068e+05 -4.412485720779135823e+06
-4.554994370946230367e+06 6.096204102294999175e+05 -4.412485720779135823e+06
-4.555038691752472892e+06 6.092891600530433934e+05 -4.412485720779135823e+06
-4.555082988469405100e+06 6.089579066543624504e+05 -4.412485720779135823e+06
-4.555127261086167768e+06 6.086266501147084637e+05 -4.412485720779135823e+06
-4.555171509623778984e+06 6.082953902768333210e+05 -4.412485720779135823e+06
-4.555215734071376733e+06 6.079641272219893290e+05 -4.412485720779135823e+06
-4.555259934418120421e+06 6.076328610314340331e+05 -4.412485720779135823e+06
-4.555304110684993677e+06 6.073015915479109390e+05 -4.412485720779135823e+06
-4.555348262861151248e+06 6.069703188526727026e+05 -4.412485720779135823e+06
-4.555392390935773030e+06 6.066390430269814096e+05 -4.412485720779135823e+06
-4.555436494929804467e+06 6.063077639135756763e+05 -4.412485720779135823e+06
-4.555480574832421727e+06 6.059764815937086241e+05 -4.412485720779135823e+06
-4.555524630632819608e+06 6.056451961486486252e+05 -4.412485720779135823e+06
-4.555568662351912819e+06 6.053139074211260304e+05 -4.412485720779135823e+06
-4.555612669978890568e+06 6.049826154924039729e+05 -4.412485720779135823e+06
-4.555656653502968140e+06 6.046513204437436070e+05 -4.412485720779135823e+06
-4.511208851691490971e+06 8.750177874320602277e+05 -4.412819911133678630e+06
-4.554454359849479981e+06 6.112339289913710672e+05 -4.412819911133678630e+06
-4.554498797995556146e+06 6.109027180813641753e+05 -4.412819911133678630e+06
-4.554543212044519372e+06 6.105715040200910298e+05 -4.412819911133678630e+06
-4.554587602017452940e+06 6.102402866503233090e+05 -4.412819911133678630e+06
-4.554631967903460376e+06 6.099090660533012124e+05 -4.412819911133678630e+06
-4.554676309691668488e+06 6.095778423102680827e+05 -4.412819911133678630e+06
-4.554720627403126098e+06 6.092466152639931533e+05 -4.412819911133678630e+06
-4.554764921026954427e+06 6.089153849957187194e+05 -4.412819911133678630e+06
-4.554809190552297048e+06 6.085841515866905684e+05 -4.412819911133678630e+06
-4.554853436000168324e+06 6.082529148796716472e+05 -4.412819911133678630e+06
-4.554897657359709032e+06 6.079216749559084419e+05 -4.412819911133678630e+06
-4.554941854620078579e+06 6.075904318966529099e+05 -4.412819911133678630e+06
-4.554986027802258730e+06 6.072591855446595000e+05 -4.412819911133678630e+06
-4.555030176895406097e+06 6.069279359811751638e+05 -4.412819911133678630e+06
-4.555074301888699643e+06 6.065966832874563988e+05 -4.412819911133678630e+06
-4.555118402803084813e+06 6.062654273062527645e+05 -4.412819911133678630e+06
-4.555162479627737775e+06 6.059341681188117946e+05 -4.412819911133678630e+06
-4.555206532351854257e+06 6.056029058063960401e+05 -4.412819911133678630e+06
-4.556776384802885354e+06 5.936753412471390329e+05 -4.412819911133678630e+06
-4.510830161404579878e+06 8.752847179008570965e+05 -4.413154078159059398e+06
-4.511021011556011625e+06 8.743005865994979395e+05 -4.413154078159059398e+06
-4.511084580565648153e+06 8.739725335563498084e+05 -4.413154078159059398e+06
-4.554225135990080424e+06 6.105288634816418635e+05 -4.413154078159059398e+06
-4.554269522862947546e+06 6.101976692431322299e+05 -4.413154078159059398e+06
-4.554313885650570504e+06 6.098664717775936006e+05 -4.413154078159059398e+06
-4.554358224342077971e+06 6.095352711662634974e+05 -4.413154078159059398e+06
-4.554402538958515041e+06 6.092040672519223299e+05 -4.413154078159059398e+06
-4.554446829489004798e+06 6.088728601158066886e+05 -4.413154078159059398e+06
-4.554491095922692679e+06 6.085416498391567729e+05 -4.413154078159059398e+06
-4.554535338280591182e+06 6.082104362647462403e+05 -4.413154078159059398e+06
-4.554579556551840156e+06 6.078792194738161052e+05 -4.413154078159059398e+06
-4.554623750725601800e+06 6.075479995476126205e+05 -4.413154078159059398e+06
-4.554667920822855085e+06 6.072167763289012946e+05 -4.413154078159059398e+06
-4.554712066832757555e+06 6.068855498989233747e+05 -4.413154078159059398e+06
-4.554756188744490035e+06 6.065543203389295377e+05 -4.413154078159059398e+06
-4.510451432298216037e+06 8.755515932885603979e+05 -4.413488221845487133e+06
-4.553995779312211089e+06 6.098238742766093928e+05 -4.413488221845487133e+06
-4.554040114906781353e+06 6.094926967987340176e+05 -4.413488221845487133e+06
-4.554084426427964121e+06 6.091615160180781968e+05 -4.413488221845487133e+06
-4.554128713864882477e+06 6.088303320158730494e+05 -4.413488221845487133e+06
-4.554172977206680924e+06 6.084991448733527213e+05 -4.413488221845487133e+06
-4.554217216474371962e+06 6.081679544333022786e+05 -4.413488221845487133e+06
-4.554261431657095440e+06 6.078367607769570313e+05 -4.413488221845487133e+06
-4.554305622744015418e+06 6.075055639855572954e+05 -4.413488221845487133e+06
-4.508344306203778833e+06 8.846722265136266360e+05 -4.413822342183177359e+06
-4.508408629452056251e+06 8.843443681772607379e+05 -4.413822342183177359e+06
-4.553721981395090930e+06 6.094501192089258693e+05 -4.413822342183177359e+06
-4.553766289820785634e+06 6.091189615637063980e+05 -4.413822342183177359e+06
-4.553810574163896963e+06 6.087878006971625146e+05 -4.413822342183177359e+06
-4.553854834413572215e+06 6.084566366905228933e+05 -4.413822342183177359e+06
-4.553899070590822026e+06 6.081254693865834270e+05 -4.413822342183177359e+06
-4.557020769831792451e+06 5.842730825275683310e+05 -4.413822342183177359e+06
-4.560787504716859199e+06 5.541034817280707648e+05 -4.413822342183177359e+06
-4.509693857682013884e+06 8.760851787208548049e+05 -4.414156439186399803e+06
-4.553403823793422431e+06 6.094075383950209944e+05 -4.414156439186399803e+06
-4.553448129123393446e+06 6.090764038869895739e+05 -4.414156439186399803e+06
-4.553669294533864595e+06 6.074206832243151730e+05 -4.414156439186399803e+06
-4.553713455374936573e+06 6.070895294159589102e+05 -4.414156439186399803e+06
-4.556659883130348288e+06 5.845636320023310836e+05 -4.414156439186399803e+06
-4.556744856274961494e+06 5.839008864532707958e+05 -4.414156439186399803e+06
-4.509123714529803954e+06 8.773356478926223936e+05 -4.414490512845369987e+06
-4.509187504260360263e+06 8.770077328167909291e+05 -4.414490512845369987e+06
-4.552996965416995808e+06 6.100271673473617993e+05 -4.414490512845369987e+06
-4.556511311938847415e+06 5.831973732550163986e+05 -4.414490512845369987e+06
-4.556849831287695095e+06 5.805464039088775171e+05 -4.414490512845369987e+06
-4.508680939120809548e+06 8.779301030340683647e+05 -4.414824563150305301e+06
-4.508744772082537413e+06 8.776022201562039554e+05 -4.414824563150305301e+06
-4.552501135936725885e+06 6.113088285797379212e+05 -4.414824563150305301e+06
-4.556023040624830872e+06 5.844819329118597088e+05 -4.414824563150305301e+06
-4.556150446375355124e+06 5.834879489744114690e+05 -4.414824563150305301e+06
-4.556192866772180423e+06 5.831566147948674625e+05 -4.414824563150305301e+06
-4.556362307392929681e+06 5.818312473335266113e+05 -4.414824563150305301e+06
-4.508301938502624631e+06 8.781965926961079240e+05 -4.415158590115469880e+06
-4.552138460156911053e+06 6.115971416625798447e+05 -4.415158590115469880e+06
-4.552182924712016247e+06 6.112660992480561836e+05 -4.415158590115469880e+06
-4.552227365203585476e+06 6.109350535214019474e+05 -4.415158590115469880e+06
-4.556043826279632747e+06 5.817905784290584270e+05 -4.415158590115469880e+06
-4.556086123230312951e+06 5.814592520871574525e+05 -4.415158590115469880e+06
-4.556549799459942617e+06 5.778144591225892073e+05 -4.415158590115469880e+06
-4.507859003585219383e+06 8.787908502605372341e+05 -4.415492593731082045e+06
-4.551329563248626888e+06 6.151953847397046629e+05 -4.415492593731082045e+06
-4.551374289488179609e+06 6.148644010608642129e+05 -4.415492593731082045e+06
-4.551418991657800041e+06 6.145334141303128563e+05 -4.415492593731082045e+06
-4.551463669746532105e+06 6.142024240292421309e+05 -4.415492593731082045e+06
-4.551508323775584809e+06 6.138714306005268591e+05 -4.415492593731082045e+06
-4.551552953733995557e+06 6.135404339253518265e+05 -4.415492593731082045e+06
-4.551597559610826895e+06 6.132094340849114815e+05 -4.415492593731082045e+06
-4.551642141427253373e+06 6.128784309220712166e+05 -4.415492593731082045e+06
-4.551686699172330089e+06 6.125474245180290891e+05 -4.415492593731082045e+06
-4.551731232835136354e+06 6.122164149539731443e+05 -4.415492593731082045e+06
-4.551775742436814122e+06 6.118854020727688912e+05 -4.415492593731082045e+06
-4.551820227966436185e+06 6.115543859556120588e+05 -4.415492593731082045e+06
-4.551864689413100481e+06 6.112233666836956982e+05 -4.415492593731082045e+06
-4.551909126797910780e+06 6.108923440998801962e+05 -4.415492593731082045e+06
-4.551953540109961294e+06 6.105613182853619801e+05 -4.415492593731082045e+06
-4.551997929338364862e+06 6.102302893213385250e+05 -4.415492593731082045e+06
-4.555767615065484308e+06 5.814186032683476806e+05 -4.415492593731082045e+06
-4.507352004743849859e+06 8.797127791493444238e+05 -4.415826573987359181e+06
-4.507415967348967679e+06 8.793849929096088745e+05 -4.415826573987359181e+06
-4.551279318924330175e+06 6.131665594263517996e+05 -4.415826573987359181e+06
-4.551323897623664699e+06 6.128355794067425886e+05 -4.415826573987359181e+06
-4.551368452253332362e+06 6.125045961461580591e+05 -4.415826573987359181e+06
-4.551412982802414335e+06 6.121736097257806687e+05 -4.415826573987359181e+06
-4.551457489292049780e+06 6.118426199884868693e+05 -4.415826573987359181e+06
-4.551501971711311489e+06 6.115116270154668018e+05 -4.415826573987359181e+06
-4.551546430049299262e+06 6.111806308879078133e+05 -4.415826573987359181e+06
-4.551590864327116869e+06 6.108496314486812335e+05 -4.415826573987359181e+06
-4.551635274533856660e+06 6.105186287789777853e+05 -4.415826573987359181e+06
-4.551679660658634268e+06 6.101876229599892395e+05 -4.415826573987359181e+06
-4.555491349770450033e+06 5.810466682063217741e+05 -4.415826573987359181e+06
-4.555533592634056695e+06 5.807153819640964502e+05 -4.415826573987359181e+06
-4.506844794364636764e+06 8.806345239894132828e+05 -4.416160530898567289e+06
-4.506908824002277106e+06 8.803067746326249326e+05 -4.416160530898567289e+06
-4.550424270003045909e+06 6.170949102860370185e+05 -4.416160530898567289e+06
-4.550469134382399730e+06 6.167639924369616201e+05 -4.416160530898567289e+06
-4.551050181256799027e+06 6.124617645340304589e+05 -4.416160530898567289e+06
-4.551094708691920154e+06 6.121308012590827420e+05 -4.416160530898567289e+06
-4.551139212069277652e+06 6.117998346674503991e+05 -4.416160530898567289e+06
-4.551183691377944313e+06 6.114688648403179832e+05 -4.416160530898567289e+06
-4.551228146607021801e+06 6.111378918588673696e+05 -4.416160530898567289e+06
-4.551272577777610160e+06 6.108069155659807147e+05 -4.416160530898567289e+06
-4.551316984878804535e+06 6.104759360428431537e+05 -4.416160530898567289e+06
-4.551361367899721488e+06 6.101449533706407528e+05 -4.416160530898567289e+06
-4.555257246184177697e+06 5.803435072611939395e+05 -4.416160530898567289e+06
-4.556013011187242344e+06 5.743801939710673178e+05 -4.416160530898567289e+06
-4.506401469170779921e+06 8.812283722704630345e+05 -4.416494464454923756e+06
-4.506465541980087757e+06 8.809006552302748896e+05 -4.416494464454923756e+06
-4.550016224051948637e+06 6.177135309373304481e+05 -4.416494464454923756e+06
-4.550061133419747464e+06 6.173826427605604986e+05 -4.416494464454923756e+06
-4.554980845660362393e+06 5.799716726756824646e+05 -4.416494464454923756e+06
-4.555443332255577669e+06 5.763277644250846934e+05 -4.416494464454923756e+06
-4.505958042738626711e+06 8.818221056399621302e+05 -4.416828374646651559e+06
-4.506022158741993830e+06 8.814944207664367277e+05 -4.416828374646651559e+06
-4.505450332109154202e+06 8.827433718718411401e+05 -4.417162261488008313e+06
-4.505514515110240318e+06 8.824157239176413277e+05 -4.417162261488008313e+06
-4.549019571091637015e+06 6.202737278906942811e+05 -4.417162261488008313e+06
-4.549064666634042747e+06 6.199429122652043588e+05 -4.417162261488008313e+06
-4.549109738129556179e+06 6.196120932817509165e+05 -4.417162261488008313e+06
-4.549154785567114130e+06 6.192812710214824183e+05 -4.417162261488008313e+06
-4.505006660143533722e+06 8.833368428546373034e+05 -4.417496124969212338e+06
-4.505070886304223910e+06 8.830092271636067890e+05 -4.417496124969212338e+06
-4.548384958782455884e+06 6.225457835400666809e+05 -4.417496124969212338e+06
-4.548475456284171902e+06 6.218842412077068584e+05 -4.417496124969212338e+06
-4.548520668958679773e+06 6.215534650677114259e+05 -4.417496124969212338e+06
-4.548565857578346506e+06 6.212226856406298466e+05 -4.417496124969212338e+06
-4.548611022132095881e+06 6.208919030076031340e+05 -4.417496124969212338e+06
-4.548656162641368806e+06 6.205611170116041321e+05 -4.417496124969212338e+06
-4.548701279095084406e+06 6.202303277337651234e+05 -4.417496124969212338e+06
-4.548746371482185088e+06 6.198995352552334080e+05 -4.417496124969212338e+06
-4.550353674517442472e+06 6.079888343445156934e+05 -4.417496124969212338e+06
-4.550397876684401184e+06 6.076579216533659492e+05 -4.417496124969212338e+06
-4.550442054786590859e+06 6.073270057486187434e+05 -4.417496124969212338e+06
-4.554109211968797259e+06 5.791875959850412328e+05 -4.417496124969212338e+06
-4.548021383205119520e+06 6.228329611909267260e+05 -4.417829965080494992e+06
-4.548066664873697795e+06 6.225022180695494171e+05 -4.417829965080494992e+06
-4.548111922489835881e+06 6.221714716560704401e+05 -4.417829965080494992e+06
-4.548157156042440794e+06 6.218407220316206804e+05 -4.417829965080494992e+06
-4.548202365552986041e+06 6.215099690391890472e+05 -4.417829965080494992e+06
-4.548247551010373980e+06 6.211792127599010710e+05 -4.417829965080494992e+06
-4.548292712403528392e+06 6.208484532748924103e+05 -4.417829965080494992e+06
-4.548337849753889255e+06 6.205176904271469684e+05 -4.417829965080494992e+06
-4.550035242838853970e+06 6.079462875626760069e+05 -4.417829965080494992e+06
-4.550079441912565380e+06 6.076153980286457809e+05 -4.417829965080494992e+06
-4.550123616923191585e+06 6.072845052812428912e+05 -4.417829965080494992e+06
-4.550167767859905958e+06 6.069536094016339630e+05 -4.417829965080494992e+06
-4.555702405489556491e+06 5.639104470157816540e+05 -4.417829965080494992e+06
-4.502633252830049954e+06 8.920558207762272796e+05 -4.418163781836107373e+06
-4.503925932534606196e+06 8.855060649786329595e+05 -4.418163781836107373e+06
-4.503990316448451020e+06 8.851785278746022377e+05 -4.418163781836107373e+06
-4.504054676542953588e+06 8.848509860893049045e+05 -4.418163781836107373e+06
-4.504119012802335434e+06 8.845234397030881373e+05 -4.418163781836107373e+06
-4.504183325257138349e+06 8.841958885604571551e+05 -4.418163781836107373e+06
-4.547703068405541591e+06 6.227893692786406027e+05 -4.418163781836107373e+06
-4.549760983070008457e+06 6.075728711895331508e+05 -4.418163781836107373e+06
-4.549805154988837428e+06 6.072420016012251144e+05 -4.418163781836107373e+06
-4.549849302835440263e+06 6.069111288809302496e+05 -4.418163781836107373e+06
-4.549893426630773582e+06 6.065802528715790249e+05 -4.418163781836107373e+06
-4.555424546909715980e+06 5.635397007168846903e+05 -4.418163781836107373e+06
-4.502318068863433786e+06 8.919933769403098850e+05 -4.418497575226274319e+06
-4.502382924552205950e+06 8.916659567462779814e+05 -4.418497575226274319e+06
-4.503610658080513589e+06 8.854440796250961721e+05 -4.418497575226274319e+06
-4.503675037487490103e+06 8.851165654486364219e+05 -4.418497575226274319e+06
-4.547203387771952897e+06 6.240685282521529589e+05 -4.418497575226274319e+06
-4.547248759284786880e+06 6.237378446931836661e+05 -4.418497575226274319e+06
-4.547294106760398485e+06 6.234071577562169405e+05 -4.418497575226274319e+06
-4.547339430187654682e+06 6.230764675223630620e+05 -4.418497575226274319e+06
-4.549486668992852792e+06 6.071994947098098928e+05 -4.418497575226274319e+06
-4.549530813749109395e+06 6.068686451505789300e+05 -4.418497575226274319e+06
-4.549574934455780312e+06 6.065377923025216442e+05 -4.418497575226274319e+06
-4.549619031102034263e+06 6.062069362467887113e+05 -4.418497575226274319e+06
-4.553656652870860882e+06 5.750923973453991348e+05 -4.418497575226274319e+06
-4.555146634400120936e+06 5.631689949143043486e+05 -4.418497575226274319e+06
-4.503230961116681807e+06 8.857095760765993036e+05 -4.418831345241221599e+06
-4.546703323738812469e+06 6.253474459979040548e+05 -4.418831345241221599e+06
-4.549168158944565803e+06 6.071569846082420554e+05 -4.418831345241221599e+06
-4.549212300610243343e+06 6.068261582118241349e+05 -4.418831345241221599e+06
-4.549256418228019029e+06 6.064953285268102773e+05 -4.418831345241221599e+06
-4.549300511787062511e+06 6.061644956343451049e+05 -4.418831345241221599e+06
-4.502851225518942811e+06 8.859750173777196323e+05 -4.419165091895199381e+06
-4.546202876402465627e+06 6.266261223128543934e+05 -4.419165091895199381e+06
-4.546248433922334574e+06 6.262955114270040067e+05 -4.419165091895199381e+06
-4.546293967399379238e+06 6.259648972289932426e+05 -4.419165091895199381e+06
-4.548893763405240141e+06 6.067836680628517643e+05 -4.419165091895199381e+06
-4.548937877933886833e+06 6.064528615426312899e+05 -4.419165091895199381e+06
-4.548981968405485153e+06 6.061220518151841825e+05 -4.419165091895199381e+06
-4.552935344564304687e+06 5.756740734061329858e+05 -4.419165091895199381e+06
-4.502535888638639823e+06 8.859129721126167569e+05 -4.419498815178440884e+06
-4.545747696362941526e+06 6.275739826087211259e+05 -4.419498815178440884e+06
-4.548575202143421397e+06 6.067411747049053665e+05 -4.419498815178440884e+06
-4.548619313582706265e+06 6.064103913512277650e+05 -4.419498815178440884e+06
-4.548663400966628455e+06 6.060796047905482119e+05 -4.419498815178440884e+06
-4.552658349501864053e+06 5.753026815054196632e+05 -4.419498815178440884e+06
-4.552741975728018209e+06 5.746405181332911598e+05 -4.419498815178440884e+06
-4.502156095147199929e+06 8.861783305634469725e+05 -4.419832515081165358e+06
-4.545383661810827442e+06 6.278605781337820226e+05 -4.419832515081165358e+06
-4.552381300423209555e+06 5.749313299763611285e+05 -4.419832515081165358e+06
-4.552423098575059325e+06 5.746002699194950983e+05 -4.419832515081165358e+06
-4.545019585560331121e+06 6.281471207874108804e+05 -4.420166191617628559e+06
-4.501460863792115822e+06 8.863815284994991962e+05 -4.420499844778057188e+06
-4.544426662307470106e+06 6.300860522390240803e+05 -4.420499844778057188e+06
-4.544564017609323375e+06 6.290945971535429126e+05 -4.420499844778057188e+06
-4.544609754646096379e+06 6.287641054423493333e+05 -4.420499844778057188e+06
-4.500951968694207259e+06 8.873013951202007011e+05 -4.420833474552676082e+06
-4.501016483160538599e+06 8.869740743627481861e+05 -4.420833474552676082e+06
-4.544062398600883782e+06 6.303723565450012684e+05 -4.420833474552676082e+06
-4.544108228560276330e+06 6.300419013091976522e+05 -4.420833474552676082e+06
-4.544154034488162026e+06 6.297114427414146485e+05 -4.420833474552676082e+06
-4.544199816373315640e+06 6.293809809227188816e+05 -4.420833474552676082e+06
-4.544245574237468652e+06 6.290505156962333713e+05 -4.420833474552676082e+06
-4.500442862687620334e+06 8.882210771859391825e+05 -4.421167080955740996e+06
-4.543514449871785939e+06 6.319802893125460250e+05 -4.421167080955740996e+06
-4.543560396764806472e+06 6.316498739204498706e+05 -4.421167080955740996e+06
-4.543789770773933269e+06 6.299977470463362988e+05 -4.421167080955740996e+06
-4.543835573491672054e+06 6.296673116375756217e+05 -4.421167080955740996e+06
-4.500062818492038175e+06 8.884860764650315978e+05 -4.421500663977475837e+06
-4.543104027939515188e+06 6.325967671166922664e+05 -4.421500663977475837e+06
-4.543150019654120319e+06 6.322663816489835735e+05 -4.421500663977475837e+06
-4.543195987353328615e+06 6.319359927582442760e+05 -4.421500663977475837e+06
-4.543471288957773708e+06 6.299535894517339766e+05 -4.421500663977475837e+06
-4.499682735765466467e+06 8.887510204676276771e+05 -4.421834223608113825e+06
-4.542739535322505981e+06 6.328827799410455627e+05 -4.421834223608113825e+06
-4.499237951552603394e+06 8.893431053011548938e+05 -4.422167759861901402e+06
-4.499302614516313188e+06 8.890159091066025430e+05 -4.422167759861901402e+06
-4.542328943768947385e+06 6.334990688523941208e+05 -4.422167759861901402e+06
-4.542375001102825627e+06 6.331687397480041254e+05 -4.422167759861901402e+06
-4.495790876671543345e+06 9.049794947658850579e+05 -4.422501272729064338e+06
-4.498857772507236339e+06 8.896079110827577533e+05 -4.422501272729064338e+06
-4.541733596217262559e+06 6.354364120045483578e+05 -4.422501272729064338e+06
-4.541779794440262020e+06 6.351061261899243109e+05 -4.422501272729064338e+06
-4.498477554974551313e+06 8.898726614897422260e+05 -4.422834762199843302e+06
-4.498097298916393891e+06 8.901373566705413396e+05 -4.423168228288476355e+06
-4.495239263205845840e+06 9.028277428854971658e+05 -4.423501670985197648e+06
-4.497652240620804019e+06 8.907290773460927885e+05 -4.423501670985197648e+06
-4.493473791819118895e+06 9.099546011971621774e+05 -4.423835090280245058e+06
-4.494595311707293615e+06 9.043987383803648409e+05 -4.423835090280245058e+06
-4.496752768217676319e+06 8.936098900145654334e+05 -4.423835090280245058e+06
-4.496817741461731493e+06 8.932828746148608625e+05 -4.423835090280245058e+06
-4.496882690939973108e+06 8.929558544125470798e+05 -4.423835090280245058e+06
-4.496947616636461578e+06 8.926288294878384331e+05 -4.423835090280245058e+06
-4.497012518535277806e+06 8.923017999209532281e+05 -4.423835090280245058e+06
-4.497077396667233668e+06 8.919747655566461617e+05 -4.423835090280245058e+06
-4.497142251016406342e+06 8.916477264751305338e+05 -4.423835090280245058e+06
-4.497207081566895358e+06 8.913206827566303546e+05 -4.423835090280245058e+06
-4.540042611924418248e+06 6.382297203324878355e+05 -4.423835090280245058e+06
-4.495851427840817720e+06 8.964899021204732126e+05 -4.424168486187851056e+06
-4.495916610527613200e+06 8.961629522604623344e+05 -4.424168486187851056e+06
-4.495981769453410991e+06 8.958359975826310692e+05 -4.424168486187851056e+06
-4.539584683651903644e+06 6.391753325773316901e+05 -4.424168486187851056e+06
-4.539631153782518581e+06 6.388452030261255568e+05 -4.424168486187851056e+06
-4.494161661105366424e+06 9.032913517942703329e+05 -4.424501858698257245e+06
-4.494817364677120000e+06 9.000228666943396674e+05 -4.424501858698257245e+06
-4.494882804306744598e+06 8.996959919457222568e+05 -4.424501858698257245e+06
-4.495405465505345725e+06 8.970808230479180347e+05 -4.424501858698257245e+06
-4.495470691181948408e+06 8.967539055391756119e+05 -4.424501858698257245e+06
-4.539126534876544029e+06 6.401207720073802629e+05 -4.424501858698257245e+06
-4.491931353870819323e+06 9.127031806182824075e+05 -4.424835207801702432e+06
-4.494501856589711271e+06 8.999596907140369294e+05 -4.424835207801702432e+06
-4.494567291625882499e+06 8.996328389099839842e+05 -4.424835207801702432e+06
-4.494894110225849785e+06 8.979985087155936053e+05 -4.424835207801702432e+06
-4.494959402639795095e+06 8.976716283912308281e+05 -4.424835207801702432e+06
-4.495024671282156371e+06 8.973447433195374906e+05 -4.424835207801702432e+06
-4.490884506563843228e+06 9.162318476872438332e+05 -4.425168533512417227e+06
-4.493858816039689817e+06 9.015305826836468186e+05 -4.425168533512417227e+06
-4.493924365316059440e+06 9.012037776386720361e+05 -4.425168533512417227e+06
-4.493989890810597688e+06 9.008769679061154602e+05 -4.425168533512417227e+06
-4.494120870531418361e+06 9.002233339930069633e+05 -4.425168533512417227e+06
-4.494186324725573882e+06 8.998965099727846682e+05 -4.425168533512417227e+06
-4.494251755167946219e+06 8.995696811150251888e+05 -4.425168533512417227e+06
-4.494317161842480302e+06 8.992428474998915335e+05 -4.425168533512417227e+06
-4.494382544733137824e+06 8.989160092075571883e+05 -4.425168533512417227e+06
-4.538349533147735521e+06 6.410210331879048608e+05 -4.425168533512417227e+06
-4.493870769093945622e+06 8.998333244724323740e+05 -4.425501835820642300e+06
-4.537937602442773990e+06 6.416360475254267221e+05 -4.425501835820642300e+06
-4.493555189704070799e+06 8.997701342148310505e+05 -4.425835114716616459e+06
-4.537525564868807793e+06 6.422509521233664127e+05 -4.425835114716616459e+06
-4.537572258681400679e+06 6.419209722281519789e+05 -4.425835114716616459e+06
-4.536973060901357792e+06 6.438555763270469615e+05 -4.426168370214573108e+06
-4.537160158936335705e+06 6.425357971917772666e+05 -4.426168370214573108e+06
-4.487950361400298774e+06 9.241353355436600978e+05 -4.426501602304751985e+06
-4.536654361926088110e+06 6.438103487910571275e+05 -4.426501602304751985e+06
-4.536288811046993360e+06 6.440950078121726401e+05 -4.426834810977396555e+06
-4.536335638966381550e+06 6.437651178513631457e+05 -4.426834810977396555e+06
-4.535829449574037455e+06 6.450393301075259224e+05 -4.427167996246732771e+06
-4.535876346167700365e+06 6.447094735499349190e+05 -4.427167996246732771e+06
-4.535923218762145378e+06 6.443796136619636090e+05 -4.427167996246732771e+06
-4.534957100299963728e+06 6.465976653641985031e+05 -4.427834296536456794e+06
-4.534544225884476677e+06 6.472117417693481548e+05 -4.428167411561315879e+06
-4.534131244811451994e+06 6.478257082478745142e+05 -4.428500503167825751e+06
-4.534178344040757976e+06 6.474959751798609504e+05 -4.428500503167825751e+06
-4.533623797430613078e+06 6.490989606272799429e+05 -4.428833571346230805e+06
-4.533670989254795015e+06 6.487692644585154485e+05 -4.428833571346230805e+06
-4.533718157102667727e+06 6.484395648587360047e+05 -4.428833571346230805e+06
-4.533765300962669775e+06 6.481098619088159176e+05 -4.428833571346230805e+06
-4.533115969017019495e+06 6.503719690860655392e+05 -4.429166616110755131e+06
-4.532749818615001626e+06 6.506558565489165485e+05 -4.429499637451645918e+06
-4.532383626934750006e+06 6.509396907554430654e+05 -4.429832635359152220e+06
-4.532430952623893507e+06 6.506100847695616540e+05 -4.429832635359152220e+06
-4.531922629423154518e+06 6.518826199914520839e+05 -4.430165609847491607e+06
-4.531970023685270920e+06 6.515530475277671358e+05 -4.430165609847491607e+06
-4.532253885912959464e+06 6.495755406043870607e+05 -4.430165609847491607e+06
-4.531461412255408242e+06 6.528253756112599513e+05 -4.430498560906914063e+06
-4.531142497707024217e+06 6.527794311595928157e+05 -4.430831488527668640e+06
-4.530585919089414179e+06 6.543808939783459064e+05 -4.431164392723974772e+06
-4.530633495034690946e+06 6.540514187163811876e+05 -4.431164392723974772e+06
-4.530681047008313239e+06 6.537219400745396269e+05 -4.431164392723974772e+06
-4.530728575032854453e+06 6.533924578964194516e+05 -4.431164392723974772e+06
-4.479977197965297848e+06 9.292877240105746314e+05 -4.433494065825987607e+06
-4.477744564638412558e+06 9.305229436979673337e+05 -4.435490014091207646e+06
-4.525689660660107620e+06 6.566978339235027088e+05 -4.435822590040586889e+06
-4.477045223798288032e+06 9.307172585638934979e+05 -4.436155142539116554e+06
-4.476345783674165606e+06 9.309114569413040299e+05 -4.436820177144655958e+06
-4.522775425815947354e+06 6.676973312000065343e+05 -4.437152659256132320e+06
-4.474743321167188697e+06 9.322757638113038847e+05 -4.438149964780335315e+06
-4.473704189872032963e+06 9.340962063894176390e+05 -4.438814717774365097e+06
-4.472732277257168666e+06 9.355906360471764347e+05 -4.439479376877737232e+06
-4.518877181486907415e+06 6.741748975012857700e+05 -4.440143942060446367e+06
-4.471375577420227230e+06 9.373434038379098056e+05 -4.440476189434134401e+06
-4.470991342366742902e+06 9.376022891929477919e+05 -4.440808413316405378e+06
-4.470154525491741486e+06 9.384449734717482934e+05 -4.441472790639530867e+06
-4.468685141697867773e+06 9.391544273324649548e+05 -4.442801263391210698e+06
-4.465966702463480644e+06 9.426532875946509885e+05 -4.444793267619368620e+06
-4.465444677877034992e+06 9.435607606457016664e+05 -4.445125186064994894e+06
-4.512753031224072911e+06 6.823218883991445182e+05 -4.445125186064994894e+06
-4.464922446295690723e+06 9.444680457955388119e+05 -4.445457081002589315e+06
-4.464400007786936127e+06 9.453751429938523797e+05 -4.445788952422432601e+06
-4.464014946320648305e+06 9.456327975601410726e+05 -4.446120800338700414e+06
-4.463698622677319683e+06 9.455657892693148460e+05 -4.446452624741670676e+06
-4.463451022249782458e+06 9.451741871349863941e+05 -4.446784425621630624e+06
-4.463134646522741765e+06 9.451071918505878421e+05 -4.447116202992744744e+06
-4.463203364861049689e+06 9.447826210152189014e+05 -4.447116202992744744e+06
-4.463546602457789704e+06 9.431596920813056640e+05 -4.447116202992744744e+06
-4.463615179168817587e+06 9.428350912928050384e+05 -4.447116202992744744e+06
-4.462776517027704976e+06 9.436750571397772292e+05 -4.447779687169576995e+06
-4.462597246051976457e+06 9.429590904577246401e+05 -4.448111393979747780e+06
-4.462665808177351020e+06 9.426345587089060573e+05 -4.448111393979747780e+06
-4.509228770836631767e+06 6.861500703247814672e+05 -4.448111393979747780e+06
-4.509278657146295533e+06 6.858221481932845199e+05 -4.448111393979747780e+06
-4.462691736260718666e+06 9.409450863008215092e+05 -4.448443077266094275e+06
-4.462443594985608943e+06 9.405538266544279177e+05 -4.448774737018906511e+06
-4.461313843225689605e+06 9.396380309572034748e+05 -4.450101140763172880e+06
-4.460997158594585024e+06 9.395713311163800536e+05 -4.450432682869749144e+06
-4.458717297401314601e+06 9.472212850047561806e+05 -4.451095696464888752e+06
-4.459294093222387135e+06 9.429386822684545768e+05 -4.451427167957907543e+06
-4.459456762900475413e+06 9.406017252626030240e+05 -4.451758615901610814e+06
-4.456541506256446242e+06 9.481140004532069433e+05 -4.453084172251647338e+06
-4.455976889243751764e+06 9.476551707763127051e+05 -4.453746809128970839e+06
-4.455660076876114123e+06 9.475877941076674033e+05 -4.454078092242041603e+06
-4.455412134798005223e+06 9.471964081930038519e+05 -4.454409351799735799e+06
-4.455095270412494428e+06 9.471290445465531666e+05 -4.454740587792353705e+06
-4.454709498405030929e+06 9.473856340368813835e+05 -4.455071800234036520e+06
-4.453909778176358901e+06 9.495856425038099987e+05 -4.455402989115085453e+06
-4.454047842711198144e+06 9.489378374920435017e+05 -4.455402989115085453e+06
-4.454254762831837870e+06 9.479660924179942813e+05 -4.455402989115085453e+06
-4.454323689082219265e+06 9.476421674162256531e+05 -4.455402989115085453e+06
-4.453454733460338786e+06 9.501658182144252351e+05 -4.455734154425801709e+06
-4.452792064098145813e+06 9.517173477886605542e+05 -4.456065296180329286e+06
-4.500394834582187235e+06 6.925095010491017019e+05 -4.456065296180329286e+06
-4.500074538176136091e+06 6.924602146392432041e+05 -4.456396414368970320e+06
-4.500627026714402251e+06 6.888601922068548156e+05 -4.456396414368970320e+06
-4.500677110132403672e+06 6.885328956045737723e+05 -4.456396414368970320e+06
-4.500727169760607183e+06 6.882055952824399574e+05 -4.456396414368970320e+06
-4.500256563525783829e+06 6.891384281303371536e+05 -4.456727508982027881e+06
-4.453178095201389864e+06 9.436755591558682499e+05 -4.457389627514109947e+06
-4.452929584129149094e+06 9.432845343515344430e+05 -4.457720651413747109e+06
-4.498623609767207876e+06 6.912322967018400086e+05 -4.458051651746686548e+06
-4.498303159844991751e+06 6.911830582336048828e+05 -4.458382628503234126e+06
-4.452046638059644960e+06 9.427592105836687842e+05 -4.458713581673694775e+06
-4.452115185677242465e+06 9.424354460973021341e+05 -4.458713581673694775e+06
-4.451729413669806905e+06 9.426920355876152171e+05 -4.459044511272203177e+06
-4.451797956403139979e+06 9.423682941706366837e+05 -4.459044511272203177e+06
-4.451343604347017594e+06 9.429485689669456333e+05 -4.459375417289071716e+06
-4.451412165737005882e+06 9.426248556061366107e+05 -4.459375417289071716e+06
-4.451480703585710377e+06 9.423011372602581978e+05 -4.459375417289071716e+06
-4.448334277340006083e+06 9.555013748435083544e+05 -4.459706299714604393e+06
-4.451026337767222896e+06 9.428813609295552596e+05 -4.459706299714604393e+06
-4.451094894270543009e+06 9.425576706412024796e+05 -4.459706299714604393e+06
-4.451163427234258503e+06 9.422339753681357251e+05 -4.459706299714604393e+06
-4.450709047640572302e+06 9.428141479041260900e+05 -4.460037158562937751e+06
-4.450777599256861955e+06 9.424904806899420219e+05 -4.460037158562937751e+06
-4.450846127335224301e+06 9.421668084913993953e+05 -4.460037158562937751e+06
-4.496650295219141059e+06 6.912638184828168014e+05 -4.460037158562937751e+06
-4.450460280705258250e+06 9.424232857543240534e+05 -4.460367993824376725e+06
-4.450528803897906095e+06 9.420996366320170928e+05 -4.460367993824376725e+06
-4.450597303537505679e+06 9.417759826050952543e+05 -4.460367993824376725e+06
-4.450142938625026494e+06 9.423560858363163425e+05 -4.460698805489232764e+06
-4.450211456931597553e+06 9.420324597919562366e+05 -4.460698805489232764e+06
-4.450279951686798595e+06 9.417088288433309644e+05 -4.460698805489232764e+06
-4.450348422923145816e+06 9.413851928368124645e+05 -4.460698805489232764e+06
-4.449962576293183491e+06 9.416416700997306034e+05 -4.461029593571636826e+06
-4.450031042646448128e+06 9.413180571735814447e+05 -4.461029593571636826e+06
-4.449713638835774735e+06 9.412509165321928449e+05 -4.461360358061899431e+06
-4.449782076773293316e+06 9.409273217103211209e+05 -4.461360358061899431e+06
-4.449464644555810839e+06 9.408601991768876323e+05 -4.461691098950336687e+06
-4.449147188799731433e+06 9.407930716661071638e+05 -4.462021816251069307e+06
-4.448829709514354356e+06 9.407259391799462028e+05 -4.462352509954411536e+06
-4.448512206708970480e+06 9.406588017203692580e+05 -4.462683180050684139e+06
-4.448580601573447697e+06 9.403352943483196432e+05 -4.462683180050684139e+06
-4.448194680370024405e+06 9.405916592845100677e+05 -4.463013826554005034e+06
-4.448263070352605544e+06 9.402681750038012397e+05 -4.463013826554005034e+06
-4.447877130506816320e+06 9.405245118743353523e+05 -4.463344449454690330e+06
-4.447945515607140958e+06 9.402010506866780343e+05 -4.463344449454690330e+06
-4.447559557128643617e+06 9.404573594918105518e+05 -4.463675048743060790e+06
-4.447627937346349470e+06 9.401339213989148848e+05 -4.463675048743060790e+06
-4.447310335556671955e+06 9.400667871376461117e+05 -4.464005624433229677e+06
-4.443197420807352290e+06 9.577787754934236873e+05 -4.464336176515519619e+06
-4.446992710247406736e+06 9.399996479048365727e+05 -4.464336176515519619e+06
-4.442740702756748535e+06 9.583565419556809356e+05 -4.464666704980251379e+06
-4.446675061427854933e+06 9.399325037024528719e+05 -4.464666704980251379e+06
-4.446357389084454626e+06 9.398653545276280493e+05 -4.464997209841538221e+06
-4.446039693226505071e+06 9.397982003823277773e+05 -4.465327691089702770e+06
-4.446108025529230945e+06 9.394748727411828004e+05 -4.465327691089702770e+06
-4.445721973863318563e+06 9.397310412685202900e+05 -4.465658148715061136e+06
-4.445790301282934844e+06 9.394077367327589309e+05 -4.465658148715061136e+06
-4.490542322669668123e+06 6.946711071631490486e+05 -4.465658148715061136e+06
-4.441261869817138650e+06 9.590516058159664972e+05 -4.465988582731732167e+06
-4.445404230981316417e+06 9.396638771833358333e+05 -4.465988582731732167e+06
-4.445472553517462686e+06 9.393405957546683494e+05 -4.465988582731732167e+06
-4.445154782242121175e+06 9.392734498088775435e+05 -4.466318993130038492e+06
-4.445223076386245899e+06 9.389501865216679871e+05 -4.466318993130038492e+06
-4.440557159803824499e+06 9.592374198034846922e+05 -4.466649379900299944e+06
-4.488194167492163368e+06 6.949762739245523699e+05 -4.467970690769052133e+06
-4.486386126158835366e+06 6.960326951028245967e+05 -4.469621797686847858e+06
-4.436497350289092399e+06 9.580227495498300996e+05 -4.470942257759861648e+06
-4.434744129173929803e+06 9.630461923566958867e+05 -4.471602345932007767e+06
-4.433968431023027748e+06 9.635530702580041252e+05 -4.472262339519849978e+06
-4.433650604934748262e+06 9.634840029410094721e+05 -4.472592300829408690e+06
-4.432874722545949742e+06 9.639905986796257785e+05 -4.473252152502747253e+06
-4.431078246138310060e+06 9.676504100747416960e+05 -4.474241752574621700e+06
-4.481034647057757713e+06 6.901975908829813125e+05 -4.475890612761585973e+06
-4.481084827797967941e+06 6.898717189967810409e+05 -4.475890612761585973e+06
-4.480662732106559910e+06 6.904738832593134139e+05 -4.476220313796917908e+06
-4.480712932940303348e+06 6.901480384188052267e+05 -4.476220313796917908e+06
-4.480763110077806748e+06 6.898221899284486426e+05 -4.476220313796917908e+06
-4.480813263506770134e+06 6.894963378681753529e+05 -4.476220313796917908e+06
-4.479382749029525556e+06 6.966142149101925315e+05 -4.476549991151863709e+06
-4.480340997905260883e+06 6.904243037491762079e+05 -4.476549991151863709e+06
-4.480391195134331472e+06 6.900984823059722548e+05 -4.476549991151863709e+06
-4.480441368668862619e+06 6.897726572131821886e+05 -4.476549991151863709e+06
-4.480491518496557139e+06 6.894468285507315304e+05 -4.476549991151863709e+06
-4.480541644641221501e+06 6.891209961639451794e+05 -4.476549991151863709e+06
-4.479061059943355620e+06 6.965641872160296189e+05 -4.476879644840498455e+06
-4.480019240001974627e+06 6.903747205865427386e+05 -4.476879644840498455e+06
-4.480069433626106009e+06 6.900489225423667813e+05 -4.476879644840498455e+06
-4.480119603557400405e+06 6.897231208488667617e+05 -4.476879644840498455e+06
-4.480169749783559702e+06 6.893973155859626131e+05 -4.476879644840498455e+06
-4.480219872328390367e+06 6.890715065989900613e+05 -4.476879644840498455e+06
-4.480269971179587767e+06 6.887456939678626368e+05 -4.476879644840498455e+06
-4.479697458406121470e+06 6.903251337728648214e+05 -4.477209274853166193e+06
-4.479747648425048217e+06 6.899993591294399230e+05 -4.477209274853166193e+06
-4.479797814752839506e+06 6.896735808369528968e+05 -4.477209274853166193e+06
-4.479847957377200015e+06 6.893477989753182046e+05 -4.477209274853166193e+06
-4.479898076321930625e+06 6.890220133898827480e+05 -4.477209274853166193e+06
-4.479948171574732289e+06 6.886962241605538875e+05 -4.477209274853166193e+06
-4.479425839540577494e+06 6.899497920686424477e+05 -4.477538881180221215e+06
-4.479476002264602110e+06 6.896240371788908960e+05 -4.477538881180221215e+06
-4.479526141286896542e+06 6.892982787202480249e+05 -4.477538881180221215e+06
-4.479576256631263532e+06 6.889725165380717954e+05 -4.477538881180221215e+06
-4.479626348285403103e+06 6.886467507122640964e+05 -4.477538881180221215e+06
-4.479676416237033904e+06 6.883209813227358973e+05 -4.477538881180221215e+06
-4.478146483386227861e+06 6.960884239239838207e+05 -4.477868463835733011e+06
-4.479104006958957762e+06 6.899002213578586234e+05 -4.477868463835733011e+06
-4.479154166078949347e+06 6.895744898725658422e+05 -4.477868463835733011e+06
-4.479204301498914137e+06 6.892487548186379718e+05 -4.477868463835733011e+06
-4.479254413242652081e+06 6.889230160414444981e+05 -4.477868463835733011e+06
-4.479304501297864132e+06 6.885972736208812566e+05 -4.477868463835733011e+06
-4.477824695921926759e+06 6.960384048972068122e+05 -4.478198022810052149e+06
-4.477502884784384631e+06 6.959883821906330995e+05 -4.478527558093528263e+06
-4.477553486652194522e+06 6.956627671261432115e+05 -4.478527558093528263e+06
-4.424860782101768069e+06 9.747242729172239779e+05 -4.478857069700229913e+06
-4.477181049959864467e+06 6.959383558021271601e+05 -4.478857069700229913e+06
-4.477231648190503009e+06 6.956127641422603047e+05 -4.478857069700229913e+06
-4.476909786050981842e+06 6.955627574796308763e+05 -4.479186557620510459e+06
-4.476960356968055479e+06 6.952371855476229684e+05 -4.479186557620510459e+06
-4.424011837613230571e+06 9.755493174076030264e+05 -4.479516021844723262e+06
-4.476587900243062526e+06 6.955127471397201298e+05 -4.479516021844723262e+06
-4.476638467524132691e+06 6.951871986160427332e+05 -4.479516021844723262e+06
-4.476689011118381284e+06 6.948616464940056903e+05 -4.479516021844723262e+06
-4.476265990752995946e+06 6.954627331203921931e+05 -4.479845462386933155e+06
-4.476316554397795349e+06 6.951372080067676725e+05 -4.479845462386933155e+06
-4.476367094357476570e+06 6.948116792950421805e+05 -4.479845462386933155e+06
-4.475944057590211742e+06 6.954127154231116874e+05 -4.480174879237497225e+06
-4.475994617598471232e+06 6.950872137212614762e+05 -4.480174879237497225e+06
-4.476045153923317790e+06 6.947617084215690847e+05 -4.480174879237497225e+06
-4.476095666588741355e+06 6.944361993695088895e+05 -4.480174879237497225e+06
-4.475520917025697418e+06 6.960136395139408996e+05 -4.480504272386760451e+06
-4.475571520723369904e+06 6.956881686602710979e+05 -4.480504272386760451e+06
-4.475622100764140487e+06 6.953626940493441653e+05 -4.480504272386760451e+06
-4.475672657135594636e+06 6.950372157609892311e+05 -4.480504272386760451e+06
-4.475723189825338311e+06 6.947117338750509080e+05 -4.480504272386760451e+06
-4.475773698857361451e+06 6.943862482370145153e+05 -4.480504272386760451e+06
-4.475148320065422915e+06 6.962890114684095606e+05 -4.480833641848797910e+06
-4.475198943801838905e+06 6.959635676319145132e+05 -4.480833641848797910e+06
-4.475249543859032914e+06 6.956381201929269591e+05 -4.480833641848797910e+06
-4.475300120261027478e+06 6.953126689969524741e+05 -4.480833641848797910e+06
-4.475350672995408066e+06 6.949872141238145996e+05 -4.480833641848797910e+06
-4.475401202049782500e+06 6.946617556533522438e+05 -4.480833641848797910e+06
-4.475451707448137924e+06 6.943362934310616693e+05 -4.480833641848797910e+06
-4.474775683057860471e+06 6.965643292279283050e+05 -4.481162987613962963e+06
-4.474826326816935092e+06 6.962389124896373833e+05 -4.481162987613962963e+06
-4.474876946910900995e+06 6.959134920692864107e+05 -4.481162987613962963e+06
-4.474927543327350169e+06 6.955880680467023049e+05 -4.481162987613962963e+06
-4.474978116090300493e+06 6.952626402674014680e+05 -4.481162987613962963e+06
-4.475028665187341161e+06 6.949372088112018537e+05 -4.481162987613962963e+06
-4.475079190606078133e+06 6.946117737579365494e+05 -4.481162987613962963e+06
-4.475129692370498553e+06 6.942863349531129934e+05 -4.481162987613962963e+06
-4.474403006030787714e+06 6.968395927097871900e+05 -4.481492309672606178e+06
-4.474453669796418399e+06 6.965142031507020583e+05 -4.481492309672606178e+06
-4.474504309911072254e+06 6.961888098300106358e+05 -4.481492309672606178e+06
-4.474554926362321712e+06 6.958634128275243565e+05 -4.481492309672606178e+06
-4.474605519137757830e+06 6.955380122230639681e+05 -4.481492309672606178e+06
-4.474656088261397555e+06 6.952126078621572815e+05 -4.481492309672606178e+06
-4.474706633720829152e+06 6.948871998246164294e+05 -4.481492309672606178e+06
-4.474757155503662303e+06 6.945617881902686786e+05 -4.481492309672606178e+06
-4.474080972744870931e+06 6.967894395287942607e+05 -4.481821608038796112e+06
-4.474131632864112034e+06 6.964640733887593960e+05 -4.481821608038796112e+06
-4.474182269334077835e+06 6.961387034873890225e+05 -4.481821608038796112e+06
-4.474232882142342627e+06 6.958133299044886371e+05 -4.481821608038796112e+06
-4.474283471276497468e+06 6.954879527198735159e+05 -4.481821608038796112e+06
-4.474334036760558374e+06 6.951625717790824128e+05 -4.481821608038796112e+06
-4.474384578582115471e+06 6.948371871619217563e+05 -4.481821608038796112e+06
-4.474435096728777513e+06 6.945117989482129924e+05 -4.481821608038796112e+06
-4.473809572270376608e+06 6.964139399435688974e+05 -4.482150882702881470e+06
-4.473860205095387064e+06 6.960885934632403078e+05 -4.482150882702881470e+06
-4.473910814260398969e+06 6.957632433016466675e+05 -4.482150882702881470e+06
-4.473961399753006175e+06 6.954378895385974320e+05 -4.482150882702881470e+06
-4.474011961597220972e+06 6.951125320196427638e+05 -4.482150882702881470e+06
-4.473689862780814059e+06 6.950624885853035375e+05 -4.482480133655226789e+06
-4.473367740297580138e+06 6.950124414739272324e+05 -4.482809360909894109e+06
-4.419838043031597510e+06 9.763143240284615895e+05 -4.483467744287613779e+06
-4.419732537411170080e+06 9.752797822046286892e+05 -4.483796900415083393e+06
-4.472451750906773843e+06 6.945370340298839146e+05 -4.483796900415083393e+06
-4.472129530164452270e+06 6.944869956502346322e+05 -4.484126032830009237e+06
-4.471807285779018886e+06 6.944369535989935976e+05 -4.484455141522751190e+06
-4.471485017736715265e+06 6.943869078740243567e+05 -4.484784226507362910e+06
-4.471162726046975702e+06 6.943368584767918801e+05 -4.485113287774207070e+06
-4.470840410719241947e+06 6.942868054087624187e+05 -4.485442325313646346e+06
-4.468291130348023959e+06 6.915616492429232458e+05 -4.488402595551070757e+06
-4.411001815557432361e+06 9.874914527915918734e+05 -4.489717654130667448e+06
-4.464116731233003549e+06 6.929102053553337464e+05 -4.492346631465562619e+06
-4.463793892477967776e+06 6.928600950465052156e+05 -4.492675146743702702e+06
-4.463471030116170645e+06 6.928099810734880157e+05 -4.493003638262341730e+06
-4.463148144157068804e+06 6.927598634377501439e+05 -4.493332106011864729e+06
-4.462825234586876817e+06 6.927097421371516539e+05 -4.493660550006294623e+06
-4.404882743700438179e+06 9.938613694605837809e+05 -4.494317366691411473e+06
-4.461533360314549878e+06 6.925092203046760987e+05 -4.494974088311675005e+06
-4.461210332761001773e+06 6.924590806909651728e+05 -4.495302413457307965e+06
-4.460887281606601551e+06 6.924089374139829306e+05 -4.495630714837430045e+06
-4.460190750642191619e+06 6.926329958798298612e+05 -4.496287246262673289e+06
-4.459867632366925478e+06 6.925828181202824926e+05 -4.496615476312201470e+06
-4.459544490505667403e+06 6.925326366980136372e+05 -4.496943682581388392e+06
-4.459170954527627677e+06 6.928067335348789347e+05 -4.497271865060628392e+06
-4.458797378680014983e+06 6.930807760390258627e+05 -4.497600023763937876e+06
-4.458423762990590185e+06 6.933547641280530952e+05 -4.497928158681701869e+06
-4.457403593577301130e+06 6.935281067605604185e+05 -4.498912420696502551e+06
-4.457080301287999377e+06 6.934778056638294365e+05 -4.499240460446868092e+06
-4.456706546160028316e+06 6.937516036044696812e+05 -4.499568476410886273e+06
-4.456332751225826330e+06 6.940253471039534779e+05 -4.499896468578948639e+06
-4.456383210381556302e+06 6.937012716581110144e+05 -4.499896468578948639e+06
-4.455958916476842016e+06 6.942990363132619532e+05 -4.500224436941452324e+06
-4.456009395548909903e+06 6.939749879749481333e+05 -4.500224436941452324e+06
-4.455585041917569004e+06 6.945726711464020191e+05 -4.500552381512403488e+06
-4.396908267854893580e+06 9.994574471168802120e+05 -4.500880302282197401e+06
-4.399697880694438703e+06 9.826091738701155409e+05 -4.501863921759424731e+06
-4.399449796311503276e+06 9.822178782143992139e+05 -4.502191747299383394e+06
-4.453917324721950106e+06 6.946444666813359363e+05 -4.502191747299383394e+06
-4.399201655029015616e+06 9.818266185667358804e+05 -4.502519549037380144e+06
-4.394265149572684430e+06 1.002217913083657157e+06 -4.502847326963817701e+06
-4.450276581676465459e+06 6.967289312435854226e+05 -4.505468692927540280e+06
-4.391536511371357366e+06 1.000923655657979310e+06 -4.505796256471940316e+06
-4.391609288969638757e+06 1.000604291515398538e+06 -4.505796256471940316e+06
-4.391682043360373937e+06 1.000284922004476190e+06 -4.505796256471940316e+06
-4.449902190416548401e+06 6.970018585982739460e+05 -4.505796256471940316e+06
-4.391507971980886534e+06 9.995734417902211426e+05 -4.506123796179590747e+06
-4.390751905828393996e+06 1.001416633303373819e+06 -4.506451312064479105e+06
-4.391624134714954533e+06 9.975845986087918282e+05 -4.506451312064479105e+06
-4.391202437263124622e+06 9.964814122298435541e+05 -4.507106272327601910e+06
-4.388917879249331541e+06 1.005028426796641783e+06 -4.507433716710232198e+06
-4.390737818124339916e+06 9.970474923274673056e+05 -4.507433716710232198e+06
-4.391007758358960040e+06 9.914019755787503673e+05 -4.508415906818044372e+06
-4.381698296977703460e+06 1.010084539072393789e+06 -4.513323637652146630e+06
-4.441024244784506038e+06 7.048789960316633806e+05 -4.513323637652146630e+06
-4.440427117988646030e+06 7.044531720099895028e+05 -4.513977596120311879e+06
-4.440102895107190125e+06 7.044017355532679940e+05 -4.514304539550947025e+06
-4.438822377125901170e+06 7.061842726311706938e+05 -4.515285226584778167e+06
-4.438873720549806952e+06 7.058614705433109775e+05 -4.515285226584778167e+06
-4.438395333020635881e+06 7.067782257290249690e+05 -4.515612074509497732e+06
-4.438019616412545554e+06 7.070493256770765875e+05 -4.515938898545574397e+06
-4.377936334853378125e+06 1.013241623036412057e+06 -4.516265698706964962e+06
-4.437216595665428787e+06 7.079140470907053677e+05 -4.516592474984096363e+06
-4.436840741089046001e+06 7.081849558209078386e+05 -4.516919227367404848e+06
-4.436464847106778063e+06 7.084558098811660893e+05 -4.517245955870838836e+06
-4.436088913746729493e+06 7.087266091895706486e+05 -4.517572660484833643e+06
-4.435712940999905579e+06 7.089973538964894833e+05 -4.517899341199818067e+06
-4.375055630721774884e+06 1.012574904951327946e+06 -4.519205825137034990e+06
-4.374661794062860310e+06 1.012818935469797463e+06 -4.519532386378101073e+06
-4.432482520196498372e+06 7.104645937076730188e+05 -4.520838392294098623e+06
-4.431781560561096296e+06 7.106828119634417817e+05 -4.521491251816197298e+06
-4.431456884678089991e+06 7.106307467688110191e+05 -4.521817645702440292e+06
-4.431132185351548716e+06 7.105786778147628065e+05 -4.522144015682896599e+06
-4.366925589990056120e+06 1.017052376066206954e+06 -4.526058589526662603e+06
-4.368593425875688903e+06 1.008401950346769067e+06 -4.526384648473055102e+06
-4.369559410970662721e+06 1.001264360825391719e+06 -4.527036694542980753e+06
-4.369632213421300985e+06 1.000946594825230888e+06 -4.527036694542980753e+06
-4.369777748978365213e+06 1.000311047022342798e+06 -4.527036694542980753e+06
-4.425845192066301592e+06 7.123721654619596666e+05 -4.527036694542980753e+06
-4.368582287400403060e+06 1.004050271064778557e+06 -4.527362681670887396e+06
-4.368801233222684823e+06 1.003097170370719978e+06 -4.527362681670887396e+06
-4.367749757967957295e+06 1.006200073089387151e+06 -4.527688644848027267e+06
-4.369862058443711139e+06 9.969865222199995769e+05 -4.527688644848027267e+06
-4.354529251304056495e+06 1.025188418595465249e+06 -4.536155277976610698e+06
-4.356795666731340811e+06 1.009684085166532896e+06 -4.537456398304278031e+06
-4.345823890626817010e+06 1.026141364759108867e+06 -4.544280978459354490e+06
-4.344979367832710035e+06 1.028277383297324064e+06 -4.544605694238750264e+06
-4.350084358654836193e+06 1.006462198236612952e+06 -4.544605694238750264e+06
-4.405591361116295680e+06 7.156873852007383248e+05 -4.546228912573805079e+06
-4.341141219774160534e+06 1.028702656001199619e+06 -4.548175981150442734e+06
-4.343645335399799049e+06 1.016626890742862481e+06 -4.548500408406936564e+06
-4.344088509064039215e+06 1.014731521211256157e+06 -4.548500408406936564e+06
-4.342879283722104505e+06 1.018446542686672299e+06 -4.548824811608701944e+06
-4.402667438696601428e+06 7.171842563342908397e+05 -4.548824811608701944e+06
-4.339007699238760397e+06 1.030530186681062914e+06 -4.549797876860669814e+06
-4.341319881700194441e+06 1.020745788366896799e+06 -4.549797876860669814e+06
-4.338535852594269440e+06 1.031084753100444563e+06 -4.550122183818574063e+06
-4.400224905156538822e+06 7.177718622093822341e+05 -4.551094960321153514e+06
-4.399898245852361433e+06 7.177185770109840669e+05 -4.551419171023323201e+06
-4.399519361549132504e+06 7.179852320172971813e+05 -4.551743357655326836e+06
-4.399088194103148766e+06 7.185717444853276247e+05 -4.552067520207671449e+06
-4.336731045745490119e+06 1.028656902333683218e+06 -4.552391658694197424e+06
-4.398709212866476737e+06 7.188382617077913601e+05 -4.552391658694197424e+06
-4.335959696955981664e+06 1.030472510885443771e+06 -4.552715773105414584e+06
-4.334586272327215411e+06 1.034809571734373923e+06 -4.553039863431834616e+06
-4.397636830630182289e+06 7.212900303522509057e+05 -4.553039863431834616e+06
-4.397310078383240849e+06 7.212364372186678229e+05 -4.553363929687292315e+06
-4.396457681290263310e+06 7.243802258071848191e+05 -4.553687971862299368e+06
-4.396236224108785391e+06 7.236869884483061032e+05 -4.554011989947364666e+06
-4.395962045813880861e+06 7.233135122506574262e+05 -4.554335983956328593e+06
-4.331427097259152681e+06 1.038051517468983657e+06 -4.555307821455041878e+06
-4.336950555300411768e+06 1.014727319367110962e+06 -4.555307821455041878e+06
-4.337392900757600553e+06 1.012834871165125398e+06 -4.555307821455041878e+06
-4.331029441537853330e+06 1.038289273930337164e+06 -4.555631719111359678e+06
-4.329191784544166178e+06 1.038847543994887616e+06 -4.557250845956483856e+06
-4.328471663202808239e+06 1.039007647943016142e+06 -4.557898327997920103e+06
-4.392313200976093300e+06 7.230411994934402173e+05 -4.557898327997920103e+06
-4.327998195423960686e+06 1.039559771968501504e+06 -4.558222032866734080e+06
-4.328979047156192362e+06 1.035467676159390598e+06 -4.558222032866734080e+06
-4.391933542621625587e+06 7.233067511666960781e+05 -4.558222032866734080e+06
-4.391068785681384616e+06 7.244763516981340945e+05 -4.558869370276448317e+06
-4.325534371607850306e+06 1.041297229686937761e+06 -4.560163755775156431e+06
-4.327495495562618598e+06 1.033116768037310336e+06 -4.560163755775156431e+06
-4.331934025352098979e+06 1.012889066351493006e+06 -4.560487291865020990e+06
-4.389116542500120588e+06 7.261216406976355938e+05 -4.560487291865020990e+06
-4.329539789141563699e+06 1.021631550959870219e+06 -4.560810803829002194e+06
-4.331094937802851200e+06 1.015018448805322172e+06 -4.560810803829002194e+06
-4.388789330313935876e+06 7.260675077423612820e+05 -4.560810803829002194e+06
-4.388091946040871553e+06 7.282472425925767748e+05 -4.561134291680912487e+06
-4.388462094909799285e+06 7.260133709459821694e+05 -4.561134291680912487e+06
-4.387764715031296946e+06 7.281929353712733136e+05 -4.561457755411277525e+06
-4.329238847033924423e+06 1.018569749295444461e+06 -4.561781195010627620e+06
-4.328619459918474779e+06 1.019752957404742949e+06 -4.562104610492769629e+06
-4.331567483352152631e+06 1.007157217164688860e+06 -4.562104610492769629e+06
-4.387268922356332652e+06 7.271271730907354504e+05 -4.562104610492769629e+06
-4.386614274241554551e+06 7.270186745141739957e+05 -4.562751369067559950e+06
-4.323990158151612617e+06 1.034939265567039140e+06 -4.563074712164544500e+06
-4.324140638242820278e+06 1.034310355696698651e+06 -4.563074712164544500e+06
-4.386181136303486302e+06 7.276023713127346709e+05 -4.563074712164544500e+06
-4.387024770791575313e+06 7.224983264102293178e+05 -4.563074712164544500e+06
-4.386697333662854508e+06 7.224444008479483891e+05 -4.563398031129725277e+06
-4.386068178701809607e+06 7.180824515360621735e+05 -4.564691065622662194e+06
-4.325341374264706858e+06 1.020640860653022071e+06 -4.565014263903164305e+06
-4.320503398199382238e+06 1.038091894328614580e+06 -4.565660588028507307e+06
-4.384653167692589574e+06 7.185056183823691681e+05 -4.565983713877690956e+06
-4.384705407305670902e+06 7.181867554808403365e+05 -4.565983713877690956e+06
-4.384757623717719689e+06 7.178678888577121543e+05 -4.565983713877690956e+06
-4.384273219879465178e+06 7.187707558312995825e+05 -4.566306815579682589e+06
-4.384325478774891235e+06 7.184519205596583197e+05 -4.566306815579682589e+06
-4.384377714483823627e+06 7.181330814884839347e+05 -4.566306815579682589e+06
-4.384429926993456669e+06 7.178142386959883152e+05 -4.566306815579682589e+06
-4.384482116328574717e+06 7.174953920308088418e+05 -4.566306815579682589e+06
-4.322237089653591625e+06 1.026547105611722800e+06 -4.566629893125020899e+06
-4.322311730842593126e+06 1.026232780921297846e+06 -4.566629893125020899e+06
-4.384049998483072035e+06 7.180794036995709175e+05 -4.566629893125020899e+06
-4.384102207090012729e+06 7.177605847393935546e+05 -4.566629893125020899e+06
-4.384362902389645576e+06 7.161664327280386351e+05 -4.566629893125020899e+06
-4.382333520918790251e+06 7.223804132331109140e+05 -4.567598980866061524e+06
-4.381900662557414733e+06 7.229637157734972425e+05 -4.567921961806470528e+06
-4.383363688811081462e+06 7.140397205048464239e+05 -4.567921961806470528e+06
-4.319499329019407742e+06 1.030875797748042271e+06 -4.568244918589438312e+06
-4.316992684984056279e+06 1.039905258533512941e+06 -4.568567851205506362e+06
-4.381192521833631210e+06 7.231741668232987868e+05 -4.568567851205506362e+06
-4.381441763001085259e+06 7.196153859153015073e+05 -4.568890759668467566e+06
-4.382328056956188753e+06 7.141981709796508076e+05 -4.568890759668467566e+06
-4.380694519685858861e+06 7.221102415580700617e+05 -4.569213643968864344e+06
-4.380747021445023827e+06 7.217916665280393790e+05 -4.569213643968864344e+06
-4.380799500036617741e+06 7.214730876808168832e+05 -4.569213643968864344e+06
-4.380851955447778106e+06 7.211545050945434486e+05 -4.569213643968864344e+06
-4.381948166996142827e+06 7.144633913140118821e+05 -4.569213643968864344e+06
-4.380366649936762638e+06 7.220561957663227804e+05 -4.569536504097242840e+06
-4.380681289396789856e+06 7.201448315801677527e+05 -4.569536504097242840e+06
-4.315397927667876706e+06 1.040849334860073752e+06 -4.569859340067387559e+06
-4.379382901687348261e+06 7.218940354780796915e+05 -4.570504939495162107e+06
-4.380636173644735478e+06 7.142494747674202081e+05 -4.570504939495162107e+06
-4.377714672827358358e+06 7.258707976709414506e+05 -4.571473157353174873e+06
-4.376021759674801491e+06 7.259170814680202166e+05 -4.573086370241176337e+06
-4.377334281395180151e+06 7.179600540677279932e+05 -4.573086370241176337e+06
-4.375058566571511328e+06 7.296808920151694911e+05 -4.573408940265147947e+06
-4.375111618898860179e+06 7.293627268232307397e+05 -4.573408940265147947e+06
-4.375535204496410675e+06 7.268172667977659730e+05 -4.573408940265147947e+06
-4.374624332573761232e+06 7.302624472173745744e+05 -4.573731486110402271e+06
-4.376990682222473435e+06 7.159426378558427095e+05 -4.573731486110402271e+06
-4.374243135723041371e+06 7.305257857228594366e+05 -4.574054007767491974e+06
-4.374093397657169960e+06 7.233094637056839420e+05 -4.575343852464615367e+06
-4.374932045291534625e+06 7.182194865049857181e+05 -4.575343852464615367e+06
-4.373607221753931604e+06 7.242093685928208288e+05 -4.575666253155297600e+06
-4.367897131198782474e+06 7.559389608966257656e+05 -4.575988629647583701e+06
-4.367952093085873872e+06 7.556213164295721799e+05 -4.575988629647583701e+06
-4.372592367739574052e+06 7.282891231658307370e+05 -4.575988629647583701e+06
-4.373015329166214913e+06 7.257451289628704544e+05 -4.575988629647583701e+06
-4.367569218814847060e+06 7.558822100759603782e+05 -4.576310981932034716e+06
-4.367679111225339584e+06 7.552469649155063089e+05 -4.576310981932034716e+06
-4.367734022789634764e+06 7.549293363051436609e+05 -4.576310981932034716e+06
-4.367131306781304069e+06 7.564606367313044611e+05 -4.576633310022410005e+06
-4.367186306594563648e+06 7.561430480314184679e+05 -4.576633310022410005e+06
-4.367241283325170167e+06 7.558254552564531332e+05 -4.576633310022410005e+06
-4.367460959270069376e+06 7.545550442777987337e+05 -4.576633310022410005e+06
-4.366913324739349075e+06 7.557686964397649281e+05 -4.576955613909278065e+06
-4.367078103964912705e+06 7.548159657655380433e+05 -4.576955613909278065e+06
-4.367242675332968123e+06 7.538631991647323593e+05 -4.576955613909278065e+06
-4.366089795545143075e+06 7.585696949859936722e+05 -4.577277893583197147e+06
-4.366144948749409989e+06 7.582521819451517658e+05 -4.577277893583197147e+06
-4.366255185873387381e+06 7.576171439113054657e+05 -4.577277893583197147e+06
-4.366310269805742428e+06 7.572996188454574440e+05 -4.577277893583197147e+06
-4.366585343066990376e+06 7.557119336275582900e+05 -4.577277893583197147e+06
-4.366640288447660394e+06 7.553943845570376143e+05 -4.577277893583197147e+06
-4.366695210722184740e+06 7.550768315678259823e+05 -4.577277893583197147e+06
-4.366750109916634858e+06 7.547592745091825491e+05 -4.577277893583197147e+06
-4.366804986017538235e+06 7.544417134589945199e+05 -4.577277893583197147e+06
-4.366859839011440985e+06 7.541241484951606253e+05 -4.577277893583197147e+06
-4.365651460622211918e+06 7.591476797777813626e+05 -4.577600149057927541e+06
-4.365706655846637674e+06 7.588301986882240744e+05 -4.577600149057927541e+06
-4.365761827996283770e+06 7.585127135093969991e+05 -4.577600149057927541e+06
-4.365816977057607844e+06 7.581952243191809393e+05 -4.577600149057927541e+06
-4.365872103017091751e+06 7.578777311954473844e+05 -4.577600149057927541e+06
-4.365927205900902860e+06 7.575602339874838945e+05 -4.577600149057927541e+06
-4.365982285695519298e+06 7.572427327731649857e+05 -4.577600149057927541e+06
-4.366037342387436889e+06 7.569252276303685503e+05 -4.577600149057927541e+06
-4.366147386528079398e+06 7.562902051850645803e+05 -4.577600149057927541e+06
-4.366312279547427781e+06 7.553376416002211627e+05 -4.577600149057927541e+06
-4.366367197696356103e+06 7.550201124646360986e+05 -4.577600149057927541e+06
-4.366422092766943388e+06 7.547025792599249398e+05 -4.577600149057927541e+06
-4.366476964745718986e+06 7.543850420639689546e+05 -4.577600149057927541e+06
-4.307087413239235058e+06 1.039839263753996347e+06 -4.577922380324036814e+06
-4.365157766502218321e+06 7.600429943586498266e+05 -4.577922380324036814e+06
-4.365213026837052777e+06 7.597255491691690404e+05 -4.577922380324036814e+06
-4.365268264099732973e+06 7.594080998856936349e+05 -4.577922380324036814e+06
-4.365323478276702575e+06 7.590906465860921890e+05 -4.577922380324036814e+06
-4.365378669354424812e+06 7.587731893482311862e+05 -4.577922380324036814e+06
-4.365433837359102443e+06 7.584557280214074999e+05 -4.577922380324036814e+06
-4.365488982277191244e+06 7.581382626834962284e+05 -4.577922380324036814e+06
-4.365544104095176794e+06 7.578207934123630403e+05 -4.577922380324036814e+06
-4.365599202839222737e+06 7.575033200573066715e+05 -4.577922380324036814e+06
-4.365654278495807201e+06 7.571858426961959340e+05 -4.577922380324036814e+06
-4.365709331051430665e+06 7.568683614069027826e+05 -4.577922380324036814e+06
-4.365764360532224178e+06 7.565508760387205984e+05 -4.577922380324036814e+06
-4.365819366924684495e+06 7.562333866695188917e+05 -4.577922380324036814e+06
-4.365929310430247337e+06 7.555983960109802429e+05 -4.577922380324036814e+06
-4.365984247555962764e+06 7.552808946488031652e+05 -4.577922380324036814e+06
-4.366039161579003558e+06 7.549633893685239600e+05 -4.577922380324036814e+06
-4.370091887829820625e+06 7.311392286372623639e+05 -4.577922380324036814e+06
-4.364885029712616466e+06 7.596684642585457768e+05 -4.578244587372081354e+06
-4.364940262824831530e+06 7.593510388278472237e+05 -4.578244587372081354e+06
-4.364995472853071056e+06 7.590336093813243788e+05 -4.578244587372081354e+06
-4.365050659783799201e+06 7.587161759968379047e+05 -4.578244587372081354e+06
-4.365105823643215001e+06 7.583987385236959672e+05 -4.578244587372081354e+06
-4.365160964417777956e+06 7.580812970397678437e+05 -4.578244587372081354e+06
-4.365216082093972713e+06 7.577638516229132656e+05 -4.578244587372081354e+06
-4.365271176697961986e+06 7.574464021224424941e+05 -4.578244587372081354e+06
-4.365326248216224834e+06 7.571289486162182875e+05 -4.578244587372081354e+06
-4.365381296635261737e+06 7.568114911821067799e+05 -4.578244587372081354e+06
-4.365436321981203742e+06 7.564940296694128774e+05 -4.578244587372081354e+06
-4.365491324240545742e+06 7.561765641560000367e+05 -4.578244587372081354e+06
-4.365546303399804048e+06 7.558590947197418427e+05 -4.578244587372081354e+06
-4.365601259485078976e+06 7.555416212099347031e+05 -4.578244587372081354e+06
-4.365656192482881248e+06 7.552241437044475460e+05 -4.578244587372081354e+06
-4.365711102379745804e+06 7.549066622811526759e+05 -4.578244587372081354e+06
-4.364557009496624582e+06 7.596113753290477907e+05 -4.578566770215827972e+06
-4.364612238458083011e+06 7.592939737528053811e+05 -4.578566770215827972e+06
-4.364667444337300025e+06 7.589765681610404281e+05 -4.578566770215827972e+06
-4.364722627120741643e+06 7.586591586316076573e+05 -4.578566770215827972e+06
-4.364777786834605038e+06 7.583417450138268759e+05 -4.578566770215827972e+06
-4.364832923465349711e+06 7.580243273855611915e+05 -4.578566770215827972e+06
-4.364888036999462172e+06 7.577069058246647473e+05 -4.578566770215827972e+06
-4.364943127463103272e+06 7.573894801804588642e+05 -4.578566770215827972e+06
-4.364998194842753001e+06 7.570720505308005959e+05 -4.578566770215827972e+06
-4.365053239124912769e+06 7.567546169535503723e+05 -4.578566770215827972e+06
-4.365108260335710831e+06 7.564371792980240425e+05 -4.578566770215827972e+06
-4.365163258461643942e+06 7.561197376420794753e+05 -4.578566770215827972e+06
-4.365218233489230275e+06 7.558022920635844348e+05 -4.578566770215827972e+06
-4.365273185444566421e+06 7.554848424118465045e+05 -4.578566770215827972e+06
-4.365328114314165898e+06 7.551673887647289084e+05 -4.578566770215827972e+06
-4.367398301800114103e+06 7.431012071776540251e+05 -4.578566770215827972e+06
-4.367452330100654624e+06 7.427835990204469999e+05 -4.578566770215827972e+06
-4.367560317396712489e+06 7.421483709993103985e+05 -4.578566770215827972e+06
-4.367614276404617354e+06 7.418307510625134455e+05 -4.578566770215827972e+06
-4.364173718321322463e+06 7.598716560093831504e+05 -4.578888928845839575e+06
-4.364228966198684648e+06 7.595542823823470389e+05 -4.578888928845839575e+06
-4.364284191009094007e+06 7.592369046622392489e+05 -4.578888928845839575e+06
-4.364339392738997005e+06 7.589195229269107804e+05 -4.578888928845839575e+06
-4.364394571374859661e+06 7.586021372542106546e+05 -4.578888928845839575e+06
-4.364449726942879148e+06 7.582847474934695056e+05 -4.578888928845839575e+06
-4.364504859429514036e+06 7.579673537225449691e+05 -4.578888928845839575e+06
-4.364559968821253628e+06 7.576499560192852514e+05 -4.578888928845839575e+06
-4.364670118385000154e+06 7.570151484416094609e+05 -4.578888928845839575e+06
-4.364725158529990353e+06 7.566977387228991138e+05 -4.578888928845839575e+06
-4.364780175605354831e+06 7.563803249262192985e+05 -4.578888928845839575e+06
-4.364835169597588480e+06 7.560629071294218302e+05 -4.578888928845839575e+06
-4.364890140493211336e+06 7.557454854103686521e+05 -4.578888928845839575e+06
-4.364945088318318129e+06 7.554280596183787566e+05 -4.578888928845839575e+06
-4.305868343179401942e+06 1.039213572558472166e+06 -4.579211063252678141e+06
-4.363679786436813883e+06 7.607665605341971386e+05 -4.579211063252678141e+06
-4.363735099394764751e+06 7.604492228245290462e+05 -4.579211063252678141e+06
-4.363790389288390987e+06 7.601318810170671204e+05 -4.579211063252678141e+06
-4.363845656104121357e+06 7.598145351896475768e+05 -4.579211063252678141e+06
-4.363900899828408845e+06 7.594971854201162932e+05 -4.579211063252678141e+06
-4.363956120487476699e+06 7.591798315578211332e+05 -4.579211063252678141e+06
-4.364011318067773245e+06 7.588624736806070432e+05 -4.579211063252678141e+06
-4.364066492555766366e+06 7.585451118663172238e+05 -4.579211063252678141e+06
-4.364121643977648579e+06 7.582277459642938338e+05 -4.579211063252678141e+06
-4.364176772319883108e+06 7.579103760523884557e+05 -4.579211063252678141e+06
-4.364231877568957396e+06 7.575930022084433585e+05 -4.579211063252678141e+06
-4.364286959751028568e+06 7.572756242818029132e+05 -4.579211063252678141e+06
-4.364342018852578476e+06 7.569582423503120663e+05 -4.579211063252678141e+06
-4.364397054860109463e+06 7.566408564918196062e+05 -4.579211063252678141e+06
-4.364452067799747922e+06 7.563234665556643158e+05 -4.579211063252678141e+06
-4.364507057657991536e+06 7.560060726196919568e+05 -4.579211063252678141e+06
-4.363351713604068384e+06 7.607093641190640628e+05 -4.579533173450106755e+06
-4.363407022403446957e+06 7.603920502676730976e+05 -4.579533173450106755e+06
-4.363462308140234090e+06 7.600747323187963339e+05 -4.579533173450106755e+06
-4.363517570800861344e+06 7.597574103502640501e+05 -4.579533173450106755e+06
-4.363572810371780768e+06 7.594400844399166526e+05 -4.579533173450106755e+06
-4.363628026879215613e+06 7.591227544371129479e+05 -4.579533173450106755e+06
-4.363683220309614204e+06 7.588054204196921783e+05 -4.579533173450106755e+06
-4.363738390649445355e+06 7.584880824654916069e+05 -4.579533173450106755e+06
-4.363793537924900651e+06 7.581707404238648014e+05 -4.579533173450106755e+06
-4.363848662122442387e+06 7.578533943726575235e+05 -4.579533173450106755e+06
-4.364013896231471561e+06 7.569013322544773109e+05 -4.579533173450106755e+06
-4.364068928101251833e+06 7.565839702578819124e+05 -4.579533173450106755e+06
-4.364123936904873699e+06 7.562666041839302052e+05 -4.579533173450106755e+06
-4.364178922628836706e+06 7.559492341104621300e+05 -4.579533173450106755e+06
-4.364343741306683980e+06 7.549970999859328149e+05 -4.579533173450106755e+06
-4.310232423975309357e+06 1.018068393574493122e+06 -4.579855259428684600e+06
-4.363134203915924765e+06 7.600175796008732868e+05 -4.579855259428684600e+06
-4.363299910193925723e+06 7.590656733017869992e+05 -4.579855259428684600e+06
-4.363355099474133924e+06 7.587483631458377931e+05 -4.579855259428684600e+06
-4.363410265665511601e+06 7.584310490534047130e+05 -4.579855259428684600e+06
-4.363465408794246614e+06 7.581137308738528518e+05 -4.579855259428684600e+06
-4.363520528846804984e+06 7.577964086850220338e+05 -4.579855259428684600e+06
-4.363575625809675083e+06 7.574790825647427700e+05 -4.579855259428684600e+06
-4.363630699709010310e+06 7.571617523623818997e+05 -4.579855259428684600e+06
-4.363685750531294383e+06 7.568444181557729607e+05 -4.579855259428684600e+06
-4.363740778263033368e+06 7.565270800227528671e+05 -4.579855259428684600e+06
-4.363795782930348068e+06 7.562097378126831027e+05 -4.579855259428684600e+06
-4.363850764519738965e+06 7.558923916033979040e+05 -4.579855259428684600e+06
-4.363905723017727956e+06 7.555750414727415191e+05 -4.579855259428684600e+06
-4.362640175154744647e+06 7.609122214049930917e+05 -4.580177321178984828e+06
-4.362695498721475713e+06 7.605949592214470031e+05 -4.580177321178984828e+06
-4.362750799202832393e+06 7.602776930916437414e+05 -4.580177321178984828e+06
-4.362806076625064947e+06 7.599604228649709839e+05 -4.580177321178984828e+06
-4.362971770441210829e+06 7.590085881535141962e+05 -4.580177321178984828e+06
-4.363026955570937134e+06 7.586913018607140984e+05 -4.580177321178984828e+06
-4.363082117613568902e+06 7.583740116317261709e+05 -4.580177321178984828e+06
-4.363137256595293060e+06 7.580567173159266822e+05 -4.580177321178984828e+06
-4.363192372502575628e+06 7.577394189911497524e+05 -4.580177321178984828e+06
-4.363247465321906842e+06 7.574221167352201883e+05 -4.580177321178984828e+06
-4.363302535079437308e+06 7.571048103975160047e+05 -4.580177321178984828e+06
-4.363357581761652604e+06 7.567875000558648026e+05 -4.580177321178984828e+06
-4.363412605355058797e+06 7.564701857880977914e+05 -4.580177321178984828e+06
-4.363467605885775760e+06 7.561528674435877474e+05 -4.580177321178984828e+06
-4.363522583340303972e+06 7.558355451001628535e+05 -4.580177321178984828e+06
-4.363632469006451778e+06 7.552008884994488908e+05 -4.580177321178984828e+06
-4.363687377230676822e+06 7.548835541693579871e+05 -4.580177321178984828e+06
-4.362256694786053151e+06 7.611722233554741833e+05 -4.580499358714762144e+06
-4.362312037261674181e+06 7.608549890587260015e+05 -4.580499358714762144e+06
-4.362367356667219661e+06 7.605377507381940959e+05 -4.580499358714762144e+06
-4.362422652989125811e+06 7.602205084717018763e+05 -4.580499358714762144e+06
-4.362477926253642887e+06 7.599032621086481959e+05 -4.580499358714762144e+06
-4.362698788586007431e+06 7.586342365618839394e+05 -4.580499358714762144e+06
-4.362809081314024515e+06 7.579996997476512333e+05 -4.580499358714762144e+06
-4.362864193075739779e+06 7.576824252886070171e+05 -4.580499358714762144e+06
-4.362919281751239672e+06 7.573651468987056287e+05 -4.580499358714762144e+06
-4.308815382958716713e+06 1.019718859864246799e+06 -4.580821372026580386e+06
-4.312056185553578660e+06 1.005926443739122013e+06 -4.580821372026580386e+06
-4.362039191542598419e+06 7.604805382328400156e+05 -4.580821372026580386e+06
-4.362094483704762533e+06 7.601633198313364992e+05 -4.580821372026580386e+06
-4.362149752811272629e+06 7.598460973335797898e+05 -4.580821372026580386e+06
-4.362425752273228019e+06 7.582599247539567295e+05 -4.580821372026580386e+06
-4.362480882960055955e+06 7.579426781706971815e+05 -4.580821372026580386e+06
-4.362535990575912409e+06 7.576254275790633401e+05 -4.580821372026580386e+06
-4.307822922208527103e+06 1.022461821242358419e+06 -4.581143361105014570e+06
-4.311585417294409126e+06 1.006477865816056728e+06 -4.581143361105014570e+06
-4.361876798188286833e+06 7.594717258925125934e+05 -4.581143361105014570e+06
-4.361932016987987794e+06 7.591545193032529205e+05 -4.581143361105014570e+06
-4.362097535004052334e+06 7.582028753012070665e+05 -4.581143361105014570e+06
-4.362152661542994902e+06 7.578856525867336895e+05 -4.581143361105014570e+06
-4.362207765012701042e+06 7.575684258641876513e+05 -4.581143361105014570e+06
-4.361050604635098949e+06 7.622690409580895212e+05 -4.581465325963809155e+06
-4.361438075938877650e+06 7.600489304919167189e+05 -4.581465325963809155e+06
-4.361493336728495546e+06 7.597317557297861204e+05 -4.581465325963809155e+06
-4.361548574452365749e+06 7.594145769498138689e+05 -4.581465325963809155e+06
-4.361603789096946828e+06 7.590973942298049806e+05 -4.581465325963809155e+06
-4.361714149213332683e+06 7.584630165957628051e+05 -4.581465325963809155e+06
-4.361879516372094862e+06 7.575114201415462885e+05 -4.581465325963809155e+06
-4.360833208375927992e+06 7.615774237771239132e+05 -4.581787266593541019e+06
-4.361109837452951819e+06 7.599917297920946730e+05 -4.581787266593541019e+06
-4.361165094083684497e+06 7.596745789002934471e+05 -4.581787266593541019e+06
-4.361275538139576092e+06 7.590402651418724563e+05 -4.581787266593541019e+06
-4.361330725577402860e+06 7.587231022024903214e+05 -4.581787266593541019e+06
-4.361385889950343408e+06 7.584059352506046416e+05 -4.581787266593541019e+06
-4.361441031244872138e+06 7.580887643640118185e+05 -4.581787266593541019e+06
-4.360560335434621200e+06 7.612029927955134772e+05 -4.582109182984780520e+06
-4.360615680139065720e+06 7.608858819375335006e+05 -4.582109182984780520e+06
-4.360671001795689575e+06 7.605687669795047259e+05 -4.582109182984780520e+06
-4.360726300390915014e+06 7.602516479992058594e+05 -4.582109182984780520e+06
-4.360836828382741660e+06 7.596173980546359671e+05 -4.582109182984780520e+06
-4.360892057792021893e+06 7.593002670176040847e+05 -4.582109182984780520e+06
-4.360947264125488698e+06 7.589831320411287015e+05 -4.582109182984780520e+06
-4.361002447409347631e+06 7.586659929746595444e+05 -4.582109182984780520e+06
-4.361057607630054466e+06 7.583488498959888238e+05 -4.582109182984780520e+06
-4.362864954438949935e+06 7.478808892697859555e+05 -4.582109182984780520e+06
-4.360398019940498285e+06 7.601944153878829675e+05 -4.582431075151273981e+06
-4.360453291299563833e+06 7.598773163364838110e+05 -4.582431075151273981e+06
-4.360508539611650631e+06 7.595602131903725676e+05 -4.582431075151273981e+06
-4.360563764863198623e+06 7.592431060273268959e+05 -4.582431075151273981e+06
-4.360618967040669173e+06 7.589259949251342332e+05 -4.582431075151273981e+06
-4.303961840560133569e+06 1.031469310091619962e+06 -4.582752943083594553e+06
-4.359737628979385830e+06 7.620395456404204015e+05 -4.582752943083594553e+06
-4.359793034521835856e+06 7.617224946091185557e+05 -4.582752943083594553e+06
-4.359848417020829394e+06 7.614054394733598456e+05 -4.582752943083594553e+06
-4.359903776462775655e+06 7.610883803109080764e+05 -4.582752943083594553e+06
-4.359959112834102474e+06 7.607713171995392768e+05 -4.582752943083594553e+06
-4.360069716430129483e+06 7.601371787562742829e+05 -4.582752943083594553e+06
-4.360124983627699316e+06 7.598201035799277015e+05 -4.582752943083594553e+06
-4.360180227780024521e+06 7.595030243091771845e+05 -4.582752943083594553e+06
-4.302811308122458868e+06 1.034833970038371743e+06 -4.583074786772316322e+06
-4.303487683729843237e+06 1.032017565178730525e+06 -4.583074786772316322e+06
-4.304536159273285419e+06 1.027635612637416809e+06 -4.583074786772316322e+06
-4.305207823197668418e+06 1.024818080407189671e+06 -4.583074786772316322e+06
-4.359353902987616137e+06 7.622991849389028503e+05 -4.583074786772316322e+06
-4.359409327425879426e+06 7.619821617361680837e+05 -4.583074786772316322e+06
-4.359464728796123527e+06 7.616651345797767863e+05 -4.583074786772316322e+06
-4.359520107124645263e+06 7.613481033192377072e+05 -4.583074786772316322e+06
-4.359575462397856638e+06 7.610310680323089473e+05 -4.583074786772316322e+06
-4.359630794602185488e+06 7.607140287967603654e+05 -4.583074786772316322e+06
-4.359686103763899766e+06 7.603969854620890692e+05 -4.583074786772316322e+06
-4.359741389869424514e+06 7.600799381060561864e+05 -4.583074786772316322e+06
-4.361825174195252359e+06 7.480291763082791585e+05 -4.583074786772316322e+06
-4.359025582545747049e+06 7.622417731272432720e+05 -4.583396606231185608e+06
-4.359081002809773199e+06 7.619247738007984590e+05 -4.583396606231185608e+06
-4.359136400007517077e+06 7.616077705209949054e+05 -4.583396606231185608e+06
-4.359191774165275507e+06 7.612907631373526528e+05 -4.583396606231185608e+06
-4.359247125269458629e+06 7.609737517276239814e+05 -4.583396606231185608e+06
-4.359302453306497075e+06 7.606567363695729291e+05 -4.583396606231185608e+06
-4.359357758302656002e+06 7.603397169127078960e+05 -4.583396606231185608e+06
-4.361333381477895193e+06 7.489243523848328041e+05 -4.583396606231185608e+06
-4.361387833265576512e+06 7.486071852657150012e+05 -4.583396606231185608e+06
-4.361442261975008063e+06 7.482900142637088429e+05 -4.583396606231185608e+06
-4.358863418152331375e+06 7.612334189293836243e+05 -4.583718401450776495e+06
-4.358918765087193809e+06 7.609164313985315384e+05 -4.583718401450776495e+06
-4.358974088956649415e+06 7.605994399196545128e+05 -4.583718401450776495e+06
-4.358535039095430635e+06 7.611760706970100291e+05 -4.584040172421665862e+06
-4.358590381860679947e+06 7.608591070467103273e+05 -4.584040172421665862e+06
-4.358095890658357181e+06 7.617525858206594130e+05 -4.584361919157593511e+06
-4.358151275336844847e+06 7.614356541806770256e+05 -4.584361919157593511e+06
-4.358206636980553158e+06 7.611187184377831873e+05 -4.584361919157593511e+06
-4.357379164967862889e+06 7.639134235623853747e+05 -4.584683641649134457e+06
-4.357434706802101806e+06 7.635965439623948187e+05 -4.584683641649134457e+06
-4.357490225578736514e+06 7.632796604001756059e+05 -4.584683641649134457e+06
-4.357545721324120648e+06 7.629627727253045887e+05 -4.584683641649134457e+06
-4.357601194024633616e+06 7.626458810155068059e+05 -4.584683641649134457e+06
-4.357656643666678108e+06 7.623289853485107888e+05 -4.584683641649134457e+06
-4.357712070276577026e+06 7.620120855738859391e+05 -4.584683641649134457e+06
-4.357767473840723746e+06 7.616951817693638150e+05 -4.584683641649134457e+06
-4.357822854345540516e+06 7.613782740126742283e+05 -4.584683641649134457e+06
-4.368536805370972492e+06 6.972826443516380386e+05 -4.584683641649134457e+06
-4.356939609969102778e+06 7.644895475355688250e+05 -4.585005339886874892e+06
-4.356995193688088097e+06 7.641726999754421413e+05 -4.585005339886874892e+06
-4.357050754378456622e+06 7.638558482979456894e+05 -4.585005339886874892e+06
-4.357106292026572861e+06 7.635389925808011321e+05 -4.585005339886874892e+06
-4.357161806618820876e+06 7.632221329017268727e+05 -4.585005339886874892e+06
-4.357217298181556165e+06 7.629052691103104735e+05 -4.585005339886874892e+06
-4.357272766701156273e+06 7.625884012842716184e+05 -4.585005339886874892e+06
-4.356777854200620204e+06 7.634814371598531725e+05 -4.585327013884546235e+06
-4.356833364608190022e+06 7.631646013655997813e+05 -4.585327013884546235e+06
-4.300869664494309574e+06 1.030066811582053313e+06 -4.585970289122007787e+06
-4.304409517867098562e+06 1.013719092676650500e+06 -4.586291890366111882e+06
-4.357994346029893495e+06 7.506350486977807013e+05 -4.586291890366111882e+06
-4.357665649972409010e+06 7.505784330251739593e+05 -4.586613467355628498e+06
-4.299971455644667149e+06 1.029521054760106723e+06 -4.586935020081135444e+06
-4.357336930877313949e+06 7.505218133844946278e+05 -4.586935020081135444e+06
-4.357008188730564900e+06 7.504651897733239457e+05 -4.587256548556369729e+06
-4.299022992321449332e+06 1.030616282239431283e+06 -4.587578052771910094e+06
-4.356679423541792668e+06 7.504085621933205985e+05 -4.587578052771910094e+06
-4.300341796300154179e+06 1.023659764119309140e+06 -4.587899532718339935e+06
-4.300389113329282962e+06 1.022018901722702198e+06 -4.588220988409397192e+06
-4.355364132417019457e+06 7.501820121936870273e+05 -4.588863826987718232e+06
-4.355418675680094399e+06 7.498652791673176689e+05 -4.588863826987718232e+06
-4.298041898149222136e+06 1.021791290879388107e+06 -4.590470498721984215e+06
-4.352733916253760457e+06 7.516847069137804210e+05 -4.591112997486136854e+06
-4.296287219394888729e+06 1.019063773155625327e+06 -4.592718819469133392e+06
-4.349937141009717248e+06 7.521790726057138527e+05 -4.593682021211112849e+06
-4.308140258282641880e+06 9.585435823859147495e+05 -4.594645004310034215e+06
-4.307045990471611731e+06 9.619167082104082219e+05 -4.594965950083642267e+06
-4.307255745640954934e+06 9.609770336563318269e+05 -4.594965950083642267e+06
-4.308301446135692298e+06 9.562779756938033970e+05 -4.594965950083642267e+06
-4.308440485554433428e+06 9.556513485615025274e+05 -4.594965950083642267e+06
-4.308461421031464823e+06 9.540124483367045177e+05 -4.595286871556784958e+06
-4.308530787387344986e+06 9.536991256330506876e+05 -4.595286871556784958e+06
-4.308343148861960508e+06 9.530002873734937748e+05 -4.595607768720068038e+06
-4.308224617343433201e+06 9.519882183906182181e+05 -4.595928641587191261e+06
-4.308293836493772455e+06 9.516749129131684313e+05 -4.595928641587191261e+06
-4.346755170917436481e+06 7.548848312224652618e+05 -4.596249490148762241e+06
-4.307848564156642184e+06 9.505909178572444944e+05 -4.596570314395383000e+06
-4.346370935865225270e+06 7.551437165766331600e+05 -4.596570314395383000e+06
-4.307729401985938661e+06 9.495791079003788764e+05 -4.596891114340755157e+06
-4.307798445942114107e+06 9.492658384423813550e+05 -4.596891114340755157e+06
-4.307609980601280928e+06 9.485673901691393694e+05 -4.597211889975482598e+06
-4.346150736095096916e+06 7.525009088420443004e+05 -4.597211889975482598e+06
-4.307094839545054361e+06 9.477971548756215489e+05 -4.597853368298518471e+06
-4.307163753915617242e+06 9.474839315690224757e+05 -4.597853368298518471e+06
-4.307232645507753827e+06 9.471707032516566105e+05 -4.597853368298518471e+06
-4.307576761746299453e+06 9.456044867116635432e+05 -4.597853368298518471e+06
-4.307645516660246998e+06 9.452912283644862473e+05 -4.597853368298518471e+06
-4.307714248776728287e+06 9.449779650933234952e+05 -4.597853368298518471e+06
-4.290463126605167985e+06 1.019000673260926618e+06 -4.598174070991134271e+06
-4.344173860458781011e+06 7.580169410847381223e+05 -4.598174070991134271e+06
-4.344009695229787380e+06 7.570117620425403584e+05 -4.598494749358627014e+06
-4.344229717240225524e+06 7.557481088087810203e+05 -4.598494749358627014e+06
-4.306803042228399776e+06 9.444498084959288826e+05 -4.598815403414688073e+06
-4.306545023773649707e+06 9.440649907672540285e+05 -4.599136033149925061e+06
-4.301708025665569119e+06 9.643379552714754827e+05 -4.599456638554956764e+06
-4.306286949343524873e+06 9.436802106467934791e+05 -4.599456638554956764e+06
-4.306355564323567785e+06 9.433670461025147233e+05 -4.599456638554956764e+06
-4.343076278364104219e+06 7.565236746882012812e+05 -4.599456638554956764e+06
-4.301451744881131686e+06 9.639519781130593037e+05 -4.599777219643467106e+06
-4.342361101683626883e+06 7.586768694470436312e+05 -4.599777219643467106e+06
-4.305839191631293856e+06 9.425976359591991641e+05 -4.600097776406072080e+06
-4.338453786883817054e+06 7.788197394631028874e+05 -4.600097776406072080e+06
-4.305512390324603766e+06 9.425260954010396963e+05 -4.600418308833380230e+06
-4.341038405128515325e+06 7.623502796942437999e+05 -4.600418308833380230e+06
-4.341093833330924623e+06 7.620345884320681216e+05 -4.600418308833380230e+06
-4.341977562034844421e+06 7.569829816690509906e+05 -4.600418308833380230e+06
-4.294000594468619674e+06 9.921704657029056689e+05 -4.600738816939081997e+06
-4.300472414255717769e+06 9.637325108844154747e+05 -4.600738816939081997e+06
-4.305185566240384243e+06 9.424545498566174647e+05 -4.600738816939081997e+06
-4.337795210604909807e+06 7.787015148072346346e+05 -4.600738816939081997e+06
-4.337851827897776850e+06 7.783860594293132890e+05 -4.600738816939081997e+06
-4.340764308320201933e+06 7.619767436893453123e+05 -4.600738816939081997e+06
-4.340819709359029308e+06 7.616610723610413261e+05 -4.600738816939081997e+06
-4.341096370174551383e+06 7.600826554838052252e+05 -4.600738816939081997e+06
-4.341592913279852830e+06 7.572412519588026917e+05 -4.600738816939081997e+06
-4.294107071198360994e+06 9.902215774256524164e+05 -4.601059300713792443e+06
-4.340323897838187404e+06 7.625501774767572060e+05 -4.601059300713792443e+06
-4.341042862906139344e+06 7.584465529796957271e+05 -4.601059300713792443e+06
-4.304942600935379975e+06 9.404331478371706326e+05 -4.601379760148122907e+06
-4.340602896708889864e+06 7.590202869367789244e+05 -4.601379760148122907e+06
-4.293598896633012220e+06 9.894467281338809989e+05 -4.601700195255764760e+06
-4.304752401909546927e+06 9.397356390161267482e+05 -4.601700195255764760e+06
-4.336920360005770810e+06 7.778933756952033145e+05 -4.601700195255764760e+06
-4.339997011524300091e+06 7.605407634987166384e+05 -4.601700195255764760e+06
-4.340052308124452829e+06 7.602251480493593263e+05 -4.601700195255764760e+06
-4.340107581785523333e+06 7.599095285038083093e+05 -4.601700195255764760e+06
-4.340162832493944094e+06 7.595939049394775648e+05 -4.601700195255764760e+06
-4.293488532264507376e+06 9.884349068163502961e+05 -4.602020606027325615e+06
-4.294062853749984875e+06 9.859368893313704757e+05 -4.602020606027325615e+06
-4.292946654758248478e+06 9.892964209895776585e+05 -4.602340992453425191e+06
-4.293018587060996331e+06 9.889842265332825482e+05 -4.602340992453425191e+06
-4.293090496677390300e+06 9.886720267718230607e+05 -4.602340992453425191e+06
-4.293880003841415979e+06 9.852374849718564656e+05 -4.602340992453425191e+06
-4.297081188214126043e+06 9.711805450476751430e+05 -4.602340992453425191e+06
-4.297151803099422716e+06 9.708680498925728025e+05 -4.602340992453425191e+06
-4.297292964676273987e+06 9.702430442557292990e+05 -4.602340992453425191e+06
-4.297504536602439359e+06 9.693054972836378729e+05 -4.602340992453425191e+06
-4.297715903982551768e+06 9.683679041760249529e+05 -4.602340992453425191e+06
-4.293840168476923369e+06 9.839136460720169125e+05 -4.602661354547750205e+06
-4.294411859540189616e+06 9.814154247785363114e+05 -4.602661354547750205e+06
-4.294554555216566660e+06 9.807908174637975171e+05 -4.602661354547750205e+06
-4.294625868970218115e+06 9.804785061001927825e+05 -4.602661354547750205e+06
-4.294697160028868355e+06 9.801661894763746532e+05 -4.602661354547750205e+06
-4.297600533424616791e+06 9.673567648293544771e+05 -4.602661354547750205e+06
-4.297670870235372335e+06 9.670442319165144581e+05 -4.602661354547750205e+06
-4.297741184317906387e+06 9.667316938894613413e+05 -4.602661354547750205e+06
-4.297951990175596438e+06 9.657940492145782337e+05 -4.602661354547750205e+06
-4.293656946247453801e+06 9.832144060598417418e+05 -4.602981692300913855e+06
-4.293728436268941499e+06 9.829021598908454180e+05 -4.602981692300913855e+06
-4.293942770070517436e+06 9.819653902769455453e+05 -4.602981692300913855e+06
-4.294014169260250404e+06 9.816531233255552361e+05 -4.602981692300913855e+06
-4.294442087464679964e+06 9.797794128040340729e+05 -4.602981692300913855e+06
-4.294513327667218633e+06 9.794671096219883766e+05 -4.602981692300913855e+06
-4.296074865698939189e+06 9.725951309010670520e+05 -4.602981692300913855e+06
-4.294542791996043175e+06 9.778311981117295800e+05 -4.603302005703536794e+06
-4.294684966349302791e+06 9.772065718665014720e+05 -4.603302005703536794e+06
-4.294756019466006197e+06 9.768942509536539437e+05 -4.603302005703536794e+06
-4.294827049852857366e+06 9.765819249494597316e+05 -4.603302005703536794e+06
-4.295181861150092445e+06 9.750202171919398243e+05 -4.603302005703536794e+06
-4.295252755252258852e+06 9.747078602246248629e+05 -4.603302005703536794e+06
-4.295323626656007953e+06 9.743954980276069837e+05 -4.603302005703536794e+06
-4.336694354795295745e+06 7.638633012385651236e+05 -4.604262799852713011e+06
-4.336749893025905825e+06 7.635479259563604137e+05 -4.604262799852713011e+06
-4.336805408334956504e+06 7.632325465604433557e+05 -4.604262799852713011e+06
-4.336860900708820671e+06 7.629171631281727459e+05 -4.604262799852713011e+06
-4.336253451323064975e+06 7.644359069322848227e+05 -4.604583015874664299e+06
-4.336475633257875219e+06 7.631745095843343297e+05 -4.604583015874664299e+06
-4.335923670209944248e+06 7.643777699882322922e+05 -4.604903207545294426e+06
-4.336090328381478786e+06 7.634318000028908718e+05 -4.604903207545294426e+06
-4.336145835247354582e+06 7.631164685721792048e+05 -4.604903207545294426e+06
-4.301700157405906357e+06 9.364477686774847098e+05 -4.605223374855225906e+06
-4.335036890874139033e+06 7.674723594028148800e+05 -4.605223374855225906e+06
-4.335092691567205824e+06 7.671571046452233568e+05 -4.605223374855225906e+06
-4.335148469347539358e+06 7.668418457548650913e+05 -4.605223374855225906e+06
-4.335593866174219176e+06 7.643196290031654062e+05 -4.605223374855225906e+06
-4.335649437606159598e+06 7.640043336738613434e+05 -4.605223374855225906e+06
-4.335704986109027639e+06 7.636890343041202286e+05 -4.605223374855225906e+06
-4.334707106273194775e+06 7.674139745327082928e+05 -4.605543517818126827e+06
-4.334762902721267194e+06 7.670987437578802928e+05 -4.605543517818126827e+06
-4.333986111452735960e+06 7.695619197933936957e+05 -4.605863636424628086e+06
-4.300445822170739062e+06 9.374850238420041278e+05 -4.606183730665354058e+06
-4.333656310781216249e+06 7.695033589140099939e+05 -4.606183730665354058e+06
-4.333326487183257006e+06 7.694447939637050731e+05 -4.606503800553970970e+06
-4.332772651966123842e+06 7.706466100314123323e+05 -4.606823846081107855e+06
-4.332940677861374803e+06 7.697013273424155777e+05 -4.606823846081107855e+06
-4.332996640668509528e+06 7.693862249441931490e+05 -4.606823846081107855e+06
-4.333164391585061327e+06 7.684408934184394311e+05 -4.606823846081107855e+06
-4.332274580283943564e+06 7.715331150394713040e+05 -4.607143867237387225e+06
-4.331832465589746833e+06 7.721044175891320920e+05 -4.607463864036482759e+06
-4.331277826521124691e+06 7.733055708200071240e+05 -4.607783836469022557e+06
-4.303329178173091263e+06 9.145373121555318357e+05 -4.608103784525631927e+06
-4.303395673829401843e+06 9.142243627835244406e+05 -4.608103784525631927e+06
-4.303462146727215499e+06 9.139114085766416974e+05 -4.608103784525631927e+06
-4.297745026280250400e+06 9.388608068288966315e+05 -4.608423708219978027e+06
-4.303134334894287400e+06 9.138417923086775700e+05 -4.608423708219978027e+06
-4.303200779955535196e+06 9.135288571830178844e+05 -4.608423708219978027e+06
-4.330336613084723242e+06 7.747623783418781823e+05 -4.608423708219978027e+06
-4.297485861599992961e+06 9.384767601185431704e+05 -4.608743607542685233e+06
-4.297758671607297845e+06 9.372266324420735473e+05 -4.608743607542685233e+06
-4.302872940303375013e+06 9.134592599231895292e+05 -4.608743607542685233e+06
-4.302814037807685323e+06 9.105040609273765003e+05 -4.609383333058759570e+06
-4.303012576578175649e+06 9.095653108656740515e+05 -4.609383333058759570e+06
-4.303078710661157966e+06 9.092523845307334559e+05 -4.609383333058759570e+06
-4.303210910540449433e+06 9.086265175118722254e+05 -4.609383333058759570e+06
-4.303738799760686234e+06 9.061228572078756988e+05 -4.609383333058759570e+06
-4.301756412439886481e+06 9.138761139091809746e+05 -4.609703159256415442e+06
-4.302353621547154151e+06 9.110604253843496554e+05 -4.609703159256415442e+06
-4.302750737083530053e+06 9.091830828103671083e+05 -4.609703159256415442e+06
-4.302816843370794319e+06 9.088701755179440370e+05 -4.609703159256415442e+06
-4.303476654573543929e+06 9.057408388065132312e+05 -4.609703159256415442e+06
-4.301494934423376806e+06 9.134936384868226014e+05 -4.610022961067996919e+06
-4.303214453850524500e+06 9.053588584632049315e+05 -4.610022961067996919e+06
-4.303280282031097449e+06 9.050459174584564753e+05 -4.610022961067996919e+06
-4.303346087437992916e+06 9.047329717424815753e+05 -4.610022961067996919e+06
-4.296597441615081392e+06 9.346824370881584473e+05 -4.610342738507158123e+06
-4.298693654432185926e+06 9.249938912440355634e+05 -4.610342738507158123e+06
-4.298760910524705425e+06 9.246812789492025040e+05 -4.610342738507158123e+06
-4.298828143867104314e+06 9.243686618392225355e+05 -4.610342738507158123e+06
-4.301299792709161527e+06 9.127984042133579496e+05 -4.610342738507158123e+06
-4.303083775604621507e+06 9.043510676847801078e+05 -4.610342738507158123e+06
-4.327566152820243500e+06 7.788145006732515758e+05 -4.610342738507158123e+06
-4.327622778356721625e+06 7.784997891729837283e+05 -4.610342738507158123e+06
-4.295929700747072697e+06 9.361732719529340975e+05 -4.610662491564537399e+06
-4.299037358530495316e+06 9.217972547361113830e+05 -4.610662491564537399e+06
-4.299372249264917336e+06 9.202340197637865786e+05 -4.610662491564537399e+06
-4.301104517012085766e+06 9.121032412057982292e+05 -4.610662491564537399e+06
-4.301170835663631558e+06 9.117904536221629241e+05 -4.610662491564537399e+06
-4.302755658349946141e+06 9.042821094201807864e+05 -4.610662491564537399e+06
-4.327236168743815273e+06 7.787551147795093711e+05 -4.610662491564537399e+06
-4.295465885383833200e+06 9.367266368687242502e+05 -4.610982220230771229e+06
-4.298575396867145784e+06 9.223521681896650698e+05 -4.610982220230771229e+06
-4.299378664098795503e+06 9.186006027691067429e+05 -4.610982220230771229e+06
-4.300842816524665803e+06 9.117209179699086817e+05 -4.610982220230771229e+06
-4.300909107373570092e+06 9.114081494186843047e+05 -4.610982220230771229e+06
-4.297238917456290685e+06 9.269699278950406006e+05 -4.611301924519510940e+06
-4.297306317254109308e+06 9.266574213864469202e+05 -4.611301924519510940e+06
-4.297373694325631484e+06 9.263449099772315240e+05 -4.611301924519510940e+06
-4.299184283274038695e+06 9.179052562068400439e+05 -4.611301924519510940e+06
-4.300581060425480828e+06 9.113386327991937287e+05 -4.611301924519510940e+06
-4.301704438747189939e+06 9.060212373809881974e+05 -4.611301924519510940e+06
-4.302165095434376039e+06 9.038313186368265888e+05 -4.611301924519510940e+06
-4.302296506861291826e+06 9.032055845552446553e+05 -4.611301924519510940e+06
-4.326462838112349622e+06 7.792655974412610522e+05 -4.611301924519510940e+06
-4.294810599123955704e+06 9.365837363986051641e+05 -4.611621604421394877e+06
-4.295626287173707038e+06 9.328354509644635255e+05 -4.611621604421394877e+06
-4.297113218498341739e+06 9.259617513918508776e+05 -4.611621604421394877e+06
-4.297180544979821891e+06 9.256492540270120371e+05 -4.611621604421394877e+06
-4.299123125692126341e+06 9.165847084547069389e+05 -4.611621604421394877e+06
-4.300252990733781829e+06 9.112691113600915996e+05 -4.611621604421394877e+06
-4.301836904904615134e+06 9.037623698929505190e+05 -4.611621604421394877e+06
-4.301902616973129101e+06 9.034495291456996929e+05 -4.611621604421394877e+06
-4.294755160604931414e+06 9.352630247367342236e+05 -4.611941259927060455e+06
-4.296919985590511933e+06 9.252661522044527810e+05 -4.611941259927060455e+06
-4.299924898308081552e+06 9.111995851034141378e+05 -4.611941259927060455e+06
-4.301508691632480361e+06 9.036934163711848669e+05 -4.611941259927060455e+06
-4.301574398687421344e+06 9.033805994924551342e+05 -4.611941259927060455e+06
-4.294223310551687144e+06 9.361285339117113035e+05 -4.612260891050159931e+06
-4.295174165452473797e+06 9.317560632047548424e+05 -4.612260891050159931e+06
-4.298733491647196002e+06 9.151944278020319762e+05 -4.612260891050159931e+06
-4.301770955142004415e+06 9.008091487023358932e+05 -4.612260891050159931e+06
-4.294914107741243206e+06 9.313726207123277709e+05 -4.612580497781333514e+06
-4.298671436715032905e+06 9.138741875431319932e+05 -4.612580497781333514e+06
-4.299003446565226652e+06 9.123110861474890262e+05 -4.612580497781333514e+06
-4.299202379658145830e+06 9.113731673848213395e+05 -4.612580497781333514e+06
-4.301508143606551923e+06 9.004275884122062707e+05 -4.612580497781333514e+06
-4.301573613179530948e+06 9.001147715068896068e+05 -4.612580497781333514e+06
-4.293771930424616672e+06 9.350489080297125038e+05 -4.612900080111220479e+06
-4.294857002419622615e+06 9.300522456706606317e+05 -4.612900080111220479e+06
-4.294924626376229338e+06 9.297399123716836330e+05 -4.612900080111220479e+06
-4.296137973109892569e+06 9.241170742460762849e+05 -4.612900080111220479e+06
-4.296339481938031502e+06 9.231797803517723223e+05 -4.612900080111220479e+06
-4.293512123747904785e+06 9.346652953371028416e+05 -4.613219638053467497e+06
-4.303193670258147642e+06 8.890274502668915084e+05 -4.613219638053467497e+06
-4.303258310785164125e+06 8.887145108167490689e+05 -4.613219638053467497e+06
-4.303322928554408252e+06 8.884015666666458128e+05 -4.613219638053467497e+06
-4.293252261279736646e+06 9.342817204359020106e+05 -4.613539171598714776e+06
-4.293320192800395191e+06 9.339695039007514715e+05 -4.613539171598714776e+06
-4.302735774911751039e+06 8.895853884921974968e+05 -4.613539171598714776e+06
-4.302800456014393829e+06 8.892724823396755382e+05 -4.613539171598714776e+06
-4.302865114346170798e+06 8.889595715593366185e+05 -4.613539171598714776e+06
-4.302929749937776476e+06 8.886466560026358347e+05 -4.613539171598714776e+06
-4.302994362773347646e+06 8.883337357463329099e+05 -4.613539171598714776e+06
-4.297026363438859582e+06 9.151576400236180052e+05 -4.613858680737610906e+06
-4.300587037119377404e+06 8.982762438932519872e+05 -4.613858680737610906e+06
-4.302277785557919182e+06 8.901432076228167862e+05 -4.613858680737610906e+06
-4.302407206128683873e+06 8.895174572959024226e+05 -4.613858680737610906e+06
-4.302471882292098366e+06 8.892045750377580989e+05 -4.613858680737610906e+06
-4.302536535686386749e+06 8.888916881521503674e+05 -4.613858680737610906e+06
-4.302601166342239827e+06 8.885787964905453846e+05 -4.613858680737610906e+06
-4.302665774243797176e+06 8.882659001296971692e+05 -4.613858680737610906e+06
-4.323821844970753416e+06 7.787899120660868939e+05 -4.613858680737610906e+06
-4.296764718553011306e+06 9.147752787273322465e+05 -4.614178165483795106e+06
-4.302078614584466442e+06 8.894495213937672088e+05 -4.614178165483795106e+06
-4.302143285808311775e+06 8.891366630316559458e+05 -4.614178165483795106e+06
-4.302207934264768846e+06 8.888238000424344791e+05 -4.614178165483795106e+06
-4.302272559984528460e+06 8.885109322775807232e+05 -4.614178165483795106e+06
-4.302337162951728329e+06 8.881980598138425266e+05 -4.614178165483795106e+06
-4.299995412464221008e+06 8.978263273123608669e+05 -4.614497625827915035e+06
-4.301620599487340078e+06 8.900072355294214794e+05 -4.614497625827915035e+06
-4.301685311254987493e+06 8.896944105487137567e+05 -4.614497625827915035e+06
-4.301750000288716517e+06 8.893815807877804618e+05 -4.614497625827915035e+06
-4.301814666572649963e+06 8.890687463233566377e+05 -4.614497625827915035e+06
-4.301879310090934858e+06 8.887559072321761632e+05 -4.614497625827915035e+06
-4.301943930874258280e+06 8.884430633657280123e+05 -4.614497625827915035e+06
-4.302008528906760737e+06 8.881302148007545620e+05 -4.614497625827915035e+06
-4.299732184891030192e+06 8.974450538586672628e+05 -4.614817061760609038e+06
-4.301162490414737724e+06 8.905648306173238670e+05 -4.614817061760609038e+06
-4.301227242748588324e+06 8.902520388746963581e+05 -4.614817061760609038e+06
-4.301291972335407510e+06 8.899392424239749089e+05 -4.614817061760609038e+06
-4.301356679159326479e+06 8.896264413418840850e+05 -4.614817061760609038e+06
-4.301421363251063973e+06 8.893136354799328838e+05 -4.614817061760609038e+06
-4.301486024594743736e+06 8.890008249148502946e+05 -4.614817061760609038e+06
-4.301550663174513727e+06 8.886880097233647248e+05 -4.614817061760609038e+06
-4.301615279021060094e+06 8.883751897569762077e+05 -4.614817061760609038e+06
-4.301679872118522413e+06 8.880623650924212998e+05 -4.614817061760609038e+06
-4.299403654162920080e+06 8.973764825467099436e+05 -4.615136473295521922e+06
-4.299468901843110099e+06 8.970638187673038337e+05 -4.615136473295521922e+06
-4.300833850400910713e+06 8.904967850043296348e+05 -4.615136473295521922e+06
-4.300898597787212580e+06 8.901840171612601262e+05 -4.615136473295521922e+06
-4.300963322428221814e+06 8.898712446104565170e+05 -4.615136473295521922e+06
-4.301028024308070540e+06 8.895584674286373192e+05 -4.615136473295521922e+06
-4.301092703457474709e+06 8.892456854673229391e+05 -4.615136473295521922e+06
-4.301157359860558063e+06 8.889328988032366615e+05 -4.615136473295521922e+06
-4.301221993501472287e+06 8.886201075131007237e+05 -4.615136473295521922e+06
-4.299140343391489238e+06 8.969952666028323583e+05 -4.615455860423304141e+06
-4.300699346710835584e+06 8.894904888109621825e+05 -4.615455860423304141e+06
-4.300764020917563699e+06 8.891777307519388851e+05 -4.615455860423304141e+06
-4.300828672379709780e+06 8.888649679905029479e+05 -4.615455860423304141e+06
-4.300893301081425510e+06 8.885522006033710204e+05 -4.615455860423304141e+06
-4.298876977200771682e+06 8.966140888865928864e+05 -4.615775223134595901e+06
-4.298613555564898066e+06 8.962329494778056396e+05 -4.616094561443040147e+06
-4.298021414152353071e+06 8.957833490273240022e+05 -4.616733164813967422e+06
-4.297692727085045539e+06 8.957148448544584680e+05 -4.617052429880741052e+06
-4.297364017289403826e+06 8.956463359446078539e+05 -4.617371670530244708e+06
-4.297035284775055014e+06 8.955778222997785779e+05 -4.617690886753135361e+06
-4.296706529527959414e+06 8.955093039170446573e+05 -4.618010078563039191e+06
-4.296377751557746902e+06 8.954407807984129759e+05 -4.618329245950609446e+06
-4.296114052827058360e+06 8.950598330576687586e+05 -4.618648388906504959e+06
-4.295850298684665002e+06 8.946789236727397656e+05 -4.618967507444349118e+06
-4.290578232795465738e+06 9.180254467922262847e+05 -4.619286601554797962e+06
-4.316383213636012748e+06 7.878250095913258847e+05 -4.619286601554797962e+06
-4.316612200025707483e+06 7.865693912717103958e+05 -4.619286601554797962e+06
-4.297326939899855293e+06 8.842316517544183880e+05 -4.619605671228509396e+06
-4.290387906859152950e+06 9.157009461293671047e+05 -4.619924716479103081e+06
-4.295123672317612916e+06 8.932240780242895707e+05 -4.619924716479103081e+06
-4.296997874935444444e+06 8.841639423012896441e+05 -4.619924716479103081e+06
-4.315320695194608532e+06 7.899012037531029200e+05 -4.619924716479103081e+06
-4.315378127024916932e+06 7.895873826628689421e+05 -4.619924716479103081e+06
-4.315435536033358425e+06 7.892735573969020043e+05 -4.619924716479103081e+06
-4.316179776146667078e+06 7.851934500796486391e+05 -4.619924716479103081e+06
-4.294339506934029050e+06 8.953418381552498322e+05 -4.620243737297240645e+06
-4.296668787246370688e+06 8.840962281722623156e+05 -4.620243737297240645e+06
-4.314932754005473107e+06 7.901545015858361730e+05 -4.620243737297240645e+06
-4.314990204243361950e+06 7.898407087821243331e+05 -4.620243737297240645e+06
-4.316248335734460503e+06 7.829362121112529421e+05 -4.620243737297240645e+06
-4.316816561646173708e+06 7.797971409686818952e+05 -4.620243737297240645e+06
-4.293681620239187032e+06 8.952046730611284729e+05 -4.620881705621743575e+06
-4.293811777061147615e+06 8.945801729421900818e+05 -4.620881705621743575e+06
-4.294006841992465779e+06 8.936433872480575228e+05 -4.620881705621743575e+06
-4.293612845700953156e+06 8.938871599483645987e+05 -4.621200653132388368e+06
-4.293677839661391452e+06 8.935749172226539813e+05 -4.621200653132388368e+06
-4.315199501792073250e+06 7.830701010907164309e+05 -4.621200653132388368e+06
-4.293218813981811516e+06 8.941308752683688654e+05 -4.621519576196169481e+06
-4.293084728183060884e+06 8.931257634022387210e+05 -4.621838474826715887e+06
-4.292495691297979094e+06 8.943059773577650776e+05 -4.622157349014685489e+06
-4.291378301612413488e+06 8.947244461182371015e+05 -4.623113824898600578e+06
-4.291049165306259878e+06 8.946558233405364444e+05 -4.623432601291741244e+06
-4.290459599898899905e+06 8.958352778455069056e+05 -4.623751353241525590e+06
-4.290130438178423792e+06 8.957665498515815707e+05 -4.624070080738612451e+06
-4.267287428684347309e+06 9.945010924002798274e+05 -4.625026116489201784e+06
-4.267609789455068298e+06 9.916318188725640066e+05 -4.625344746151009575e+06
-4.267681891677014530e+06 9.913214668841527309e+05 -4.625344746151009575e+06
-4.267753971312036738e+06 9.910111097276260844e+05 -4.625344746151009575e+06
-4.267826028394354507e+06 9.907007472556567518e+05 -4.625344746151009575e+06
-4.267898062906283885e+06 9.903903795443669660e+05 -4.625344746151009575e+06
-4.294771777748052962e+06 8.664654386137245456e+05 -4.625344746151009575e+06
-4.294834777541420422e+06 8.661531116806004429e+05 -4.625344746151009575e+06
-4.267354238923726603e+06 9.912453578356666258e+05 -4.625663351359342225e+06
-4.267426313024810515e+06 9.909350245069179218e+05 -4.625663351359342225e+06
-4.267498364574921317e+06 9.906246858631348005e+05 -4.625663351359342225e+06
-4.267570393556375988e+06 9.903143419804333244e+05 -4.625663351359342225e+06
-4.289199203952433541e+06 8.919920115700969473e+05 -4.625663351359342225e+06
-4.267098632169312797e+06 9.908589340456527425e+05 -4.625981932104867883e+06
-4.267170678186834790e+06 9.905486192316969391e+05 -4.625981932104867883e+06
-4.267242701637433842e+06 9.902382991792252287e+05 -4.625981932104867883e+06
-4.291446202597277239e+06 8.794439459412529832e+05 -4.625981932104867883e+06
-4.307364457093152218e+06 7.978368239244949073e+05 -4.625981932104867883e+06
-4.307422466039128602e+06 7.975235814072851790e+05 -4.625981932104867883e+06
-4.307480452191398479e+06 7.972103347475511255e+05 -4.625981932104867883e+06
-4.307538415577486157e+06 7.968970837965939427e+05 -4.625981932104867883e+06
-4.307596356183166616e+06 7.965838286312483251e+05 -4.625981932104867883e+06
-4.266842969239694998e+06 9.904725473635715898e+05 -4.626300488378258422e+06
-4.266914987159057520e+06 9.901622511429699371e+05 -4.626300488378258422e+06
-4.289961852293893695e+06 8.849927101927122567e+05 -4.626300488378258422e+06
-4.290924677055151202e+06 8.803125621449698228e+05 -4.626300488378258422e+06
-4.290988683850009926e+06 8.800005149443098344e+05 -4.626300488378258422e+06
-4.291436095948375762e+06 8.778160545481379377e+05 -4.626300488378258422e+06
-4.291499921190712601e+06 8.775039701626450988e+05 -4.626300488378258422e+06
-4.291563723737461492e+06 8.771918811364745488e+05 -4.626300488378258422e+06
-4.291627503572981805e+06 8.768797875461771619e+05 -4.626300488378258422e+06
-4.291691260727549903e+06 8.765676892436017515e+05 -4.626300488378258422e+06
-4.306743297268598340e+06 7.993415807169646723e+05 -4.626300488378258422e+06
-4.306801415631283075e+06 7.990283834429620765e+05 -4.626300488378258422e+06
-4.307497059439864010e+06 7.952696864259419963e+05 -4.626300488378258422e+06
-4.307843651247271337e+06 7.933901106263392139e+05 -4.626300488378258422e+06
-4.265649329295421951e+06 9.941193295921795070e+05 -4.626619020193116739e+06
-4.266587250107250176e+06 9.900861978684198111e+05 -4.626619020193116739e+06
-4.289567980147018097e+06 8.852366834269347601e+05 -4.626619020193116739e+06
-4.290146447402775288e+06 8.824289783459281316e+05 -4.626619020193116739e+06
-4.290210608109833673e+06 8.821169877341337269e+05 -4.626619020193116739e+06
-4.290274746128123254e+06 8.818049924572638702e+05 -4.626619020193116739e+06
-4.290467024031613953e+06 8.808689787275959970e+05 -4.626619020193116739e+06
-4.290531071276073344e+06 8.805569648818178102e+05 -4.626619020193116739e+06
-4.290595095845444128e+06 8.802449463043319993e+05 -4.626619020193116739e+06
-4.290978766712312587e+06 8.783727372883196222e+05 -4.626619020193116739e+06
-4.293955918854998425e+06 8.637013424311755225e+05 -4.626619020193116739e+06
-4.294144247067169286e+06 8.627645260250456631e+05 -4.626619020193116739e+06
-4.294206977724216878e+06 8.624522447370283771e+05 -4.626619020193116739e+06
-4.294269685671359301e+06 8.621399588879361982e+05 -4.626619020193116739e+06
-4.294332370893226005e+06 8.618276685543665662e+05 -4.626619020193116739e+06
-4.294395033419571817e+06 8.615153735880767927e+05 -4.626619020193116739e+06
-4.295954214557566680e+06 8.537065235854578204e+05 -4.626619020193116739e+06
-4.296016286478355527e+06 8.533941107718124986e+05 -4.626619020193116739e+06
-4.296078335694571957e+06 8.530816933700143127e+05 -4.626619020193116739e+06
-4.307628110008774325e+06 7.927026604279358871e+05 -4.626619020193116739e+06
-4.288205611362676136e+06 8.901588346574025927e+05 -4.626937527540114708e+06
-4.289238455149631016e+06 8.851686794654300902e+05 -4.626937527540114708e+06
-4.289367152357988991e+06 8.845448256099200808e+05 -4.626937527540114708e+06
-4.290521343639607541e+06 8.789293009189881850e+05 -4.626937527540114708e+06
-4.293688850736319087e+06 8.633227492100469535e+05 -4.626937527540114708e+06
-4.295872331300895661e+06 8.523913592971110484e+05 -4.626937527540114708e+06
-4.295934307595341466e+06 8.520789523666831665e+05 -4.626937527540114708e+06
-4.295996261170748621e+06 8.517665409300357569e+05 -4.626937527540114708e+06
-4.264921637043718249e+06 9.942767441721297801e+05 -4.627256010409926996e+06
-4.288908907476526685e+06 8.851006708243454341e+05 -4.627256010409926996e+06
-4.289037594796913676e+06 8.844768649003244936e+05 -4.627256010409926996e+06
-4.289166191371613182e+06 8.838530403409455903e+05 -4.627256010409926996e+06
-4.289935865363283083e+06 8.801097006595182465e+05 -4.627256010409926996e+06
-4.293296171997620724e+06 8.635686386360852048e+05 -4.627256010409926996e+06
-4.293358961133633740e+06 8.632564190197078278e+05 -4.627256010409926996e+06
-4.289350040738798678e+06 8.812898294970752904e+05 -4.627574468816151842e+06
-4.290181283468239941e+06 8.772343418606702471e+05 -4.627574468816151842e+06
-4.295459924624718726e+06 8.510109115069700638e+05 -4.627574468816151842e+06
-4.264266160246959887e+06 9.941239335484361509e+05 -4.627892902749461122e+06
-4.264771670845597051e+06 9.919530615074585658e+05 -4.627892902749461122e+06
-4.288635474515316077e+06 8.830934533841548255e+05 -4.627892902749461122e+06
-4.289787766582531855e+06 8.774788877004510723e+05 -4.627892902749461122e+06
-4.295191673934457824e+06 8.506331552704002243e+05 -4.627892902749461122e+06
-4.304798266687561758e+06 8.005998774699686328e+05 -4.627892902749461122e+06
-4.264010665934676304e+06 9.937374353491566144e+05 -4.628211312200536020e+06
-4.264371717171423137e+06 9.921869316854819190e+05 -4.628211312200536020e+06
-4.286952304956453852e+06 8.895734846810299205e+05 -4.628211312200536020e+06
-4.287791380013529211e+06 8.855202601299847011e+05 -4.628211312200536020e+06
-4.288305829152681865e+06 8.830255745300506242e+05 -4.628211312200536020e+06
-4.291425152920718305e+06 8.677391350506166928e+05 -4.628211312200536020e+06
-4.291488245348760858e+06 8.674270514875672525e+05 -4.628211312200536020e+06
-4.287461751513115130e+06 8.854521848227781011e+05 -4.628529697182968259e+06
-4.290336424204701558e+06 8.714167828529356048e+05 -4.628529697182968259e+06
-4.287967214731867425e+06 8.813307121778231813e+05 -4.628848057687437162e+06
-4.290575930211102590e+06 8.685417928553372622e+05 -4.628848057687437162e+06
-4.294324803489569575e+06 8.498124151702562813e+05 -4.628848057687437162e+06
-4.294118121820569038e+06 8.491225207518531242e+05 -4.629166393704616465e+06
-4.289473407373215072e+06 8.705918971090420382e+05 -4.629484705248101614e+06
-4.293581016246609390e+06 8.483674376927131088e+05 -4.629802992308574729e+06
-4.293250702179260552e+06 8.483021710311804200e+05 -4.630121254876709543e+06
-4.292920365399139002e+06 8.482368998818375403e+05 -4.630439492966101505e+06
-4.297722650485332124e+06 8.235600290720525663e+05 -4.630439492966101505e+06
-4.285024957454027608e+06 8.855987675366787007e+05 -4.630757706567427143e+06
-4.300416563038808294e+06 8.075527520898309303e+05 -4.630757706567427143e+06
-4.292197936350808479e+06 8.484184838377306005e+05 -4.631075895671365783e+06
-4.299024892026554793e+06 8.131187036759918556e+05 -4.631075895671365783e+06
-4.300261643270137720e+06 8.065524458776779938e+05 -4.631075895671365783e+06
-4.296790260983912274e+06 8.230574168369289255e+05 -4.631394060291515663e+06
-4.291537113381954841e+06 8.482878620841130614e+05 -4.631712200418550521e+06
-4.298835271003747359e+06 8.104926929146863986e+05 -4.631712200418550521e+06
-4.298894200318975374e+06 8.101800706990037579e+05 -4.631712200418550521e+06
-4.291268341002902947e+06 8.479104768566896673e+05 -4.632030316043155268e+06
-4.296008898770193569e+06 8.235555190419486025e+05 -4.632030316043155268e+06
-4.290999513715516776e+06 8.475331307979431003e+05 -4.632348407178916037e+06
-4.290669013302359730e+06 8.474678522890554741e+05 -4.632666473816513084e+06
-4.294927473475823179e+06 8.256151282280687010e+05 -4.632666473816513084e+06
-4.295227391675157472e+06 8.240533940102974884e+05 -4.632666473816513084e+06
-4.290338490205941722e+06 8.474025692999028834e+05 -4.632984515946640633e+06
-4.289469960630903952e+06 8.465828242318838602e+05 -4.633938495336411521e+06
-4.289716040100037120e+06 8.453350322492152918e+05 -4.633938495336411521e+06
-4.292459417880335823e+06 8.312924679616274079e+05 -4.633938495336411521e+06
-4.293543899359448813e+06 8.256729411289797863e+05 -4.633938495336411521e+06
-4.292309807870776393e+06 8.302919767157752067e+05 -4.634256439457979053e+06
-4.290827679044888355e+06 8.361574845572614577e+05 -4.634574359071298502e+06
-4.292039281970564276e+06 8.299158464931671042e+05 -4.634574359071298502e+06
-4.290921915537742898e+06 8.339088121731982101e+05 -4.634892254167057574e+06
-4.291103744100350887e+06 8.329726583929135231e+05 -4.634892254167057574e+06
-4.270990407042168081e+06 9.258594559133456787e+05 -4.635845792393187061e+06
-4.271461166440335102e+06 9.236851697101971367e+05 -4.635845792393187061e+06
-4.271528327415823936e+06 9.233745378959471127e+05 -4.635845792393187061e+06
-4.268601032281124964e+06 9.289172109130403260e+05 -4.637434532419627532e+06
-4.271755160226922482e+06 9.110745605440364452e+05 -4.638069856761986390e+06
-4.267477217631992884e+06 9.293227439757995307e+05 -4.638387482145189308e+06
-4.267147617845168337e+06 9.292509674758476904e+05 -4.638705082990672439e+06
-4.266091110429169610e+06 9.293458497958078515e+05 -4.639657738344986923e+06
-4.278573090246354230e+06 8.683795677936878055e+05 -4.639975241060906090e+06
-4.263610028468553908e+06 9.359528559798094211e+05 -4.640610172867961228e+06
-4.277201708126942627e+06 8.700445628418087726e+05 -4.640927601963358931e+06
-4.263977512810346670e+06 9.295350355654519517e+05 -4.641562386514267884e+06
-4.268323912165563554e+06 9.077469040909586474e+05 -4.641879741974035278e+06
-4.275766080506397411e+06 8.720194297388253035e+05 -4.641879741974035278e+06
-4.261621145050270483e+06 9.371406258167320630e+05 -4.642197072885234840e+06
-4.262776451492390595e+06 9.318713758334347513e+05 -4.642197072885234840e+06
-4.276887762734353542e+06 8.647996308214390883e+05 -4.642197072885234840e+06
-4.261359555771053769e+06 9.367582265460839262e+05 -4.642514379238578491e+06
-4.262446638588854112e+06 9.317992765320325270e+05 -4.642514379238578491e+06
-4.262793247191919014e+06 9.286274273727048421e+05 -4.642831661047611386e+06
-4.267465213105816394e+06 9.069155540101814549e+05 -4.642831661047611386e+06
-4.267200877560558729e+06 9.065350478650295408e+05 -4.643148918303047307e+06
-4.274316029912493192e+06 8.723712506120052421e+05 -4.643148918303047307e+06
-4.259720884970567189e+06 9.347744080310488353e+05 -4.644417701739989221e+06
-4.260678401305735111e+06 9.288158385901958682e+05 -4.644734836202255450e+06
-4.270842468339133076e+06 8.758689076784888748e+05 -4.645686092192732729e+06
-4.264152469401544891e+06 8.997314683668859070e+05 -4.647271027444717474e+06
-4.258246540144711733e+06 9.256909506531673251e+05 -4.647587940773626789e+06
-4.263821779869725928e+06 8.996616932403696701e+05 -4.647587940773626789e+06
-4.257457439768271521e+06 9.245467285286787665e+05 -4.648538533273518085e+06
-4.263221630309856497e+06 8.975922434655167162e+05 -4.648538533273518085e+06
-4.257261491310929880e+06 9.238558033557404997e+05 -4.648855348277353682e+06
-4.263021314445246011e+06 8.969025718429891858e+05 -4.648855348277353682e+06
-4.256863904775520787e+06 9.240936754817240871e+05 -4.649172138688133098e+06
-4.256466283655425534e+06 9.243314897025584942e+05 -4.649488904519379139e+06
-4.262289375708996318e+06 8.954539264304628596e+05 -4.649805645761818625e+06
-4.261828171571874060e+06 8.960042693237387575e+05 -4.650122362406173721e+06
-4.261893319576910697e+06 8.956943380393412663e+05 -4.650122362406173721e+06
-4.259598281038396992e+06 9.049199328517292161e+05 -4.650439054465970956e+06
-4.255144427032823674e+06 9.240444361657232512e+05 -4.650755721931939013e+06
-4.259201649092960171e+06 9.051593933010554174e+05 -4.650755721931939013e+06
-4.254881088546888903e+06 9.236632393725344446e+05 -4.651072364794798195e+06
-4.260965517799735069e+06 8.951758003675914370e+05 -4.651072364794798195e+06
-4.258408280762484297e+06 9.056381410510687856e+05 -4.651388983068075031e+06
-4.260569391743569635e+06 8.954160967565646861e+05 -4.651388983068075031e+06
-4.258206913213551044e+06 9.033298617697258014e+05 -4.652022145808788016e+06
-4.258928162715369835e+06 8.999232521356910001e+05 -4.652022145808788016e+06
-4.258269678056834266e+06 9.014017194686844014e+05 -4.652338690280474722e+06
-4.258335218569234945e+06 9.010920470253075473e+05 -4.652338690280474722e+06
-4.258793371649903245e+06 8.989242062099582981e+05 -4.652338690280474722e+06
-4.259836434332928620e+06 8.939682676969461609e+05 -4.652338690280474722e+06
-4.258069722068917938e+06 9.007123500207938487e+05 -4.652655210148280486e+06
-4.259440290802971460e+06 8.942085352781784022e+05 -4.652655210148280486e+06
-4.252437359120614827e+06 9.221613350638380507e+05 -4.653604622104092501e+06
-4.255894141885809600e+06 9.060739893592989538e+05 -4.653604622104092501e+06
-4.256223318331859075e+06 9.045264427420365391e+05 -4.653604622104092501e+06
-4.256354831362175755e+06 9.039073905391485896e+05 -4.653604622104092501e+06
-4.252106615379588678e+06 9.220896117052013287e+05 -4.653921043532054871e+06
-4.255629004472518340e+06 9.056940415293428814e+05 -4.653921043532054871e+06
-4.256155195684057660e+06 9.032180638257341925e+05 -4.653921043532054871e+06
-4.258764539912129752e+06 8.908336063241764205e+05 -4.653921043532054871e+06
-4.251708786878795363e+06 9.223270788456890732e+05 -4.654237440355361439e+06
-4.258562767134114169e+06 8.901449360488525126e+05 -4.654237440355361439e+06
-4.251310923827910796e+06 9.225644881960615749e+05 -4.654553812564746477e+06
-4.257842676266669296e+06 8.919336018456026213e+05 -4.654553812564746477e+06
-4.249633916039867327e+06 9.286745241363929817e+05 -4.654870160150946118e+06
-4.250913026259382255e+06 9.228018396788095124e+05 -4.654870160150946118e+06
-4.254306292203541845e+06 9.070296380238306010e+05 -4.654870160150946118e+06
-4.254372242015969008e+06 9.067202537168280687e+05 -4.654870160150946118e+06
-4.257835376775056124e+06 8.903160654616480460e+05 -4.654870160150946118e+06
-4.254962017829359509e+06 9.023181446345719742e+05 -4.655186483127472922e+06
-4.255027625010558404e+06 9.020087126543089980e+05 -4.655186483127472922e+06
-4.255093209689051844e+06 9.016992759037769865e+05 -4.655186483127472922e+06
-4.257374493859204464e+06 8.908659979729607003e+05 -4.655186483127472922e+06
-4.249174929296092130e+06 9.276029710099161603e+05 -4.655502781485059299e+06
-4.250049973783543333e+06 9.235854437610935420e+05 -4.655502781485059299e+06
-4.248844150115557946e+06 9.275307612855066545e+05 -4.655819055214446038e+06
-4.248513348457087763e+06 9.274585466541211354e+05 -4.656135304329135455e+06
-4.248721336861447431e+06 9.249146779294902226e+05 -4.656451528819865547e+06
-4.252122454007993452e+06 9.091505903161328752e+05 -4.656451528819865547e+06
-4.252188558066210710e+06 9.088413648167300271e+05 -4.656451528819865547e+06
-4.255385941137017682e+06 8.904498884651107946e+05 -4.657083903915184550e+06
-4.246129686699679121e+06 9.272616966640739702e+05 -4.658348358552346937e+06
-4.252754712637756951e+06 8.947425682009657612e+05 -4.658664410620976239e+06
-4.252819768913283013e+06 8.944332967605126323e+05 -4.658664410620976239e+06
-4.252884802682176232e+06 8.941240206640770193e+05 -4.658664410620976239e+06
-4.245204096431189217e+06 9.267361306411016267e+05 -4.659296440859737806e+06
-4.252255036350069568e+06 8.872128693954416085e+05 -4.660560205620625988e+06
-4.252319545051724650e+06 8.869036343123848783e+05 -4.660560205620625988e+06
-4.241542272858098149e+06 9.307852026734362589e+05 -4.661823576031372882e+06
-4.241959929693048820e+06 9.257047429918510607e+05 -4.662455113315401599e+06
-4.245577692102312110e+06 8.909759314211433521e+05 -4.665926805035782978e+06
-4.245892361634382047e+06 8.878187734555283096e+05 -4.666242265347432345e+06
-4.244913483340161853e+06 8.908365407272417797e+05 -4.666557700989244506e+06
-4.243260699982242659e+06 8.921006549251505639e+05 -4.667819196741485037e+06
-4.242993356621585786e+06 8.917222560234738048e+05 -4.668134508963670582e+06
-4.239377215860911645e+06 9.006241181444936665e+05 -4.669710699760301039e+06
-4.231977200126950629e+06 9.332033051466079196e+05 -4.670025863832994364e+06
-4.237596332123300992e+06 9.057224959423686378e+05 -4.670341003215832636e+06
-4.232280293618087657e+06 9.223027298629544675e+05 -4.671916329595312476e+06
-4.236395708949852735e+06 9.032110531054948224e+05 -4.671916329595312476e+06
-4.229323313650188968e+06 9.326180903605918866e+05 -4.672546287212910131e+06
-4.231554822882807814e+06 9.192439771796765272e+05 -4.673176145979962312e+06
-4.231888789680361748e+06 9.177052797175943851e+05 -4.673176145979962312e+06
-4.231623376023478806e+06 9.173255247998995474e+05 -4.673491038296986371e+06
-4.226176299714103341e+06 9.374044027349994285e+05 -4.674435566939377226e+06
-4.227749603448474780e+06 9.271139785579027375e+05 -4.675065129097539932e+06
-4.227350075615465641e+06 9.273485754832995590e+05 -4.675379873095127754e+06
-4.227754305337632075e+06 9.255039578284410527e+05 -4.675379873095127754e+06
-4.224439352583659813e+06 9.389532657823282061e+05 -4.675694592359432951e+06
-4.226950513690099120e+06 9.275831142252179561e+05 -4.675694592359432951e+06
-4.227758373055468313e+06 9.238940513068196597e+05 -4.675694592359432951e+06
-4.226415927335116081e+06 9.284323119951108238e+05 -4.676009286903894506e+06
-4.226156262320704758e+06 9.264424615890115965e+05 -4.676638601796420291e+06
-4.226627324293392710e+06 9.242909984004478902e+05 -4.676638601796420291e+06
-4.225351924920122139e+06 9.285206881952950498e+05 -4.676953222148704343e+06
-4.223093513124980964e+06 9.277024650610761018e+05 -4.679154871952979825e+06
-4.219644391595594585e+06 9.401419062894514063e+05 -4.679783692064653151e+06
-4.219712749491966330e+06 9.398350425796355121e+05 -4.679783692064653151e+06
-4.219398287471792661e+06 9.365448781696842052e+05 -4.680726736614116468e+06
-4.219141812382995151e+06 9.345564915653227363e+05 -4.681355309210640378e+06
-4.219352365903075784e+06 9.320283034916403703e+05 -4.681669558377503417e+06
-4.217102791968887672e+06 9.039081185107935453e+05 -4.689204106803039089e+06
-4.287695001357037574e+06 7.063134819223347586e+04 -4.711721955717508681e+06
-4.287700126476299018e+06 7.031953800123538531e+04 -4.711721955717508681e+06
-4.287705228918846697e+06 7.000772751318463997e+04 -4.711721955717508681e+06
-4.287347243024532683e+06 7.093748925231580506e+04 -4.712033795543970540e+06
-4.287352390407921746e+06 7.062570435020790319e+04 -4.712033795543970540e+06
-4.287402617182912305e+06 6.750783528297643352e+04 -4.712033795543970540e+06
-4.287009756793376990e+06 7.062006013481394621e+04 -4.712345610443375073e+06
-4.287014881093559787e+06 7.030829977624054300e+04 -4.712345610443375073e+06
-4.286661953938141465e+06 7.092615061225587851e+04 -4.712657400429035537e+06
-4.286667100498773158e+06 7.061441554581059609e+04 -4.712657400429035537e+06
-4.286672224389376119e+06 7.030268010592302016e+04 -4.712657400429035537e+06
-4.286339723971158266e+06 6.967363798586299527e+04 -4.712969165491821244e+06
-4.286374636266376823e+06 6.749164908061012102e+04 -4.712969165491821244e+06
-4.286002076195064001e+06 6.935638070833271195e+04 -4.713280905622605234e+06
-4.286007108599337749e+06 6.904469370851006533e+04 -4.713280905622605234e+06
-4.286027011554439552e+06 6.779794184986758046e+04 -4.713280905622605234e+06
-4.286031930626970716e+06 6.748625296601085574e+04 -4.713280905622605234e+06
-4.155449003802461550e+06 9.827851507638499606e+05 -4.728215088618030772e+06
-4.155520462973076850e+06 9.824829553619840881e+05 -4.728215088618030772e+06
-4.155591900150089525e+06 9.821807548367874697e+05 -4.728215088618030772e+06
-4.155114378262363374e+06 9.827060100953989895e+05 -4.728525605437677354e+06
-4.155185831678591203e+06 9.824038390284003690e+05 -4.728525605437677354e+06
-4.160856256805848796e+06 9.550334999136363622e+05 -4.729146564047505148e+06
-4.158192160175939091e+06 9.604720791241887491e+05 -4.730388181140552275e+06
-4.156571795272144489e+06 9.613714948133190628e+05 -4.731629397967312485e+06
-4.156236540574984625e+06 9.612939539153805235e+05 -4.731939639614501968e+06
-4.146936668156178668e+06 9.903301517615027260e+05 -4.734110630394454114e+06
-4.146457729174526408e+06 9.908532699447735213e+05 -4.734420671804375015e+06
-4.146529775081858505e+06 9.905517284579378320e+05 -4.734420671804375015e+06
-4.146601799077571370e+06 9.902501816602026811e+05 -4.734420671804375015e+06
-4.146194889898854773e+06 9.904717287678709254e+05 -4.734730688168886118e+06
-4.146266908077710774e+06 9.901702063238869887e+05 -4.734730688168886118e+06
-4.146338904329044279e+06 9.898686786433885572e+05 -4.734730688168886118e+06
-4.145787948510975577e+06 9.906932166163733928e+05 -4.735040679501229897e+06
-4.145859982780674938e+06 9.903917238377773901e+05 -4.735040679501229897e+06
-4.145931995142293163e+06 9.900902257491399068e+05 -4.735040679501229897e+06
-4.146003985578160267e+06 9.897887224244108656e+05 -4.735040679501229897e+06
-4.145380974896001630e+06 9.909146453476671595e+05 -4.735350645792324096e+06
-4.145453025286815595e+06 9.906131820920843165e+05 -4.735350645792324096e+06
-4.145525053737126291e+06 9.903117136700002011e+05 -4.735350645792324096e+06
-4.145597060281126760e+06 9.900102399383035954e+05 -4.735350645792324096e+06
-4.145669044901146553e+06 9.897087609709383687e+05 -4.735350645792324096e+06
-4.145741007579537109e+06 9.894072768418585183e+05 -4.735350645792324096e+06
-4.144757638111577835e+06 9.920402843317864463e+05 -4.735660587033095770e+06
-4.144829770362823270e+06 9.917388664035625989e+05 -4.735660587033095770e+06
-4.144901880694146734e+06 9.914374432305264054e+05 -4.735660587033095770e+06
-4.144973969087867066e+06 9.911360148866222007e+05 -4.735660587033095770e+06
-4.145334082307812758e+06 9.896287942853129935e+05 -4.735660587033095770e+06
-4.144999097783854697e+06 9.895488223641200457e+05 -4.735970503236778080e+06
-4.144736036572967190e+06 9.891674341635297751e+05 -4.736280394394292496e+06
-4.146776064751499798e+06 9.043013495229503606e+05 -4.751434345337735489e+06
-4.146372685674923938e+06 9.045292607486208435e+05 -4.751742982100198045e+06
-4.146438453940173145e+06 9.042277256022155052e+05 -4.751742982100198045e+06
-4.146035058290487621e+06 9.044556074927262962e+05 -4.752051593733085319e+06
-4.134160459620238282e+06 9.511217077485298505e+05 -4.753285788921396248e+06
-4.134229616216409486e+06 9.508210605771293631e+05 -4.753285788921396248e+06
-4.134298750932126772e+06 9.505204084494740237e+05 -4.753285788921396248e+06
-4.134367863800209016e+06 9.502197512228384148e+05 -4.753285788921396248e+06
-4.133823580178510398e+06 9.510442038990660803e+05 -4.753594274881914258e+06
-4.133892731139332987e+06 9.507435812264367705e+05 -4.753594274881914258e+06
-4.133961860221484210e+06 9.504429535979565699e+05 -4.753594274881914258e+06
-4.134030967457781546e+06 9.501423208709114697e+05 -4.753594274881914258e+06
-4.133486678875070997e+06 9.509666950200082501e+05 -4.753902735703062266e+06
-4.133555824200179428e+06 9.506660968477400020e+05 -4.753902735703062266e+06
-4.132505723476271611e+06 9.444145071915502194e+05 -4.756061257389564067e+06
-4.111050024906976614e+06 9.134368367958541494e+05 -4.780642408494567499e+06
-4.111116441026952118e+06 9.131378704342272831e+05 -4.780642408494567499e+06
-4.111182835421239492e+06 9.128388991717239842e+05 -4.780642408494567499e+06
-4.111249208073546179e+06 9.125399230816725176e+05 -4.780642408494567499e+06
-4.111315558967600111e+06 9.122409422374111600e+05 -4.780642408494567499e+06
-4.111381888134896290e+06 9.119419564970131032e+05 -4.780642408494567499e+06
-4.110644200015543029e+06 9.136603638807579409e+05 -4.780948650670895353e+06
-4.110710632407878060e+06 9.133614269592112396e+05 -4.780948650670895353e+06
-4.111108770188621245e+06 9.115677041922572535e+05 -4.780948650670895353e+06
-4.110238342609557789e+06 9.138838319366460200e+05 -4.781254867570544593e+06
-4.110304791254023090e+06 9.135849245292925043e+05 -4.781254867570544593e+06
-4.110835597788390703e+06 9.111934916847976856e+05 -4.781254867570544593e+06
-4.109832452721710317e+06 9.141072408888688078e+05 -4.781561059184540994e+06
-4.109898917598058935e+06 9.138083630698048510e+05 -4.781561059184540994e+06
-4.109965360755170695e+06 9.135094803463362623e+05 -4.781561059184540994e+06
-4.110496123455337249e+06 9.111182449872554280e+05 -4.781561059184540994e+06
-4.110562370979946107e+06 9.108193188408629503e+05 -4.781561059184540994e+06
-4.095410455006763805e+06 9.751923106099341530e+05 -4.781867225503918715e+06
-4.095481362169174943e+06 9.748944813549666433e+05 -4.781867225503918715e+06
-4.109426530336827040e+06 9.143305908779802267e+05 -4.781867225503918715e+06
-4.109493011472668033e+06 9.140317425061061513e+05 -4.781867225503918715e+06
-4.109559470859517809e+06 9.137328893721021013e+05 -4.781867225503918715e+06
-4.109625908528924454e+06 9.134340313340984285e+05 -4.781867225503918715e+06
-4.109692324464583304e+06 9.131351684654026758e+05 -4.781867225503918715e+06
-4.110222869445145596e+06 9.107440920157318469e+05 -4.781867225503918715e+06
-4.095072155300353188e+06 9.751117552477798890e+05 -4.782173366541755386e+06
-4.095143056605506688e+06 9.748139505948763108e+05 -4.782173366541755386e+06
-4.108887515537653118e+06 9.151515049419394927e+05 -4.782173366541755386e+06
-4.108954056373480242e+06 9.148526957661585184e+05 -4.782173366541755386e+06
-4.109020575463150628e+06 9.145538818238980602e+05 -4.782173366541755386e+06
-4.109087072838243563e+06 9.142550629733038368e+05 -4.782173366541755386e+06
-4.109153548482437618e+06 9.139562392876773374e+05 -4.782173366541755386e+06
-4.109220002379436512e+06 9.136574108403143473e+05 -4.782173366541755386e+06
-4.109286434560786933e+06 9.133585774893566268e+05 -4.782173366541755386e+06
-4.109352845010184683e+06 9.130597393081060145e+05 -4.782173366541755386e+06
-4.109419233711349312e+06 9.127608963698615553e+05 -4.782173366541755386e+06
-4.109883346165295690e+06 9.106688603723277338e+05 -4.782173366541755386e+06
-4.108414916950253304e+06 9.156734525280334055e+05 -4.782479482289080508e+06
-4.108481495728456415e+06 9.153746777909217635e+05 -4.782479482289080508e+06
-4.108548052794945426e+06 9.150758981411483837e+05 -4.782479482289080508e+06
-4.108614588133388199e+06 9.147771136519964784e+05 -4.782479482289080508e+06
-4.108681101727470756e+06 9.144783243967590388e+05 -4.782479482289080508e+06
-4.108814063760965131e+06 9.138807312357947230e+05 -4.782479482289080508e+06
-4.108880512167762034e+06 9.135819274766530143e+05 -4.782479482289080508e+06
-4.108946938860704657e+06 9.132831188143218169e+05 -4.782479482289080508e+06
-4.109013343823490199e+06 9.129843053220966831e+05 -4.782479482289080508e+06
-4.109079727039838675e+06 9.126854870732706040e+05 -4.782479482289080508e+06
-4.109543801150344312e+06 9.105936239128551679e+05 -4.782479482289080508e+06
-4.107875593274066225e+06 9.164940127478605136e+05 -4.782785572736934759e+06
-4.107942231726508588e+06 9.161952772292973241e+05 -4.782785572736934759e+06
-4.108008848470103461e+06 9.158965367937420961e+05 -4.782785572736934759e+06
-4.108075443488503341e+06 9.155977915144683793e+05 -4.782785572736934759e+06
-4.108275098173044622e+06 9.147015267018518643e+05 -4.782785572736934759e+06
-4.108341606271187775e+06 9.144027621352169663e+05 -4.782785572736934759e+06
-4.108541000234430656e+06 9.135064392833273159e+05 -4.782785572736934759e+06
-4.108607421438613907e+06 9.132076553112021647e+05 -4.782785572736934759e+06
-4.108673820914435666e+06 9.129088665095822653e+05 -4.782785572736934759e+06
-4.109138008773910813e+06 9.108172100202179281e+05 -4.782785572736934759e+06
-4.109204234410229139e+06 9.105183826395159122e+05 -4.782785572736934759e+06
-4.107536114594434388e+06 9.164182728257831186e+05 -4.783091637898386456e+06
-4.107602747539812699e+06 9.161195619950024411e+05 -4.783091637898386456e+06
-4.107669358778137714e+06 9.158208462476361310e+05 -4.783091637898386456e+06
-4.107735948293062858e+06 9.155221256569515681e+05 -4.783091637898386456e+06
-4.107802516068262514e+06 9.152234002962262603e+05 -4.783091637898386456e+06
-4.107869062135335989e+06 9.149246700236510951e+05 -4.783091637898386456e+06
-4.107935586477954406e+06 9.146259349124971777e+05 -4.783091637898386456e+06
-4.108002089079806115e+06 9.143271950360453920e+05 -4.783091637898386456e+06
-4.108135029139605816e+06 9.137297006350733573e+05 -4.783091637898386456e+06
-4.108201466564945411e+06 9.134309462571141776e+05 -4.783091637898386456e+06
-4.108267882280018181e+06 9.131321869767758762e+05 -4.783091637898386456e+06
-4.108732183890241664e+06 9.110407370315879816e+05 -4.783091637898386456e+06
-4.108798425767081790e+06 9.107419392344253138e+05 -4.783091637898386456e+06
-4.106996601522279438e+06 9.172385575420948444e+05 -4.783397677764472552e+06
-4.107063294121862855e+06 9.169398859436346684e+05 -4.783397677764472552e+06
-4.107129965017260052e+06 9.166412094242620515e+05 -4.783397677764472552e+06
-4.107196614192110952e+06 9.163425280572306365e+05 -4.783397677764472552e+06
-4.107263241630072705e+06 9.160438419158122269e+05 -4.783397677764472552e+06
-4.107329847362775356e+06 9.157451508582145907e+05 -4.783397677764472552e+06
-4.107396431373874191e+06 9.154464549576990539e+05 -4.783397677764472552e+06
-4.107462993647043593e+06 9.151477542875368381e+05 -4.783397677764472552e+06
-4.107529534213881474e+06 9.148490487059309380e+05 -4.783397677764472552e+06
-4.107596053058059886e+06 9.145503382861461723e+05 -4.783397677764472552e+06
-4.107662550163268112e+06 9.142516231014573714e+05 -4.783397677764472552e+06
-4.107729025561075658e+06 9.139529030100568198e+05 -4.783397677764472552e+06
-4.107795479235166684e+06 9.136541780852220254e+05 -4.783397677764472552e+06
-4.107861911169249564e+06 9.133554484002244426e+05 -4.783397677764472552e+06
-4.108326326484273188e+06 9.112642050874667475e+05 -4.783397677764472552e+06
-4.108392584629138466e+06 9.109654367327893851e+05 -4.783397677764472552e+06
-4.106523656582640018e+06 9.177600132668240694e+05 -4.783703692326231860e+06
-4.106590387120810803e+06 9.174613759888350032e+05 -4.783703692326231860e+06
-4.106657095941287465e+06 9.171627338588535786e+05 -4.783703692326231860e+06
-4.106723783027715981e+06 9.168640869501326233e+05 -4.783703692326231860e+06
-4.106790448411752004e+06 9.165654351209058659e+05 -4.783703692326231860e+06
-4.106857092077037320e+06 9.162667784444210120e+05 -4.783703692326231860e+06
-4.106923714007230476e+06 9.159681169939439278e+05 -4.783703692326231860e+06
-4.106990314233958721e+06 9.156694506276940228e+05 -4.783703692326231860e+06
-4.107056892740878742e+06 9.153707794189264532e+05 -4.783703692326231860e+06
-4.107123449511666317e+06 9.150721034409066197e+05 -4.783703692326231860e+06
-4.107189984577917028e+06 9.147734225518489257e+05 -4.783703692326231860e+06
-4.107256497923303396e+06 9.144747368250124855e+05 -4.783703692326231860e+06
-4.107322989531517494e+06 9.141760463336657267e+05 -4.783703692326231860e+06
-4.107389459434124641e+06 9.138773509360130411e+05 -4.783703692326231860e+06
-4.107455907614810858e+06 9.135786507053256501e+05 -4.783703692326231860e+06
-4.107854140487118158e+06 9.117863480592457345e+05 -4.783703692326231860e+06
-4.107920436588635668e+06 9.114876141132193152e+05 -4.783703692326231860e+06
-4.107986710981338285e+06 9.111888752750995336e+05 -4.783703692326231860e+06
-4.106250865328936372e+06 9.173855227624386316e+05 -4.784009681596730836e+06
-4.106317568634107709e+06 9.170869053233811865e+05 -4.784009681596730836e+06
-4.106584164656789973e+06 9.158923872261645738e+05 -4.784009681596730836e+06
-4.106650759377191775e+06 9.155937455528423889e+05 -4.784009681596730836e+06
-4.106717332379580475e+06 9.152950990374030080e+05 -4.784009681596730836e+06
-4.106783883647634648e+06 9.149964477531056618e+05 -4.784009681596730836e+06
-4.106850413212945685e+06 9.146977915581763955e+05 -4.784009681596730836e+06
-4.106916921059188433e+06 9.143991305258683860e+05 -4.784009681596730836e+06
-4.106983407170055900e+06 9.141004647294441238e+05 -4.784009681596730836e+06
-4.107448201852708589e+06 9.120096685264373664e+05 -4.784009681596730836e+06
-4.107514514211531263e+06 9.117109640288172523e+05 -4.784009681596730836e+06
-4.106377750299918000e+06 9.152194138153436361e+05 -4.784315645567010157e+06
-4.106444296064886265e+06 9.149207872263481840e+05 -4.784315645567010157e+06
-4.106510820128906053e+06 9.146221557271269849e+05 -4.784315645567010157e+06
-4.106577322475653607e+06 9.143235193909268128e+05 -4.784315645567010157e+06
-4.107108559337872546e+06 9.119342549747256562e+05 -4.784315645567010157e+06
-4.104769755930728745e+06 9.208162392871172633e+05 -4.784621584228110500e+06
-4.104836708728583064e+06 9.205177295483099297e+05 -4.784621584228110500e+06
-4.106038146511838771e+06 9.151437237549655838e+05 -4.784621584228110500e+06
-4.106104686773369554e+06 9.148451218628506176e+05 -4.784621584228110500e+06
-4.106171205335746519e+06 9.145465150609160773e+05 -4.784621584228110500e+06
-4.106569860640828032e+06 9.127547728797995951e+05 -4.784621584228110500e+06
-4.106636227187495213e+06 9.124561322549914476e+05 -4.784621584228110500e+06
-4.106702572000306565e+06 9.121574868763342965e+05 -4.784621584228110500e+06
-4.104363266366766300e+06 9.210385553692112444e+05 -4.784927497593096457e+06
-4.104430235332978889e+06 9.207400751905735815e+05 -4.784927497593096457e+06
-4.104497182592921425e+06 9.204415901426041964e+05 -4.784927497593096457e+06
-4.104564108130180277e+06 9.201431002985207597e+05 -4.784927497593096457e+06
-4.105698521000841167e+06 9.150680288530365797e+05 -4.784927497593096457e+06
-4.105765055758581962e+06 9.147694516593819717e+05 -4.784927497593096457e+06
-4.106163808376763947e+06 9.129778866732240422e+05 -4.784927497593096457e+06
-4.103956744488620199e+06 9.212608122558108298e+05 -4.785233385653005913e+06
-4.104023729602812324e+06 9.209623617113229120e+05 -4.785233385653005913e+06
-4.104090693028962705e+06 9.206639062246988760e+05 -4.785233385653005913e+06
-4.104157634750639088e+06 9.203654458691459149e+05 -4.785233385653005913e+06
-4.104224554751429241e+06 9.200669807178758783e+05 -4.785233385653005913e+06
-4.105292322796124499e+06 9.152908768381080590e+05 -4.785233385653005913e+06
-4.105358873776869383e+06 9.149923291117732879e+05 -4.785233385653005913e+06
-4.105425403030468617e+06 9.146937766181579791e+05 -4.785233385653005913e+06
-4.105757723682348616e+06 9.132009413347168593e+05 -4.785233385653005913e+06
-4.103617191570907831e+06 9.211845890360617777e+05 -4.785539248398883268e+06
-4.103684171142889652e+06 9.208861631847565295e+05 -4.785539248398883268e+06
-4.103751129028624389e+06 9.205877323917238973e+05 -4.785539248398883268e+06
-4.103818065211680718e+06 9.202892967301653698e+05 -4.785539248398883268e+06
-4.104952659375417046e+06 9.152151475585041335e+05 -4.785539248398883268e+06
-4.105019204849871341e+06 9.149166245333924890e+05 -4.785539248398883268e+06
-4.105085728598977439e+06 9.146180967413948383e+05 -4.785539248398883268e+06
-4.105351606542450842e+06 9.134239370046990225e+05 -4.785539248398883268e+06
-4.103210621197417844e+06 9.214067572996842209e+05 -4.785845085843793117e+06
-4.103277616943080444e+06 9.211083609428018099e+05 -4.785845085843793117e+06
-4.103344590972497128e+06 9.208099597862578230e+05 -4.785845085843793117e+06
-4.103411543317462318e+06 9.205115536883956520e+05 -4.785845085843793117e+06
-4.104612974237529561e+06 9.151394134369703243e+05 -4.785845085843793117e+06
-4.104679514205340296e+06 9.148409151146613294e+05 -4.785845085843793117e+06
-4.104746032449601218e+06 9.145424120258606272e+05 -4.785845085843793117e+06
-4.104812529001888353e+06 9.142439040288649267e+05 -4.785845085843793117e+06
-4.104879003845884930e+06 9.139453911968906177e+05 -4.785845085843793117e+06
-4.102871030414135195e+06 9.213304996392031899e+05 -4.786150897978774272e+06
-4.102938020615081768e+06 9.210321279782629572e+05 -4.786150897978774272e+06
-4.103004989101579878e+06 9.207337515180585906e+05 -4.786150897978774272e+06
-4.102531417940979358e+06 9.212542371080982266e+05 -4.786456684794874862e+06
-4.102598402596855536e+06 9.209558901446775999e+05 -4.786456684794874862e+06
-4.088159982678157743e+06 9.740941746853473596e+05 -4.788290874087851495e+06
-4.088230809984039981e+06 9.737968727739066817e+05 -4.788290874087851495e+06
-4.087750397218348924e+06 9.743107340468472103e+05 -4.788596483685206622e+06
-4.087821240290953312e+06 9.740134618493788876e+05 -4.788596483685206622e+06
-4.087892061728129629e+06 9.737161845721892314e+05 -4.788596483685206622e+06
-4.087962861563497689e+06 9.734189020741564455e+05 -4.788596483685206622e+06
-4.087411639083588496e+06 9.742299914244093234e+05 -4.788902067958083935e+06
-4.087482476285318378e+06 9.739327438623431372e+05 -4.788902067958083935e+06
-4.087553291853413917e+06 9.736354912209766917e+05 -4.788902067958083935e+06
-3.984286238790085539e+06 1.124466954228443792e+06 -4.842590033880233765e+06
-3.984368001805615146e+06 1.124177205760446843e+06 -4.842590033880233765e+06
-3.983947304439651314e+06 1.124371298330781283e+06 -4.842891084769302048e+06
-3.983608349011991173e+06 1.124275636484589195e+06 -4.843192110053980723e+06
-3.983269372517026961e+06 1.124179968692667782e+06 -4.843493109725455754e+06
-4.125672666507420596e+06 8.386920367897739925e+04 -4.854011949460756034e+06
-4.125678754737744108e+06 8.356917612260046008e+04 -4.854011949460756034e+06
-4.125684821150889155e+06 8.326914805226030876e+04 -4.854011949460756034e+06
-4.125337932481651194e+06 8.296202192733554693e+04 -4.854312025997684337e+06
-4.125343954740752000e+06 8.266201871589878283e+04 -4.854312025997684337e+06
-4.125349955184428953e+06 8.236201499530214642e+04 -4.854312025997684337e+06
-4.124984977409573738e+06 8.295492387454367417e+04 -4.854612076855400577e+06
-4.124990999153423123e+06 8.265494633073871955e+04 -4.854612076855400577e+06
-4.124996999083715025e+06 8.235496827781744651e+04 -4.854612076855400577e+06
-4.124625957470943220e+06 8.324777689077929244e+04 -4.854912102046714164e+06
-4.124632000514058396e+06 8.294782538287465286e+04 -4.854912102046714164e+06
-4.124638021742624231e+06 8.264787350828855415e+04 -4.854912102046714164e+06
-4.123183301902425941e+06 8.471851314460525464e+04 -4.856111946037031710e+06
-4.123189451902850065e+06 8.441866661765608296e+04 -4.856111946037031710e+06
-4.122830219100405462e+06 8.471125839801412076e+04 -4.856411842829346657e+06
-4.122836368574182969e+06 8.441143754798594455e+04 -4.856411842829346657e+06
-4.122477114486338105e+06 8.470400320325368375e+04 -4.856711713945737109e+06
-4.122483263433436397e+06 8.440420803173271997e+04 -4.856711713945737109e+06
-4.122489390580269974e+06 8.410441234188826638e+04 -4.856711713945737109e+06
-4.122495495925328229e+06 8.380461620725780085e+04 -4.856711713945737109e+06
-4.122501579467120115e+06 8.350481970137929602e+04 -4.856711713945737109e+06
-4.122507641208535526e+06 8.320502268193337659e+04 -4.856711713945737109e+06
-4.122123988070558757e+06 8.469674756053628516e+04 -4.857011559377426282e+06
-4.122130136490946170e+06 8.439697806910802319e+04 -4.857011559377426282e+06
-4.122136263112935238e+06 8.409720805940064020e+04 -4.857011559377426282e+06
-4.122142367935016751e+06 8.379743760494535672e+04 -4.857011559377426282e+06
-4.122148450955700129e+06 8.349766677927382989e+04 -4.857011559377426282e+06
-4.121764670170324855e+06 8.498923490388512437e+04 -4.857311379115628079e+06
-4.121770839863416273e+06 8.468949147007458669e+04 -4.857311379115628079e+06
-4.121776987757059745e+06 8.438974766032371554e+04 -4.857311379115628079e+06
-4.121783113854172640e+06 8.409000333233813581e+04 -4.857311379115628079e+06
-4.121789218153245747e+06 8.379025855964275252e+04 -4.857311379115628079e+06
-4.121795300652788021e+06 8.349051341576293635e+04 -4.857311379115628079e+06
-4.121411500685377512e+06 8.498195268213814416e+04 -4.857611173173150979e+06
-4.121417669849824626e+06 8.468223493155860342e+04 -4.857611173173150979e+06
-4.121423817216691561e+06 8.438251680507093261e+04 -4.857611173173150979e+06
-4.121429942788896151e+06 8.408279816039296566e+04 -4.857611173173150979e+06
-4.121436046564927790e+06 8.378307907104330661e+04 -4.857611173173150979e+06
-4.121442128543296829e+06 8.348335961054101062e+04 -4.857611173173150979e+06
-4.121064478040130343e+06 8.467497794520090974e+04 -4.857910941541210748e+06
-4.121070624880188145e+06 8.437528550356150663e+04 -4.857910941541210748e+06
-4.121076749927451368e+06 8.407559254377621983e+04 -4.857910941541210748e+06
-4.121082853180409875e+06 8.377589913935733784e+04 -4.857910941541210748e+06
-4.120711264444678556e+06 8.466772051121408003e+04 -4.858210684211026877e+06
-4.120717410757895093e+06 8.436805375600725529e+04 -4.858210684211026877e+06
-4.120723535280184820e+06 8.406838648269894475e+04 -4.858210684211026877e+06
-4.120729638010037597e+06 8.376871876479515049e+04 -4.858210684211026877e+06
-4.120741778090850916e+06 8.316938207346211129e+04 -4.858210684211026877e+06
-4.120747815443204250e+06 8.286971303128261934e+04 -4.858210684211026877e+06
-4.120339460943531711e+06 8.555938328198494855e+04 -4.858510401195408776e+06
-4.120345672101267613e+06 8.525974356272959267e+04 -4.858510401195408776e+06
-4.120351861470057629e+06 8.496010332066538103e+04 -4.858510401195408776e+06
-4.120358029048376717e+06 8.466046262928801298e+04 -4.858510401195408776e+06
-4.120364174834719393e+06 8.436082156209916866e+04 -4.858510401195408776e+06
-4.120370298832002562e+06 8.406117997685323644e+04 -4.858510401195408776e+06
-4.119979972933410201e+06 8.585166153297814890e+04 -4.858810092485572211e+06
-4.119986205348660704e+06 8.555204788374298369e+04 -4.858810092485572211e+06
-4.119992415973884985e+06 8.525243385397468228e+04 -4.858810092485572211e+06
-4.119998604812032543e+06 8.495281930144235957e+04 -4.858810092485572211e+06
-4.120004771861576475e+06 8.465320429963539937e+04 -4.858810092485572211e+06
-4.120010917121012695e+06 8.435358892204918084e+04 -4.858810092485572211e+06
-4.120017040593257640e+06 8.405397302645030140e+04 -4.858810092485572211e+06
-4.119607869732206687e+06 8.674306106385886960e+04 -4.859109758072742261e+06
-4.119614166972849518e+06 8.644347447237717279e+04 -4.859109758072742261e+06
-4.119620442425418179e+06 8.614388749563971942e+04 -4.859109758072742261e+06
-4.119626696092892438e+06 8.584429999143211171e+04 -4.859109758072742261e+06
-4.119632927973730490e+06 8.554471203323527880e+04 -4.859109758072742261e+06
-4.119639138066411018e+06 8.524512369453793508e+04 -4.859109758072742261e+06
-4.119645326373882592e+06 8.494553483312138997e+04 -4.859109758072742261e+06
-4.119260869411718566e+06 8.643606109154369915e+04 -4.859409397969715297e+06
-4.119267144326105248e+06 8.613649980734538985e+04 -4.859409397969715297e+06
-4.119273397457265761e+06 8.583693799572213902e+04 -4.859409397969715297e+06
-4.119279628803658299e+06 8.553737573014861846e+04 -4.859409397969715297e+06
-4.119285838363762479e+06 8.523781308410721249e+04 -4.859409397969715297e+06
-4.118907550065890886e+06 8.642864725359341537e+04 -4.859709012167715468e+06
-4.118913824442062527e+06 8.612911166351845895e+04 -4.859709012167715468e+06
-4.118920077036876231e+06 8.582957554606383201e+04 -4.859709012167715468e+06
-4.118926307848790661e+06 8.553003897469786170e+04 -4.859709012167715468e+06
-4.118932516876284964e+06 8.523050202289663139e+04 -4.859709012167715468e+06
-4.118938704122307245e+06 8.493096454846586857e+04 -4.859709012167715468e+06
-4.118944869585331064e+06 8.463142662487603957e+04 -4.859709012167715468e+06
-4.118951013263853267e+06 8.433188832560362061e+04 -4.859709012167715468e+06
-4.118547913325318135e+06 8.672074246795479849e+04 -4.860008600657973439e+06
-4.118554208945709281e+06 8.642123295874333417e+04 -4.860008600657973439e+06
-4.118560482783631887e+06 8.612172306437524094e+04 -4.860008600657973439e+06
-4.118566734842066187e+06 8.582221264267268998e+04 -4.860008600657973439e+06
-4.118572965119469445e+06 8.552270176709773659e+04 -4.860008600657973439e+06
-4.118579173614321742e+06 8.522319051112017769e+04 -4.860008600657973439e+06
-4.118585360329569783e+06 8.492367873255790619e+04 -4.860008600657973439e+06
-4.118194550955848303e+06 8.671330201863005641e+04 -4.860308163453279063e+06
-4.118200846036089119e+06 8.641381820667696593e+04 -4.860308163453279063e+06
-4.118225808562788181e+06 8.521587854846572736e+04 -4.860308163453279063e+06
-4.117519013132393360e+06 8.520125327137920249e+04 -4.860907211923945695e+06
-4.117525198255124036e+06 8.490181858992691559e+04 -4.860907211923945695e+06
