publicid,eventtype,origintime,modificationtime,longitude,latitude,magnitude,depth,magnitudetype,depthtype,evaluationmethod,evaluationstatus,evaluationmode,earthmodel,usedphasecount,usedstationcount,magnitudestationcount,minimumdistance,azimuthalgap,originerror,magnitudeuncertainty
2024p972091,earthquake,2024-12-25T16:09:52.775Z,2024-12-29T13:54:10.185Z,-177.8577880859375,-34.47229766845703,5.0214880386012,33,Mw(mB),operator assigned,LOCSAT,confirmed,manual,iasp91,34,26,90,4.332766532897949,175.0300750732422,1.4561354980524222,0.4
2024p949173,earthquake,2024-12-17T04:39:35.174Z,2024-12-19T21:34:25.255Z,174.24710083007812,-41.773292541503906,5.120054333578334,11.794282913208008,MLv,,LOCSAT,confirmed,manual,iasp91,46,27,55,0.03476123511791229,143.9213104248047,0.452123258364637,0.16588242562670336
2024p945100,earthquake,2024-12-15T16:29:29.951Z,2024-12-17T22:00:25.531Z,165.83436584472656,-47.37092590332031,5.030420085845859,33,MLv,operator assigned,LOCSAT,confirmed,manual,iasp91,27,17,20,1.3381916284561157,203.6757354736328,0.95874448113006,0.1511029088679533
2024p945089,earthquake,2024-12-15T16:23:41.242Z,2024-12-17T22:09:30.364Z,165.84266662597656,-47.17570877075195,5.073680017715598,5,M,operator assigned,LOCSAT,confirmed,manual,iasp91,25,21,22,1.163074016571045,124.72318267822266,1.0689967426720888,0
2024p941705,earthquake,2024-12-14T10:20:26.275Z,2024-12-17T21:41:42.657Z,178.88641357421875,-38.73516082763672,5.26016403599319,37.86094284057617,M,,LOCSAT,confirmed,manual,iasp91,47,32,61,0.5845834612846375,249.51220703125,0.8305421492380483,0
2024p897079,earthquake,2024-11-27T22:03:59.406Z,2024-12-03T23:38:37.993Z,179.67581176757812,-37.6783332824707,5.851424269413576,33,M,operator assigned,LOCSAT,confirmed,manual,iasp91,47,35,60,0.8947142362594604,136.1554946899414,0.903671700002345,0
2024p829895,earthquake,2024-11-03T01:28:29.192Z,2024-11-07T22:00:15.069Z,177.4234619140625,-37.06674575805664,5.015521402018251,129.12786865234375,MLv,,LOCSAT,confirmed,manual,iasp91,43,28,51,0.7451785802841187,188.66426849365234,0.5281494211127998,0.22241254665610116
2024p777480,earthquake,2024-10-14T16:01:27.155Z,2024-10-21T02:01:59.059Z,177.275146484375,-36.60898971557617,5.165104651482156,232.42262268066406,MLv,,LOCSAT,confirmed,manual,iasp91,47,31,130,1.0654760599136353,202.54092407226562,0.6586547871308536,0.4994813746746703
2024p759623,earthquake,2024-10-08T01:27:19.285Z,2024-10-14T01:17:48.039Z,-177.95724487304688,-33.80181884765625,5.120342936847406,33,Mw(mB),operator assigned,LOCSAT,confirmed,manual,iasp91,38,30,14,4.52609920501709,173.97371476888657,1.3105586619468106,0.4
2024p759459,earthquake,2024-10-07T23:59:05.055Z,2024-10-13T22:49:30.104Z,-178.1818084716797,-33.5956916809082,6.334680109953868,33,mB,operator assigned,LOCSAT,confirmed,manual,iasp91,40,33,66,4.326172828674316,170.5506637096405,1.651636500363346,0.15586786639687955
2024p756485,earthquake,2024-10-06T21:35:02.962Z,2024-10-10T20:39:07.453Z,-177.94540405273438,-33.613468170166016,5.046772385213378,33,Mw(mB),operator assigned,LOCSAT,confirmed,manual,iasp91,28,23,18,4.3381805419921875,174.24377664923668,1.5499619814872432,0.4
2024p753169,earthquake,2024-10-05T16:08:55.138Z,2024-10-06T22:40:02.845Z,174.4170379638672,-41.26350784301758,5.703886677411178,29.70797920227051,M,,LOCSAT,confirmed,manual,iasp91,37,27,69,0.11866622418165207,84.32743835449219,0.4941566256947063,0
2024p745618,earthquake,2024-10-02T21:05:38.554Z,2024-10-02T21:31:24.669Z,-179.54864501953125,-34.994754791259766,5.198258976960779,33,M,operator assigned,LOCSAT,confirmed,manual,iasp91,41,39,34,3.262272596359253,260.5683135986328,0.7094386326293388,0
2024p741084,earthquake,2024-10-01T04:49:40.828Z,2024-10-07T02:25:49.223Z,174.34945678710938,-41.52854919433594,5.020390555624449,12,MLv,operator assigned,LOCSAT,confirmed,manual,iasp91,72,47,57,0.2088056206703186,111.01167297363281,0.5120626437105691,0.18404824813825313
2024p699389,earthquake,2024-09-15T18:34:47.803Z,2024-09-17T02:57:41.366Z,178.48165893554688,-41.85580062866211,5.088202908792773,12,MLv,operator assigned,LOCSAT,confirmed,manual,iasp91,59,42,11,1.9587769508361816,119.90530395507812,1.71624854806748,0.2731528323222638
2024p694974,earthquake,2024-09-14T03:20:31.398Z,2024-09-14T04:07:15.562Z,-178.38771057128906,-34.50141143798828,5.140637105828374,33,Mw(mB),operator assigned,LOCSAT,confirmed,manual,iasp91,19,16,36,4.062525749206543,167.57588577270508,1.0667625151600486,0.4
2024p692851,earthquake,2024-09-13T08:31:30.883Z,2024-09-22T22:34:27.151Z,179.58502197265625,-35.05500030517578,5.21947641009067,100,MLv,operator assigned,LOCSAT,confirmed,manual,iasp91,43,34,35,2.70679235458374,176.71321296691895,0.9044882013800644,0.22809121758443196
2024p678872,earthquake,2024-09-08T04:22:20.443Z,2024-09-14T08:29:59.816Z,-178.48304748535156,-33.13852310180664,5.017916287674497,33,Mw(mB),operator assigned,LOCSAT,confirmed,manual,iasp91,30,30,16,3.894399404525757,165.4242663383484,1.2511106196195987,0.4
2024p674944,earthquake,2024-09-06T17:30:40.983Z,2024-09-12T23:10:50.909Z,-179.17124938964844,-35.51704406738281,5.379686429489894,33,MLv,operator assigned,LOCSAT,confirmed,manual,iasp91,37,27,39,2.8398754596710205,256.50352478027344,0.7127355278271833,0.10827351483359979
2024p674598,earthquake,2024-09-06T14:24:59.505Z,2024-09-12T23:21:31.449Z,164.68214416503906,-49.02359008789062,5.819076566266589,32.86386489868164,MLv,,LOCSAT,confirmed,manual,iasp91,28,20,18,3.122886896133423,131.9156723022461,1.3070642787766544,0.11835109792707219
2024p648504,earthquake,2024-08-27T22:43:00.744Z,2024-08-29T05:06:48.346Z,-179.34701538085938,-34.59014129638672,5.746988174802249,33,Mw(mB),operator assigned,LOCSAT,confirmed,manual,iasp91,25,20,45,3.522451162338257,154.5189609527588,1.5299440144725844,0.4
2024p574653,earthquake,2024-07-31T14:54:11.779Z,2024-08-06T01:39:00.815Z,-178.47288513183594,-34.01863479614258,5.619686132592248,33,Mw(mB),operator assigned,LOCSAT,confirmed,manual,iasp91,30,24,10,4.399205684661865,166.25901746749878,1.3394729379808814,0.4
2024p514600,earthquake,2024-07-09T09:38:10.072Z,2024-07-14T22:34:44.978Z,-178.51539611816406,-32.99980545043945,5.301680299905467,33,Mw(mB),operator assigned,LOCSAT,confirmed,manual,iasp91,32,25,31,3.760871410369873,164.69922924041748,1.4934752231185615,0.4
2024p499927,earthquake,2024-07-03T23:20:54.860Z,2024-07-08T22:43:26.019Z,-177.93350219726562,-34.648681640625,5.16110909041244,33,Mw(mB),operator assigned,LOCSAT,confirmed,manual,iasp91,40,32,26,4.209306240081787,173.85363674908876,1.8271594557693427,0.4
2024p495642,earthquake,2024-07-02T09:17:35.144Z,2024-07-02T09:30:01.534Z,-179.15440368652344,-35.33930206298828,5.072543477503892,12,MLv,operator assigned,LOCSAT,confirmed,manual,iasp91,37,32,35,3.0184147357940674,157.5049819946289,1.0905607930420855,0.1255641160235193
2024p423234,earthquake,2024-06-05T14:19:45.626Z,2024-06-19T23:47:42.519Z,176.0281525,-38.15227127,5.10753211,170.4443054,M,,LOCSAT,confirmed,manual,iasp91,61,46,54,0.1328115165,60.02348328,0.4962528842,0
2024p333332,earthquake,2024-05-03T07:59:28.578Z,2024-05-29T23:59:55.603Z,166.9929047,-45.41457367,5.057401757,51.12618637,MLv,,LOCSAT,confirmed,manual,iasp91,31,17,21,0.1237093583,130.6778717,0.5737502609,0.223510372
2024p332393,earthquake,2024-05-02T23:37:04.570Z,2024-05-29T23:28:48.448Z,-178.521286,-33.2901268,5.187633707,33,Mw(mB),operator assigned,LOCSAT,confirmed,manual,iasp91,61,47,28,4.044556141,164.8097634,1.78282298,0.4
2024p293147,earthquake,2024-04-18T11:09:04.489Z,2024-04-22T21:46:36.171Z,179.6391144,-35.86474991,5.655675145,64.71903229,M,,LOCSAT,confirmed,manual,iasp91,55,39,48,2.00414896,142.9812908,1.387788779,0
2024p260656,earthquake,2024-04-06T10:37:57.064Z,2024-04-08T06:30:26.330Z,171.1300507,-42.38438034,5.060193701,5,MLv,operator assigned,LOCSAT,confirmed,manual,iasp91,37,27,45,0.3542818427,179.0675182,0.3751294896,0.2204234401
2024p220113,earthquake,2024-03-22T10:36:33.727Z,2024-04-08T06:29:19.851Z,168.0182953,-44.35708237,5.364922717,5,M,operator assigned,LOCSAT,confirmed,manual,iasp91,45,33,32,0.3229700327,197.4694901,0.7116355564,0
2024p220108,earthquake,2024-03-22T10:32:59.921Z,2024-04-12T02:16:41.398Z,-178.1179352,-33.85471725,5.236365213,33,Mw(mB),operator assigned,LOCSAT,confirmed,manual,iasp91,36,30,10,4.581856728,209.5396702,1.140350814,0.4
2024p152292,earthquake,2024-02-26T08:21:12.820Z,2024-03-15T04:59:12.899Z,171.2770996,-43.52474594,5.093902415,5,MLv,operator assigned,LOCSAT,confirmed,manual,iasp91,45,36,42,0.2014596313,31.24824524,0.3047948264,0.1591506074
2024p063773,earthquake,2024-01-24T14:18:38.005Z,2024-02-20T23:13:40.855Z,176.3731995,-40.29014969,5.211085861,10.5198679,MLv,,LOCSAT,confirmed,manual,iasp91,38,25,54,0.1582523137,61.51146698,0.5357282651,0.214304049
2023p966932,earthquake,2023-12-24T18:20:48.380Z,2024-01-19T09:20:50.655Z,-179.5714111,-32.40865326,5.074357476,258.1061401,Mw(mB),,LOCSAT,confirmed,manual,iasp91,23,18,12,3.443021059,171.2370529,0.8725799695,0.4
2023p876681,earthquake,2023-11-21T08:56:32.051Z,2023-12-15T00:10:16.163Z,167.5773926,-45.02968979,5.085400688,94.51904297,MLv,,LOCSAT,confirmed,manual,iasp91,28,17,49,0.399748385,153.2662354,0.6078100378,0.2014707798
2023p873042,earthquake,2023-11-20T00:36:22.945Z,2023-11-20T00:47:43.357Z,165.1965942,-48.23340988,5.194588654,33,MLv,operator assigned,LOCSAT,confirmed,manual,iasp91,19,15,19,2.302384853,132.4344788,0.8588644475,0.1681906695
2023p857633,earthquake,2023-11-14T07:45:59.622Z,2023-12-06T23:05:36.570Z,-178.5912476,-32.85009003,5.396260557,100,Mw(mB),operator assigned,LOCSAT,confirmed,manual,iasp91,43,36,21,3.622833014,140.8350067,1.719472983,0.4
2023p798327,earthquake,2023-10-23T09:09:04.193Z,2023-11-08T22:57:44.304Z,171.7832947,-42.73765182,5.141187882,5,M,operator assigned,LOCSAT,confirmed,manual,iasp91,31,20,112,0.2502634227,53.42201954,0.4975290588,0
2023p707798,earthquake,2023-09-19T21:14:49.067Z,2023-10-09T01:11:10.240Z,171.0763245,-43.69734573,5.973363132,11.69156933,Mw(mB),,LOCSAT,confirmed,manual,iasp91,50,40,37,0.0237295758,39.10713959,0.5562852343,0.4
2023p676709,earthquake,2023-09-08T09:09:56.244Z,2023-09-28T22:00:17.506Z,-178.8240204,-33.04370117,6.778439537,100,Mw(mB),operator assigned,LOCSAT,confirmed,manual,iasp91,28,23,150,3.848625422,111.5390472,2.25995263,0.4
2023p637173,earthquake,2023-08-24T18:04:54.876Z,2023-09-12T00:06:06.526Z,-179.4664154,-32.47513962,5.341052379,279.4130859,Mw(mB),,LOCSAT,confirmed,manual,iasp91,43,34,19,3.467735052,134.5491333,1.294208766,0.4
2023p599987,earthquake,2023-08-10T23:53:21.214Z,2023-08-23T05:47:32.804Z,173.5944366,-40.24860382,5.238149966,168.5975647,Mw(mB),,LOCSAT,confirmed,manual,iasp91,69,48,3,0.6062101126,124.8614397,0.4113427676,0.4
2023p585584,earthquake,2023-08-05T15:59:38.790Z,2023-08-18T02:55:29.407Z,166.3962402,-46.39383316,5.331386894,23.27933884,MLv,,LOCSAT,confirmed,manual,iasp91,32,21,29,0.3012356758,277.5704346,0.8688687251,0.1043865351
2023p499109,earthquake,2023-07-04T16:05:21.877Z,2023-07-20T22:43:48.223Z,-178.3312988,-33.3407402,5.058419505,100,Mw(mB),operator assigned,LOCSAT,confirmed,manual,iasp91,28,27,19,4.081301689,202.6504984,0.7635103929,0.4
2023p336443,earthquake,2023-05-05T11:37:12.594Z,2023-05-31T02:49:48.815Z,177.2187958,-37.22119141,5.311891228,169.0026245,MLv,,LOCSAT,confirmed,manual,tab,40,33,115,0.6624318361,167.8941574,0.4977405411,0.4451346055
2023p310621,earthquake,2023-04-25T22:19:03.548Z,2023-04-25T23:04:08.635Z,176.5203247,-40.26909256,5.439800973,13.39922428,MLv,,LOCSAT,confirmed,manual,iasp91,44,29,6,0.08792390674,102.0167313,0.5471639217,0.126867
2023p310616,earthquake,2023-04-25T22:16:14.377Z,2023-04-27T04:08:22.203Z,176.619812,-40.28248215,5.887213472,20.70372009,MLv,,LOCSAT,confirmed,manual,iasp91,42,31,40,0.01993139833,169.617424,0.5945146164,0.2261936346
2023p192074,earthquake,2023-03-13T01:37:19.154Z,2023-03-28T03:10:24.434Z,176.8643799,-43.97176361,5.669209487,33,M,operator assigned,LOCSAT,confirmed,manual,iasp91,44,34,42,2.677706718,155.1781845,1.158355074,0
2023p167719,earthquake,2023-03-04T01:19:33.363Z,2023-03-24T01:42:57.726Z,-178.1749573,-32.52590179,5.124812965,33,mB,operator assigned,LOCSAT,confirmed,manual,iasp91,29,24,33,3.260886908,170.2916052,1.493635626,0.2673687101
2023p122368,earthquake,2023-02-15T06:38:10.342Z,2023-02-16T01:07:05.995Z,174.5874176,-40.57481766,5.976956766,54.28686523,Mw(mB),,LOCSAT,confirmed,manual,iasp91,119,86,6,0.3764056861,64.55978394,0.4229719063,0.4
2023p112988,earthquake,2023-02-11T19:20:09.675Z,2023-02-27T01:50:32.838Z,-179.6893616,-35.10508347,5.069401272,100,MLv,operator assigned,LOCSAT,confirmed,manual,iasp91,25,21,13,2.937813282,258.638382,0.6358590107,0.1542746487
2023p089894,earthquake,2023-02-03T06:15:38.162Z,2023-02-19T22:41:09.304Z,179.9072723,-34.00351334,5.040165908,100,mB,operator assigned,LOCSAT,confirmed,manual,iasp91,36,27,36,3.781921625,174.6074848,1.109246207,0.1684258298
2023p077263,earthquake,2023-01-29T14:04:57.055Z,2023-02-14T23:30:53.538Z,-178.5001526,-32.84441757,5.12635726,100,mB,operator assigned,LOCSAT,confirmed,manual,iasp91,22,18,41,3.605639458,196.4491501,1.198263055,0.210500651
2023p074104,earthquake,2023-01-28T10:01:44.726Z,2023-02-14T22:16:21.898Z,-177.8186951,-33.14751816,5.012572696,33,mB,operator assigned,LOCSAT,confirmed,manual,iasp91,21,16,7,3.874396086,211.9312439,1.216746502,0.07026426803
2023p007281,earthquake,2023-01-03T16:39:21.821Z,2023-01-03T16:57:35.901Z,175.6892548,-37.59829712,5.109284389,6.732970715,MLv,,LOCSAT,confirmed,manual,iasp91,39,33,29,0.05629680306,63.29771423,0.357854833,0.1842542091
2022p955929,earthquake,2022-12-20T16:38:40.603Z,2023-01-10T04:13:12.976Z,-178.9855042,-34.05183411,6.492863618,33,mB,operator assigned,LOCSAT,confirmed,manual,iasp91,36,28,8,4.136562347,158.9810734,1.064082671,0.1166930408
2022p939084,earthquake,2022-12-14T11:03:00.384Z,2023-01-09T00:59:16.302Z,-177.8912354,-32.47815704,5.016709743,100,mB,operator assigned,LOCSAT,confirmed,manual,iasp91,24,21,38,6.12708807,288.7073364,1.140484372,0.2252637859
2022p928110,earthquake,2022-12-10T09:36:10.328Z,2023-01-06T03:55:31.227Z,-179.8561096,-32.95698166,5.023199837,33,mB,operator assigned,LOCSAT,confirmed,manual,iasp91,32,22,27,4.040091038,170.6210938,1.151520102,0.1630662586
2022p921161,earthquake,2022-12-07T19:53:35.497Z,2023-01-06T00:50:17.250Z,-178.4785156,-33.01568604,5.012430616,33,mB,operator assigned,LOCSAT,confirmed,manual,iasp91,19,17,12,3.77241683,197.9067941,0.8531277873,0.2200267337
2022p910151,earthquake,2022-12-03T18:07:21.382Z,2023-01-04T00:20:01.655Z,-177.7145538,-33.15065002,5.015862344,33,mB,operator assigned,LOCSAT,confirmed,manual,iasp91,13,11,7,3.880544424,213.4018097,1.153377209,0.08898935043
2022p905983,earthquake,2022-12-02T05:07:49.808Z,2022-12-20T20:56:23.529Z,176.0845337,-38.3939209,5.414094532,157.1112976,MLv,,LOCSAT,confirmed,manual,iasp91,56,39,122,0.1563883424,35.67303467,0.4902372435,0.6060907263
2022p904147,earthquake,2022-12-01T12:48:19.592Z,2022-12-15T00:37:37.283Z,-177.4883881,-33.32079315,5.13103959,33,mB,operator assigned,LOCSAT,confirmed,manual,iasp91,21,16,6,4.063067913,181.8403168,1.100822987,0.04697211591
2022p901216,earthquake,2022-11-30T10:47:59.057Z,2022-12-08T00:50:32.103Z,175.9560089,-38.85837173,5.74251188,9.143449783,MLv,,LOCSAT,confirmed,manual,iasp91,34,28,40,0.1110479236,26.82459641,0.4343463651,0.2119852337
2022p898120,earthquake,2022-11-29T07:17:57.511Z,2022-11-29T07:45:17.906Z,-177.6613159,-33.37862778,5.609575769,33,mB,operator assigned,LOCSAT,confirmed,manual,iasp91,33,26,19,4.109880447,178.9517822,1.49971694,0.1274887724
2022p891201,earthquake,2022-11-26T17:51:04.415Z,2022-12-07T03:26:57.137Z,-178.8480835,-32.73569489,5.079572418,33,mB,operator assigned,LOCSAT,confirmed,manual,iasp91,21,19,9,3.553150177,188.6612339,1.062379627,0.1251623498
2022p867877,earthquake,2022-11-18T02:44:17.613Z,2022-12-06T00:59:45.876Z,-178.0794067,-32.98654556,5.126313048,33,mB,operator assigned,LOCSAT,confirmed,manual,iasp91,19,15,19,3.71539259,205.6325841,1.051191371,0.2851383698
2022p841390,earthquake,2022-11-08T07:31:39.291Z,2022-11-24T02:17:29.249Z,-178.4078064,-32.41375351,5.136162593,100,mB,operator assigned,LOCSAT,confirmed,manual,iasp91,26,20,12,3.169554472,195.2340355,0.8573237867,0.1788530776
2022p824166,earthquake,2022-11-01T22:34:50.878Z,2022-11-22T00:07:19.472Z,-178.9120636,-32.86562729,5.010758568,216.2201843,mB,,LOCSAT,confirmed,manual,iasp91,27,23,46,3.691677809,187.8435764,0.7854175255,0.1641054519
2022p818633,earthquake,2022-10-30T21:27:19.723Z,2022-11-16T22:10:59.706Z,-179.8596191,-34.1542244,5.230209783,100,mB,operator assigned,LOCSAT,confirmed,manual,iasp91,17,14,13,3.712496519,181.2031822,0.851697036,0.1636470166
2022p816171,earthquake,2022-10-29T23:35:55.754Z,2022-10-29T23:39:57.798Z,172.6223755,-42.01646423,5.258944019,53.3392868,MLv,,LOCSAT,confirmed,manual,iasp91,51,32,115,0.2343818843,62.91549683,0.2858090701,0.219496233
2022p811254,earthquake,2022-10-28T03:55:57.372Z,2022-11-16T00:58:13.481Z,-178.8038177,-35.78899002,5.890617467,33,mB,operator assigned,LOCSAT,confirmed,manual,iasp91,36,26,12,2.920149565,161.9156075,1.422707633,0.109526121
2022p781438,earthquake,2022-10-17T03:10:04.100Z,2022-10-30T22:19:10.683Z,165.1981049,-47.89823532,5.167416558,33,MLv,operator assigned,LOCSAT,confirmed,manual,iasp91,18,12,14,2.007634163,325.0917015,0.7847975615,0.154546743
2022p772929,earthquake,2022-10-13T23:36:15.063Z,2022-10-27T21:14:33.233Z,-177.1880035,-33.38061905,5.193336391,33,mB,operator assigned,LOCSAT,confirmed,manual,iasp91,25,22,35,4.153398037,186.5655212,1.72663017,0.1883369104
2022p771854,earthquake,2022-10-13T14:03:56.110Z,2022-10-27T03:14:58.684Z,173.4305573,-40.38648987,5.736686589,145.8435669,MLv,,LOCSAT,confirmed,manual,iasp91,32,26,49,0.5584753752,139.7772636,0.3626312329,0.1872371328
2022p770832,earthquake,2022-10-13T04:58:41.900Z,2022-10-27T02:46:35.340Z,-177.7198486,-33.01302719,5.253710418,33,mB,operator assigned,LOCSAT,confirmed,manual,iasp91,20,17,26,3.743239164,178.3907471,0.8750662168,0.2840608769
2022p757921,earthquake,2022-10-08T10:20:46.582Z,2022-10-21T01:34:59.235Z,167.4156342,-45.15620804,5.217657991,54.29668427,MLv,,LOCSAT,confirmed,manual,iasp91,31,21,43,0.3372662961,145.740921,0.4327496324,0.2300460669
2022p738667,earthquake,2022-10-01T07:21:16.727Z,2022-10-12T22:56:11.774Z,179.6683044,-34.0434227,5.089768517,200,Mw(mB),operator assigned,LOCSAT,confirmed,manual,iasp91,34,28,13,3.681519985,140.4928589,1.443375392,0.4
2022p735882,earthquake,2022-09-30T06:37:37.064Z,2022-10-12T20:48:20.788Z,-179.244278,-32.40172195,5.507737769,352.3682251,mB,,LOCSAT,confirmed,manual,iasp91,33,26,86,3.329051971,177.6163673,1.055290232,0.1926063298
2022p719060,earthquake,2022-09-24T01:14:22.788Z,2022-10-07T03:04:01.109Z,-178.6736603,-34.41443253,5.16744252,33,mB,operator assigned,LOCSAT,confirmed,manual,iasp91,30,25,11,3.982539177,163.5630746,1.175773797,0.1498983926
2022p714540,earthquake,2022-09-22T09:07:06.335Z,2022-10-05T01:13:02.658Z,174.1851654,-40.81290436,5.787389653,52.74744415,MLv,,LOCSAT,confirmed,manual,iasp91,34,25,49,0.2003436089,77.20928955,0.4207919293,0.1218814254
2022p708907,earthquake,2022-09-20T07:05:55.867Z,2022-10-03T20:50:33.945Z,-178.9972992,-33.47927475,5.410945386,33,mB,operator assigned,LOCSAT,confirmed,manual,iasp91,27,21,17,4.303945065,190.9677563,1.234239764,0.1090329123
2022p650700,outside of network interest,2022-08-29T18:10:49.531Z,2022-08-29T19:31:19.989Z,-178.4707642,-32.89428329,6.072404402,33,mB,operator assigned,LOCSAT,confirmed,manual,iasp91,24,21,16,3.66750598,165.4678965,1.374722863,0.1708955378
2022p643367,earthquake,2022-08-27T01:04:54.062Z,2022-09-12T04:50:33.354Z,-177.89888,-33.50971222,5.061466461,33,mB,operator assigned,LOCSAT,confirmed,manual,iasp91,18,14,7,4.234683514,211.5915222,0.5458141047,0.103194922
2022p625545,earthquake,2022-08-20T10:49:15.052Z,2022-09-06T00:00:59.434Z,-178.7248383,-32.87195969,5.181041788,100,mB,operator assigned,LOCSAT,confirmed,manual,iasp91,31,22,6,3.664201498,191.5028334,0.9515545166,0.08924400755
2022p612988,earthquake,2022-08-15T19:19:16.417Z,2022-08-30T04:49:12.444Z,-178.3270416,-33.07824707,5.038423208,33,mB,operator assigned,LOCSAT,confirmed,manual,iasp91,20,16,7,5.252056599,316.5072174,0.876423665,0.1459785314
2022p611253,earthquake,2022-08-15T03:54:38.142Z,2022-08-30T02:44:32.976Z,-177.8983459,-33.05630493,5.325196207,33,mB,operator assigned,LOCSAT,confirmed,manual,iasp91,29,24,43,3.782501459,175.2870331,0.9254548006,0.2364227052
2022p609656,earthquake,2022-08-14T13:44:18.510Z,2022-08-15T00:44:21.996Z,-178.617157,-32.83261871,6.691298983,12,mB,operator assigned,LOCSAT,confirmed,manual,iasp91,29,26,37,3.605803251,144.8712234,1.684057067,0.1512755754
2022p557940,earthquake,2022-07-26T10:30:54.085Z,2022-08-05T04:14:48.562Z,178.4715271,-37.77269363,5.316631133,39.94488525,MLv,,LOCSAT,confirmed,manual,iasp91,39,28,112,0.06448601931,156.6307259,0.5278179359,0.3092586508
2022p554186,earthquake,2022-07-25T01:09:44.924Z,2022-08-04T23:22:33.804Z,-178.897049,-33.84732056,5.61602954,33,mB,operator assigned,LOCSAT,confirmed,manual,iasp91,26,21,45,4.349252224,159.8766098,0.8035260262,0.2371137353
2022p544345,earthquake,2022-07-21T09:45:57.694Z,2022-07-21T20:55:40.666Z,-177.250473,-32.7258606,5.289957284,33,mB,operator assigned,LOCSAT,confirmed,manual,iasp91,25,18,3,3.493513823,220.9662628,1.680763188,0.07900103798
2022p531777,earthquake,2022-07-16T18:08:07.481Z,2022-07-26T23:57:30.471Z,-177.3384705,-32.66010284,5.445897315,33,mB,operator assigned,LOCSAT,confirmed,manual,iasp91,34,23,12,3.441972733,219.1280212,0.9908197795,0.1016886893
2022p531766,earthquake,2022-07-16T18:04:01.175Z,2022-07-26T23:49:05.501Z,-177.3686218,-32.51174164,5.228770558,33,mB,operator assigned,LOCSAT,confirmed,manual,iasp91,39,27,51,3.291889429,217.2918243,1.50668233,0.2235537094
2022p499042,earthquake,2022-07-04T15:29:41.624Z,2022-07-04T16:09:57.627Z,168.3745575,-44.24378967,5.474988556,5,MLv,operator assigned,LOCSAT,confirmed,manual,iasp91,34,24,77,0.3208965361,183.4716759,0.4656413795,0.2207036591
2022p493277,earthquake,2022-07-02T12:17:56.496Z,2022-07-15T04:27:17.970Z,-179.1687012,-32.81486893,5.323361736,33,mB,operator assigned,LOCSAT,confirmed,manual,iasp91,23,16,61,3.700145483,182.7868042,1.264715752,0.2534195008
2022p455755,earthquake,2022-06-18T15:05:12.057Z,2022-07-01T00:15:56.349Z,-177.3833923,-32.39310074,5.12344074,33,mB,operator assigned,LOCSAT,confirmed,manual,iasp91,26,20,12,3.155076265,185.7292633,1.796294666,0.1492724784
2022p454375,earthquake,2022-06-18T02:49:50.039Z,2022-07-01T00:01:05.774Z,-177.3489532,-32.35932159,5.185491588,33,mB,operator assigned,LOCSAT,confirmed,manual,iasp91,22,15,30,3.119401217,186.320694,1.719224287,0.2204810219
2022p447124,earthquake,2022-06-15T10:26:37.279Z,2022-06-28T20:56:42.659Z,-178.3808441,-33.08297348,5.123305544,33,mB,operator assigned,LOCSAT,confirmed,manual,iasp91,35,26,21,3.829439163,199.2820816,1.022587755,0.1807779061
2022p435037,earthquake,2022-06-10T23:07:21.213Z,2022-06-27T22:52:53.268Z,-179.1223602,-35.06688309,6.403630177,33,mB,operator assigned,LOCSAT,confirmed,manual,iasp91,42,34,17,3.242171764,148.8774986,1.029207132,0.113490401
2022p409323,earthquake,2022-06-01T10:46:41.145Z,2022-06-14T21:39:36.692Z,-178.243515,-33.40032578,5.577968927,33,mB,operator assigned,LOCSAT,confirmed,manual,iasp91,25,21,13,4.134801865,204.5879552,0.9654472339,0.1563595955
2022p408846,earthquake,2022-06-01T06:32:41.191Z,2022-06-14T21:24:51.219Z,-178.3681793,-33.29216766,5.569341684,33,mB,operator assigned,LOCSAT,confirmed,manual,iasp91,31,24,12,4.035925388,200.5995398,1.441125306,0.1627139898
2022p401932,earthquake,2022-05-29T17:08:32.872Z,2022-06-12T21:31:57.698Z,-178.6791229,-33.3905983,5.327237957,33,mB,operator assigned,LOCSAT,confirmed,manual,iasp91,30,25,24,4.163142681,162.4130421,1.43614846,0.2281502503
2022p348831,earthquake,2022-05-10T01:36:45.380Z,2022-05-10T04:30:15.890Z,-178.6494293,-33.28055573,5.518545692,33,mB,operator assigned,LOCSAT,confirmed,manual,iasp91,26,20,44,4.054418087,162.8877325,1.030010977,0.2382388955
2022p335738,earthquake,2022-05-05T05:20:15.794Z,2022-05-05T05:34:24.199Z,-179.168045,-33.59082413,5.02505264,100,mB,operator assigned,LOCSAT,confirmed,manual,iasp91,26,19,39,4.445286274,190.0760736,1.483499685,0.1941975553
2022p334858,earthquake,2022-05-04T21:32:38.442Z,2022-06-01T23:54:28.035Z,-179.6696777,-35.30612946,5.35512559,33,mB,operator assigned,LOCSAT,confirmed,manual,iasp91,27,22,23,2.780683994,151.0006647,0.7593098097,0.1728054259
2022p315743,earthquake,2022-04-27T19:47:06.575Z,2022-04-27T19:54:24.646Z,-178.7037506,-33.14385223,5.19354535,12,mB,operator assigned,LOCSAT,confirmed,manual,iasp91,23,19,24,3.927521229,193.5558739,1.053486329,0.2649770575
2022p313679,earthquake,2022-04-27T01:27:23.418Z,2022-06-09T23:40:20.134Z,-178.5713806,-33.27452087,5.452552751,33,MLv,operator assigned,LOCSAT,confirmed,manual,iasp91,24,16,45,4.038715839,197.6815434,1.131263092,0.1946609603
2022p295732,earthquake,2022-04-20T10:06:40.939Z,2022-04-21T23:08:46.221Z,-179.0455322,-33.97619247,5.515803573,33,mB,operator assigned,LOCSAT,confirmed,manual,iasp91,26,23,23,4.175814629,273.3536224,0.7145919685,0.1717947777
2022p278422,earthquake,2022-04-14T00:22:14.791Z,2022-04-14T00:32:50.401Z,-178.7848358,-33.65203476,5.146900915,33,mB,operator assigned,LOCSAT,confirmed,manual,iasp91,26,20,13,4.438457966,196.1317282,1.298077369,0.2383870686
2022p233467,earthquake,2022-03-28T09:10:09.083Z,2022-03-28T22:11:56.770Z,-178.3057098,-32.54831314,5.133747767,33,mB,operator assigned,LOCSAT,confirmed,manual,iasp91,32,24,24,3.29258132,198.0659895,1.58538808,0.2226076541
2022p225327,earthquake,2022-03-25T08:54:34.734Z,2022-03-28T23:22:09.989Z,-178.1190796,-34.1101265,5.718104335,33,mB,operator assigned,LOCSAT,confirmed,manual,iasp91,36,28,13,4.504896164,171.4529424,0.8083588167,0.1352406229
2022p225269,earthquake,2022-03-25T08:22:48.594Z,2022-04-03T22:58:49.986Z,-178.3317566,-34.07326126,5.177932654,33,mB,operator assigned,LOCSAT,confirmed,manual,iasp91,25,20,12,4.424830437,311.7569275,0.5762242385,0.1354191265
2022p223738,earthquake,2022-03-24T18:47:07.773Z,2022-04-03T22:23:02.748Z,-178.4014587,-34.0449028,5.018354652,33,mB,operator assigned,LOCSAT,confirmed,manual,iasp91,23,18,7,4.412855625,205.7124567,0.8142492054,0.1437692368
2022p223653,earthquake,2022-03-24T18:02:02.856Z,2022-03-28T22:35:10.049Z,-178.4321747,-33.92441559,5.519970787,33,mB,operator assigned,LOCSAT,confirmed,manual,iasp91,29,21,32,4.495406628,166.8210092,1.180160463,0.1923022972
2022p220721,earthquake,2022-03-23T16:00:14.175Z,2022-04-03T21:28:01.009Z,-178.9756622,-33.8133316,5.201271459,33,mB,operator assigned,LOCSAT,confirmed,manual,iasp91,26,23,34,4.345529556,158.6727915,0.728307228,0.2392752073
2022p218832,earthquake,2022-03-22T23:13:19.664Z,2022-03-31T22:43:16.256Z,-178.5554504,-34.17538071,5.00233623,33,mB,operator assigned,LOCSAT,confirmed,manual,iasp91,33,25,13,4.232347965,290.2936707,0.8489325861,0.1882339631
2022p216313,earthquake,2022-03-22T00:51:24.197Z,2022-03-31T21:53:36.537Z,-178.2742157,-33.9322052,5.396100755,33,mB,operator assigned,LOCSAT,confirmed,manual,iasp91,30,23,10,4.566092014,169.1739724,1.130414352,0.1478148668
2022p215765,earthquake,2022-03-21T19:58:45.155Z,2022-03-31T21:31:35.967Z,-178.5770874,-34.26996613,5.078562801,12,mB,operator assigned,LOCSAT,confirmed,manual,iasp91,18,16,2,4.145769596,272.0005798,0.393132497,0.004956033263
2022p209430,earthquake,2022-03-19T11:44:03.118Z,2022-03-29T22:12:09.572Z,-178.8665161,-33.91566086,5.422234736,33,mB,operator assigned,LOCSAT,confirmed,manual,iasp91,31,23,49,4.304016113,160.4100809,0.8528011166,0.1929658878
2022p209382,earthquake,2022-03-19T11:18:15.303Z,2022-03-29T22:06:44.322Z,-178.93367,-33.80036163,5.529701373,33,mB,operator assigned,LOCSAT,confirmed,manual,iasp91,25,20,9,4.374200821,159.272172,0.7838151198,0.142953281
2022p191894,earthquake,2022-03-13T00:00:30.199Z,2022-03-24T21:40:10.613Z,-178.505249,-33.38648605,5.057598596,33,MLv,operator assigned,LOCSAT,confirmed,manual,iasp91,23,21,11,4.142081738,199.6339951,0.8950844589,0.07337096352
2022p181390,earthquake,2022-03-09T02:44:45.536Z,2022-03-24T01:10:10.993Z,177.3166351,-37.72393036,5.151111153,54.55956268,MLv,,LOCSAT,confirmed,manual,iasp91,38,28,120,0.2214553356,105.874054,0.4427963865,0.2873655383
2022p178993,earthquake,2022-03-08T05:26:48.094Z,2022-03-24T01:36:38.195Z,-178.302597,-33.17879868,5.337685977,33,MLv,operator assigned,LOCSAT,confirmed,manual,iasp91,27,22,48,3.918319225,201.2343187,1.026853247,0.1789383309
2022p173586,earthquake,2022-03-06T05:26:46.899Z,2022-03-23T22:58:59.636Z,167.4913483,-45.11865997,5.144173037,70.92035675,MLv,,LOCSAT,confirmed,manual,iasp91,35,22,44,0.338660866,180.4793892,0.6570320125,0.2014733956
2022p138188,earthquake,2022-02-21T03:06:44.449Z,2022-02-21T03:26:06.942Z,173.6784973,-41.76634979,5.635963999,29.71275139,MLv,,LOCSAT,confirmed,manual,iasp91,61,48,119,0.140486151,34.57861328,0.5385486459,0.2111601007
2022p110975,earthquake,2022-02-11T01:26:25.713Z,2022-02-21T19:57:10.975Z,-178.984848,-33.27832794,5.025245192,33,MLv,operator assigned,LOCSAT,confirmed,manual,iasp91,20,17,38,4.106247902,189.20228,1.147364045,0.2531976186
2022p096599,earthquake,2022-02-05T17:47:48.284Z,2022-02-17T21:46:12.219Z,-178.8343048,-33.35562897,5.50091521,100,MLv,operator assigned,LOCSAT,confirmed,manual,iasp91,23,21,14,4.155218124,193.1934814,0.8021098629,0.18216078
2022p096569,earthquake,2022-02-05T17:31:48.194Z,2022-02-17T21:40:51.143Z,165.2472229,-47.16444397,5.364221116,33,M,operator assigned,LOCSAT,confirmed,manual,iasp91,25,22,18,1.40413487,124.5577698,0.6309424974,0
2022p088671,earthquake,2022-02-02T19:22:59.195Z,2022-02-02T19:41:13.590Z,-178.2725067,-32.45227051,5.69376962,100,mB,operator assigned,LOCSAT,confirmed,manual,iasp91,33,29,67,3.194498301,168.3551378,1.438212205,0.2412586678
2022p078917,earthquake,2022-01-30T04:47:00.887Z,2022-02-16T03:15:12.297Z,-178.9278107,-33.30425262,5.10002559,100,MLv,operator assigned,LOCSAT,confirmed,manual,iasp91,26,22,36,4.120945454,191.0585537,0.893084005,0.2079193917
2022p064462,earthquake,2022-01-24T20:25:48.315Z,2022-02-01T22:52:05.111Z,179.897583,-37.475811,5.297735055,12,MLv,operator assigned,LOCSAT,confirmed,manual,iasp91,46,34,96,1.225759387,290.4862213,0.5020438561,0.1925669583
2022p063590,earthquake,2022-01-24T12:40:04.320Z,2022-02-01T22:33:07.080Z,-178.9476471,-34.14297485,5.629543639,33,mB,operator assigned,LOCSAT,confirmed,manual,iasp91,29,26,13,4.07594347,196.6397982,0.8515397384,0.4183207025
2022p055878,earthquake,2022-01-21T16:11:54.403Z,2022-02-01T03:54:52.625Z,179.5612488,-34.0669632,5.171423321,200,M,operator assigned,LOCSAT,confirmed,manual,iasp91,28,22,57,3.633733511,298.3808594,1.026120794,0
2022p048851,earthquake,2022-01-19T01:47:51.390Z,2022-01-26T20:53:54.157Z,-177.4046173,-32.58456039,5.013457791,33,MLv,operator assigned,LOCSAT,confirmed,manual,iasp91,17,10,6,3.341519356,217.8048859,1.101728556,0.1489973672
2022p032808,earthquake,2022-01-13T03:20:23.941Z,2022-01-21T00:28:33.655Z,166.5959015,-45.68945312,5.022010189,5,M,operator assigned,LOCSAT,confirmed,manual,iasp91,23,15,31,0.4515605271,231.7438622,0.4996003455,0
2022p030948,earthquake,2022-01-12T10:49:36.565Z,2022-01-20T23:38:49.655Z,174.5572052,-39.32933044,5.816731316,188.7716675,MLv,,LOCSAT,confirmed,manual,iasp91,57,38,128,0.06924607605,42.81812382,0.5755889774,0.4081949874
2022p030077,earthquake,2022-01-12T03:04:24.148Z,2022-01-20T22:44:52.467Z,-178.5867462,-33.01008224,5.691834175,12,MLv,operator assigned,LOCSAT,confirmed,manual,iasp91,25,23,51,3.779780388,163.5039759,1.259921537,0.2052091869
2022p024338,earthquake,2022-01-10T00:06:34.223Z,2022-01-10T00:32:31.070Z,179.4198761,-33.68403625,6.337927744,33,M,operator assigned,LOCSAT,confirmed,manual,iasp91,19,17,94,3.97454977,155.8174419,1.403133828,0
2022p017460,earthquake,2022-01-07T11:02:49.227Z,2022-01-07T11:07:03.026Z,-179.6249542,-32.7934494,5.083752279,300.3325806,mB,,LOCSAT,confirmed,manual,iasp91,31,25,57,3.812181473,173.638073,0.9005522015,0.2224027711
2021p967892,earthquake,2021-12-25T02:52:04.334Z,2021-12-25T02:56:51.128Z,-179.1451111,-32.71156311,5.174354568,221.3466797,MLv,,LOCSAT,confirmed,manual,iasp91,31,23,29,3.595866442,182.4529762,1.166431582,0.2234489265
2021p899382,earthquake,2021-11-29T18:29:48.674Z,2021-11-29T23:15:49.473Z,-178.5216217,-33.39321518,5.180639203,33,M,operator assigned,LOCSAT,confirmed,manual,iasp91,25,24,18,4.150454044,199.3662815,0.7990186118,0
2021p899370,earthquake,2021-11-29T18:23:42.183Z,2021-11-29T19:17:24.671Z,-178.3779297,-33.37332153,6.017700386,33,mB,operator assigned,LOCSAT,confirmed,manual,iasp91,35,34,22,4.117272377,198.0602345,0.8978044605,0.1038526693
2021p880744,earthquake,2021-11-22T20:59:23.663Z,2021-11-22T21:05:12.398Z,-177.7075653,-32.6781311,5.172055207,33,mB,operator assigned,LOCSAT,confirmed,manual,iasp91,25,19,13,3.410224676,211.77211,1.248239385,0.0996631294
2021p875011,earthquake,2021-11-20T18:04:35.753Z,2021-11-23T00:48:04.359Z,-177.6595612,-32.36730194,5.211829368,10,mB,operator assigned,LOCSAT,confirmed,manual,iasp91,70,57,33,3.103497744,211.984787,2.314247659,0.1608989798
2021p838207,earthquake,2021-11-07T03:16:46.898Z,2021-11-07T03:23:34.612Z,173.4190063,-40.31447601,5.468308195,189.9482574,M,,LOCSAT,confirmed,manual,iasp91,46,34,129,0.6193190217,133.1056862,0.5005824366,0
2021p837516,earthquake,2021-11-06T21:08:36.799Z,2021-11-09T03:35:44.662Z,-179.3296814,-34.26224518,5.020642475,100,mB,operator assigned,LOCSAT,confirmed,manual,iasp91,27,24,19,3.810925484,305.8462982,0.7529927263,0.1651132272
2021p831602,earthquake,2021-11-04T16:36:55.289Z,2021-11-04T16:48:06.784Z,165.3945618,-48.19871902,5.942256305,5,MLv,operator assigned,LOCSAT,confirmed,manual,iasp91,20,14,24,2.214549303,324.940834,1.037533437,0.1276740388
2021p831216,earthquake,2021-11-04T13:12:15.667Z,2021-11-04T13:17:41.155Z,179.0034027,-34.45336533,5.168373275,100,MLv,operator assigned,LOCSAT,confirmed,manual,iasp91,48,44,88,3.153381348,160.2501049,0.8731351848,0.3369905271
2021p808805,earthquake,2021-10-27T06:10:44.233Z,2021-10-27T06:19:57.666Z,-178.4405823,-33.35065079,5.566015869,33,mB,operator assigned,LOCSAT,confirmed,manual,iasp91,26,26,23,4.100243092,200.6395516,0.8194205776,0.2028650679
2021p794366,earthquake,2021-10-21T21:58:19.829Z,2021-10-21T22:21:43.191Z,174.9279327,-39.03572464,5.89868829,210.0867157,M,,LOCSAT,confirmed,manual,iasp91,53,38,42,0.158843711,88.87969971,0.4253034886,0
2021p788873,earthquake,2021-10-19T21:11:22.877Z,2021-11-15T21:32:14.639Z,165.7807922,-46.79318619,5.122609236,12,MLv,operator assigned,LOCSAT,confirmed,manual,iasp91,23,15,8,0.8831765652,311.2063522,0.820365194,0.2334809379
2021p780885,earthquake,2021-10-16T22:15:12.795Z,2021-10-16T23:10:59.522Z,164.8325195,-48.28985214,5.110339407,12,M,operator assigned,LOCSAT,confirmed,manual,iasp91,28,22,14,2.469793797,147.6276283,0.8861918555,0
2021p767783,earthquake,2021-10-12T01:55:02.479Z,2021-10-12T02:04:33.845Z,173.4948425,-40.24823761,5.331997828,150.2414703,MLv,,LOCSAT,confirmed,manual,iasp91,38,29,130,0.641505301,144.8665943,0.411339549,0.2672445198
2021p746014,earthquake,2021-10-04T00:35:25.457Z,2021-10-04T00:41:06.795Z,-177.8921814,-33.02761841,5.378961712,33,mB,operator assigned,LOCSAT,confirmed,manual,iasp91,28,22,48,3.753923893,209.4865417,1.116162146,0.2849475046
2021p743899,earthquake,2021-10-03T05:49:10.000Z,2021-10-03T06:15:36.222Z,-179.341,-33.664,5.681118259,45,MLv,,,confirmed,manual,,0,0,50,0,0,2.502098751,0.2205102616
2021p739494,earthquake,2021-10-01T14:42:01.069Z,2021-10-01T14:53:13.182Z,-179.9997559,-34.47851944,5.050836042,33,M,operator assigned,LOCSAT,confirmed,manual,iasp91,35,28,75,3.369516373,179.8426113,1.014882898,0
2021p691445,earthquake,2021-09-13T20:01:14.612Z,2021-10-12T19:38:11.288Z,-179.3813477,-32.66106796,5.490219737,183.9207153,mB,,LOCSAT,confirmed,manual,iasp91,43,39,24,3.613174915,177.2853432,1.593324399,0.2478267981
2021p686916,outside of network interest,2021-09-12T03:48:03.843Z,2021-09-12T03:59:47.977Z,-179.4667664,-32.73307419,5.261555427,33,mB,operator assigned,LOCSAT,confirmed,manual,iasp91,40,34,43,3.706058502,176.2140751,2.682795408,0.2229258966
2021p668150,earthquake,2021-09-05T05:09:17.645Z,2021-09-05T05:47:41.552Z,-179.0241241,-32.37410355,5.364562831,251.3963928,mB,,LOCSAT,confirmed,manual,iasp91,32,28,19,3.244202137,183.1060276,1.318994921,0.1318691815
2021p625912,outside of network interest,2021-08-20T14:05:23.234Z,2021-09-16T03:30:17.904Z,179.4427338,-33.29497147,5.022739557,33,mB,operator assigned,LOCSAT,confirmed,manual,iasp91,25,16,3,4.357625961,303.4707184,2.043473398,0.04153704143
2021p623637,earthquake,2021-08-19T17:53:48.266Z,2021-09-10T04:09:59.346Z,-177.3026276,-33.06711578,5.048067552,10,M,operator assigned,LOCSAT,confirmed,manual,iasp91,28,17,11,3.829978228,219.2940979,1.691888076,0
2021p600212,earthquake,2021-08-11T01:52:30.512Z,2021-08-11T02:02:51.686Z,-177.85112,-33.00551224,5.020811327,33,mB,operator assigned,LOCSAT,confirmed,manual,iasp91,37,28,19,3.73227191,208.9612579,1.118435043,0.2168028422
2021p588256,earthquake,2021-08-06T15:41:55.304Z,2021-08-06T15:48:43.956Z,-179.6510925,-33.4088974,5.044498552,33,mB,operator assigned,LOCSAT,confirmed,manual,iasp91,33,29,12,4.391148567,178.1207161,1.286264893,0.1064780759
2021p574445,earthquake,2021-08-01T13:04:54.588Z,2021-08-01T13:17:22.818Z,175.9667206,-38.30324554,5.139707806,159.6030273,MLv,,LOCSAT,confirmed,manual,iasp91,63,49,120,0.1217961609,61.69067383,0.4414816211,0.5859022722
2021p557880,earthquake,2021-07-26T09:57:53.511Z,2021-07-26T10:29:04.788Z,-179.7083893,-32.79207993,5.435447696,391.7623596,mB,,LOCSAT,confirmed,manual,iasp91,45,36,66,5.029069901,311.4116058,0.8851292828,0.2218617436
2021p554235,earthquake,2021-07-25T01:35:59.956Z,2021-07-25T01:48:38.428Z,-178.7387238,-33.66889191,5.103964511,150,mB,operator assigned,LOCSAT,confirmed,manual,iasp91,28,27,17,4.44866848,196.0712471,0.5605164714,0.1236870541
2021p553664,earthquake,2021-07-24T20:31:33.912Z,2021-07-24T20:45:01.263Z,-178.1492615,-33.47166061,5.118637927,12,mB,operator assigned,LOCSAT,confirmed,manual,iasp91,22,18,6,4.201257706,205.4518912,1.428567673,0.08370487908
2021p542196,earthquake,2021-07-20T14:41:22.873Z,2021-08-16T23:45:46.105Z,-178.5030823,-33.17361069,5.408428085,10,mB,operator assigned,LOCSAT,confirmed,manual,iasp91,29,22,10,3.931255341,198.3754134,1.603834246,0.09689970358
2021p522015,earthquake,2021-07-13T03:29:08.035Z,2021-07-13T05:04:36.978Z,-178.4789429,-33.30194473,5.156435389,33,mB,operator assigned,LOCSAT,confirmed,manual,iasp91,25,18,7,4.055709839,199.6166821,1.368082551,0.09772844314
2021p486909,earthquake,2021-06-30T03:44:45.645Z,2021-07-23T02:56:34.247Z,-178.3427734,-33.33726883,5.284046353,10,mB,operator assigned,LOCSAT,confirmed,manual,iasp91,24,17,6,4.07871151,202.4132915,2.030846368,0.06678113961
2021p481992,outside of network interest,2021-06-28T08:04:02.100Z,2021-06-29T04:33:09.172Z,179.5001984,-32.483078,5.202541571,33,mB,operator assigned,LOCSAT,confirmed,manual,iasp91,27,18,6,3.902030945,184.4150696,1.231289162,0.2714972821
2021p472790,earthquake,2021-06-24T22:22:18.097Z,2021-07-23T01:42:55.658Z,179.7077637,-34.91599274,5.371408582,173.6550903,M,,LOCSAT,confirmed,manual,iasp91,76,67,48,2.873443127,177.4524536,0.9459735659,0
2021p464501,earthquake,2021-06-21T20:45:18.527Z,2021-07-19T04:17:18.359Z,-179.4763184,-33.8562355,5.125230864,33,mB,operator assigned,LOCSAT,confirmed,manual,iasp91,27,23,2,4.114367485,306.7353363,1.189361975,0.1713857781
2021p445513,earthquake,2021-06-14T20:08:36.252Z,2021-07-10T23:44:15.406Z,-177.7641907,-32.67509842,5.32633698,10,mB,operator assigned,LOCSAT,confirmed,manual,iasp91,31,30,12,3.404944658,209.5843811,1.376341727,0.1328025241
2021p419204,earthquake,2021-06-05T02:31:34.644Z,2021-07-03T03:45:46.203Z,-179.8604431,-35.00118256,5.152932474,33,M,operator assigned,LOCSAT,confirmed,manual,iasp91,27,21,16,2.953796387,186.9199562,0.506081886,0
2021p405872,earthquake,2021-05-31T04:09:00.384Z,2021-06-28T03:30:26.037Z,166.7803192,-45.26531219,5.514803039,12,M,operator assigned,LOCSAT,confirmed,manual,iasp91,54,44,25,0.1208732203,218.9357834,0.8400718644,0
2021p371284,earthquake,2021-05-18T08:59:33.326Z,2021-06-16T21:16:49.365Z,-179.0695038,-33.40715408,5.9182117,10,mB,operator assigned,LOCSAT,confirmed,manual,iasp91,88,69,34,4.247653008,188.5126696,4.728067939,0.1832212488
2021p319367,earthquake,2021-04-29T03:58:48.214Z,2021-05-28T03:07:09.039Z,179.7438202,-37.60769653,5.749900406,38.8964386,MLv,,LOCSAT,confirmed,manual,iasp91,68,55,43,1.074828148,288.7127838,0.5204844953,0.1820716098
2021p313817,earthquake,2021-04-27T02:38:28.154Z,2021-05-26T01:51:17.145Z,-178.2898254,-32.90607071,5.264703787,10,mB,operator assigned,LOCSAT,confirmed,manual,iasp91,14,10,4,3.646435022,202.5984187,1.545015667,0.05038697474
2021p310334,earthquake,2021-04-25T19:44:48.942Z,2021-04-26T00:32:47.005Z,-178.8289795,-32.82281494,5.181437486,10,mB,operator assigned,LOCSAT,confirmed,manual,iasp91,33,21,8,3.634234428,189.1689272,1.972855113,0.103249608
2021p310230,earthquake,2021-04-25T18:49:46.315Z,2021-04-26T00:25:02.709Z,-178.6762085,-32.49549484,5.427852372,10,mB,operator assigned,LOCSAT,confirmed,manual,iasp91,28,23,12,3.288052082,190.1096582,1.907698721,0.1087914926
2021p303753,earthquake,2021-04-23T09:18:39.813Z,2021-05-22T05:04:21.534Z,-179.3710175,-33.1366272,5.110669543,10,mB,operator assigned,LOCSAT,confirmed,manual,iasp91,33,24,11,4.05753088,182.5320454,1.659987496,0.2473498271
2021p254914,earthquake,2021-04-05T07:37:53.048Z,2021-04-28T02:43:58.238Z,179.7372589,-37.58509827,6.013555169,33,MLv,operator assigned,LOCSAT,confirmed,manual,iasp91,36,25,18,1.074559212,288.3913116,0.4039146706,0.1524418586
2021p249668,earthquake,2021-04-03T09:02:32.437Z,2021-04-03T09:15:37.053Z,-178.5599213,-33.10957336,5.227426837,33,mB,operator assigned,LOCSAT,confirmed,manual,iasp91,28,25,59,3.874526262,196.8782158,1.530335154,0.28707216
2021p210234,earthquake,2021-03-19T18:52:43.660Z,2021-03-19T19:03:04.283Z,178.9234619,-35.53553772,5.896496655,161.5651855,M,,LOCSAT,confirmed,manual,iasp91,46,32,108,2.082805395,166.1603546,0.8234156897,0
2021p207480,earthquake,2021-03-18T18:24:29.143Z,2022-04-11T20:22:22.183Z,-178.267395,-33.32783127,5.262972066,33,mB,operator assigned,LOCSAT,confirmed,manual,iasp91,30,21,48,4.064115524,202.6226363,1.13245203,0.2688000293
2021p193233,earthquake,2021-03-13T11:54:59.764Z,2021-04-16T00:37:15.779Z,179.808136,-37.76992416,5.442985829,33,M,operator assigned,LOCSAT,confirmed,manual,iasp91,42,31,25,1.104802966,291.5610809,0.4321370366,0
2021p192566,earthquake,2021-03-13T06:00:10.697Z,2022-04-12T03:03:21.810Z,-179.7063446,-34.70407104,5.072623018,33,MLv,operator assigned,LOCSAT,confirmed,manual,iasp91,29,22,23,3.274376631,300.627594,0.5860255905,0.171039792
2021p189688,earthquake,2021-03-12T04:26:16.370Z,2022-04-07T03:57:36.012Z,166.7292175,-45.35817337,5.216913851,11.61694622,MLv,,LOCSAT,confirmed,manual,iasp91,34,26,36,0.1820226908,224.2309837,0.5721475328,0.1687198852
2021p189453,outside of network interest,2021-03-12T02:19:37.247Z,2021-03-12T02:28:51.891Z,-177.3787994,-32.66854858,5.440346252,33,mB,operator assigned,LOCSAT,confirmed,manual,iasp91,27,24,27,3.445379734,218.3538513,0.7589801641,0.1830451972
2021p187840,earthquake,2021-03-11T12:00:55.826Z,2022-04-06T01:25:17.792Z,-179.9046936,-37.36231232,5.198024884,33,MLv,operator assigned,LOCSAT,confirmed,manual,iasp91,26,21,90,1.410562277,293.0561371,0.5788346223,0.1532689652
2021p186460,earthquake,2021-03-10T23:44:50.036Z,2022-04-04T22:11:49.925Z,-178.0317688,-33.40794754,5.196600167,33,MLv,operator assigned,LOCSAT,confirmed,manual,iasp91,30,23,24,5.108914375,316.7531128,0.7479995017,0.121542295
2021p186056,earthquake,2021-03-10T20:07:40.851Z,2022-04-04T21:26:33.520Z,-177.8927917,-33.3193779,5.332992403,33,MLv,operator assigned,LOCSAT,confirmed,manual,iasp91,16,12,12,4.044883728,210.7843781,0.9740321014,0.07159178105
2021p184037,earthquake,2021-03-10T02:12:26.173Z,2021-04-16T00:30:22.299Z,-177.7043762,-33.33485031,5.060258506,33,M,operator assigned,LOCSAT,confirmed,manual,iasp91,34,24,19,5.327834129,317.199173,0.9634609987,0
2021p178412,earthquake,2021-03-08T00:16:32.945Z,2021-04-03T23:11:45.312Z,-177.8184204,-33.63090134,5.203341786,12,mB,operator assigned,LOCSAT,confirmed,manual,iasp91,21,15,21,5.034883976,317.4595642,0.994234766,0.214520547
2021p177750,earthquake,2021-03-07T18:25:32.228Z,2021-04-03T21:54:05.022Z,179.8338928,-37.66122055,5.046186539,12,M,operator assigned,LOCSAT,confirmed,manual,iasp91,40,26,85,1.135921836,290.9042664,0.4995970403,0
2021p176954,earthquake,2021-03-07T11:19:20.000Z,2022-03-28T03:30:49.333Z,-178.319,-32.424,5.549295954,10,MLv,,,confirmed,manual,,0,0,6,0,0,4.764555945,0.09143101068
2021p176613,earthquake,2021-03-07T08:19:29.071Z,2021-04-16T00:22:28.015Z,179.8828888,-37.34073257,5.02037383,33,M,operator assigned,LOCSAT,confirmed,manual,iasp91,29,22,14,1.116758227,289.3452759,0.7090442944,0
2021p176597,earthquake,2021-03-07T08:08:17.000Z,2022-04-11T23:09:00.447Z,-178.1,-32.444,5.144060563,10,MLv,,,confirmed,manual,,0,0,1,0,0,3.972295759,0
2021p176572,earthquake,2021-03-07T07:56:19.000Z,2022-03-30T01:41:34.655Z,-178.006,-32.394,5.651724386,11,mB,,,confirmed,manual,,0,0,39,0,0,2.57327467,0.2170554527
2021p176227,earthquake,2021-03-07T04:53:59.233Z,2021-04-16T00:21:48.612Z,-179.9328918,-37.33866119,5.61328405,33,M,operator assigned,LOCSAT,confirmed,manual,iasp91,31,24,17,1.257382751,292.4516754,0.5198464949,0
2021p175203,earthquake,2021-03-06T19:48:30.985Z,2021-04-03T20:59:43.082Z,179.8560486,-37.65858841,5.05429667,33,MLv,operator assigned,LOCSAT,confirmed,manual,iasp91,37,24,93,1.15370059,291.2857361,0.5878296567,0.158676645
2021p174549,earthquake,2021-03-06T13:58:47.000Z,2022-03-21T03:02:05.864Z,-178.179,-32.448,5.068822294,10,mB,,,confirmed,manual,,0,0,6,0,0,3.905762223,0.09349923475
2021p173659,earthquake,2021-03-06T06:05:51.518Z,2021-03-31T04:24:53.628Z,179.9774017,-37.31289673,5.18253963,33,M,operator assigned,LOCSAT,confirmed,manual,iasp91,37,25,16,1.321805239,294.9967346,0.694031648,0
2021p173004,earthquake,2021-03-06T00:16:20.573Z,2021-04-03T20:33:28.317Z,179.9360046,-37.46975708,6.213178073,33,Mw(mB),operator assigned,LOCSAT,confirmed,manual,iasp91,38,24,23,1.256779075,291.1168671,0.4508324853,0.4
2021p172697,earthquake,2021-03-05T21:33:23.559Z,2021-04-16T00:16:41.466Z,179.8057556,-37.44074249,5.372119252,12,M,operator assigned,LOCSAT,confirmed,manual,iasp91,23,17,13,1.167059541,288.5828094,0.5045840639,0
2021p169948,earthquake,2021-03-04T21:08:08.539Z,2022-02-20T21:55:08.982Z,179.8869629,-37.49982452,5.231202463,12,MLv,operator assigned,LOCSAT,confirmed,manual,iasp91,45,33,71,1.210960269,290.4768829,0.674518509,0.2200123571
2021p169939,earthquake,2021-03-04T21:04:08.565Z,2021-04-02T02:34:34.174Z,179.7724915,-37.6259079,5.244561592,33,M,operator assigned,LOCSAT,confirmed,manual,iasp91,35,23,88,1.093651772,289.4231415,0.2964832568,0
2021p169756,earthquake,2021-03-04T19:25:57.572Z,2021-04-02T02:16:58.797Z,179.7216034,-37.67269516,5.009314587,12,M,operator assigned,LOCSAT,confirmed,manual,iasp91,36,24,77,1.04609704,288.8852234,0.4900710085,0
2021p169274,earthquake,2021-03-04T15:09:30.626Z,2021-03-14T09:21:21.659Z,179.7039337,-37.55521011,5.544298737,33,M,operator assigned,LOCSAT,confirmed,manual,iasp91,36,23,105,1.056018472,287.5006714,0.5423150194,0
2021p169224,earthquake,2021-03-04T14:43:07.145Z,2021-03-14T08:31:57.342Z,179.8180237,-37.6373558,5.029830955,33,M,operator assigned,LOCSAT,confirmed,manual,iasp91,33,23,92,1.009063601,295.4685364,0.5769318458,0
2021p169214,earthquake,2021-03-04T14:37:41.411Z,2021-03-14T07:59:17.627Z,-179.9539337,-37.30830002,5.341178397,33,M,operator assigned,LOCSAT,confirmed,manual,iasp91,40,27,60,1.250420213,291.928833,0.5136796923,0
2021p169137,earthquake,2021-03-04T13:56:49.902Z,2021-03-14T02:23:16.069Z,179.8483276,-37.37889481,5.163165931,33,M,operator assigned,LOCSAT,confirmed,manual,iasp91,40,25,74,1.220380187,288.9581451,0.6213481594,0
2021p169083,earthquake,2021-03-04T13:27:35.223Z,2022-02-27T20:54:22.064Z,179.9621277,-37.40475845,7.235519568,33,M,operator assigned,LOCSAT,confirmed,manual,iasp91,32,28,41,1.159074545,291.1156464,0.5965940225,0
2021p143707,earthquake,2021-02-23T04:07:29.799Z,2021-03-11T21:29:12.911Z,165.3590393,-46.8884964,5.327141202,33,M,operator assigned,LOCSAT,confirmed,manual,iasp91,73,63,12,1.163879275,193.2245102,3.1456764,0
2021p133138,earthquake,2021-02-19T06:14:40.937Z,2021-03-16T22:28:15.214Z,-177.9488831,-32.28811264,5.638397854,33,mB,operator assigned,LOCSAT,confirmed,manual,iasp91,50,44,24,3.016526699,204.5524729,1.505586659,0.1567739259
2021p105319,earthquake,2021-02-08T23:13:29.590Z,2021-03-04T22:29:52.024Z,-179.2184601,-33.74025345,5.317893449,150,mB,operator assigned,LOCSAT,confirmed,manual,iasp91,33,23,10,4.313140392,308.3558807,0.9031230938,0.1842438605
2021p103453,earthquake,2021-02-08T06:40:12.817Z,2021-03-04T20:28:51.840Z,-179.5215607,-34.96983719,5.238356816,184.6898956,mB,,LOCSAT,confirmed,manual,iasp91,66,52,3,3.126105547,299.9629974,1.061624568,0.3751759332
2021p102009,earthquake,2021-02-07T17:49:18.421Z,2021-03-04T03:52:14.557Z,-179.3119659,-32.62695694,5.164930116,268.3125305,mB,,LOCSAT,confirmed,manual,iasp91,34,21,9,3.574396372,178.6079388,1.127278284,0.08648159319
2021p058605,earthquake,2021-01-22T16:23:37.195Z,2021-02-18T20:20:43.170Z,-178.2370605,-33.53194427,5.975689097,58.498703,MLv,,LOCSAT,confirmed,manual,iasp91,28,20,14,4.265420437,180.5701866,2.1612099,0.2273093839
2021p047937,earthquake,2021-01-18T17:40:20.197Z,2021-02-16T20:22:04.189Z,-178.937088,-33.68193054,5.901906443,33,mB,operator assigned,LOCSAT,confirmed,manual,iasp91,42,29,12,4.475381851,192.6557274,1.773506409,0.1609476101
2021p013082,earthquake,2021-01-05T20:09:21.729Z,2021-02-01T04:17:36.740Z,-179.2568054,-32.66397858,5.103375305,12,M,operator assigned,LOCSAT,confirmed,manual,iasp91,21,16,10,3.580183983,179.8200779,2.937706096,0
2020p969829,earthquake,2020-12-24T20:04:09.485Z,2021-01-20T04:07:42.127Z,-177.767395,-32.30528259,5.540955724,20,MLv,operator assigned,LOCSAT,confirmed,manual,iasp91,43,31,24,3.036396265,208.5401611,1.777976203,0.1650131088
2020p953695,earthquake,2020-12-18T20:49:11.993Z,2021-01-17T20:58:09.424Z,-178.3431549,-32.85420227,5.663130742,12,mB,operator assigned,LOCSAT,confirmed,manual,iasp91,31,21,13,3.599240303,167.5023899,1.316445771,0.1631175894
2020p934178,earthquake,2020-12-11T15:29:56.084Z,2020-12-11T15:41:38.034Z,-178.7545319,-33.04397583,5.576655813,12,mB,operator assigned,LOCSAT,confirmed,manual,iasp91,35,29,11,3.837353468,151.6316776,1.211652635,0.1100579634
2020p932062,earthquake,2020-12-10T20:42:05.276Z,2020-12-10T21:24:25.167Z,-178.8385162,-33.28688431,6.340384833,33,mB,operator assigned,LOCSAT,confirmed,manual,iasp91,38,26,37,4.088650703,192.6465425,1.613141835,0.2027725042
2020p900720,earthquake,2020-11-29T06:22:51.885Z,2020-12-23T19:28:18.235Z,-177.8642883,-33.04451752,5.387151684,33,mB,operator assigned,LOCSAT,confirmed,manual,iasp91,19,16,7,3.771004677,175.8778992,0.9263888562,0.07271685909
2020p896267,earthquake,2020-11-27T14:50:05.855Z,2020-12-22T22:35:35.796Z,-178.0760956,-33.03833008,5.293087596,61.55376053,mB,,LOCSAT,confirmed,manual,iasp91,47,30,12,3.76689744,177.2177658,1.426633669,0.07505046737
2020p891602,earthquake,2020-11-25T21:24:35.479Z,2020-12-21T21:24:35.318Z,-178.6439514,-33.30865097,5.067924459,12,mB,operator assigned,LOCSAT,confirmed,manual,iasp91,31,19,6,4.081377983,196.5101318,2.37325017,0.1304926808
2020p886320,earthquake,2020-11-23T22:30:29.992Z,2020-12-20T21:42:09.046Z,-178.840683,-33.87943649,5.264464462,12,mB,operator assigned,LOCSAT,confirmed,manual,iasp91,32,25,11,4.346051216,160.7453899,1.62364531,0.1470816699
2020p880407,earthquake,2020-11-21T18:00:54.260Z,2020-12-16T21:12:54.428Z,165.6825104,-47.48260117,5.097762693,5,M,operator assigned,LOCSAT,confirmed,manual,iasp91,30,18,9,1.484552503,312.6097527,0.701862336,0
2020p834600,earthquake,2020-11-04T19:14:25.871Z,2020-12-02T04:05:25.643Z,-178.8366089,-32.98454285,5.558229869,33,mB,operator assigned,LOCSAT,confirmed,manual,iasp91,36,21,12,3.793126106,190.6232443,2.147218099,0.1162999317
2020p829823,earthquake,2020-11-03T00:49:26.358Z,2020-12-01T02:15:08.817Z,-179.2870331,-32.38216019,5.324730498,309.4492188,mB,,LOCSAT,confirmed,manual,iasp91,37,28,17,3.324926376,176.798275,1.121501553,0.1793072926
2020p750788,earthquake,2020-10-04T18:58:45.860Z,2020-11-03T20:47:45.660Z,-177.2909698,-33.16159058,5.369918145,12,MLv,operator assigned,LOCSAT,confirmed,manual,iasp91,25,22,14,3.924635649,219.6985779,2.146705339,0.1654627243
2020p742495,earthquake,2020-10-01T17:20:28.069Z,2020-10-29T20:36:59.877Z,165.006424,-48.75247574,5.044712074,12,M,operator assigned,LOCSAT,confirmed,manual,iasp91,37,20,15,2.781291723,173.4172592,1.16881074,0
2020p735790,earthquake,2020-09-29T05:48:44.386Z,2020-10-22T04:14:35.328Z,-178.9604797,-33.84548187,5.264928507,12,mB,operator assigned,LOCSAT,confirmed,manual,iasp91,36,29,8,4.324074268,158.942894,5.218456743,0.1099319709
2020p735170,earthquake,2020-09-29T00:17:38.260Z,2020-10-22T02:24:32.703Z,-178.3202515,-33.57656479,5.316671207,12,MLv,operator assigned,LOCSAT,confirmed,manual,iasp91,30,21,13,4.314879417,168.382803,1.855606808,0.0994969697
2020p730156,earthquake,2020-09-27T03:47:23.861Z,2020-10-21T20:37:24.805Z,174.9134827,-39.19163132,5.154200548,22.60039139,M,,LOCSAT,confirmed,manual,iasp91,28,19,123,0.1379984617,61.38330078,0.2216346394,0
2020p725194,earthquake,2020-09-25T07:42:48.294Z,2020-10-20T03:36:59.238Z,-177.4594727,-32.98751068,5.146932163,12,mB,operator assigned,LOCSAT,confirmed,manual,iasp91,32,22,7,3.734797239,183.3890858,2.880279032,0.2367657336
2020p701706,earthquake,2020-09-16T15:08:19.930Z,2020-10-13T03:29:39.610Z,-178.342453,-33.44900131,5.11154664,12,M,operator assigned,LOCSAT,confirmed,manual,iasp91,38,28,19,4.189676762,203.0551414,1.549935642,0
2020p700051,earthquake,2020-09-16T00:26:01.773Z,2020-10-12T03:25:36.199Z,-178.1459961,-33.05263519,5.134987665,33,MLv,operator assigned,LOCSAT,confirmed,manual,iasp91,59,36,19,3.783743382,203.5740099,2.331129174,0.09568472806
2020p694340,earthquake,2020-09-13T21:44:19.936Z,2020-10-11T21:38:18.607Z,-178.2385864,-32.9853096,5.302349271,12,mB,operator assigned,LOCSAT,confirmed,manual,iasp91,46,31,13,3.721672773,175.4997025,2.282825172,0.1588822134
2020p693221,earthquake,2020-09-13T11:47:18.260Z,2020-10-09T04:35:14.325Z,-177.9454041,-33.10655594,5.940843026,12,MLv,operator assigned,LOCSAT,confirmed,manual,iasp91,27,21,12,3.832629204,179.8676567,1.71265996,0.1469593488
2020p668770,earthquake,2020-09-04T10:39:49.854Z,2020-10-01T23:59:46.499Z,-177.6418915,-32.79175568,5.408251607,12,M,operator assigned,LOCSAT,confirmed,manual,iasp91,29,23,16,3.526736259,192.342411,1.586806191,0
2020p666015,earthquake,2020-09-03T10:13:00.607Z,2020-10-01T22:03:22.907Z,172.7051086,-41.8144455,5.422321536,63.92506027,M,,LOCSAT,confirmed,manual,iasp91,48,33,13,0.1583982259,76.71499634,0.5090409579,0
2020p650426,earthquake,2020-08-28T15:47:04.257Z,2020-09-22T03:30:29.840Z,177.0865936,-36.77912521,5.259493282,5.319799423,M,,LOCSAT,confirmed,manual,iasp91,51,44,27,0.741217494,196.9063721,0.7717783459,0
2020p619047,earthquake,2020-08-17T01:07:51.760Z,2020-09-10T03:16:49.267Z,-177.5279846,-33.19898224,5.044605516,33,M,operator assigned,LOCSAT,confirmed,manual,iasp91,45,29,13,3.939091206,181.3859558,1.827316115,0
2020p606562,earthquake,2020-08-12T10:16:45.141Z,2020-09-07T22:42:36.028Z,167.4944153,-44.62689972,5.424126782,5,MLv,operator assigned,LOCSAT,confirmed,manual,iasp91,47,35,19,0.3118062019,202.5778656,0.8298392416,0.2266553746
2020p601028,earthquake,2020-08-10T09:06:54.286Z,2020-09-07T04:07:54.022Z,-177.7006989,-33.08108521,5.156080388,33,mB,operator assigned,LOCSAT,confirmed,manual,iasp91,31,21,13,3.811812401,212.031311,1.193761757,0.06933587791
2020p598678,earthquake,2020-08-09T12:15:28.841Z,2020-09-06T23:18:03.854Z,-177.9326019,-34.31938553,5.193804348,12,mB,operator assigned,LOCSAT,confirmed,manual,iasp91,31,23,11,4.44726181,213.3719802,0.8332288978,0.1581416528
2020p582134,earthquake,2020-08-03T09:19:56.807Z,2020-09-01T02:56:59.483Z,-179.4477692,-32.82069778,5.702148646,12,M,operator assigned,LOCSAT,confirmed,manual,iasp91,31,22,12,3.781868696,177.320694,1.425791701,0
2020p581412,earthquake,2020-08-03T02:56:07.039Z,2020-08-31T22:07:54.689Z,-179.8136292,-35.00564957,5.061538535,12,M,operator assigned,LOCSAT,confirmed,manual,iasp91,28,23,17,2.969080687,297.2403564,0.6997708624,0
2020p577058,earthquake,2020-08-01T12:15:52.540Z,2020-08-31T01:54:32.594Z,-178.8489227,-33.92388153,5.058537758,12,mB,operator assigned,LOCSAT,confirmed,manual,iasp91,39,30,9,4.304694653,160.6767368,1.630174763,0.1448760909
2020p570956,earthquake,2020-07-30T06:04:39.041Z,2020-08-25T01:05:18.728Z,-178.5118713,-32.79387283,5.540767797,12,M,operator assigned,LOCSAT,confirmed,manual,iasp91,32,24,19,3.557164669,195.9058828,1.747798095,0
2020p539374,earthquake,2020-07-18T13:38:02.643Z,2020-08-13T21:23:58.857Z,-179.3787231,-32.66169739,5.692197433,12,mB,operator assigned,LOCSAT,confirmed,manual,iasp91,34,28,13,3.612980127,149.036808,1.481491553,0.1477639109
2020p539191,earthquake,2020-07-18T12:00:45.977Z,2020-08-13T21:18:45.963Z,-178.6128082,-33.13096237,5.416055708,12,mB,operator assigned,LOCSAT,confirmed,manual,iasp91,37,24,14,3.902264357,195.9805202,2.101774719,0.1235319646
2020p527510,earthquake,2020-07-14T04:16:55.769Z,2020-08-09T23:53:49.504Z,-178.5451813,-33.44039154,5.53082394,12,mB,operator assigned,LOCSAT,confirmed,manual,iasp91,39,23,13,4.199645996,199.2164922,1.452569117,0.1593164837
2020p525251,earthquake,2020-07-13T08:13:23.234Z,2020-08-09T21:43:45.736Z,-177.7116241,-33.48927689,5.560670736,12,mB,operator assigned,LOCSAT,confirmed,manual,iasp91,36,24,12,4.235397816,184.6280785,1.627185813,0.09528910138
2020p495411,earthquake,2020-07-02T07:13:05.855Z,2020-07-28T03:58:32.476Z,-177.9328003,-33.37512589,5.109476959,12,mB,operator assigned,LOCSAT,confirmed,manual,iasp91,37,31,7,4.100428581,210.3062007,2.064235736,0.1765804603
2020p489837,earthquake,2020-06-30T05:44:51.074Z,2020-07-27T03:49:50.374Z,-177.4160461,-33.93377304,5.112996347,12,mB,operator assigned,LOCSAT,confirmed,manual,iasp91,66,54,21,4.677412033,219.9185028,1.360770863,0.2130251258
2020p483163,earthquake,2020-06-27T18:29:02.079Z,2020-07-25T06:50:43.502Z,-177.8996582,-33.37101746,5.271867034,12,mB,operator assigned,LOCSAT,confirmed,manual,iasp91,26,19,5,4.096354961,175.0944519,1.994769897,0.0831326813
2020p475488,earthquake,2020-06-24T22:20:01.695Z,2020-06-24T22:34:31.922Z,167.4815063,-44.61588669,5.888094491,5,mB,operator assigned,LOCSAT,confirmed,manual,iasp91,51,43,58,0.3227268755,209.5533447,0.9246779982,0.2059708183
2020p473727,earthquake,2020-06-24T06:41:05.535Z,2020-07-24T01:46:07.695Z,-177.9756012,-33.99495316,5.289325794,12,mB,operator assigned,LOCSAT,confirmed,manual,iasp91,27,19,7,4.669210434,304.3648987,0.8562186236,0.1688255907
2020p473205,earthquake,2020-06-24T02:02:41.314Z,2020-07-23T21:06:49.614Z,-178.2773285,-33.97808838,5.281558111,12,mB,operator assigned,LOCSAT,confirmed,manual,iasp91,56,39,17,4.527849674,331.7387238,1.416131556,0.24358011
2020p469617,earthquake,2020-06-22T18:11:11.768Z,2020-07-22T07:31:33.086Z,-178.2262573,-33.64926147,5.563775704,12,mB,operator assigned,LOCSAT,confirmed,manual,iasp91,34,28,8,4.818565845,278.6990204,2.077926093,0.07179507167
2020p469200,earthquake,2020-06-22T14:29:12.079Z,2020-07-21T08:05:24.692Z,-177.6598358,-34.14912796,5.409774237,12,mB,operator assigned,LOCSAT,confirmed,manual,iasp91,54,38,21,4.725140572,276.3614044,0.8087518759,0.1229132542
2020p466333,earthquake,2020-06-21T13:01:15.949Z,2020-07-20T02:37:54.692Z,-178.1911621,-33.01324844,5.003584322,12,M,operator assigned,LOCSAT,confirmed,manual,iasp91,16,12,3,5.537736416,353.34198,0.9030561839,0
2020p465049,earthquake,2020-06-21T01:36:52.192Z,2020-07-20T02:14:58.671Z,-178.5973816,-33.73345947,5.034886449,12,mB,operator assigned,LOCSAT,confirmed,manual,iasp91,20,13,4,4.49513483,200.1296191,1.147946259,0.1213142027
2020p464880,earthquake,2020-06-21T00:08:56.958Z,2020-07-20T01:30:03.673Z,-178.8045959,-33.88412476,5.027195005,12,mB,operator assigned,LOCSAT,confirmed,manual,iasp91,22,15,5,4.529384136,340.153595,0.9048085721,0.08136331465
2020p464652,earthquake,2020-06-20T22:06:12.026Z,2020-07-20T01:07:43.985Z,-178.2045135,-34.15927505,5.057211144,12,mB,operator assigned,LOCSAT,confirmed,manual,iasp91,36,29,11,4.422210217,293.5444336,0.6841218101,0.1538107662
2020p462616,earthquake,2020-06-20T03:59:30.000Z,2020-07-19T00:07:38.578Z,-178.28,-34.7,5.15439419,12,mB,,,confirmed,manual,,0,0,12,0,0,2.84244586,0.1153300961
2020p462148,earthquake,2020-06-19T23:51:12.380Z,2020-07-17T05:17:39.598Z,-178.1733093,-32.9468689,5.115767032,12,mB,operator assigned,LOCSAT,confirmed,manual,iasp91,28,19,7,3.679722071,203.5777295,1.180377305,0.1507692139
2020p461895,earthquake,2020-06-19T21:36:50.837Z,2020-07-17T05:05:45.872Z,-178.3638306,-33.86144257,5.247068703,12,mB,operator assigned,LOCSAT,confirmed,manual,iasp91,39,21,7,4.601048946,203.7125788,1.717429596,0.06992827509
2020p461853,earthquake,2020-06-19T21:12:45.589Z,2020-07-17T05:02:33.191Z,-178.9289093,-33.16042328,5.049651019,12,mB,operator assigned,LOCSAT,confirmed,manual,iasp91,29,17,4,3.981142998,191.4128036,1.697711062,0.325954111
2020p461734,earthquake,2020-06-19T20:08:31.578Z,2020-07-17T04:44:56.153Z,-177.78508,-32.42002106,5.475055265,0,M,,LOCSAT,confirmed,manual,iasp91,18,13,6,3.150099516,177.8387909,2.361662457,0
2020p461402,earthquake,2020-06-19T17:14:41.475Z,2020-07-17T03:16:50.858Z,-178.3063202,-32.28904724,5.07444453,12,M,operator assigned,LOCSAT,confirmed,manual,iasp91,28,17,7,3.035589695,197.3705616,1.915397248,0
2020p461394,earthquake,2020-06-19T17:10:33.338Z,2020-07-17T03:13:21.158Z,-178.3126373,-33.50738144,5.255463716,12,MLv,operator assigned,LOCSAT,confirmed,manual,iasp91,71,41,30,4.245589733,202.7165179,1.820965934,0.1173742782
2020p459534,earthquake,2020-06-19T00:38:49.370Z,2020-07-16T05:33:51.871Z,-178.3039398,-33.75383759,5.817036024,12,mB,operator assigned,LOCSAT,confirmed,manual,iasp91,53,40,27,4.490093708,168.693027,1.747667023,0.1233994963
2020p459245,earthquake,2020-06-18T22:03:30.898Z,2020-07-16T00:59:50.242Z,-178.5448303,-32.93205643,5.205451498,12,M,operator assigned,LOCSAT,confirmed,manual,iasp91,37,23,14,3.697542191,197.562583,1.482157899,0
2020p458959,earthquake,2020-06-18T19:34:10.068Z,2020-07-15T05:47:48.697Z,-177.9277344,-33.40441513,5.33138908,12,M,operator assigned,LOCSAT,confirmed,manual,iasp91,27,16,13,4.129630566,210.312782,2.228183528,0
2020p458962,earthquake,2020-06-18T19:32:48.237Z,2020-07-15T06:16:48.168Z,-178.0384369,-32.71719742,5.050685662,12,mB,operator assigned,LOCSAT,confirmed,manual,iasp91,36,33,6,3.445780993,172.9027689,1.216086834,0.04671019184
2020p458920,earthquake,2020-06-18T19:11:50.635Z,2020-07-15T05:16:09.289Z,-178.0254059,-33.63560486,5.620741593,10,mB,operator assigned,LOCSAT,confirmed,manual,iasp91,61,39,18,4.361131191,172.9869279,1.997662731,0.08823588006
2020p458595,earthquake,2020-06-18T16:17:10.185Z,2020-07-15T01:27:17.844Z,-178.3216248,-33.25988007,5.170758756,12,ML,operator assigned,LOCSAT,confirmed,manual,iasp91,38,21,1,4.000258446,203.2210832,1.595012708,0
2020p458582,earthquake,2020-06-18T16:11:33.863Z,2020-07-14T23:59:30.436Z,-177.2011719,-33.30064774,5.83904731,12,mB,operator assigned,LOCSAT,confirmed,manual,iasp91,34,29,15,4.07289505,151.1997395,2.827724953,0.1436806795
2020p458459,earthquake,2020-06-18T15:06:13.829Z,2020-07-14T23:35:24.169Z,-177.8084106,-33.37292099,5.747502701,12,mB,operator assigned,LOCSAT,confirmed,manual,iasp91,56,38,21,4.099332333,146.9285831,2.575859276,0.1783924137
2020p458434,earthquake,2020-06-18T14:52:49.570Z,2020-07-14T23:24:29.148Z,-177.9958649,-33.03812027,5.176976677,12,mB,operator assigned,LOCSAT,confirmed,manual,iasp91,32,26,12,3.764877558,207.5137312,1.969071839,0.09543589794
2020p458309,not locatable,2020-06-18T13:43:59.438Z,2020-06-18T16:00:48.953Z,-178.0176086,-33.13022995,5.428665009,33,M,operator assigned,LOCSAT,preliminary,manual,iasp91,23,22,1,3.857079744,207.8256868,1.925050028,0
2020p458261,earthquake,2020-06-18T13:20:56.882Z,2020-07-14T03:53:54.070Z,-177.9757233,-33.77971649,5.317746545,12,M,operator assigned,LOCSAT,confirmed,manual,iasp91,91,49,34,4.504192352,211.2569327,2.474978876,0
2020p458203,earthquake,2020-06-18T12:49:49.894Z,2020-07-02T03:26:09.121Z,-177.4386749,-33.4619751,7.394644571,10,M,operator assigned,LOCSAT,confirmed,manual,iasp91,54,43,30,4.207231998,120.1336937,2.05394568,0
2020p441383,earthquake,2020-06-12T07:29:17.929Z,2020-07-02T23:52:50.988Z,167.7835083,-44.43654251,5.247430022,5,M,operator assigned,LOCSAT,confirmed,manual,iasp91,57,42,26,0.2578565776,205.1416702,0.9010419242,0
2020p433190,earthquake,2020-06-09T06:43:01.974Z,2020-06-30T21:48:33.167Z,-178.1549225,-32.78885269,5.363587738,12,mB,operator assigned,LOCSAT,confirmed,manual,iasp91,25,18,8,3.521504641,203.1601484,1.449607593,0.1666598465
2020p406638,earthquake,2020-05-30T10:56:54.582Z,2020-06-17T23:43:42.807Z,175.0029907,-40.44482422,5.021253394,35.7023735,MLv,,LOCSAT,confirmed,manual,iasp91,67,54,21,0.1709961742,61.83187866,0.3753079401,0.2582577825
2020p404985,earthquake,2020-05-29T20:14:54.703Z,2020-05-29T20:41:05.277Z,-177.9142761,-32.58013916,5.500643668,33,mB,operator assigned,LOCSAT,confirmed,manual,iasp91,50,40,27,3.307619572,206.2547913,1.346707177,0.1944793556
2020p394658,earthquake,2020-05-26T00:34:04.117Z,2020-06-07T21:03:32.218Z,174.9823761,-40.47169113,5.396372366,34.31409836,M,,LOCSAT,confirmed,manual,iasp91,73,60,34,0.1861763895,62.38204956,0.3109194489,0
2020p391429,earthquake,2020-05-24T19:53:33.278Z,2020-05-24T20:01:01.845Z,174.9778137,-40.44614029,5.84628854,36.52345657,M,,LOCSAT,confirmed,manual,iasp91,84,66,120,0.1900159866,62.58059692,0.5710789836,0
2020p316088,earthquake,2020-04-26T22:52:11.813Z,2020-05-04T02:59:00.085Z,167.536087,-44.99587631,5.228785222,71.31930542,M,,LOCSAT,confirmed,manual,iasp91,37,25,10,0.4256067872,189.4542274,0.5752043878,0
2020p220839,earthquake,2020-03-22T17:02:41.114Z,2020-04-08T04:58:03.390Z,-179.11763,-34.13132477,5.399934242,33,MLv,operator assigned,LOCSAT,confirmed,manual,iasp91,22,17,12,4.012095451,157.211935,0.8040283132,0.3362366313
2020p213694,earthquake,2020-03-20T01:36:08.305Z,2020-04-06T08:29:53.957Z,-178.5306854,-34.44536209,5.441349441,12,MLv,operator assigned,LOCSAT,confirmed,manual,iasp91,54,41,22,4.030653954,204.3743386,1.918101935,0.1020157106
2020p210015,earthquake,2020-03-18T16:56:23.043Z,2020-04-05T13:28:08.772Z,179.1548767,-36.49711609,5.057271571,33,M,operator assigned,LOCSAT,confirmed,manual,iasp91,44,34,103,1.261375666,276.3910065,1.129920522,0
2020p201743,earthquake,2020-03-15T15:28:58.860Z,2020-04-05T11:08:06.083Z,172.7736816,-42.67739105,5.091373184,8.131281853,M,,LOCSAT,confirmed,manual,iasp91,66,51,115,0.03083875962,35.96350861,0.5071023686,0
2020p201619,earthquake,2020-03-15T14:22:37.840Z,2020-03-15T14:27:44.370Z,177.5291595,-37.57616043,5.026609161,73.20803833,M,,LOCSAT,confirmed,manual,iasp91,87,73,117,0.2696556747,157.4458084,0.5248053193,0
2020p198433,earthquake,2020-03-14T10:05:08.855Z,2020-04-03T10:01:24.630Z,179.4497528,-36.34773254,5.9899275,12,M,operator assigned,LOCSAT,confirmed,manual,iasp91,46,36,96,1.519188285,282.9228973,1.003292464,0
2020p189307,earthquake,2020-03-11T01:01:45.986Z,2020-04-03T04:36:25.196Z,-177.4933929,-32.62435532,5.515511408,33,mB,operator assigned,LOCSAT,confirmed,manual,iasp91,35,21,46,3.371701241,216.077713,1.236297503,0.1973992947
2020p175301,earthquake,2020-03-05T20:39:33.669Z,2020-04-04T02:13:18.486Z,-178.0335083,-32.64282227,5.177189705,12,MLv,operator assigned,LOCSAT,confirmed,manual,iasp91,37,22,13,3.371524572,204.0546569,1.749449259,0.1245937094
2020p147099,earthquake,2020-02-24T10:14:22.764Z,2020-02-24T10:31:07.270Z,167.4463806,-44.71028137,5.152573398,5,M,operator assigned,LOCSAT,confirmed,manual,iasp91,43,29,15,0.3443587422,211.1111069,0.7735627559,0
2020p135878,earthquake,2020-02-20T06:35:29.506Z,2020-03-13T02:18:43.181Z,-178.440155,-34.35491562,5.253571421,147.6123047,M,,LOCSAT,confirmed,manual,iasp91,60,38,25,4.14786768,166.8265729,1.554624675,0
2020p127080,earthquake,2020-02-17T00:28:12.492Z,2020-03-10T03:14:28.834Z,-179.2092438,-33.28053665,5.997481828,33,Mw(mB),operator assigned,LOCSAT,confirmed,manual,iasp91,40,29,18,4.155210495,168.5588341,1.336415558,0.4
2020p112506,earthquake,2020-02-11T15:02:14.645Z,2020-03-04T00:54:54.909Z,-178.1899109,-33.01377106,5.058708222,0,M,,LOCSAT,confirmed,manual,iasp91,34,22,15,3.747172356,203.5912364,2.227712485,0
2020p095140,outside of network interest,2020-02-05T04:49:27.599Z,2020-02-28T01:21:06.381Z,-177.6006012,-32.76561356,5.045289596,33,mB,operator assigned,LOCSAT,confirmed,manual,iasp91,33,21,6,3.503326893,214.128006,1.621715778,0.1163526821
2020p092995,earthquake,2020-02-04T09:47:26.309Z,2020-02-26T22:32:05.134Z,176.5458221,-37.62953568,5.527395486,256.934021,M,,LOCSAT,confirmed,manual,iasp91,91,60,74,0.2145192027,112.6184082,0.5079675028,0
2020p068663,earthquake,2020-01-26T09:44:10.451Z,2020-02-20T03:19:40.460Z,-179.1434937,-35.90116119,5.184312429,33,M,operator assigned,LOCSAT,confirmed,manual,iasp91,64,38,25,2.635120392,269.8194885,1.379811814,0
2020p068662,earthquake,2020-01-26T09:43:35.582Z,2020-02-20T02:55:17.262Z,-179.2729492,-35.74417877,5.48606234,33,mB,operator assigned,LOCSAT,confirmed,manual,iasp91,58,51,6,2.660861731,156.0486288,0.9682152839,0.1365349572
2020p067267,earthquake,2020-01-25T21:20:05.884Z,2020-02-19T22:32:47.946Z,-178.9559326,-35.59558868,5.322715962,33,MLv,operator assigned,LOCSAT,confirmed,manual,iasp91,111,93,70,2.950662613,160.0376425,0.8488948799,0.1505384684
2020p067051,earthquake,2020-01-25T19:24:52.119Z,2020-02-19T22:29:13.891Z,-179.1864471,-35.59539795,5.349764009,33,M,operator assigned,LOCSAT,confirmed,manual,iasp91,29,19,12,2.814990759,255.5471039,0.9409244341,0
2020p066075,earthquake,2020-01-25T10:45:12.357Z,2020-01-25T11:06:59.720Z,174.552597,-40.62136841,5.359222441,63.65792084,M,,LOCSAT,confirmed,manual,iasp91,155,111,133,0.3617783487,74.7442627,0.4469563531,0
2020p002427,earthquake,2020-01-01T21:32:50.970Z,2020-01-29T03:29:17.172Z,-178.4379272,-33.14631271,5.074916614,10,mB,operator assigned,LOCSAT,confirmed,manual,iasp91,44,25,13,3.897520304,198.5416942,1.795385482,0.084189197
2020p002325,earthquake,2020-01-01T20:38:21.667Z,2020-01-29T02:52:47.116Z,-178.6964264,-32.92629623,5.30710721,10,mB,operator assigned,LOCSAT,confirmed,manual,iasp91,60,34,13,3.712949276,193.0181284,2.591292368,0.08206017058
2020p002256,earthquake,2020-01-01T20:01:25.049Z,2020-01-29T00:47:45.780Z,-177.8507843,-33.26741791,5.347527728,12,mB,operator assigned,LOCSAT,confirmed,manual,iasp91,31,23,9,3.993437767,175.9577332,1.467505071,0.04999237433
2020p002194,earthquake,2020-01-01T19:28:46.782Z,2020-01-28T22:49:30.391Z,-177.544754,-32.95381546,5.298679028,12,Mw(mB),operator assigned,LOCSAT,confirmed,manual,iasp91,61,59,43,3.694303036,181.505127,0.9582478771,0.4
2019p984016,earthquake,2019-12-31T02:02:58.702Z,2019-12-31T02:16:04.666Z,-177.8274231,-33.34157562,5.214532094,33,mB,operator assigned,LOCSAT,confirmed,manual,iasp91,26,17,34,4.067729473,212.1025238,1.045021536,0.2063734832
2019p983087,earthquake,2019-12-30T17:47:41.507Z,2020-01-27T04:08:46.863Z,-178.1457977,-33.45724869,5.250199283,12,mB,operator assigned,LOCSAT,confirmed,manual,iasp91,28,21,6,4.18676281,205.444957,1.831633452,0.0804076276
2019p979988,earthquake,2019-12-29T14:16:52.188Z,2020-01-27T02:54:45.132Z,-178.0753784,-33.04785156,5.054294333,12,MLv,operator assigned,LOCSAT,confirmed,manual,iasp91,38,25,18,3.776365042,205.9875629,1.665179234,0.1361123349
2019p966403,earthquake,2019-12-24T13:38:21.641Z,2020-01-16T04:35:31.207Z,-179.6452789,-32.40873337,5.385519515,281.548584,mB,,LOCSAT,confirmed,manual,iasp91,26,20,11,3.469770193,170.1060677,1.49381782,0.2140474029
2019p939075,earthquake,2019-12-14T10:57:56.454Z,2020-01-13T00:49:02.130Z,-177.354538,-32.68664551,5.061495789,33,mB,operator assigned,LOCSAT,confirmed,manual,iasp91,49,33,12,3.44820714,181.4575825,2.594442987,0.1001196851
2019p927023,earthquake,2019-12-09T23:58:01.907Z,2019-12-19T22:04:28.173Z,178.0682831,-38.87031174,5.386604292,29.01327896,M,,LOCSAT,confirmed,manual,iasp91,47,34,24,0.1535100192,126.4374084,0.4363537162,0
2019p882948,earthquake,2019-11-23T16:34:46.125Z,2019-11-23T18:11:15.815Z,177.2585602,-37.41582108,5.853862141,115.045372,Mw(mB),,LOCSAT,confirmed,manual,iasp91,31,24,0,0.1206393242,151.9604797,0.6317443532,0.4
2019p828843,earthquake,2019-11-03T16:07:28.290Z,2019-11-24T22:45:13.051Z,179.8477325,-34.9329071,5.702511366,73.94549561,MLv,,LOCSAT,confirmed,manual,iasp91,35,29,18,2.904570818,144.6547451,0.7353238846,0.2523676101
2019p809993,earthquake,2019-10-27T16:44:41.020Z,2019-11-18T22:42:34.944Z,176.0878906,-37.87695694,5.024724974,275.6353455,M,,LOCSAT,confirmed,manual,iasp91,80,54,123,0.1199412197,57.49303055,0.6190001798,0
2019p801001,earthquake,2019-10-24T08:53:37.454Z,2019-10-24T09:14:46.070Z,167.4391632,-44.6741333,5.62728772,5,M,operator assigned,LOCSAT,confirmed,manual,iasp91,42,26,53,0.3476275802,205.3230324,0.7178225377,0
2019p773171,earthquake,2019-10-14T01:44:15.434Z,2019-11-08T02:34:54.357Z,-179.3248291,-32.38805389,5.281192157,318.070282,mB,,LOCSAT,confirmed,manual,iasp91,35,24,10,3.342021942,176.0724564,1.274390185,0.1935008723
2019p761755,earthquake,2019-10-09T20:22:49.354Z,2019-11-05T22:41:26.739Z,-178.8490143,-35.01733017,5.152134512,12,M,operator assigned,LOCSAT,confirmed,manual,iasp91,38,29,22,3.424718857,161.3908625,1.3351628,0
2019p754447,earthquake,2019-10-07T03:29:48.367Z,2019-11-03T21:54:18.203Z,177.3336639,-38.26429367,5.282344604,38.14467239,M,,LOCSAT,confirmed,manual,iasp91,87,70,48,0.1678451151,43.09078217,0.4647964193,0
2019p744144,earthquake,2019-10-03T07:59:22.887Z,2019-10-31T02:40:02.782Z,-178.8900146,-33.86747742,5.214962363,33,mB,operator assigned,LOCSAT,confirmed,manual,iasp91,48,36,11,4.334991455,195.544116,1.979928678,0.209434971
2019p738432,earthquake,2019-10-01T05:16:41.168Z,2019-10-29T02:31:52.052Z,177.7724152,-39.15775299,5.652114377,22.00417519,M,,LOCSAT,confirmed,manual,iasp91,27,21,12,0.1047677919,79.46678162,0.7672135528,0
2019p728991,earthquake,2019-09-27T17:26:23.602Z,2019-10-22T22:36:23.979Z,-177.9804535,-33.495224,5.293086574,33,mB,operator assigned,LOCSAT,confirmed,manual,iasp91,56,40,25,4.220507622,208.5573456,1.333424572,0.1104062678
2019p690085,earthquake,2019-09-13T07:56:52.858Z,2019-10-03T04:27:14.928Z,-179.0330353,-33.82809067,5.248651198,12,mB,operator assigned,LOCSAT,confirmed,manual,iasp91,46,37,15,4.309131145,157.8544273,1.666463906,0.1446819661
2019p687292,earthquake,2019-09-12T07:08:08.528Z,2019-09-19T00:14:08.928Z,-178.274292,-32.36865997,5.477140636,33,mB,operator assigned,LOCSAT,confirmed,manual,iasp91,26,18,29,3.111676455,198.508709,1.041829121,0.2039207834
2019p665658,earthquake,2019-09-04T07:02:52.385Z,2019-09-25T01:31:56.375Z,175.9097595,-38.8513298,5.018913848,5,M,operator assigned,LOCSAT,confirmed,manual,iasp91,46,38,26,0.1084841341,30.01235962,0.5006261461,0
2019p663319,earthquake,2019-09-03T10:15:28.846Z,2019-09-20T05:02:56.542Z,-179.9776764,-32.57286835,5.512378598,12,MLv,operator assigned,LOCSAT,confirmed,manual,iasp91,46,34,12,3.743933201,164.948904,2.160862991,0.1955654615
2019p655461,earthquake,2019-08-31T12:28:48.161Z,2019-09-18T05:03:57.647Z,-177.7574158,-32.72679138,5.048002018,33,mB,operator assigned,LOCSAT,confirmed,manual,iasp91,40,24,10,3.456681967,210.9971771,1.665618986,0.06268894853
2019p603895,earthquake,2019-08-12T10:35:27.752Z,2019-09-05T00:08:09.986Z,167.858551,-44.51518631,5.512261171,12,Mw(mB),operator assigned,LOCSAT,confirmed,manual,iasp91,38,32,69,0.1653887779,200.8462868,0.7439526679,0.4
2019p602335,earthquake,2019-08-11T20:44:36.205Z,2019-08-11T21:01:21.054Z,172.7803497,-41.21015549,5.152679066,102.1279449,M,,LOCSAT,confirmed,manual,iasp91,29,23,108,0.1894786805,68.29516602,0.3245694367,0
2019p593757,earthquake,2019-08-08T16:32:56.505Z,2019-08-27T04:45:41.382Z,-179.6873627,-33.21574402,5.203497547,12,mB,operator assigned,LOCSAT,confirmed,manual,iasp91,30,25,11,4.221870422,146.5445538,1.29685215,0.1639761794
2019p581102,earthquake,2019-08-04T00:11:09.190Z,2019-08-21T04:21:30.318Z,165.7827148,-47.90458679,5.657353601,33,M,operator assigned,LOCSAT,confirmed,manual,iasp91,23,16,11,1.844021916,319.4309654,0.9221809768,0
2019p551256,earthquake,2019-07-23T23:08:52.480Z,2019-08-15T03:32:48.307Z,-179.1854553,-33.94016266,5.842527681,12,M,operator assigned,LOCSAT,confirmed,manual,iasp91,38,25,16,4.149827003,155.8345194,2.127302013,0
2019p534512,earthquake,2019-07-17T18:28:11.273Z,2019-08-12T03:23:49.186Z,165.3603668,-47.56822586,5.129673483,33,M,operator assigned,LOCSAT,confirmed,manual,iasp91,26,15,10,1.669627309,321.5123692,0.9248037334,0
2019p518951,earthquake,2019-07-12T00:16:52.020Z,2019-08-07T02:34:19.050Z,179.7676239,-34.03355026,5.068412238,12,MLv,operator assigned,LOCSAT,confirmed,manual,iasp91,36,29,23,3.71592617,300.6374512,1.789184952,0.1577164512
2019p506293,earthquake,2019-07-07T07:53:31.149Z,2019-08-04T06:39:03.056Z,179.4638824,-33.87715912,5.196174516,12,mB,operator assigned,LOCSAT,confirmed,manual,iasp91,35,25,7,3.79572463,299.0224762,1.858378822,0.1650846694
2019p506147,earthquake,2019-07-07T06:34:24.948Z,2019-08-04T00:57:12.152Z,-177.857193,-32.54171753,5.257896033,12,mB,operator assigned,LOCSAT,confirmed,manual,iasp91,49,32,13,3.269752026,207.3019409,2.492599536,0.1599830681
2019p504717,earthquake,2019-07-06T17:52:18.383Z,2019-08-02T03:35:17.014Z,-178.0956573,-32.83515549,5.437340773,12,MLv,operator assigned,LOCSAT,confirmed,manual,iasp91,24,13,11,3.56509304,204.5857491,1.540788025,0.103604407
2019p502537,earthquake,2019-07-05T22:30:50.068Z,2019-07-31T05:52:03.262Z,-179.0695038,-33.19810104,5.212750572,12,M,operator assigned,LOCSAT,confirmed,manual,iasp91,38,27,12,4.045381069,187.115509,1.827822059,0
2019p478973,earthquake,2019-06-27T05:15:40.474Z,2019-06-27T05:23:41.887Z,-178.0563812,-32.91795349,5.101748562,33,mB,operator assigned,LOCSAT,confirmed,manual,iasp91,20,14,6,3.646353006,204.7050239,1.480143717,0.08301024459
2019p462790,earthquake,2019-06-21T05:34:21.310Z,2019-07-16T07:48:42.616Z,-178.27771,-33.63613129,5.172947192,33,mB,operator assigned,LOCSAT,confirmed,manual,iasp91,39,25,10,4.371408463,204.0003848,1.331162459,0.07504145428
2019p462079,outside of network interest,2019-06-20T23:15:12.504Z,2019-07-15T08:03:12.143Z,179.7279053,-33.79676819,5.163504086,33,MLv,operator assigned,LOCSAT,confirmed,manual,iasp91,29,23,18,3.931327105,140.4863091,1.277601171,0.1615173993
2019p460069,earthquake,2019-06-20T05:24:42.294Z,2019-07-15T06:54:13.543Z,-178.3130646,-33.65339279,5.15812723,33,M,operator assigned,LOCSAT,confirmed,manual,iasp91,52,33,19,4.390785217,203.470593,1.375645033,0
2019p459468,earthquake,2019-06-20T00:04:29.286Z,2019-07-15T06:05:20.086Z,-178.3828278,-33.95652771,5.196117973,12,mB,operator assigned,LOCSAT,confirmed,manual,iasp91,40,26,9,4.648757935,311.8934326,1.031994493,0.1150715801
2019p459435,earthquake,2019-06-19T23:47:18.178Z,2019-07-14T07:33:05.003Z,-178.691803,-33.50328445,5.020945766,33,mB,operator assigned,LOCSAT,confirmed,manual,iasp91,35,23,9,4.279364586,195.912446,1.165134339,0.09134803534
2019p455176,earthquake,2019-06-18T09:56:42.474Z,2019-07-11T03:14:54.691Z,-178.3100891,-33.62650299,5.077178979,12,mB,operator assigned,LOCSAT,confirmed,manual,iasp91,32,20,9,4.363853455,204.7195072,2.300220957,0.1013358363
2019p454882,earthquake,2019-06-18T07:20:20.537Z,2019-06-18T07:31:26.171Z,-177.7896423,-33.61330414,5.506992562,33,mB,operator assigned,LOCSAT,confirmed,manual,iasp91,31,28,16,4.339398861,213.7649994,0.8107400521,0.08962778281
2019p454480,earthquake,2019-06-18T03:45:42.861Z,2019-07-11T02:04:15.967Z,-177.6547089,-32.77559662,5.182467388,33,mB,operator assigned,LOCSAT,confirmed,manual,iasp91,28,19,8,3.509929419,213.230072,1.551838093,0.0946573545
2019p428761,earthquake,2019-06-08T15:24:08.722Z,2019-06-08T16:31:40.816Z,168.1524353,-44.34041977,5.52366011,5,M,operator assigned,LOCSAT,confirmed,manual,iasp91,31,22,72,0.3700796068,189.9099808,0.5440292142,0
2019p380530,earthquake,2019-05-21T19:05:54.193Z,2019-06-17T03:40:42.277Z,-179.3140564,-34.61968613,5.083880998,12,MLv,operator assigned,LOCSAT,confirmed,manual,iasp91,32,25,18,3.512050867,154.9892282,1.181280619,0.1824873393
2019p360729,earthquake,2019-05-14T11:16:38.301Z,2019-06-11T23:46:02.552Z,178.5570526,-39.22633362,5.022110689,29.10247993,M,,LOCSAT,confirmed,manual,iasp91,38,29,22,0.5105226636,147.3242645,0.6019522818,0
2019p357004,earthquake,2019-05-13T02:10:59.810Z,2019-06-10T23:16:24.869Z,-178.0311432,-32.93375015,5.579082673,33,mB,operator assigned,LOCSAT,confirmed,manual,iasp91,44,28,12,3.661471605,205.2558743,1.665234705,0.1964455371
2019p353164,earthquake,2019-05-11T16:06:15.516Z,2019-06-09T23:31:47.284Z,-179.8937683,-34.80778503,5.712330247,86,Mw(mB),operator assigned,LOCSAT,confirmed,manual,iasp91,41,26,4,3.110383511,184.0572033,1.180576925,0.4
2019p339258,earthquake,2019-05-06T12:36:14.771Z,2019-05-29T23:16:46.733Z,179.9345398,-33.12574005,5.132932773,12,mB,operator assigned,LOCSAT,confirmed,manual,iasp91,31,19,7,4.267588615,168.1408901,1.745645726,0.2388000795
2019p315560,earthquake,2019-04-27T18:10:47.389Z,2019-05-22T05:39:36.606Z,179.0045776,-37.1343956,5.166627761,12,M,operator assigned,LOCSAT,confirmed,manual,iasp91,131,97,73,0.7012701035,276.7683258,1.310736118,0
2019p294795,earthquake,2019-04-20T01:45:46.653Z,2019-05-17T03:41:44.698Z,-179.1800995,-32.64287567,5.431265941,128.775177,mB,,LOCSAT,confirmed,manual,iasp91,44,27,19,3.539608955,181.1989136,1.88028724,0.2318466792
2019p285589,earthquake,2019-04-16T16:01:16.305Z,2019-05-13T04:18:10.730Z,-178.7776489,-32.70505905,5.343404781,12,MLv,operator assigned,LOCSAT,confirmed,manual,iasp91,39,32,24,3.510236502,189.4109373,1.956369233,0.1073383558
2019p273377,earthquake,2019-04-12T03:34:32.026Z,2019-05-08T02:45:46.093Z,179.9403076,-33.99568939,5.035198687,12,M,operator assigned,LOCSAT,confirmed,manual,iasp91,49,30,22,3.798573971,175.1552944,1.582173402,0
2019p258188,earthquake,2019-04-06T12:42:50.042Z,2019-04-06T12:48:11.583Z,167.19104,-45.37639236,5.211648282,64.47910309,M,,LOCSAT,confirmed,manual,iasp91,27,15,33,0.09219359607,192.6772842,0.4317695704,0
2019p226963,outside of network interest,2019-03-25T23:25:20.870Z,2019-04-04T02:19:18.213Z,-178.4910889,-33.4503746,5.503449048,12,mB,operator assigned,LOCSAT,confirmed,manual,iasp91,42,26,18,4.203896999,200.2945795,1.944738741,0.1999618421
2019p213425,outside of network interest,2019-03-20T23:11:23.855Z,2019-04-01T02:27:32.322Z,-177.3888702,-32.52402496,5.188426162,12,mB,operator assigned,LOCSAT,confirmed,manual,iasp91,19,13,4,3.283572674,218.4910583,2.245272228,0.1469853945
2019p179726,outside of network interest,2019-03-08T11:57:13.977Z,2019-03-19T01:03:26.830Z,-177.3547974,-32.29589462,5.50171733,12,mB,operator assigned,LOCSAT,confirmed,manual,iasp91,47,40,25,3.063074827,217.3362732,1.772932472,0.1293763815
2019p177534,earthquake,2019-03-07T16:29:05.557Z,2019-03-07T16:49:43.044Z,-177.3778992,-32.60002136,5.700998892,33,mB,operator assigned,LOCSAT,confirmed,manual,iasp91,39,31,15,3.359901905,148.9325371,1.365807702,0.127483136
2019p177418,outside of network interest,2019-03-07T15:27:29.879Z,2019-03-15T03:44:26.612Z,-177.7353516,-32.61909103,5.736846286,12,mB,operator assigned,LOCSAT,confirmed,manual,iasp91,49,31,24,3.350224018,210.0074921,2.129808441,0.1135878804
2019p159000,earthquake,2019-02-28T19:55:39.965Z,2019-03-05T04:54:55.764Z,178.8593597,-37.57907867,5.015705829,23.6829567,M,,LOCSAT,confirmed,manual,iasp91,29,18,14,0.4262675345,272.0484314,0.4088951469,0
2019p097738,outside of network interest,2019-02-06T03:54:24.489Z,2019-02-19T02:08:35.111Z,-179.1794739,-32.73262024,5.535781065,33,mB,operator assigned,LOCSAT,confirmed,manual,iasp91,32,24,12,3.624604464,152.6861401,3.79162502,0.123542151
2019p089888,outside of network interest,2019-02-03T06:11:52.162Z,2019-02-18T02:20:16.358Z,-178.6792297,-33.86947632,5.114664972,33,MLv,operator assigned,LOCSAT,confirmed,manual,iasp91,50,38,30,4.425895214,198.3218489,1.326195835,0.1388334518
2019p063145,outside of network interest,2019-01-24T08:42:49.568Z,2019-02-10T22:51:20.115Z,-177.90271,-33.02761459,5.162178259,33,mB,operator assigned,LOCSAT,confirmed,manual,iasp91,40,23,9,3.75387311,209.1809082,2.443756899,0.08600945687
2019p060263,outside of network interest,2019-01-23T07:06:56.275Z,2019-02-08T05:09:12.028Z,-178.0365448,-33.36169052,5.390941592,33,mB,operator assigned,LOCSAT,confirmed,manual,iasp91,30,21,10,4.088225842,208.1532061,0.8245581351,0.2124184546
2019p058909,earthquake,2019-01-22T19:05:56.458Z,2019-01-22T19:19:24.421Z,-179.6612701,-32.3775444,5.002390719,311.742157,MLv,,LOCSAT,confirmed,manual,iasp91,44,27,19,3.447738886,177.6329613,1.117424855,0.2435385399
2019p023322,outside of network interest,2019-01-09T15:05:08.447Z,2019-01-31T04:20:47.531Z,-179.2429199,-32.7488327,5.467142729,33,mB,operator assigned,LOCSAT,confirmed,manual,iasp91,34,23,14,3.656551838,159.0470409,1.755326496,0.1860417037
2018p966352,earthquake,2018-12-24T13:12:07.279Z,2019-01-17T04:09:50.148Z,179.7338104,-34.57077789,5.02585496,185.9558716,M,,LOCSAT,confirmed,manual,iasp91,55,39,29,3.201261044,175.7474594,1.58424714,0
2018p945492,outside of network interest,2018-12-16T19:57:46.103Z,2019-01-13T22:33:11.292Z,-179.8592682,-33.49126434,5.009481082,332.6730957,mB,,LOCSAT,confirmed,manual,iasp91,52,32,9,4.328509808,315.6173401,1.584238766,0.361312084
2018p943222,outside of network interest,2018-12-15T23:47:39.609Z,2019-01-11T04:36:48.178Z,-177.8124237,-32.50779724,5.462885172,12,mB,operator assigned,LOCSAT,confirmed,manual,iasp91,31,22,13,3.236806393,209.1128845,1.23075128,0.1987090376
2018p900482,earthquake,2018-11-30T04:17:19.839Z,2018-12-11T22:53:19.596Z,166.5857239,-45.74363327,5.147880152,5,M,operator assigned,LOCSAT,confirmed,manual,iasp91,26,15,12,0.4278647304,230.8734055,1.024383095,0
2018p896060,earthquake,2018-11-28T13:00:15.188Z,2018-12-10T00:34:25.715Z,165.4589081,-47.73537445,5.273060639,12,M,operator assigned,LOCSAT,confirmed,manual,iasp91,18,10,8,1.778950334,322.6739769,0.8685472167,0
2018p890311,earthquake,2018-11-26T09:57:00.937Z,2018-12-06T22:28:21.730Z,165.5044708,-47.85105515,5.131232833,12,M,operator assigned,LOCSAT,confirmed,manual,iasp91,18,12,9,1.867833138,307.6136627,0.9441405441,0
2018p886455,earthquake,2018-11-24T23:42:38.007Z,2018-12-05T04:16:41.209Z,165.4424591,-47.97293472,5.797087519,12,M,operator assigned,LOCSAT,confirmed,manual,iasp91,20,13,9,1.995807171,176.0685482,1.332144572,0
2018p829286,earthquake,2018-11-03T20:03:45.651Z,2018-11-06T21:54:29.106Z,-179.3937531,-39.09737778,5.292749494,33,M,operator assigned,LOCSAT,confirmed,manual,iasp91,49,35,22,1.942753315,149.1281261,1.464539961,0
2018p816466,earthquake,2018-10-30T02:13:41.648Z,2018-10-30T02:25:59.859Z,175.0074615,-39.03258514,6.157347539,207.1490631,M,,LOCSAT,confirmed,manual,iasp91,66,55,125,0.4606636167,92.28355408,0.4419615841,0
2018p803182,outside of network interest,2018-10-25T04:14:57.724Z,2018-10-29T03:38:16.159Z,-179.3765411,-33.08150864,5.380737591,33,M,operator assigned,LOCSAT,confirmed,manual,iasp91,25,16,11,4.006826401,180.7976131,1.947501111,0
2018p752434,earthquake,2018-10-06T09:37:15.892Z,2018-10-08T05:08:06.007Z,167.8302917,-44.43523788,5.159442978,5,ML,operator assigned,LOCSAT,confirmed,manual,iasp91,24,15,13,0.2477799803,213.6900253,0.5994236903,0.198696351
2018p681818,outside of network interest,2018-09-10T06:31:38.863Z,2018-09-19T02:59:45.570Z,-178.1040497,-32.34006119,5.272280165,120,mB,operator assigned,LOCSAT,confirmed,manual,iasp91,43,28,13,3.072295427,201.3783908,1.683415572,0.1721969803
2018p681658,outside of network interest,2018-09-10T05:06:07.703Z,2018-09-10T05:24:14.764Z,-178.4099884,-32.30138779,5.421763125,93.70110321,M,,LOCSAT,confirmed,manual,iasp91,29,16,13,3.058825493,195.1271639,1.429042363,0
2018p681596,outside of network interest,2018-09-10T04:33:08.179Z,2018-09-10T05:36:18.269Z,-177.9925842,-32.33143234,5.088126889,126.0132523,M,,LOCSAT,confirmed,manual,iasp91,96,71,38,3.060253143,203.7525536,1.501022276,0
2018p681569,outside of network interest,2018-09-10T04:18:54.551Z,2018-09-18T23:58:54.500Z,-177.5817719,-32.46209717,6.699091973,126.3617325,M,,LOCSAT,confirmed,manual,iasp91,121,108,80,3.203154802,212.7880249,1.574198633,0
2018p678592,outside of network interest,2018-09-09T01:52:57.342Z,2018-09-09T23:57:05.156Z,-179.6317291,-32.54943466,5.184431829,288.9168701,mB,,LOCSAT,confirmed,manual,iasp91,45,27,10,3.591859818,171.3436031,2.112517195,0.3399964186
2018p675898,earthquake,2018-09-08T01:58:38.490Z,2018-09-10T00:22:45.116Z,-179.6884766,-35.44585419,5.087433564,60,M,operator assigned,LOCSAT,confirmed,manual,iasp91,53,42,32,3.07508564,312.8094482,0.5836482572,0
2018p577142,outside of network interest,2018-08-02T13:01:23.055Z,2018-08-06T02:47:38.882Z,-178.4430237,-34.84807205,5.922524441,33,M,operator assigned,LOCSAT,confirmed,manual,iasp91,33,24,18,3.774065018,208.4437194,1.490709947,0
2018p569905,outside of network interest,2018-07-30T20:44:24.621Z,2018-07-30T23:53:27.017Z,-179.7181396,-32.75921631,5.067490564,325.9992676,M,,LOCSAT,confirmed,manual,iasp91,25,18,13,3.812450171,171.5386753,1.385267186,0
2018p546311,earthquake,2018-07-22T03:14:44.634Z,2018-07-22T03:33:44.251Z,173.5365601,-41.2063942,5.210893459,72.5447464,M,,LOCSAT,confirmed,manual,iasp91,34,19,124,0.1190006584,76.93807125,0.6081811938,0
2018p449387,outside of network interest,2018-06-16T06:32:23.837Z,2018-06-17T22:14:37.202Z,-177.4426422,-33.02096939,5.125952174,33,M,operator assigned,LOCSAT,confirmed,manual,iasp91,34,22,17,3.769510269,218.1033936,2.557094392,0
2018p408658,outside of network interest,2018-06-01T04:52:31.595Z,2018-06-05T03:29:32.539Z,-178.5927124,-33.24996948,6.008379266,33,M,operator assigned,LOCSAT,confirmed,manual,iasp91,57,44,32,4.01705265,197.1185656,1.401999229,0
2018p370469,earthquake,2018-05-18T01:45:29.554Z,2018-05-21T04:43:02.434Z,-178.2952118,-34.67864609,5.889643044,10,M,operator assigned,LOCSAT,confirmed,manual,iasp91,73,54,28,3.980695009,209.6815312,2.676265875,0
2018p370015,earthquake,2018-05-17T21:43:15.040Z,2018-05-21T04:27:30.565Z,-178.7565308,-32.4761734,5.766029837,238.2415314,Mw(mB),,LOCSAT,confirmed,manual,iasp91,42,36,19,3.28360343,189.2081585,1.461910383,0.4
2018p366822,outside of network interest,2018-05-16T17:22:14.312Z,2018-05-21T02:47:14.271Z,-178.5122528,-34.04214478,5.985975513,33,M,operator assigned,LOCSAT,confirmed,manual,iasp91,76,63,48,4.361124516,202.2137394,1.319780816,0
2018p277211,earthquake,2018-04-13T13:38:12.066Z,2018-05-08T02:09:05.115Z,178.563797,-35.6841507,5.535686376,183.8565521,M,,LOCSAT,confirmed,manual,iasp91,56,48,25,1.885818601,268.0883026,0.8006525984,0
2018p266243,earthquake,2018-04-09T12:14:23.908Z,2018-04-10T23:26:14.222Z,178.9009399,-37.15131378,5.127689691,12,M,operator assigned,LOCSAT,confirmed,manual,iasp91,36,28,22,0.6265274882,269.6116791,0.7361635291,0
2018p169845,outside of network interest,2018-03-04T20:12:31.471Z,2018-03-04T21:50:20.274Z,-179.5481873,-32.88694763,5.127828944,200,M,operator assigned,LOCSAT,confirmed,manual,iasp91,31,26,22,3.873952627,176.5562611,1.769520088,0
2018p130600,earthquake,2018-02-18T07:43:48.127Z,2018-02-26T02:14:03.779Z,176.2995148,-39.94897461,5.156706293,20.59459877,M,,LOCSAT,confirmed,manual,iasp91,52,42,30,0.08451954275,35.92392731,0.5956883196,0
2018p070552,earthquake,2018-01-27T02:30:31.998Z,2018-01-27T02:47:04.866Z,173.9745789,-40.34011459,5.058599965,123.5536194,M,,LOCSAT,confirmed,manual,iasp91,55,48,36,0.4628734589,109.5946655,0.5355115496,0
2017p911983,outside of network interest,2017-12-04T10:24:01.864Z,2017-12-05T04:16:43.596Z,-178.2993774,-33.09332275,5.086341971,12,MLv,operator assigned,LOCSAT,confirmed,manual,iasp91,82,50,37,3.833158493,200.8705859,2.47492651,0.1579239226
2017p910827,outside of network interest,2017-12-04T00:08:07.201Z,2017-12-05T02:26:14.280Z,-178.1451111,-32.90558243,5.650779165,33,M,operator assigned,LOCSAT,confirmed,manual,iasp91,93,82,61,3.637262583,171.0237362,1.431335498,0
2017p885383,earthquake,2017-11-24T14:11:34.826Z,2017-11-28T03:35:43.676Z,178.869339,-35.17054367,5.141884991,12,M,operator assigned,LOCSAT,confirmed,manual,iasp91,45,28,22,2.42971611,290.7936554,1.645950441,0
2017p884888,outside of network interest,2017-11-24T09:48:01.237Z,2017-11-28T02:32:10.462Z,-178.9552917,-33.98312759,5.208076374,148.2172089,M,,LOCSAT,confirmed,manual,iasp91,107,86,58,4.208168507,159.2044773,2.031725716,0
2017p850605,outside of network interest,2017-11-11T17:22:03.294Z,2017-11-13T00:57:43.569Z,-179.7615356,-34.15345383,5.120937864,88.18572998,M,,LOCSAT,confirmed,manual,iasp91,18,15,25,3.745851755,181.8653088,0.556489742,0
2017p795065,earthquake,2017-10-22T04:10:59.674Z,2017-10-27T03:21:33.464Z,173.4589386,-42.35814285,5.588790533,8.274720192,M,,LOCSAT,confirmed,manual,iasp91,25,17,120,0.08280489594,68.13731766,0.4739203311,0
2017p755062,outside of network interest,2017-10-07T08:56:16.210Z,2017-10-12T21:30:28.776Z,-177.5914612,-33.03554916,5.021302085,33,M,operator assigned,LOCSAT,confirmed,manual,iasp91,16,11,21,3.772295475,215.3177185,1.548065325,0
2017p754243,earthquake,2017-10-07T01:39:22.676Z,2017-10-12T20:52:22.919Z,-177.5157166,-33.04010773,5.05988463,33,M,operator assigned,LOCSAT,confirmed,manual,iasp91,13,10,17,3.78222537,218.6329956,1.014256832,0
2017p754087,outside of network interest,2017-10-07T00:16:26.684Z,2017-10-12T20:46:33.130Z,-177.3644257,-33.13632202,5.379308842,33,M,operator assigned,LOCSAT,confirmed,manual,iasp91,17,13,31,3.891488314,219.9065552,0.6442188761,0
2017p739932,outside of network interest,2017-10-01T18:32:33.002Z,2017-10-09T03:10:42.144Z,-177.5473328,-33.19610596,5.006014272,33,M,operator assigned,LOCSAT,confirmed,manual,iasp91,14,11,6,3.934854507,218.6444244,1.044630181,0
2017p735876,earthquake,2017-09-30T06:34:33.182Z,2017-10-09T00:58:11.503Z,179.0947571,-37.07653046,5.256951046,12,M,operator assigned,LOCSAT,confirmed,manual,iasp91,47,39,97,0.7936376929,272.9877167,0.6840312812,0
2017p732297,outside of network interest,2017-09-28T22:47:12.236Z,2017-10-06T01:00:40.396Z,-178.1499329,-34.09373856,5.062191234,33,M,operator assigned,LOCSAT,confirmed,manual,iasp91,21,14,46,4.501529217,210.4435785,1.702174473,0
2017p708412,earthquake,2017-09-20T02:42:10.036Z,2017-10-01T22:46:26.384Z,174.3373108,-41.47942352,5.080255738,15.12007618,M,,LOCSAT,confirmed,manual,iasp91,34,24,107,0.2727164328,101.2103424,0.407248761,0
2017p640615,outside of network interest,2017-08-26T00:39:02.304Z,2017-09-08T02:37:17.172Z,-178.4397278,-33.19853973,5.300686765,33,M,operator assigned,LOCSAT,confirmed,manual,iasp91,33,24,58,3.949431181,198.7865815,1.788424108,0
2017p626985,outside of network interest,2017-08-20T23:37:34.761Z,2017-08-31T05:58:53.763Z,-179.2416229,-35.47227478,5.178757999,33,M,operator assigned,LOCSAT,confirmed,manual,iasp91,56,47,35,2.872350931,200.3055534,1.125092708,0
2017p577845,outside of network interest,2017-08-02T19:15:18.050Z,2017-08-18T01:51:27.800Z,-177.8909607,-33.25160599,5.647875353,86.1138916,M,,LOCSAT,confirmed,manual,iasp91,33,29,53,3.977304697,209.1442566,1.106164077,0
2017p554868,outside of network interest,2017-07-25T07:13:31.128Z,2017-08-08T04:16:36.591Z,-179.3137817,-34.47681046,5.073844846,23.69815445,M,,LOCSAT,confirmed,manual,iasp91,25,24,45,3.633074999,192.6020222,0.7465787531,0
2017p548275,outside of network interest,2017-07-22T20:40:29.937Z,2017-08-07T22:19:40.546Z,179.8339691,-32.32322311,5.116116092,246.7435455,M,,LOCSAT,confirmed,manual,iasp91,15,12,5,3.611660242,160.1423416,0.7518692478,0
2017p384346,earthquake,2017-05-23T04:58:40.753Z,2017-06-13T03:18:00.048Z,-179.8152618,-32.69713211,5.242356385,360.47995,M,,LOCSAT,confirmed,manual,iasp91,29,19,15,3.791165113,169.9063053,1.392813803,0
2017p300263,outside of network interest,2017-04-22T02:20:12.906Z,2017-05-19T01:38:56.653Z,-179.5682831,-34.778965,5.09765137,33,M,operator assigned,LOCSAT,confirmed,manual,iasp91,51,38,30,3.266497135,189.3866348,1.203956524,0
2017p292246,earthquake,2017-04-19T03:08:42.632Z,2017-04-19T03:48:10.165Z,177.6910721,-38.51237185,5.085159886,38.046875,M,,NonLinLoc,confirmed,manual,nz3drx,89,84,64,0.1469128379,80.56606978,0.5381711032,0
2017p209420,outside of network interest,2017-03-19T11:38:11.386Z,2017-04-18T04:47:00.249Z,-178.2516022,-33.3790741,5.43622263,33,M,operator assigned,LOCSAT,confirmed,manual,iasp91,24,19,15,4.114127636,204.3711042,0.7803818258,0
2017p198914,outside of network interest,2017-03-15T14:20:00.403Z,2017-04-13T05:09:14.411Z,179.6290131,-32.82240295,5.069661087,406.8005981,M,,LOCSAT,confirmed,manual,iasp91,19,11,1,4.85136795,336.5947418,1.329552727,0
2017p175163,earthquake,2017-03-06T19:26:05.464Z,2017-03-06T19:35:40.267Z,-177.9846802,-32.43699646,5.683917399,446.0815125,M,,LOCSAT,confirmed,manual,iasp91,28,22,18,6.801190376,346.0398865,0.9407167729,0
2017p161601,earthquake,2017-03-01T19:01:02.699Z,2017-03-01T19:08:37.228Z,173.0949097,-42.96012115,5.222642916,11.51695824,M,,LOCSAT,confirmed,manual,iasp91,47,41,104,0.04475480691,146.2237282,0.6646692868,0
2017p113098,earthquake,2017-02-11T20:18:54.135Z,2017-02-11T20:31:25.312Z,172.7225037,-42.67791748,5.169624216,8.679965973,M,,LOCSAT,confirmed,manual,iasp91,24,17,10,0.3484357893,57.83955383,0.4194267587,0
2017p095675,earthquake,2017-02-05T09:35:56.646Z,2017-02-05T09:47:02.925Z,166.1646271,-45.41109848,5.11036164,5,M,operator assigned,LOCSAT,confirmed,manual,iasp91,19,15,13,0.6983174086,260.680706,0.6481409181,0
2017p084950,earthquake,2017-02-01T10:21:29.759Z,2017-02-28T04:55:11.115Z,173.7621307,-42.29034042,5.086543335,21.13616753,M,,LOCSAT,confirmed,manual,iasp91,52,43,30,0.1478009373,142.405304,0.8236913991,0
2017p059122,earthquake,2017-01-22T21:00:16.519Z,2017-02-20T21:29:57.533Z,177.5435638,-37.74497986,5.117899846,29.07522011,M,,LOCSAT,confirmed,manual,iasp91,79,66,49,0.1897955984,125.6306152,0.7446973078,0
2017p027063,earthquake,2017-01-11T00:19:21.720Z,2017-01-11T23:24:38.197Z,174.2734433,-41.67704838,5.070984862,12.265625,M,,NonLinLoc,confirmed,manual,nz3drx,39,25,126,0.0865224543,129.8789734,0.4921316518,0
2017p012082,earthquake,2017-01-05T11:17:34.879Z,2017-01-31T01:39:48.159Z,174.0366211,-41.80748749,5.414742933,14.36779499,M,,LOCSAT,confirmed,manual,iasp91,42,28,22,0.1448432058,135.396698,0.8389424265,0
2016p984119,outside of network interest,2016-12-30T02:58:16.000Z,2017-01-26T09:35:15.044Z,-177.696,-33.71,5.174132402,55,M,,,,manual,,0,0,13,0,0,5.685662411,0
2016p981371,earthquake,2016-12-29T02:34:33.905Z,2017-01-26T03:24:55.941Z,174.4618657,-41.54913308,5.559761479,16.015625,MLv,,NonLinLoc,confirmed,manual,nz3drx,56,42,78,0.2758088169,126.6631614,0.6414700778,0.1488699659
2016p962988,outside of network interest,2016-12-22T07:19:56.000Z,2017-01-12T21:45:56.913Z,-178.73,-34.64,5.504596665,33,Mw(mB),,,,manual,,0,0,8,0,0,5.875994384,0.4
2016p913880,earthquake,2016-12-04T03:15:47.108Z,2017-04-20T01:12:36.523Z,174.235672,-41.69029999,5.515423232,10.65642548,M,,LOCSAT,confirmed,manual,iasp91,54,47,33,0.0609072037,114.2360535,0.6446907845,0
2016p894629,earthquake,2016-11-27T00:18:39.124Z,2017-02-17T00:41:39.121Z,179.311615,-37.04989243,5.099591637,33,M,operator assigned,LOCSAT,confirmed,manual,iasp91,97,90,93,0.9506367445,284.108963,0.8138275972,0
2016p887983,outside of network interest,2016-11-24T13:15:51.000Z,2017-02-10T22:01:46.140Z,-178.75,-32.97,5.023716866,10,M,,,confirmed,manual,,0,0,13,0,0,4.132978046,0
2016p886094,earthquake,2016-11-23T20:30:24.507Z,2017-02-09T01:04:43.355Z,165.056778,-47.95734787,5.2696384,12,M,operator assigned,LOCSAT,confirmed,manual,iasp91,18,11,16,2.107852221,326.3826771,0.8592942751,0
2016p881669,earthquake,2016-11-22T05:13:34.822Z,2017-02-03T01:18:20.016Z,172.9574585,-42.93263626,5.806281681,7.242141724,M,,LOCSAT,confirmed,manual,iasp91,48,44,90,0.06652003527,58.40981293,0.5522343528,0
2016p881118,earthquake,2016-11-22T00:19:42.525Z,2016-11-22T03:44:07.219Z,177.2288055,-40.67358017,5.548644778,29.1119442,M,,LOCSAT,confirmed,manual,iasp91,29,24,19,0.6087327003,132.3858643,0.6884839392,0
2016p871889,earthquake,2016-11-18T14:22:57.595Z,2017-01-23T01:01:46.827Z,173.1206665,-42.52661133,5.324480789,5,M,operator assigned,LOCSAT,confirmed,manual,iasp91,40,35,71,0.214536339,81.85868835,0.6296520991,0
2016p862895,earthquake,2016-11-15T06:30:31.742Z,2018-01-31T02:36:47.409Z,173.8515778,-42.29529953,5.843717343,11.07760811,M,,LOCSAT,confirmed,manual,iasp91,38,24,119,0.1530072242,144.4324951,0.5230298646,0
2016p862742,earthquake,2016-11-15T05:09:27.646Z,2018-01-12T03:13:48.409Z,173.6486969,-42.28828812,5.274230579,11.15705299,M,,LOCSAT,confirmed,manual,iasp91,27,18,13,0.1513280421,172.2635727,0.7237739992,0
2016p862356,earthquake,2016-11-15T01:43:52.932Z,2018-01-04T21:31:37.507Z,174.2591248,-41.67596817,5.173879193,6.481728554,M,,LOCSAT,confirmed,manual,iasp91,48,28,20,0.08048611879,122.7148895,0.5308284601,0
2016p862339,earthquake,2016-11-15T01:34:45.265Z,2018-01-03T01:47:44.592Z,174.2169342,-41.68177795,5.817842039,5.816515923,M,,LOCSAT,confirmed,manual,iasp91,34,23,115,0.06722511351,99.86979675,0.6529398464,0
2016p861632,earthquake,2016-11-14T19:17:34.290Z,2017-11-22T22:46:03.323Z,173.6977997,-42.23801804,5.140757593,5,M,operator assigned,LOCSAT,confirmed,manual,iasp91,27,15,6,0.1880316436,144.7302208,0.764782281,0
2016p860729,earthquake,2016-11-14T11:16:42.803Z,2017-11-08T05:04:55.799Z,174.2624207,-41.69561768,5.024858926,7.950045109,M,,LOCSAT,confirmed,manual,iasp91,46,26,16,0.06457902491,133.5822449,0.4001472692,0
2016p860567,earthquake,2016-11-14T09:49:56.794Z,2017-11-05T00:02:56.177Z,173.7741547,-42.43452454,5.008802034,9.552521706,M,,LOCSAT,confirmed,manual,iasp91,49,45,29,0.06868562102,147.1863213,0.752349949,0
2016p860287,earthquake,2016-11-14T07:21:04.889Z,2017-10-30T22:05:24.902Z,174.2872314,-41.73667526,5.752227217,11.48209858,M,,LOCSAT,confirmed,manual,iasp91,26,22,14,0.05630378053,141.8011246,0.5036657192,0
2016p860224,earthquake,2016-11-14T06:47:50.814Z,2017-10-27T01:43:35.398Z,174.0207214,-42.38825607,5.72230256,16.79718208,M,,LOCSAT,confirmed,manual,iasp91,37,29,18,0.2535624802,155.4333534,0.9438972457,0
2016p860215,earthquake,2016-11-14T06:43:00.476Z,2017-10-27T01:13:17.837Z,174.2632751,-41.76691055,5.582599545,13.15195179,M,,LOCSAT,confirmed,manual,iasp91,65,45,18,0.04109442979,141.349411,0.606883415,0
2016p860053,earthquake,2016-11-14T05:16:32.460Z,2017-10-23T22:58:26.066Z,173.3909607,-42.39008713,5.160148601,5,M,operator assigned,LOCSAT,confirmed,manual,iasp91,25,15,7,0.1126396656,88.08001709,0.4997779888,0
2016p859929,earthquake,2016-11-14T04:10:21.828Z,2017-10-18T03:27:21.560Z,173.5823517,-42.14295959,5.143930913,5,M,operator assigned,LOCSAT,confirmed,manual,iasp91,36,24,72,0.2747344971,107.4174538,0.5445704572,0
2016p859628,earthquake,2016-11-14T01:30:14.594Z,2017-10-02T20:39:49.594Z,173.7338867,-42.33687592,5.38535422,11.05774117,M,,LOCSAT,confirmed,manual,iasp91,33,24,19,0.09679955989,171.8379841,0.7193361914,0
2016p859625,earthquake,2016-11-14T01:28:22.710Z,2017-10-02T04:25:24.937Z,173.879425,-41.98282242,5.249665723,7.596300125,M,,LOCSAT,confirmed,manual,iasp91,38,25,7,0.247992143,145.6324348,0.6684475356,0
2016p859524,earthquake,2016-11-14T00:34:23.359Z,2017-09-28T02:39:56.164Z,173.1375732,-42.46536255,6.656748205,5,M,operator assigned,LOCSAT,confirmed,manual,iasp91,32,26,54,0.1660360545,79.22915649,0.5683598441,0
2016p859439,earthquake,2016-11-13T23:49:12.053Z,2017-09-24T00:57:56.225Z,174.3457489,-41.70961761,5.19361659,6.91605711,M,,LOCSAT,confirmed,manual,iasp91,59,36,18,0.1063072905,141.4688034,0.6823432642,0
2016p859378,earthquake,2016-11-13T23:17:33.343Z,2017-09-21T21:53:22.576Z,173.8491058,-42.10297394,5.169089164,9.81598568,M,,LOCSAT,confirmed,manual,iasp91,45,31,42,0.1771407276,137.4121361,0.714934792,0
2016p859270,earthquake,2016-11-13T22:19:32.198Z,2017-09-19T06:00:00.950Z,173.0904541,-42.35208893,5.176747839,10.70491886,M,,LOCSAT,confirmed,manual,iasp91,44,35,23,0.2685890198,62.57929993,0.8046566768,0
2016p859105,earthquake,2016-11-13T20:51:22.332Z,2017-09-11T03:14:24.215Z,172.9056091,-42.10984421,5.056750565,62.70677948,M,,LOCSAT,confirmed,manual,iasp91,51,28,103,0.2627176344,53.87783813,0.6943184687,0
2016p859051,earthquake,2016-11-13T20:22:15.330Z,2017-09-07T23:40:35.243Z,173.7754517,-42.27362442,5.009383142,8.751700401,M,,LOCSAT,confirmed,manual,iasp91,26,16,9,0.1670839489,167.1938858,0.5235976577,0
2016p858951,earthquake,2016-11-13T19:28:56.934Z,2017-09-05T01:54:08.594Z,174.0193481,-42.36377335,5.588782975,5,M,operator assigned,LOCSAT,confirmed,manual,iasp91,32,27,9,0.2573795915,216.6230021,0.8576516206,0
2016p858896,earthquake,2016-11-13T18:59:55.829Z,2017-08-23T23:52:03.405Z,174.2871246,-41.70785141,5.297200462,6.625385284,M,,LOCSAT,confirmed,manual,iasp91,39,22,12,0.06857455522,138.4590225,0.7194624032,0
2016p858895,earthquake,2016-11-13T18:59:09.313Z,2017-08-23T23:16:52.551Z,173.895401,-42.34347534,5.362012437,14.72529602,M,,LOCSAT,confirmed,manual,iasp91,46,32,91,0.2738543153,151.8441772,0.7543550637,0
2016p858848,earthquake,2016-11-13T18:34:27.618Z,2017-08-18T05:00:35.449Z,174.1804504,-41.77605057,5.164755511,13.29709339,M,,LOCSAT,confirmed,manual,iasp91,45,34,22,0.03678356484,135.5144501,0.8337915759,0
2016p858704,earthquake,2016-11-13T17:17:39.790Z,2017-08-09T00:12:34.928Z,173.7984619,-42.51691055,5.108199751,5,M,operator assigned,LOCSAT,confirmed,manual,iasp91,40,26,15,0.1252878308,155.9621696,0.8755813743,0
2016p858526,earthquake,2016-11-13T15:42:47.700Z,2017-07-31T05:21:11.842Z,179.102417,-36.8814888,5.019163309,12,M,operator assigned,LOCSAT,confirmed,manual,iasp91,91,80,60,0.930203557,273.4851227,0.8945044532,0
2016p858508,earthquake,2016-11-13T15:33:04.701Z,2017-07-28T03:40:30.953Z,174.2350159,-41.78993225,5.525672,7.179207325,M,,LOCSAT,confirmed,manual,iasp91,42,28,102,0.04385107756,145.9633713,0.4503135914,0
2016p858340,earthquake,2016-11-13T14:04:23.670Z,2017-07-20T04:52:07.257Z,173.0162811,-42.59799576,5.140240672,11.86807919,M,,LOCSAT,confirmed,manual,iasp91,59,44,8,0.03490690142,56.95903778,0.7007007959,0
2016p858314,earthquake,2016-11-13T13:50:01.248Z,2017-07-13T03:19:29.558Z,174.2903137,-41.75642014,5.044271231,5.193205833,M,,LOCSAT,confirmed,manual,iasp91,33,26,44,0.05771103874,153.3026428,0.8296535738,0
2016p858279,earthquake,2016-11-13T13:31:27.507Z,2017-07-06T02:05:55.601Z,173.6455231,-42.2741127,5.987634877,13.95416355,M,,LOCSAT,confirmed,manual,iasp91,46,31,103,0.1540109664,109.0202827,0.6638001043,0
2016p858260,earthquake,2016-11-13T13:21:11.086Z,2017-07-04T23:06:33.296Z,174.2338867,-41.79623795,5.804140771,5,M,operator assigned,LOCSAT,confirmed,manual,iasp91,121,75,141,0.04951503873,141.9198532,0.8031624166,0
2016p858207,earthquake,2016-11-13T12:52:52.722Z,2017-06-29T05:27:31.686Z,173.581665,-42.14778519,5.398860153,9.475849152,M,,LOCSAT,confirmed,manual,iasp91,29,20,38,0.2485349327,106.3064461,0.8099909672,0
2016p858180,earthquake,2016-11-13T12:38:38.171Z,2017-02-22T03:56:43.989Z,174.2624969,-41.70980072,5.286243834,4.872344971,M,,LOCSAT,confirmed,manual,iasp91,29,21,12,0.05350567773,137.4892426,0.5034707793,0
2016p858160,earthquake,2016-11-13T12:28:00.311Z,2017-01-25T02:54:57.608Z,173.736557,-42.32509232,5.156143227,18.83562851,M,,LOCSAT,confirmed,manual,iasp91,67,39,25,0.1084346399,142.8908081,0.9854362429,0
2016p858156,earthquake,2016-11-13T12:25:55.365Z,2017-01-25T02:19:47.586Z,172.8690033,-42.6702919,5.258754998,10.12402534,M,,LOCSAT,confirmed,manual,iasp91,52,34,17,0.05932185054,82.46899414,0.9058932228,0
2016p858151,earthquake,2016-11-13T12:23:09.937Z,2017-01-24T22:39:31.981Z,173.1503754,-42.45174408,5.184655113,10.00735474,M,,LOCSAT,confirmed,manual,iasp91,45,23,7,0.1822365373,91.99476624,0.6621781366,0
2016p858146,earthquake,2016-11-13T12:22:13.021Z,2016-12-20T03:30:35.679Z,174.276062,-41.73374176,5.102442812,5.199304581,M,,LOCSAT,confirmed,manual,iasp91,69,41,13,0.04901589081,139.494812,0.7959221041,0
2016p858147,earthquake,2016-11-13T12:20:40.905Z,2017-01-08T22:37:14.258Z,173.9790192,-42.28661728,5.033383097,9.752326965,M,,LOCSAT,confirmed,manual,iasp91,142,78,12,0.2603397965,173.8290176,0.8849847856,0
2016p858134,earthquake,2016-11-13T12:12:00.634Z,2017-01-24T03:08:06.721Z,173.9850616,-41.95685959,5.044006012,8.148046494,M,,LOCSAT,confirmed,manual,iasp91,37,31,18,0.1727615148,146.2958908,1.03954446,0
2016p858116,earthquake,2016-11-13T12:04:13.879Z,2017-01-18T02:01:31.124Z,174.3447266,-41.66528702,5.07044771,10.04419327,M,,LOCSAT,confirmed,manual,iasp91,33,19,34,0.1288677454,140.6952133,0.9200158793,0
2016p858115,earthquake,2016-11-13T12:03:55.580Z,2017-01-18T01:07:32.976Z,174.1649628,-41.73196793,5.147072764,5,M,operator assigned,LOCSAT,confirmed,manual,iasp91,24,16,8,0.04033827782,82.65589905,0.8782896636,0
2016p858095,earthquake,2016-11-13T11:53:41.745Z,2017-01-16T04:14:22.450Z,174.2764282,-41.72347641,5.320425248,5,M,operator assigned,LOCSAT,confirmed,manual,iasp91,54,30,13,0.05335557833,137.6551514,0.8455220969,0
2016p858097,earthquake,2016-11-13T11:53:14.229Z,2017-01-16T05:22:30.143Z,174.4197998,-41.78520584,5.226144565,5,M,operator assigned,LOCSAT,confirmed,manual,iasp91,11,8,3,0.1582739502,285.514328,0.484116827,0
2016p858094,earthquake,2016-11-13T11:52:44.351Z,2017-01-15T21:29:49.706Z,173.6026306,-42.20107269,6.136439961,9.046556473,Mw(mB),,LOCSAT,confirmed,manual,iasp91,68,49,2,0.2198984176,101.8690033,0.8055375177,0.4
2016p858074,earthquake,2016-11-13T11:41:48.748Z,2017-01-10T04:09:15.806Z,174.2585754,-41.79508209,5.582634237,5.780201912,M,,LOCSAT,confirmed,manual,iasp91,49,34,20,0.05691665784,158.6200638,0.7997331788,0
2016p858069,earthquake,2016-11-13T11:40:48.635Z,2017-01-10T02:47:55.440Z,173.4771729,-42.32665253,5.008149217,9.762313843,M,,LOCSAT,confirmed,manual,iasp91,60,36,14,0.1003326178,77.69348526,0.9462378521,0
2016p858062,earthquake,2016-11-13T11:35:42.293Z,2017-01-09T21:58:16.113Z,174.2016602,-41.74907684,5.010202647,8.46213913,M,,LOCSAT,confirmed,manual,iasp91,64,39,15,0.009100293741,128.861351,0.7522863416,0
2016p858058,earthquake,2016-11-13T11:33:49.041Z,2017-01-09T20:00:22.886Z,174.2102814,-41.81458282,5.45523004,5.496979237,M,,LOCSAT,confirmed,manual,iasp91,40,27,14,0.05521317571,139.6346436,1.032320305,0
2016p858055,earthquake,2016-11-13T11:32:07.000Z,2017-01-09T03:59:09.416Z,173.6727753,-42.24645996,6.183156744,11.26408863,M,,LOCSAT,confirmed,manual,iasp91,46,33,13,0.1793701053,117.0766029,0.8883711431,0
2016p858053,earthquake,2016-11-13T11:30:26.739Z,2017-01-06T01:54:09.494Z,173.8280334,-42.14182663,5.108869636,6.452077389,M,,LOCSAT,confirmed,manual,iasp91,32,18,7,0.2182857841,158.4146118,0.6472592879,0
2016p858041,earthquake,2016-11-13T11:24:16.908Z,2017-01-05T21:01:21.703Z,173.7319031,-42.03785324,5.545570123,7.260608673,M,,LOCSAT,confirmed,manual,iasp91,37,26,17,0.203305617,132.5540619,0.6347763517,0
2016p858032,earthquake,2016-11-13T11:19:32.825Z,2017-01-04T05:16:40.486Z,173.7016907,-42.02248001,5.318619852,5,M,operator assigned,LOCSAT,confirmed,manual,iasp91,120,80,12,0.2189551145,109.7123718,0.9095807757,0
2016p858030,earthquake,2016-11-13T11:18:38.600Z,2017-01-04T03:46:09.686Z,173.7884369,-42.01209259,5.03046443,5,M,operator assigned,LOCSAT,confirmed,manual,iasp91,48,26,8,0.1545230597,122.1059952,0.7064170129,0
2016p858021,earthquake,2016-11-13T11:12:35.486Z,2016-12-22T20:52:22.679Z,173.7769012,-42.42848206,6.026432759,5.603704929,M,,LOCSAT,confirmed,manual,iasp91,47,32,6,0.07021899521,196.5944061,0.6078793331,0
2016p858015,earthquake,2016-11-13T11:09:07.614Z,2016-12-22T20:34:20.925Z,172.9503479,-42.62915802,5.302367235,9.789445877,M,,LOCSAT,confirmed,manual,iasp91,97,62,6,0.07681401074,122.7293396,0.7615339569,0
2016p858011,earthquake,2016-11-13T11:08:14.955Z,2016-12-20T23:19:49.806Z,173.1106567,-42.50253677,5.24066731,10.48001671,M,,LOCSAT,confirmed,manual,iasp91,32,18,4,0.1242214739,83.8811264,0.7321456223,0
2016p858013,earthquake,2016-11-13T11:06:14.609Z,2016-12-21T01:46:45.115Z,173.0942841,-42.56021118,5.629252725,5,M,operator assigned,LOCSAT,confirmed,manual,iasp91,47,28,3,0.06639787555,79.28569031,1.114156781,0
2016p858007,earthquake,2016-11-13T11:05:14.415Z,2016-12-21T04:27:44.594Z,173.7009888,-41.96875,6.024824998,4.855619431,M,,LOCSAT,confirmed,manual,iasp91,34,19,4,0.2852806747,167.7243366,1.052104615,0
2016p858000,earthquake,2016-11-13T11:02:56.346Z,2017-12-17T22:15:41.433Z,173.0221405,-42.6925354,7.820379733,15.11445332,Mw(mB),,LOCSAT,confirmed,manual,iasp91,94,93,37,0.2205573916,54.98503113,1.822964596,0.4
2016p846461,outside of network interest,2016-11-09T04:33:00.720Z,2016-12-06T03:23:43.637Z,-178.2472382,-33.37765884,5.421299283,33,M,operator assigned,LOCSAT,confirmed,manual,iasp91,36,20,15,4.112463951,169.466718,1.656039622,0
2016p842451,earthquake,2016-11-07T16:59:07.167Z,2016-12-04T22:33:55.873Z,173.7597046,-39.31875992,5.1414304,13.51935005,M,,LOCSAT,confirmed,manual,iasp91,40,31,11,0.09790228307,188.5545425,0.6098262651,0
2016p831842,earthquake,2016-11-03T18:45:47.594Z,2016-11-03T19:04:43.014Z,-179.5830383,-35.97882462,5.035895203,95.22276306,M,,LOCSAT,confirmed,manual,iasp91,64,56,42,2.316986799,314.2249603,0.5888981648,0
2016p761676,earthquake,2016-10-08T19:41:16.761Z,2016-11-03T05:10:23.016Z,178.9163208,-37.1126442,5.711354385,7.295280457,M,,LOCSAT,confirmed,manual,iasp91,36,32,24,0.6614919305,268.9255219,0.7079572472,0
2016p724829,outside of network interest,2016-09-25T04:28:39.815Z,2016-10-24T22:34:32.141Z,-177.6709595,-32.6031723,5.265661248,33,M,operator assigned,LOCSAT,confirmed,manual,iasp91,47,27,20,3.337461233,211.2653961,2.015206796,0
2016p724381,outside of network interest,2016-09-25T00:28:01.392Z,2016-10-24T21:44:47.961Z,-178.067276,-32.501091,5.111311121,33,M,operator assigned,LOCSAT,confirmed,manual,iasp91,42,22,11,3.231263876,203.6476045,1.775591691,0
2016p724310,outside of network interest,2016-09-24T23:52:00.635Z,2016-10-21T06:13:43.834Z,-177.9814606,-32.47740555,5.245487667,10,M,operator assigned,LOCSAT,confirmed,manual,iasp91,33,21,15,3.205606222,205.3890167,1.619063776,0
2016p724293,outside of network interest,2016-09-24T23:42:48.524Z,2016-10-21T05:59:41.288Z,-177.8177032,-32.45700073,5.077301514,71.66805267,M,,LOCSAT,confirmed,manual,iasp91,33,19,15,3.186048031,207.8700409,1.043403447,0
2016p722078,outside of network interest,2016-09-24T04:02:14.610Z,2016-10-21T03:02:15.644Z,-177.7203674,-32.46167755,5.452739517,33,M,operator assigned,LOCSAT,confirmed,manual,iasp91,36,19,15,3.194117308,210.9158783,1.259036623,0
2016p719587,earthquake,2016-09-23T05:56:27.061Z,2016-10-20T04:48:01.069Z,179.0021362,-37.37324905,5.066892761,13.22118855,M,,LOCSAT,confirmed,manual,iasp91,78,67,51,0.5846705437,219.1000824,0.6668642664,0
2016p683563,earthquake,2016-09-09T22:02:49.615Z,2016-09-09T22:26:14.540Z,173.92717039999999429,-40.49306897000000305,5.07799867900000024,79.53125000000000000,M,,NonLinLoc,confirmed,manual,nz3drx,54,45,163,0.31037172530000001,105.92516259999999306,0.67020091680000005,0.00000000000000000
2016p672188,earthquake,2016-09-05T17:01:58.304Z,2016-09-05T17:29:02.479Z,179.07911680000000842,-36.99710845999999975,5.31377794099999967,19.47682762000000167,M,,LOCSAT,confirmed,manual,iasp91,50,43,114,0.83540433650000001,300.85708620000002611,0.74003281669999998,0.00000000000000000
2016p671995,earthquake,2016-09-05T15:19:02.728Z,2016-09-22T03:49:09.614Z,178.7605591,-37.00841141,5.667150516,5,M,operator assigned,LOCSAT,confirmed,manual,iasp91,62,54,41,0.6608464718,267.0940247,0.4302956255,0
2016p669820,earthquake,2016-09-04T20:00:29.652Z,2016-09-28T22:55:13.746Z,178.8164825,-37.35430527,5.073576891,15,M,operator assigned,LOCSAT,confirmed,manual,iasp91,33,24,90,0.4557460248,267.7042694,0.5575582762,0
2016p666385,earthquake,2016-09-03T13:30:26.940Z,2016-09-03T13:36:09.938Z,179.02488710000000083,-37.38977050999999818,5.46274589400000021,17.61055374000000029,M,,LOCSAT,confirmed,manual,iasp91,104,100,76,0.59680765869999997,275.61970519999999851,0.53192177289999998,0.00000000000000000
2016p665425,earthquake,2016-09-03T04:58:36.884Z,2016-09-03T05:08:35.414Z,178.98944090000000529,-37.25641250999999698,5.20206181200000017,113.97426609999999414,M,,LOCSAT,confirmed,manual,iasp91,41,34,26,0.72394245859999995,307.36732480000000578,1.11613005300000001,0.00000000000000000
2016p665372,earthquake,2016-09-03T04:30:10.197Z,2016-09-03T04:38:07.332Z,179.11433410000000777,-37.36350631999999905,5.46655637200000033,11.51180648999999967,M,,LOCSAT,confirmed,manual,iasp91,117,112,84,0.67262905839999998,273.65707400000002281,0.75876616850000000,0.00000000000000000
2016p661723,earthquake,2016-09-01T20:06:03.044Z,2016-09-01T20:34:34.024Z,179.66207890000001157,-37.13850020999999657,6.04864802200000007,18.21588707000000085,M,,LOCSAT,confirmed,manual,iasp91,87,87,67,1.45258212100000006,302.62968439999997372,0.72807661589999995,0.00000000000000000
2016p661633,earthquake,2016-09-01T19:18:28.494Z,2016-09-01T19:43:03.160Z,179.10087590000000546,-37.04731749999999835,5.81358995300000014,18.38925362000000163,M,,LOCSAT,confirmed,manual,iasp91,30,25,117,0.81565546990000004,300.44282529999998133,0.96479183359999998,0.00000000000000000
2016p661442,earthquake,2016-09-01T17:36:03.659Z,2016-09-22T05:20:38.472Z,179.0390625,-37.05254364,5.560255205,28.61926651,M,,LOCSAT,confirmed,manual,iasp91,59,32,22,0.7745548487,278.2578278,1.118445889,0
2016p661438,earthquake,2016-09-01T17:34:27.481Z,2016-09-01T18:01:20.773Z,179.23422239999999306,-37.13483810000000318,5.05079014200000032,25.71646309000000130,M,,LOCSAT,confirmed,manual,iasp91,21,13,11,0.85350424049999996,316.23588560000001735,0.69087065660000002,0.00000000000000000
2016p661400,earthquake,2016-09-01T17:14:05.232Z,2016-09-01T17:19:49.364Z,179.21232599999999024,-36.90586090000000041,6.15577371799999984,19.69123267999999882,M,,LOCSAT,confirmed,manual,iasp91,59,51,38,0.97560304399999997,283.18504330000001801,0.70959655840000002,0.00000000000000000
2016p661375,earthquake,2016-09-01T17:01:09.139Z,2016-09-01T23:39:56.426Z,179.13571170000000166,-37.00196075000000207,5.65411033999999990,18.80845260999999979,M,,LOCSAT,confirmed,manual,iasp91,39,27,19,0.86608237030000002,281.63569639999997207,1.09487553400000004,0.00000000000000000
2016p661354,earthquake,2016-09-01T16:48:05.245Z,2016-09-02T02:32:00.415Z,178.92999270000001388,-37.00452804999999756,5.18007303400000030,17.19289970000000167,M,,LOCSAT,confirmed,manual,iasp91,33,19,11,0.74642050270000004,276.93217470000001867,0.90779757240000003,0.00000000000000000
2016p661332,earthquake,2016-09-01T16:37:55.440Z,2016-09-01T18:03:16.334Z,179.52001949999998942,-36.97947692999999703,7.07989947300000022,21.78820991999999990,M,,LOCSAT,confirmed,manual,iasp91,87,71,22,1.12930726999999997,288.57084659999998166,0.71531601730000005,0.00000000000000000
2016p659242,earthquake,2016-08-31T22:04:35.392Z,2016-09-20T23:28:57.125Z,179.21524049999999306,-37.07738495000000256,5.70017472600000019,24.96583366000000126,M,,LOCSAT,confirmed,manual,iasp91,44,29,21,0.87117964029999995,278.49295039999998380,0.70721775070000004,0.00000000000000000
2016p648701,outside of network interest,2016-08-28T00:26:49.083Z,2016-09-18T23:32:30.121Z,-178.40432739999999967,-32.64860153000000054,5.27062784000000040,33.00000000000000000,M,operator assigned,LOCSAT,confirmed,manual,iasp91,56,38,27,3.40138602300000015,197.26723580000000879,2.33274438099999992,0.00000000000000000
2016p647340,outside of network interest,2016-08-27T12:21:47.667Z,2016-09-16T04:15:19.561Z,-177.37957760000000462,-32.37467193999999893,5.09803004000000026,397.51309199999997190,M,,LOCSAT,confirmed,manual,iasp91,24,17,4,6.43229103100000010,334.78842159999999240,1.72368940699999995,0.00000000000000000
2016p598843,outside of network interest,2016-08-09T13:42:59.334Z,2016-09-06T05:28:29.983Z,-178.56411739999998645,-32.38494109999999893,5.18688202600000015,1.38116419300000004,M,,LOCSAT,confirmed,manual,iasp91,68,48,36,3.16184210800000010,191.75854019999999878,2.18428570900000008,0.00000000000000000
2016p504856,outside of network interest,2016-07-05T19:06:46.864Z,2016-08-01T23:42:26.423Z,-177.90199279999998794,-32.94944381999999905,5.34503809599999968,33.00000000000000000,M,operator assigned,LOCSAT,confirmed,manual,iasp91,35,19,15,3.67592048599999988,208.88645940000000678,1.60296078299999989,0.00000000000000000
2016p461069,outside of network interest,2016-06-19T14:17:18.913Z,2016-07-15T03:12:59.154Z,179.56900020000000495,-34.42770003999999773,5.12520666500000033,136.00428769999999190,M,,LOCSAT,confirmed,manual,iasp91,40,26,19,3.29114770900000009,172.67060849999998595,1.79179356799999989,0.00000000000000000
2016p427356,earthquake,2016-06-07T02:55:22.569Z,2016-06-29T23:39:43.007Z,166.84234620000000859,-45.10600280999999967,5.75868198000000042,17.04810905000000076,M,,LOCSAT,confirmed,manual,iasp91,23,14,61,0.42064985630000001,227.99362179999999967,0.60817949090000001,0.00000000000000000
2016p415241,outside of network interest,2016-06-02T15:19:38.337Z,2016-06-23T22:03:57.714Z,-179.51257319999999140,-33.12268828999999926,5.35482296300000016,340.18032840000000760,M,,LOCSAT,confirmed,manual,iasp91,61,47,37,4.08322048199999976,178.45813939999999320,1.31890193699999991,0.00000000000000000
2016p396078,earthquake,2016-05-26T13:09:53.873Z,2016-06-21T03:47:02.088Z,-178.03607180000000199,-33.73179626000000297,5.37164421599999997,33.00000000000000000,M,operator assigned,LOCSAT,confirmed,manual,iasp91,27,23,18,4.45724439600000011,210.29023390000000404,1.05469624299999998,0.00000000000000000
2016p356297,earthquake,2016-05-11T19:55:18.243Z,2016-05-11T20:03:39.861Z,175.42261339999998881,-40.91710384999999661,5.16288519099999998,27.26562500000000000,M,,NonLinLoc,confirmed,manual,nz3drx,52,45,165,0.07258379666000001,45.55500342999999930,0.60495472880000001,0.00000000000000000
2016p355601,earthquake,2016-05-11T13:44:23.813Z,2016-05-11T13:53:58.423Z,176.59059139999999388,-38.48962783999999715,5.15090336699999973,88.36381531000000678,M,,LOCSAT,confirmed,manual,iasp91,100,91,151,0.14158774909999999,32.50069426999999678,0.45854292580000000,0.00000000000000000
2016p282472,outside of network interest,2016-04-14T12:21:09.760Z,2016-05-09T04:49:31.771Z,179.77629089999999223,-32.50844573999999909,5.11965424400000035,33.00000000000000000,M,operator assigned,LOCSAT,confirmed,manual,iasp91,44,29,19,3.79365205800000016,185.95741649999999368,2.32034063499999998,0.00000000000000000
2016p275188,earthquake,2016-04-11T19:41:06.568Z,2016-04-11T19:48:51.339Z,175.49438789999999244,-40.89297464999999931,5.20340645100000021,23.86718750000000000,M,,NonLinLoc,confirmed,manual,nz3drx,81,76,58,0.01657516736000000,39.12310314999999861,0.73259610659999996,0.00000000000000000
2016p239084,outside of network interest,2016-03-29T11:03:06.435Z,2016-04-07T23:35:55.529Z,-179.88981630000000678,-33.29164504999999963,6.25864530299999977,33.00000000000000000,M,operator assigned,LOCSAT,confirmed,manual,iasp91,46,28,22,4.50824737499999983,307.48118590000001404,2.03781652800000002,0.00000000000000000
2016p198476,earthquake,2016-03-14T10:28:04.208Z,2016-03-28T22:31:50.458Z,173.02075199999998745,-42.28046417000000190,5.03754779999999958,8.83080196400000084,M,,LOCSAT,confirmed,manual,iasp91,42,34,21,0.28058272600000000,73.29376220999999703,0.68513004659999999,0.00000000000000000
2016p175092,earthquake,2016-03-05T18:45:29.806Z,2016-03-17T04:09:55.461Z,179.59194949999999835,-32.35245132000000012,5.08748127600000011,33.00000000000000000,M,operator assigned,LOCSAT,confirmed,manual,iasp91,28,15,7,3.75089931499999985,192.63113780000000475,1.95235099000000001,0.00000000000000000
2016p163328,outside of network interest,2016-03-01T10:18:18.523Z,2016-03-15T01:57:29.333Z,-176.96910099999999488,-32.36990738000000079,5.20551370100000010,33.00000000000000000,M,operator assigned,LOCSAT,confirmed,manual,iasp91,20,12,3,3.20418286300000021,226.90356449999998745,2.03002464400000004,0.00000000000000000
2016p163228,outside of network interest,2016-03-01T09:26:41.910Z,2016-03-14T22:35:34.048Z,-177.42868039999999041,-33.17063522000000120,5.26923541900000014,33.00000000000000000,M,operator assigned,LOCSAT,confirmed,manual,iasp91,102,88,61,3.91915035199999995,218.31210329999998976,1.77016030200000007,0.00000000000000000
2016p123815,outside of network interest,2016-02-15T19:28:09.080Z,2016-03-01T04:01:43.928Z,165.15219120000000430,-49.02204514000000302,6.03133274300000011,10.00000000000000000,MLv,operator assigned,LOCSAT,confirmed,manual,iasp91,116,100,24,2.90529012699999978,306.41071319999997513,1.68760338899999995,0.12107199950000000
2016p118944,earthquake,2016-02-14T00:13:43.988Z,2016-02-19T03:33:27.262Z,172.75459290000000578,-43.49731827000000095,5.70179932300000036,8.00000000000000000,M,operator assigned,LOCSAT,confirmed,manual,iasp91,15,9,7,0.22117170689999999,114.43628879999999981,0.45379080830000001,0.00000000000000000
2016p105478,earthquake,2016-02-09T00:39:00.115Z,2016-02-09T00:46:00.325Z,173.07482559999999694,-42.06829694999999703,5.74513520899999985,48.12500000000000000,M,,NonLinLoc,confirmed,manual,nz3drx,25,15,13,0.32925818839999998,65.92639835999999320,0.31005554510000000,0.00000000000000000
2016p048057,outside of network interest,2016-01-18T18:45:03.754Z,2016-01-27T03:28:30.040Z,-179.51081849999999918,-34.57084274000000335,5.12287843100000018,33.00000000000000000,M,operator assigned,LOCSAT,confirmed,manual,iasp91,43,30,22,3.46935677500000006,188.84188750000001278,1.78251003099999994,0.00000000000000000
2016p008122,earthquake,2016-01-04T00:07:55.207Z,2016-01-18T20:42:22.513Z,176.44154359999998860,-40.58380890000000107,5.00614761900000005,25.37735557999999969,M,,LOCSAT,confirmed,manual,iasp91,31,18,12,0.12653800849999999,178.82129100000000221,0.41600252539999999,0.00000000000000000
2015p957605,earthquake,2015-12-21T07:31:53.897Z,2016-01-06T22:36:11.087Z,178.76821899999998777,-35.67993926999999843,5.04933621500000029,258.94586179999998876,M,,LOCSAT,confirmed,manual,iasp91,53,40,24,1.91498363000000005,133.04939459999999940,2.74941028000000021,0.00000000000000000
2015p955063,outside of network interest,2015-12-20T08:56:53.258Z,2015-12-20T10:18:33.257Z,-179.36999510000001123,-34.05589676000000310,5.45190202499999987,325.96646120000002611,M,,LOCSAT,confirmed,manual,iasp91,112,102,78,3.97562670699999998,321.29077150000000529,1.28413606000000002,0.00000000000000000
2015p891238,earthquake,2015-11-26T18:11:27.467Z,2015-12-02T21:43:26.102Z,179.94856260000000248,-35.55280304000000058,5.13523455700000042,33.00000000000000000,M,operator assigned,LOCSAT,confirmed,manual,iasp91,61,53,41,2.40193390800000017,187.13486100000000079,0.97870372670000005,0.00000000000000000
2015p879471,outside of network interest,2015-11-22T09:41:30.110Z,2015-11-30T03:44:13.064Z,-178.80072020000000066,-33.70571136000000223,5.24578088999999981,33.00000000000000000,M,operator assigned,LOCSAT,confirmed,manual,iasp91,39,24,18,4.49347066899999970,196.20475479999998925,1.18872483700000009,0.00000000000000000
2015p878272,outside of network interest,2015-11-21T23:02:33.297Z,2015-11-30T03:09:09.465Z,-178.65777589999999009,-33.62371445000000136,5.05683255100000029,33.00000000000000000,M,operator assigned,LOCSAT,confirmed,manual,iasp91,40,24,19,4.39375400499999991,197.23081300000001193,1.01251423899999993,0.00000000000000000
2015p822263,earthquake,2015-11-01T05:42:11.671Z,2015-11-11T08:11:26.302Z,175.95972090000000776,-39.38937452999999778,5.38128346999999962,54.92187500000000000,M,,NonLinLoc,confirmed,manual,nz3drx,115,102,78,0.16145268330000001,31.79499738000000164,0.46366540109999999,0.00000000000000000
2015p792999,earthquake,2015-10-21T09:49:41.183Z,2015-10-28T04:27:04.492Z,165.83468629999998711,-46.18378830000000335,5.11284869200000003,12.00000000000000000,M,operator assigned,LOCSAT,confirmed,manual,iasp91,23,16,13,0.58812904359999996,290.70563129999999319,0.57366647829999995,0.00000000000000000
2015p778855,earthquake,2015-10-16T04:13:37.826Z,2015-10-21T21:50:11.108Z,179.26748660000001223,-35.16773605000000202,5.16221499200000000,285.92944340000002512,M,,LOCSAT,confirmed,manual,iasp91,109,88,66,2.51236009600000010,304.40556340000000546,1.21854557800000007,0.00000000000000000
2015p768477,earthquake,2015-10-12T08:05:01.717Z,2015-10-12T22:46:41.228Z,176.32572419999999624,-40.57806609000000009,5.69113191300000043,23.28125000000000000,M,,NonLinLoc,confirmed,manual,nz3drx,44,32,171,0.12171622720000000,166.46744649999999410,0.55928578630000003,0.00000000000000000
2015p748779,outside of network interest,2015-10-05T01:09:31.201Z,2015-10-14T00:53:25.571Z,-179.36965939999998909,-35.13447189000000037,5.21535604199999980,33.00000000000000000,M,operator assigned,LOCSAT,confirmed,manual,iasp91,64,59,44,3.06401658100000018,195.43099309999999491,0.88992766960000003,0.00000000000000000
2015p732795,earthquake,2015-09-29T03:12:03.552Z,2015-09-29T19:27:37.693Z,-177.28407290000001240,-32.90399932999999777,5.22838464099999989,33.00000000000000000,M,operator assigned,LOCSAT,confirmed,manual,iasp91,26,16,12,5.88307142299999963,348.23747250000002396,0.87413853559999999,0.00000000000000000
2015p721459,outside of network interest,2015-09-24T22:30:37.941Z,2015-10-01T22:55:26.030Z,-178.21266170000001239,-32.94869994999999818,5.07851884599999970,33.00000000000000000,M,operator assigned,LOCSAT,confirmed,manual,iasp91,59,33,13,3.68368744899999978,203.90545460000001299,1.98941408999999991,0.00000000000000000
2015p718332,earthquake,2015-09-23T18:47:51.845Z,2015-09-23T18:57:29.503Z,176.14263919999999075,-38.32137299000000041,5.05047597200000009,167.12425229999999488,M,,LOCSAT,confirmed,manual,iasp91,136,126,96,0.03821167722000000,47.23306274000000116,0.57720258520000001,0.00000000000000000
2015p693570,outside of network interest,2015-09-14T14:53:21.875Z,2015-09-22T02:30:10.623Z,-177.87605289999999059,-33.19389343000000281,5.10047187899999965,33.00000000000000000,M,operator assigned,LOCSAT,confirmed,manual,iasp91,36,22,18,3.91985178000000012,210.52471919999999272,1.24109290600000000,0.00000000000000000
2015p688801,outside of network interest,2015-09-12T20:32:25.483Z,2015-09-16T04:34:26.853Z,-177.57546999999999571,-32.79323195999999996,5.57226253600000021,33.00000000000000000,M,operator assigned,LOCSAT,confirmed,manual,iasp91,113,87,64,3.53252196300000021,213.60127259999998728,2.10378715700000019,0.00000000000000000
2015p676987,outside of network interest,2015-09-08T11:37:25.000Z,2015-09-14T03:50:45.700Z,-178.34899999999998954,-32.76800000000000068,5.08561271000000037,10.00000000000000000,M,,,,manual,,0,0,20,0.00000000000000000,0.00000000000000000,2.94265905899999991,0.00000000000000000
2015p676619,outside of network interest,2015-09-08T08:19:53.000Z,2015-09-14T03:49:56.127Z,-178.21799999999998931,-33.13499999999999801,5.54317633999999959,11.00000000000000000,M,,,,manual,,0,0,17,0.00000000000000000,0.00000000000000000,2.86459066799999995,0.00000000000000000
2015p676443,outside of network interest,2015-09-08T06:48:33.000Z,2015-09-14T03:50:25.736Z,-178.54499999999998749,-33.03900000000000148,5.70736432300000018,10.00000000000000000,M,,,,manual,,0,0,30,0.00000000000000000,0.00000000000000000,2.39582720099999991,0.00000000000000000
2015p675998,outside of network interest,2015-09-08T02:50:57.000Z,2015-09-25T01:58:42.594Z,-178.43799999999998818,-32.72800000000000153,5.01570881099999966,10.00000000000000000,M,,,,manual,,0,0,33,0.00000000000000000,0.00000000000000000,2.12909198600000016,0.00000000000000000
2015p675283,outside of network interest,2015-09-07T20:28:28.222Z,2015-09-14T05:12:34.505Z,-179.27421570000001338,-32.56093216000000012,5.29801773199999992,33.00000000000000000,M,operator assigned,LOCSAT,confirmed,manual,iasp91,46,30,10,3.48817801499999991,179.34675599999999918,2.87022444599999993,0.00000000000000000
2015p675273,outside of network interest,2015-09-07T20:24:57.489Z,2015-09-14T05:01:41.265Z,-178.10668949999998745,-32.96545791999999864,5.10007349400000010,33.00000000000000000,M,operator assigned,LOCSAT,confirmed,manual,iasp91,49,31,25,3.69531559900000017,203.93840769999999907,1.49062448500000011,0.00000000000000000
2015p674563,outside of network interest,2015-09-07T14:06:26.572Z,2015-09-14T04:24:48.516Z,-177.89511110000000826,-32.88363266000000351,5.77461779099999983,33.00000000000000000,M,operator assigned,LOCSAT,confirmed,manual,iasp91,38,20,16,3.61032247499999981,208.76576230000000578,1.31897729000000008,0.00000000000000000
2015p674056,outside of network interest,2015-09-07T09:34:26.637Z,2015-09-11T04:04:17.141Z,-178.69468689999999356,-32.61026000999999752,5.09375637900000022,147.19473270000000298,M,,LOCSAT,confirmed,manual,iasp91,36,19,9,3.40330052400000005,190.95950790000000552,1.82353076799999991,0.00000000000000000
2015p674024,outside of network interest,2015-09-07T09:19:44.190Z,2015-09-11T03:53:28.458Z,-178.13323969999999008,-32.70273971999999674,5.41409457500000002,33.00000000000000000,M,operator assigned,LOCSAT,confirmed,manual,iasp91,62,36,16,3.43474102000000014,203.18790599999999813,2.99870996099999987,0.00000000000000000
2015p607206,outside of network interest,2015-08-13T15:58:31.000Z,2015-08-19T03:42:40.337Z,-178.35200000000000387,-32.89399999999999835,5.13730890600000034,9.00000000000000000,M,,,,manual,,0,0,48,0.00000000000000000,0.00000000000000000,2.38562249900000012,0.00000000000000000
2015p506121,outside of network interest,2015-07-07T06:21:00.960Z,2015-07-19T22:48:22.052Z,-178.54963680000000181,-35.82678985999999810,5.39265007499999971,33.00000000000000000,M,operator assigned,LOCSAT,confirmed,manual,iasp91,119,112,84,3.06315732000000018,320.56016540000001669,1.24428752500000006,0.00000000000000000
2015p506034,outside of network interest,2015-07-07T05:35:15.144Z,2015-07-19T22:40:34.506Z,-178.95059200000000033,-35.62511826000000070,5.65661350800000040,33.00000000000000000,M,operator assigned,LOCSAT,confirmed,manual,iasp91,71,61,46,2.93406796500000011,272.40463260000001355,0.89593730670000005,0.00000000000000000
2015p499115,outside of network interest,2015-07-04T16:08:30.065Z,2015-07-14T22:37:16.574Z,-179.41487119999999322,-35.11372374999999835,5.05435277199999966,33.00000000000000000,M,operator assigned,LOCSAT,confirmed,manual,iasp91,30,19,13,3.21696591400000020,194.51105309999999804,1.06509410899999990,0.00000000000000000
2015p494191,earthquake,2015-07-02T20:25:09.091Z,2015-07-14T21:16:05.931Z,166.08428960000000529,-46.28092193999999893,5.13778872199999981,11.12729168000000080,M,,LOCSAT,confirmed,manual,iasp91,18,11,8,0.42965504529999998,286.09636310000001913,1.04640932799999997,0.00000000000000000
2015p489987,outside of network interest,2015-07-01T07:04:34.418Z,2015-07-12T23:45:29.384Z,179.40498349999998595,-34.56661606000000120,5.10695143399999996,287.50878910000000133,M,,LOCSAT,confirmed,manual,iasp91,54,37,29,3.11899066000000014,312.15576170000002776,1.05894456600000009,0.00000000000000000
2015p482535,earthquake,2015-06-28T12:53:47.963Z,2015-07-05T08:11:44.428Z,-177.31385800000001041,-32.40633392000000157,5.01521400499999981,52.79319763000000165,M,,LOCSAT,confirmed,manual,iasp91,94,77,38,3.17738962200000019,218.23526000000001090,2.47452511000000008,0.00000000000000000
2015p363927,outside of network interest,2015-05-15T15:40:25.926Z,2015-06-04T21:57:10.132Z,-178.76751709999999207,-35.25483703999999818,5.00831412900000039,30.00000000000000000,M,operator assigned,LOCSAT,confirmed,manual,iasp91,57,37,27,3.29719781899999997,162.47926659999998833,1.10536495100000010,0.00000000000000000
2015p339684,earthquake,2015-05-06T16:23:53.761Z,2015-05-19T05:48:04.319Z,167.67723079999998959,-44.19613646999999901,5.32015286599999992,12.00000000000000000,M,operator assigned,LOCSAT,confirmed,manual,iasp91,23,17,62,0.50941711660000000,223.76165770000000066,0.78092527130000000,0.00000000000000000
2015p332712,earthquake,2015-05-04T02:29:10.430Z,2015-05-04T03:25:38.405Z,168.83692930000000842,-44.53660582999999917,5.79217363600000024,4.29440116900000035,Mw(mB),,LOCSAT,confirmed,manual,iasp91,34,27,9,0.31769534950000000,97.61184692000000496,0.97124937000000000,0.40000000000000002
2015p305812,earthquake,2015-04-24T03:36:42.412Z,2015-04-24T04:12:51.955Z,173.06804099999999380,-42.09021530999999783,6.23312055099999984,51.52343750000000000,M,,NonLinLoc,confirmed,manual,nz3drx,18,12,9,0.34780007000000002,69.82757931000000440,0.23367263610000000,0.00000000000000000
2015p302557,earthquake,2015-04-22T22:42:42.415Z,2015-05-05T04:38:26.728Z,174.26508010000000581,-41.66575052999999684,5.15087803399999977,22.63671875000000000,M,,NonLinLoc,confirmed,manual,nz3drx,53,46,22,0.09360496335000000,128.80536449999999604,0.51394650549999998,0.00000000000000000
2015p290462,outside of network interest,2015-04-18T11:16:01.283Z,2015-04-30T05:27:58.525Z,-179.56030269999999405,-35.04576492000000343,5.50891505500000012,162.18406680000001074,M,,LOCSAT,confirmed,manual,iasp91,42,31,25,3.04543066000000007,192.91998200000000452,1.88434128200000006,0.00000000000000000
2015p127696,earthquake,2015-02-17T05:56:55.770Z,2015-02-23T02:33:32.297Z,-179.97900390000000925,-37.59591675000000066,5.21673743800000000,33.00000000000000000,M,operator assigned,LOCSAT,confirmed,manual,iasp91,54,37,25,1.29315459700000002,247.54022219999998811,1.09395895300000001,0.00000000000000000
2015p104433,outside of network interest,2015-02-08T15:22:07.594Z,2015-02-10T02:41:21.175Z,179.82588200000000711,-34.26711273000000091,5.80200881299999960,169.22990419999999290,M,,LOCSAT,confirmed,manual,iasp91,82,71,53,3.51169848400000006,143.11699100000001295,1.29710183599999995,0.00000000000000000
2015p089029,earthquake,2015-02-02T22:34:13.097Z,2015-02-06T07:44:04.289Z,-179.35935969999999884,-33.23873520000000070,5.03947268200000043,33.00000000000000000,M,operator assigned,LOCSAT,confirmed,manual,iasp91,56,45,33,4.15140676499999994,182.10043529999998668,1.71367678599999995,0.00000000000000000
2015p075151,earthquake,2015-01-28T19:20:01.306Z,2015-02-03T04:31:02.857Z,165.33853149999998777,-48.42674255000000016,5.27547401899999979,5.00000000000000000,M,operator assigned,LOCSAT,confirmed,manual,iasp91,19,13,11,2.39982175799999986,325.86947629999997389,0.89736598779999999,0.00000000000000000
2015p033746,earthquake,2015-01-13T11:40:00.691Z,2015-01-17T09:48:02.711Z,166.86905329999999026,-45.68924266999999872,5.74854100100000043,82.57812500000000000,M,,NonLinLoc,confirmed,manual,nz3drx,29,17,13,0.28780558509999998,202.58406429999999432,0.53075547020000002,0.00000000000000000
2015p012816,earthquake,2015-01-05T17:48:41.752Z,2015-01-05T21:32:34.884Z,171.25201200000000767,-43.05787175999999761,5.95126501900000004,5.11718750000000000,M,,NonLinLoc,confirmed,manual,nz3drx,24,21,17,0.35926790400000003,109.11996999999999503,0.63212261630000000,0.00000000000000000
2014p950781,outside of network interest,2014-12-18T18:55:42.876Z,2014-12-29T23:50:17.553Z,-177.81678769999999190,-34.54737090999999793,5.02402341400000019,33.00000000000000000,M,operator assigned,LOCSAT,confirmed,manual,iasp91,41,22,17,4.34884214399999980,175.55105589999999438,1.98409603200000006,0.00000000000000000
2014p933337,earthquake,2014-12-12T08:02:09.210Z,2014-12-22T03:37:07.852Z,165.91003420000001256,-46.97341156000000240,5.64186425299999961,12.00000000000000000,M,operator assigned,LOCSAT,confirmed,manual,iasp91,33,20,15,0.96675628420000004,305.14262009999998781,2.03356281599999988,0.00000000000000000
2014p904176,outside of network interest,2014-12-01T13:04:26.892Z,2014-12-02T22:26:37.603Z,165.00889589999999885,-48.97203445000000244,5.79879947900000037,10.00000000000000000,M,operator assigned,LOCSAT,confirmed,manual,iasp91,24,12,10,2.93333816499999989,329.65166659999999865,1.17794827700000004,0.00000000000000000
2014p904177,outside of network interest,2014-12-01T13:04:14.468Z,2014-12-02T22:55:13.205Z,165.19990540000000578,-49.07797241000000099,5.29527564799999961,10.00000000000000000,M,operator assigned,LOCSAT,confirmed,manual,iasp91,38,26,7,2.92643427799999989,328.62617490000002363,1.46534356499999996,0.00000000000000000
2014p901460,outside of network interest,2014-11-30T12:57:08.474Z,2014-12-11T04:57:57.470Z,-178.49377440000000661,-32.90127944999999698,5.33111135900000033,330.54037479999999505,M,,LOCSAT,confirmed,manual,iasp91,93,86,64,3.66104984299999980,196.15457440000000133,1.57168545299999995,0.00000000000000000
2014p901017,earthquake,2014-11-30T09:01:55.789Z,2014-12-11T04:35:27.897Z,178.42337040000001025,-37.05162811000000289,5.09863248899999988,34.03964615000000293,M,,LOCSAT,confirmed,manual,iasp91,58,53,41,0.51814198489999996,263.27589419999998199,0.55946365350000005,0.00000000000000000
2014p864702,earthquake,2014-11-16T22:33:17.966Z,2014-11-22T08:10:13.955Z,-179.88758169999999836,-37.59731986999999975,6.47553420699999993,32.18750000000000000,M,,NonLinLoc,confirmed,manual,nz3drx,23,15,13,1.37544010000000005,317.65679629999999634,0.47505041190000002,0.00000000000000000
2014p798685,outside of network interest,2014-10-23T12:18:30.910Z,2014-10-29T22:00:53.199Z,-178.34840389999999388,-33.57432175000000285,5.89131236099999978,33.00000000000000000,M,operator assigned,LOCSAT,confirmed,manual,iasp91,93,83,62,4.31462287899999986,202.43098969999999781,1.84287590899999998,0.00000000000000000
2014p788527,earthquake,2014-10-19T18:07:42.288Z,2014-10-28T04:25:48.059Z,167.45837510000001203,-45.18494443000000160,5.11936789599999997,133.67187500000000000,M,,NonLinLoc,confirmed,manual,nz3drx,37,33,25,0.50996825779999999,184.70410889999999426,0.40586559480000001,0.00000000000000000
2014p784875,outside of network interest,2014-10-18T09:40:55.476Z,2014-10-24T03:09:09.727Z,-178.33128360000000612,-33.38664245999999736,5.11886020000000030,33.00000000000000000,M,operator assigned,LOCSAT,confirmed,manual,iasp91,60,45,35,4.12690448800000009,201.75942370000001347,1.52456505599999992,0.00000000000000000
2014p780927,earthquake,2014-10-16T22:37:19.504Z,2014-10-27T22:23:33.523Z,-179.68511960000000727,-35.07294845999999922,5.17400152599999963,57.16599274000000008,M,,LOCSAT,confirmed,manual,iasp91,32,28,22,2.96667432799999986,313.74789429999998447,0.90854900829999996,0.00000000000000000
2014p773447,outside of network interest,2014-10-14T04:12:30.481Z,2014-10-20T22:47:59.738Z,-179.82293699999999603,-34.83440398999999843,6.51353724099999987,33.00000000000000000,M,operator assigned,LOCSAT,confirmed,manual,iasp91,39,23,19,3.11423873900000014,186.19577219999999329,1.19366681399999996,0.00000000000000000
2014p770990,earthquake,2014-10-13T06:23:39.176Z,2014-10-20T20:50:32.582Z,166.15431209999999851,-46.23490905999999967,5.01234691300000001,12.00000000000000000,M,operator assigned,LOCSAT,confirmed,manual,iasp91,15,12,31,0.37199443580000002,283.34263229999999112,0.97786394560000001,0.00000000000000000
2014p770859,earthquake,2014-10-13T05:13:41.573Z,2014-10-13T05:22:20.823Z,165.86659240000000182,-46.28947067000000004,6.18539748300000003,9.72961425799999979,M,,LOCSAT,confirmed,manual,iasp91,31,28,22,0.57843959330000005,291.52041630000002215,0.78114087239999996,0.00000000000000000
2014p751490,earthquake,2014-10-06T01:14:32.627Z,2014-10-06T01:21:40.757Z,176.39249870000000442,-38.42119595999999859,5.08249827399999976,112.69531250000000000,M,,NonLinLoc,confirmed,manual,nz3drx,80,70,52,0.07772801465000000,25.29947334999999953,0.30866273830000002,0.00000000000000000
2014p715168,earthquake,2014-09-22T14:41:38.017Z,2014-09-26T02:52:34.150Z,175.93904330000000868,-40.49838551999999936,5.16549767800000037,11.03515625000000000,M,,NonLinLoc,confirmed,manual,nz3drx,21,15,13,0.06215706772000000,118.83051770000000147,0.40852446980000001,0.00000000000000000
2014p715167,earthquake,2014-09-22T14:41:22.944Z,2014-09-25T04:02:49.946Z,175.93242770000000519,-40.54048903999999709,5.45845659899999980,25.39062500000000000,M,,NonLinLoc,confirmed,manual,nz3drx,55,48,30,0.03287586169000000,45.77085512000000023,0.56813568079999999,0.00000000000000000
2014p712505,earthquake,2014-09-21T15:02:30.256Z,2014-09-24T23:16:22.728Z,178.60340880000001107,-35.94464493000000260,5.02083869299999996,5.00000000000000000,M,operator assigned,LOCSAT,confirmed,manual,iasp91,37,31,77,1.63199710799999997,294.35729980000002115,2.14596893299999980,0.00000000000000000
2014p700223,earthquake,2014-09-17T01:57:43.774Z,2014-09-23T02:18:07.598Z,165.49057010000001355,-47.68488692999999756,5.01721262700000015,12.00000000000000000,M,operator assigned,LOCSAT,confirmed,manual,iasp91,24,13,10,1.72435903499999998,321.32806399999998348,1.11393539700000010,0.00000000000000000
2014p698376,earthquake,2014-09-16T09:34:52.564Z,2014-09-21T04:02:29.247Z,165.12938130000000569,-47.92790390999999772,5.06034428099999989,33.00249999999999773,M,operator assigned,NonLinLoc,confirmed,manual,nz3drx,15,10,8,1.97529861500000004,324.97772739999999203,1.26442652699999991,0.00000000000000000
2014p610207,outside of network interest,2014-08-14T18:38:37.033Z,2014-08-17T04:40:08.771Z,179.43638609999999289,-34.93124389999999835,5.21055204900000035,151.10336300000000165,M,,LOCSAT,confirmed,manual,iasp91,69,51,38,2.99757480599999981,172.84191129999999248,1.26904142400000008,0.00000000000000000
2014p537205,outside of network interest,2014-07-18T18:23:04.489Z,2014-07-21T02:46:46.619Z,-179.16527999999999565,-34.79743599999999759,6.00890989999999992,33.00000000000000000,M,operator assigned,LOCSAT,confirmed,manual,iasp91,35,24,19,3.43576119999999996,157.11668000000000234,1.75108470000000005,0.00000000000000000
2014p494757,outside of network interest,2014-07-03T01:25:32.906Z,2014-07-06T01:45:40.439Z,-177.63396000000000186,-32.42148600000000158,5.06456160000000022,33.00000000000000000,M,operator assigned,LOCSAT,confirmed,manual,iasp91,43,29,23,3.15902189999999994,211.62229999999999563,1.93526179999999992,0.00000000000000000
2014p486453,outside of network interest,2014-06-29T23:42:02.694Z,2014-07-02T03:15:48.640Z,-178.78514000000001261,-33.81964899999999830,5.28260720000000017,33.00000000000000000,M,operator assigned,LOCSAT,confirmed,manual,iasp91,30,22,17,4.42262980000000017,197.26804000000001338,1.31420659999999989,0.00000000000000000
2014p422047,earthquake,2014-06-06T03:46:54.247Z,2014-06-09T02:41:16.541Z,175.26410000000001332,-39.45995899999999779,5.13013100000000044,106.48438000000000159,M,,NonLinLoc,confirmed,manual,nz3drx,25,20,113,0.17696029999999999,53.14662700000000228,0.30024822000000001,0.00000000000000000
2014p411548,outside of network interest,2014-06-02T06:31:40.588Z,2014-06-04T02:49:25.796Z,-177.86606000000000449,-33.33266100000000165,5.37760190000000016,33.00000000000000000,M,operator assigned,LOCSAT,confirmed,manual,iasp91,116,99,67,4.05832770000000043,209.90825000000000955,1.80474749999999995,0.00000000000000000
2014p387188,outside of network interest,2014-05-24T06:13:42.961Z,2014-05-26T02:19:15.122Z,179.99609000000000947,-33.27203399999999789,5.22665120000000005,33.00000000000000000,M,operator assigned,LOCSAT,confirmed,manual,iasp91,30,21,17,4.37737700000000007,170.81469000000001301,1.29370629999999998,0.00000000000000000
2014p384573,earthquake,2014-05-23T07:00:34.750Z,2014-05-25T23:37:35.500Z,167.17531999999999925,-45.61063599999999951,5.06657519999999995,80.23437500000000000,M,,NonLinLoc,confirmed,manual,nz3drx,18,14,19,0.62545039000000002,178.06694999999999141,0.35724999000000002,0.00000000000000000
2014p371011,outside of network interest,2014-05-18T06:33:52.821Z,2014-05-20T05:16:02.551Z,-178.40462999999999738,-32.37595400000000012,5.29053169999999984,33.00000000000000000,M,operator assigned,LOCSAT,confirmed,manual,iasp91,47,33,24,3.13184549999999984,195.67913999999998964,1.77089460000000010,0.00000000000000000
2014p322225,outside of network interest,2014-04-30T05:21:17.209Z,2014-05-05T00:00:36.805Z,-178.22678999999999405,-33.06123399999999890,5.31762089999999965,33.00000000000000000,M,operator assigned,LOCSAT,confirmed,manual,iasp91,63,48,36,3.79646779999999984,203.10877999999999588,1.53544250000000004,0.00000000000000000
2014p240655,earthquake,2014-03-31T01:01:19.472Z,2014-04-03T22:46:45.679Z,176.55188999999998600,-39.97025699999999659,5.24339270000000024,17.30468799999999874,M,,NonLinLoc,confirmed,manual,nz3drx,39,28,142,0.13099620000000001,65.37222800000000689,0.50636007999999999,0.00000000000000000
2014p218639,outside of network interest,2014-03-22T21:30:30.917Z,2014-03-24T22:28:13.521Z,-178.14325999999999794,-33.22776000000000352,5.07248520000000003,33.00000000000000000,M,operator assigned,LOCSAT,confirmed,manual,iasp91,28,17,13,3.95805190000000007,205.55045000000001210,1.20842390000000011,0.00000000000000000
2014p135735,outside of network interest,2014-02-20T05:18:18.941Z,2014-02-23T22:30:52.810Z,-177.63451000000000590,-32.45775600000000338,5.10494209999999971,33.00000000000000000,M,operator assigned,LOCSAT,confirmed,manual,iasp91,60,54,42,3.19503929999999992,211.68297999999998638,1.78789770000000003,0.00000000000000000
2014p130658,outside of network interest,2014-02-18T08:14:37.816Z,2014-02-20T04:28:15.800Z,-178.34325000000001182,-35.02345700000000051,5.11762460000000008,107.02803000000000111,M,,LOCSAT,confirmed,manual,iasp91,98,94,71,4.04475449999999981,210.93716000000000577,1.06715190000000004,0.00000000000000000
2014p125882,earthquake,2014-02-16T13:50:18.687Z,2014-02-18T23:26:36.435Z,168.20165000000000077,-43.99344800000000077,5.15891490000000008,5.00250000000000039,ML,operator assigned,NonLinLoc,confirmed,manual,nz3drx,10,8,7,0.43150882000000002,267.97568999999998596,0.84991225000000004,0.12312317000000000
2014p116412,outside of network interest,2014-02-13T01:41:04.053Z,2014-02-17T02:01:35.338Z,-178.26876999999998930,-32.91552699999999732,5.04530469999999998,112.19978999999999303,M,,LOCSAT,confirmed,manual,iasp91,23,14,5,3.65430739999999998,202.64545000000001096,2.64409090000000013,0.00000000000000000
2014p090816,outside of network interest,2014-02-03T14:26:17.529Z,2014-02-12T01:10:18.177Z,-177.89363000000000170,-33.05031999999999925,5.24340190000000028,33.00000000000000000,ML,operator assigned,LOCSAT,confirmed,manual,iasp91,31,22,16,3.77655479999999999,209.43663000000000807,1.31482370000000004,0.16121336000000000
2014p087554,outside of network interest,2014-02-02T09:26:37.465Z,2014-02-11T02:52:34.729Z,-177.73258999999998764,-32.92398500000000183,6.44853309999999968,33.00000000000000000,M,operator assigned,LOCSAT,confirmed,manual,iasp91,25,15,13,3.65404390000000001,213.92512999999999579,2.37487210000000015,0.00000000000000000
2014p073863,outside of network interest,2014-01-28T07:54:17.493Z,2014-02-10T00:07:12.862Z,165.12937999999999761,-47.92790399999999806,5.35977570000000014,33.19749999999999801,M,operator assigned,NonLinLoc,confirmed,manual,nz3drx,14,11,24,1.97529859999999990,323.43734999999998081,1.13933039999999997,0.00000000000000000
2014p051675,earthquake,2014-01-20T02:52:45.984Z,2014-01-29T03:07:04.389Z,175.86496999999999957,-40.62057899999999933,6.22976159999999979,34.17968799999999874,MLv,,NonLinLoc,confirmed,manual,nz3drx,29,20,124,0.10461531000000000,84.46526699999999721,0.30353633000000002,0.30852390000000002
2013p944608,earthquake,2013-12-16T12:07:24.965Z,2015-09-29T23:09:58.494Z,166.06283569999999372,-46.16135024999999814,6.13637722899999982,5.00000000000000000,MLv,operator assigned,LOCSAT,confirmed,manual,iasp91,21,13,19,0.97993743420000001,284.60748289999997951,0.76088876390000004,0.34980535979999999
2013p882166,earthquake,2013-11-23T09:36:46.533Z,2015-09-09T02:42:47.619Z,-178.50421140000000264,-35.18225860999999810,5.14358956199999984,33.00000000000000000,M,operator assigned,LOCSAT,confirmed,manual,iasp91,38,30,30,3.50324177699999995,210.56410120000001029,1.29211633899999989,0.00000000000000000
2013p833056,outside of network interest,2013-11-05T05:31:24.065Z,2015-08-27T23:45:29.971Z,-177.87258909999999901,-32.78586959999999806,5.01430588699999991,33.00000000000000000,M,operator assigned,LOCSAT,confirmed,manual,iasp91,27,15,15,3.51300501799999987,208.87406920000000810,1.11305962399999991,0.00000000000000000
2013p780567,earthquake,2013-10-16T19:26:23.319Z,2015-09-07T00:30:37.769Z,165.91807560000000876,-47.40605544999999665,5.19858126100000018,12.00000000000000000,M,operator assigned,LOCSAT,confirmed,manual,iasp91,32,23,23,1.34494996099999997,313.51057620000000270,1.12907478399999994,0.00000000000000000
2013p712706,outside of network interest,2013-09-21T16:48:57.817Z,2015-06-24T02:49:52.000Z,-177.92117310000000430,-33.38129044000000079,5.83472214699999991,33.00000000000000000,M,operator assigned,LOCSAT,confirmed,manual,iasp91,24,16,15,4.10656261400000044,210.54398950000000923,1.24699734000000007,0.00000000000000000
2013p683303,outside of network interest,2013-09-10T19:43:12.299Z,2015-06-11T23:17:37.993Z,-178.69636539999999059,-33.76052475000000186,5.18722699000000009,33.00000000000000000,M,operator assigned,LOCSAT,confirmed,manual,iasp91,35,27,27,4.53347110700000044,197.36100769999998761,1.15513844100000007,0.00000000000000000
2013p666224,earthquake,2013-09-04T12:04:10.554Z,2015-06-05T01:15:56.623Z,174.42999660000000972,-41.49272969999999816,5.02250967799999959,13.08593750000000000,M,,NonLinLoc,confirmed,manual,nz3drx,30,22,15,0.30180666600000000,115.43647559999999430,0.43115217259999999,0.00000000000000000
2013p619458,earthquake,2013-08-18T04:46:04.721Z,2015-07-24T02:54:34.142Z,166.00039670000001024,-47.23660660000000178,5.13709045299999989,5.00000000000000000,M,operator assigned,LOCSAT,confirmed,manual,iasp91,24,18,18,1.41857457200000003,310.48849300000000540,1.20236258100000004,0.00000000000000000
2013p617227,earthquake,2013-08-17T08:58:40.318Z,2015-07-23T19:36:27.370Z,174.06429320000000871,-41.73263618000000008,5.49573084299999959,15.07812500000000000,M,,NonLinLoc,confirmed,manual,nz3drx,35,27,29,0.11289732690000000,110.90611930000000029,0.36403796249999998,0.00000000000000000
2013p616691,earthquake,2013-08-17T04:13:20.691Z,2015-07-22T18:53:31.668Z,174.00367309999998611,-41.77548828999999841,5.00924967200000015,8.63281250000000000,M,,NonLinLoc,confirmed,manual,nz3drx,43,29,27,0.11142168049999999,127.65420729999999594,0.44363701100000003,0.00000000000000000
2013p614487,earthquake,2013-08-16T08:38:55.354Z,2015-06-21T20:16:22.506Z,174.13056929999999056,-41.68244488999999930,5.19124211200000030,17.07031250000000000,M,,NonLinLoc,confirmed,manual,nz3drx,34,28,23,0.09175472023000000,73.27302521000000013,0.36014362459999999,0.00000000000000000
2013p614294,earthquake,2013-08-16T06:55:58.920Z,2015-06-18T23:36:12.944Z,174.27645680000000539,-41.67755394999999652,5.47021586400000004,17.07031250000000000,M,,NonLinLoc,confirmed,manual,nz3drx,37,34,29,0.08729694702000000,131.36957709999998656,0.29717292989999999,0.00000000000000000
2013p614268,earthquake,2013-08-16T06:42:40.953Z,2015-06-18T22:42:11.572Z,174.27983900000000972,-41.67556797999999674,5.15445925099999958,15.07812500000000000,M,,NonLinLoc,confirmed,manual,nz3drx,39,32,25,0.09036180347000000,131.91536899999999832,0.29068651829999997,0.00000000000000000
2013p614185,earthquake,2013-08-16T05:58:28.215Z,2015-06-18T03:54:36.192Z,174.29569989999998825,-41.66227087000000040,5.00257311300000040,9.33593750000000000,M,,NonLinLoc,confirmed,manual,nz3drx,23,18,12,0.31870161619999998,134.34272060000000693,0.40004599400000002,0.00000000000000000
2013p614135,earthquake,2013-08-16T05:31:17.002Z,2015-06-18T02:59:33.400Z,174.25402070000001231,-41.63101759999999985,5.95561635400000000,14.96093750000000000,M,,NonLinLoc,confirmed,manual,nz3drx,37,30,27,0.12375944860000000,109.37464880000000278,0.52585015339999996,0.00000000000000000
2013p613947,earthquake,2013-08-16T03:51:36.119Z,2015-06-14T21:45:39.107Z,174.18138460000000123,-41.67309319999999673,5.53057148500000029,14.25781250000000000,M,,NonLinLoc,confirmed,manual,nz3drx,29,19,28,0.08100394606000000,80.54863803000000644,0.26732059040000000,0.00000000000000000
2013p613867,earthquake,2013-08-16T03:09:07.725Z,2015-06-12T02:31:43.845Z,174.06118240000000696,-41.74297246999999800,5.62720585000000018,7.46093750000000000,M,,NonLinLoc,confirmed,manual,nz3drx,26,22,15,0.11415358720000000,116.45588069999999448,0.30798917999999997,0.00000000000000000
2013p613844,earthquake,2013-08-16T02:56:26.850Z,2015-06-12T01:59:02.481Z,174.28487119999999777,-41.63109021999999726,5.00792412200000037,10.03906250000000000,M,,NonLinLoc,confirmed,manual,nz3drx,31,27,22,0.13148059009999999,119.29362899999999570,0.44328267420000000,0.00000000000000000
2013p613824,earthquake,2013-08-16T02:45:27.356Z,2015-06-12T01:17:17.959Z,174.12019849999998655,-41.72572645999999708,5.33190762300000021,5.64453125000000000,M,,NonLinLoc,confirmed,manual,nz3drx,28,23,24,0.07398254323000000,102.67938279999999907,0.49728736600000001,0.00000000000000000
2013p613809,earthquake,2013-08-16T02:37:30.981Z,2015-06-12T00:42:13.786Z,174.10197769999999196,-41.73895582000000104,5.37504898300000011,5.05859375000000000,M,,NonLinLoc,confirmed,manual,nz3drx,24,18,22,0.08422986103000001,170.36770379999998681,0.40693163770000002,0.00000000000000000
2013p613797,earthquake,2013-08-16T02:31:05.926Z,2016-07-08T06:23:24.085Z,174.16165849999998727,-41.70170969000000127,6.46876899999999999,7.46093750000000000,M,,NonLinLoc,confirmed,manual,nz3drx,40,37,30,0.06222692007000000,64.71094655999999645,0.51630446750000003,0.00000000000000000
2013p563639,earthquake,2013-07-28T13:07:14.815Z,2015-05-17T19:11:50.130Z,174.26932310000000825,-41.62145782000000338,5.18706066100000029,8.86718750000000000,M,,NonLinLoc,confirmed,manual,nz3drx,46,38,26,0.13623726170000000,112.39187909999999704,0.40641553229999999,0.00000000000000000
2013p543832,earthquake,2013-07-21T05:13:50.212Z,2015-05-05T19:56:18.441Z,174.35913189999999418,-41.53505808999999971,5.17998841100000007,13.73046875000000000,M,,NonLinLoc,confirmed,manual,nz3drx,25,17,10,0.24279521530000001,114.31464929999999924,0.19459042960000000,0.00000000000000000
2013p543824,earthquake,2013-07-21T05:09:30.528Z,2015-05-05T19:45:54.712Z,174.32288520000000176,-41.59821757000000275,6.49325487800000012,15.60546875000000000,M,,NonLinLoc,confirmed,manual,nz3drx,52,45,24,0.17384977130000001,120.96883640000000071,0.36055490540000001,0.00000000000000000
2013p542711,earthquake,2013-07-20T19:17:10.844Z,2015-05-15T04:17:36.294Z,174.39030819999999267,-41.55369999999999919,5.76767991999999996,20.70312500000000000,M,,NonLinLoc,confirmed,manual,nz3drx,50,44,20,0.23860818180000001,122.84123259999999789,0.35335319560000000,0.00000000000000000
2013p537512,earthquake,2013-07-18T21:06:39.068Z,2015-04-29T23:18:29.576Z,174.40459340000001021,-41.54557103999999867,5.69713764399999967,20.64453125000000000,M,,NonLinLoc,confirmed,manual,nz3drx,52,40,23,0.25146209720000001,123.07344059999999786,0.25738297939999999,0.00000000000000000
2013p496874,outside of network interest,2013-07-03T20:13:31.259Z,2015-04-19T22:54:01.931Z,-179.02108759999998711,-32.61686706999999785,5.63740697199999996,5.00000000000000000,M,operator assigned,LOCSAT,confirmed,manual,iasp91,44,40,39,3.47535014199999992,183.96724130000001196,1.60654948600000003,0.00000000000000000
2013p496811,earthquake,2013-07-03T19:41:07.405Z,2015-04-19T21:51:54.255Z,168.01150519999998778,-44.61676818000000111,5.07565210100000019,5.11718750000000000,M,,NonLinLoc,confirmed,manual,nz3drx,50,44,35,0.08163825020000000,175.62194809999999734,0.65729920580000001,0.00000000000000000
2013p463220,outside of network interest,2013-06-21T09:22:39.653Z,2015-05-26T03:16:32.900Z,-179.26402279999999223,-33.26710128999999938,5.03258073299999964,33.00000000000000000,M,operator assigned,LOCSAT,confirmed,manual,iasp91,29,20,26,4.15504932400000015,184.36685180000000628,2.00100070600000013,0.00000000000000000
2013p447224,outside of network interest,2013-06-15T11:20:36.366Z,2016-06-29T01:42:05.755Z,-179.95193480000000363,-34.01896286000000202,5.36966588599999994,148.50598139999999603,M,,LOCSAT,confirmed,manual,iasp91,44,31,23,3.81014275599999985,145.39887809999999035,1.94728967100000006,0.00000000000000000
2013p398085,earthquake,2013-05-28T06:59:41.771Z,2015-04-13T18:58:44.424Z,178.42726390000001402,-35.81276880000000062,5.14632966300000039,212.18750000000000000,M,,NonLinLoc,confirmed,manual,nz3drx,79,74,74,1.76173389299999994,278.57125710000002528,0.81030772350000002,0.00000000000000000
2013p290068,outside of network interest,2013-04-18T07:47:12.269Z,2015-04-15T22:43:08.793Z,-179.55247499999998695,-32.48779677999999649,5.03532149299999965,264.36383059999997158,M,,LOCSAT,confirmed,manual,iasp91,47,33,32,3.50828266099999997,172.34947009999999068,1.68348400499999995,0.00000000000000000
2013p282925,outside of network interest,2013-04-15T16:21:47.829Z,2015-04-28T22:28:49.940Z,-178.13096619999998893,-32.64490127999999913,5.61586009200000014,33.00000000000000000,M,operator assigned,LOCSAT,confirmed,manual,iasp91,30,19,15,3.37704658499999999,202.95372269999998593,2.15466674500000011,0.00000000000000000
2013p229011,outside of network interest,2013-03-26T17:36:21.448Z,2015-03-11T22:02:33.350Z,-178.24861150000000976,-33.41055297999999851,5.54064469800000037,33.00000000000000000,M,operator assigned,LOCSAT,confirmed,manual,iasp91,81,68,66,4.14527130100000019,203.36702130000000466,1.38628832100000010,0.00000000000000000
2013p208507,outside of network interest,2013-03-19T03:31:30.051Z,2015-03-05T22:41:44.873Z,-179.55166629999999373,-32.75595092999999736,5.22073846199999991,12.00000000000000000,M,operator assigned,LOCSAT,confirmed,manual,iasp91,39,34,29,3.75387692500000014,174.73908230000000685,1.36315913399999999,0.00000000000000000
2013p142607,earthquake,2013-02-22T18:21:53.234Z,2015-03-19T20:53:09.450Z,177.37362340000001382,-39.24777226999999868,5.04612908499999957,24.80468750000000000,MLv,,NonLinLoc,confirmed,manual,nz3drx,34,28,24,0.19810531530000000,131.32289149999999722,0.31771262290000002,0.29708014570000002
2013p125148,earthquake,2013-02-16T07:19:06.627Z,2015-03-09T02:38:38.845Z,-179.56602480000000810,-35.35385131999999686,5.03879884499999964,111.31941220000000214,MLv,,LOCSAT,confirmed,manual,iasp91,59,50,50,2.79398751299999981,320.05326839999997901,1.47970824799999989,0.34723278510000000
2013p124917,earthquake,2013-02-16T05:16:17.016Z,2015-03-09T01:05:31.847Z,178.21348570000000677,-36.30949782999999798,5.92534728700000013,193.62814330000000496,MLv,,LOCSAT,confirmed,manual,iasp91,91,77,76,1.46753382700000001,264.56428529999999455,0.55575445739999996,0.51986014709999995
2013p051437,earthquake,2013-01-20T00:45:57.184Z,2015-01-13T22:10:49.579Z,174.30191279999999665,-39.77315972000000244,5.19131871300000025,134.25781250000000000,M,,NonLinLoc,confirmed,manual,nz3drx,103,95,70,0.32360813560000001,85.92901270999999497,0.29944404229999999,0.00000000000000000
2013p039986,earthquake,2013-01-15T19:04:32.430Z,2015-01-11T21:02:34.341Z,179.29206849999999918,-35.05317306999999971,5.04086200999999967,197.07283019999999851,M,,LOCSAT,confirmed,manual,iasp91,47,38,46,2.62916994099999979,297.74053959999997687,0.75438438640000005,0.00000000000000000
2013p021335,earthquake,2013-01-08T21:26:56.564Z,2015-02-02T00:53:10.735Z,179.12434390000001372,-34.23894118999999847,5.39127961700000036,12.00000000000000000,M,operator assigned,LOCSAT,confirmed,manual,iasp91,85,68,62,3.38382220299999981,161.24714090000000510,1.77109418999999990,0.00000000000000000
2012p923684,earthquake,2012-12-07T18:19:07.412Z,2015-01-27T03:47:37.145Z,176.06412090000000603,-38.33440245999999973,5.59734094399999993,167.53906250000000000,M,,NonLinLoc,confirmed,manual,nz3drx,97,88,84,0.03862300946000000,53.35948599000000314,0.32312117520000000,0.00000000000000000
2012p783751,earthquake,2012-10-16T23:42:55.980Z,2014-12-09T22:36:46.198Z,176.15087719999999649,-38.62546378999999774,5.47035084899999990,108.00781250000000000,M,,NonLinLoc,confirmed,manual,nz3drx,91,84,79,0.02429693441000000,29.42186763000000127,0.31001513380000001,0.00000000000000000
2012p656266,earthquake,2012-08-30T19:38:35.777Z,2015-01-14T20:32:46.978Z,168.75241090000000099,-44.10243224999999967,5.43805997299999966,5.00000000000000000,MLv,operator assigned,LOCSAT,confirmed,manual,iasp91,22,15,31,0.03639192507000000,175.11002730000001293,0.42579189870000000,0.22052878270000001
2012p638969,outside of network interest,2012-08-24T10:01:52.786Z,2015-02-17T21:21:29.273Z,-178.71720890000000281,-33.43503188999999765,6.12676379200000021,33.00000000000000000,M,operator assigned,LOCSAT,confirmed,manual,iasp91,40,20,16,4.21561574900000036,195.93556879999999865,1.08866349500000004,0.00000000000000000
2012p628944,outside of network interest,2012-08-20T17:00:47.794Z,2015-01-06T20:47:55.652Z,-179.95840450000000033,-33.44591141000000079,5.09542779600000006,12.00000000000000000,MLv,operator assigned,LOCSAT,confirmed,manual,iasp91,30,18,16,4.34586000400000039,172.73130990000001361,1.35213458199999992,0.27655753010000000
2012p585238,outside of network interest,2012-08-04T12:54:25.350Z,2015-02-16T03:30:22.430Z,-179.18786620000000198,-35.86348343000000227,5.07496759100000006,133.49832150000000297,M,,LOCSAT,confirmed,manual,iasp91,63,47,36,2.96547293699999992,272.86552430000000413,0.63849002870000005,0.00000000000000000
2012p579553,earthquake,2012-08-02T10:26:10.673Z,2014-10-16T02:14:57.859Z,-179.00549319999998943,-35.79535294000000079,5.24527917699999957,113.53053280000000314,M,,LOCSAT,confirmed,manual,iasp91,69,44,41,2.79009270699999989,319.41050719999998364,0.97743183499999997,0.00000000000000000
2012p578973,earthquake,2012-08-02T05:17:10.473Z,2014-10-14T00:51:53.055Z,-179.78880309999999554,-37.63225174000000095,5.08966881200000021,33.00000000000000000,M,operator assigned,LOCSAT,confirmed,manual,iasp91,28,20,20,1.43647956799999998,317.28900149999998348,0.45657994460000001,0.00000000000000000
2012p576735,earthquake,2012-08-01T09:24:37.700Z,2014-10-13T21:51:22.442Z,-179.12199400000000082,-35.55411911000000202,5.17479176899999960,33.00000000000000000,M,operator assigned,LOCSAT,confirmed,manual,iasp91,46,34,32,2.88262748700000015,313.03598019999998314,0.72550082069999999,0.00000000000000000
2012p560243,earthquake,2012-07-26T06:57:47.954Z,2014-10-21T21:00:42.365Z,176.15852530000000797,-40.54078089000000062,5.01087737100000030,27.08984375000000000,M,,NonLinLoc,confirmed,manual,nz3drx,56,48,30,0.14385718789999999,84.47550794999999368,0.48224671289999999,0.00000000000000000
2012p546497,earthquake,2012-07-21T04:54:05.761Z,2015-01-12T21:07:55.773Z,-179.82572940000000017,-37.80742263999999864,5.79498252500000000,33.00000000000000000,M,operator assigned,LOCSAT,confirmed,manual,iasp91,100,86,65,1.39345180999999996,227.70982359999999289,0.83325370350000005,0.00000000000000000
2012p508202,earthquake,2012-07-07T00:50:26.767Z,2014-09-28T22:05:25.749Z,175.81421789999998850,-39.07131608000000256,5.09137829500000016,90.48828125000000000,M,,NonLinLoc,confirmed,manual,nz3drx,102,94,66,0.09948853783000000,37.45807666999999697,0.29154221159999999,0.00000000000000000
2012p500499,outside of network interest,2012-07-04T04:24:52.000Z,2014-09-23T00:58:53.446Z,-179.07599999999999341,-32.63400000000000034,5.32987903700000043,56.00000000000000000,M,,,confirmed,manual,,0,0,10,0.00000000000000000,0.00000000000000000,1.78979186000000001,0.00000000000000000
2012p498491,earthquake,2012-07-03T10:36:14.209Z,2015-01-11T22:24:20.825Z,173.76487339999999904,-40.04852328999999855,6.18402985100000002,241.01562500000000000,M,,NonLinLoc,confirmed,manual,nz3drx,60,49,18,0.64183093550000003,135.89817339999999035,0.48175129309999998,0.00000000000000000
2012p489219,outside of network interest,2012-06-30T00:14:51.722Z,2014-10-07T02:34:58.962Z,-178.15885929999998893,-33.22257232999999843,5.15559067600000009,0.00000000000000000,MLv,,LOCSAT,confirmed,manual,iasp91,45,29,26,3.95355153100000001,204.10152859999999464,1.83041752099999999,0.27310972900000002
2012p489035,outside of network interest,2012-06-29T22:37:04.695Z,2014-10-07T01:57:06.062Z,-178.31825259999999389,-33.13471602999999988,5.41027155899999990,33.00000000000000000,MLv,operator assigned,LOCSAT,confirmed,manual,iasp91,41,24,17,3.87567472500000010,201.72603509999999005,1.39676491400000002,0.21762907030000000
2012p488969,outside of network interest,2012-06-29T22:01:53.027Z,2014-10-07T01:50:51.189Z,-178.07624820000000909,-33.22536850000000186,5.29670042099999971,33.00000000000000000,MLv,operator assigned,LOCSAT,confirmed,manual,iasp91,30,23,20,3.95331549600000010,206.86170469999999000,1.68867354900000000,0.23019683229999999
2012p468944,outside of network interest,2012-06-22T12:12:50.168Z,2014-09-30T02:30:17.727Z,-178.00596619999998893,-33.02123259999999760,5.06719845299999960,33.00000000000000000,M,operator assigned,LOCSAT,confirmed,manual,iasp91,42,27,24,3.74819850899999985,206.08492590000000177,1.32518773799999989,0.00000000000000000
2012p468136,outside of network interest,2012-06-22T05:02:06.000Z,2014-09-30T01:39:29.292Z,-178.33000000000001251,-32.97899999999999920,5.17548777200000032,7.00000000000000000,M,,,confirmed,manual,,0,0,25,0.00000000000000000,0.00000000000000000,2.85961000200000015,0.00000000000000000
2012p467831,outside of network interest,2012-06-22T02:20:06.000Z,2014-09-30T01:09:42.257Z,-178.65000000000000568,-32.93500000000000227,5.55407481000000036,14.00000000000000000,M,,,confirmed,manual,,0,0,20,0.00000000000000000,0.00000000000000000,3.70085264499999989,0.00000000000000000
2012p467574,outside of network interest,2012-06-22T00:03:01.330Z,2014-09-29T22:18:19.385Z,-177.49526979999998844,-33.33361434999999773,5.15337870699999989,180.03453060000001074,M,,LOCSAT,confirmed,manual,iasp91,29,17,15,5.43616962399999970,347.08161929999999984,0.96053944869999996,0.00000000000000000
2012p434818,outside of network interest,2012-06-09T21:10:25.623Z,2014-09-11T02:17:20.267Z,-179.60548399999998992,-33.19030761999999868,5.09311377900000029,33.00000000000000000,M,operator assigned,LOCSAT,confirmed,manual,iasp91,20,13,6,4.17351531999999992,178.37627599999999006,2.76938847399999988,0.00000000000000000
2012p392201,earthquake,2012-05-25T02:44:49.849Z,2014-11-26T03:53:37.348Z,172.77230860000000234,-43.53395820000000072,5.47545142199999990,14.72656250000000000,M,,NonLinLoc,confirmed,manual,nz3drx,29,20,89,0.05401276747000000,126.72247930000000338,0.50672288570000001,0.00000000000000000
2012p374723,outside of network interest,2012-05-18T15:31:35.332Z,2014-08-05T00:18:10.816Z,-179.52392580000000066,-32.93701172000000099,5.13416995099999962,300.52636719999998149,M,,NonLinLoc,confirmed,manual,iaspei91,39,28,21,3.92522045200000003,176.80616939999998749,0.90407170299999995,0.00000000000000000
2012p356546,earthquake,2012-05-11T22:07:34.107Z,2014-06-18T03:30:35.505Z,167.15169050000000084,-46.32062085999999823,5.30370032999999985,12.01750000000000007,M,operator assigned,NonLinLoc,confirmed,manual,nz3drx,20,14,7,0.37013153129999998,164.35150029999999788,1.01050915099999994,0.00000000000000000
2012p308233,outside of network interest,2012-04-24T01:05:47.000Z,2014-07-01T04:45:55.308Z,-178.56100000000000705,-32.70400000000000063,5.36262477100000012,12.00000000000000000,M,,,confirmed,manual,,0,0,4,0.00000000000000000,0.00000000000000000,2.65399120799999988,0.00000000000000000
2012p303750,outside of network interest,2012-04-22T09:17:15.880Z,2014-08-14T02:52:29.988Z,179.82476810000000000,-32.78626632999999657,5.49991150700000020,33.00000000000000000,M,operator assigned,LOCSAT,confirmed,manual,iasp91,31,18,14,4.01088333099999961,164.43620680000000789,3.06435215700000008,0.00000000000000000
2012p225547,outside of network interest,2012-03-24T10:50:46.229Z,2014-06-30T02:00:10.089Z,-178.46228030000000331,-34.10685348999999889,5.08053012500000012,33.00000000000000000,MLv,operator assigned,LOCSAT,confirmed,manual,iasp91,69,58,56,4.33466339100000031,205.42461589999999205,1.19338435099999995,0.34898554949999999
2012p214349,earthquake,2012-03-20T07:25:32.424Z,2014-06-18T19:54:28.976Z,167.36789820000001328,-45.18075463000000269,5.20824926600000015,126.17187500000000000,M,,NonLinLoc,confirmed,manual,nz3drx,49,36,24,0.31399732159999999,195.08951809999999227,0.55825232219999998,0.00000000000000000
2012p201267,earthquake,2012-03-15T11:15:18.497Z,2014-07-17T03:50:31.500Z,166.49409479999999917,-45.13705062999999740,5.15289390700000016,5.00000000000000000,M,operator assigned,LOCSAT,confirmed,manual,iasp91,10,8,17,0.57009500270000002,244.99368670000001202,0.71088241689999998,0.00000000000000000
2012p199451,earthquake,2012-03-14T19:07:43.831Z,2014-06-04T22:26:22.255Z,166.84249460000000909,-45.18706737000000118,5.37678348699999997,5.03749999999999964,M,operator assigned,NonLinLoc,confirmed,manual,nz3drx,38,30,18,0.36754550580000001,222.93164799999999559,1.00548388500000008,0.00000000000000000
2012p188564,earthquake,2012-03-10T18:26:25.123Z,2014-07-16T03:27:41.613Z,178.94215389999999388,-35.08009719999999731,5.14071668999999964,126.04962919999999826,M,,LOCSAT,confirmed,manual,iasp91,40,30,24,2.53151106799999992,163.19743349999998827,2.21544447299999980,0.00000000000000000
2012p168728,outside of network interest,2012-03-03T10:15:24.792Z,2014-05-22T02:18:58.481Z,-179.16232299999998645,-32.44903563999999818,5.02484593199999985,323.30032349999999042,M,,LOCSAT,confirmed,manual,iasp91,26,21,12,3.35155415500000009,180.98783679999999663,1.22801004399999991,0.00000000000000000
2012p151963,outside of network interest,2012-02-26T05:24:57.740Z,2014-06-04T21:18:21.118Z,-177.43296810000001074,-32.47505568999999781,5.78943411000000019,33.00000000000000000,M,operator assigned,LOCSAT,confirmed,manual,iasp91,29,18,14,3.23010730699999993,217.02171329999998761,2.01285450999999993,0.00000000000000000
2012p117366,outside of network interest,2012-02-13T10:12:03.467Z,2014-04-30T02:48:44.994Z,-177.95164489999999091,-32.59414672999999851,5.08194198700000044,33.00000000000000000,M,operator assigned,LOCSAT,confirmed,manual,iasp91,30,22,18,3.32169270499999980,206.48582899999999540,1.35328782000000003,0.00000000000000000
2012p116891,outside of network interest,2012-02-13T05:58:59.099Z,2014-04-30T01:57:07.324Z,-178.14311219999999025,-33.73962402000000083,5.09639429499999963,33.00000000000000000,M,operator assigned,LOCSAT,confirmed,manual,iasp91,39,25,19,4.46800756499999974,206.86330100000000698,1.70773423499999999,0.00000000000000000
2012p065547,earthquake,2012-01-25T06:02:32.432Z,2014-04-08T06:26:10.445Z,165.66306019999998966,-46.82451142000000033,5.76442921800000008,5.46875000000000000,M,,NonLinLoc,confirmed,manual,nz3drx,16,12,26,0.91952356920000000,302.98149150000000418,0.76529765189999999,0.00000000000000000
2012p061491,outside of network interest,2012-01-23T18:01:36.457Z,2014-03-26T20:34:03.005Z,-179.35639950000000908,-32.94533538999999678,5.07582506299999991,33.00000000000000000,M,operator assigned,LOCSAT,confirmed,manual,iasp91,30,20,15,3.87278103799999984,180.11124609999998825,1.51368968200000009,0.00000000000000000
2012p050087,earthquake,2012-01-19T12:46:50.023Z,2014-04-03T02:24:05.301Z,165.70402640000000360,-46.84404716000000235,5.10735033699999974,12.00500000000000078,M,operator assigned,NonLinLoc,confirmed,manual,nz3drx,19,14,26,0.91324464839999997,302.89722530000000233,0.92409283740000003,0.00000000000000000
2012p049665,earthquake,2012-01-19T09:01:56.464Z,2014-03-26T21:55:36.429Z,165.67854280000000244,-46.92377668000000313,5.62530170199999979,12.00249999999999950,M,operator assigned,NonLinLoc,confirmed,manual,nz3drx,16,11,21,0.98005882219999996,304.97620160000002443,0.94184704929999996,0.00000000000000000
2012p049415,earthquake,2012-01-19T06:48:48.289Z,2016-03-03T22:19:10.392Z,165.76876720000001342,-46.97981973000000266,5.69490151900000008,12.00249999999999950,M,operator assigned,NonLinLoc,confirmed,manual,nz3drx,92,85,52,0.98461442310000002,304.37900569999999334,1.35171685099999994,0.00000000000000000
2012p034737,outside of network interest,2012-01-13T20:25:24.265Z,2014-03-12T20:40:58.418Z,-177.88987729999999488,-32.73442459000000326,5.24391931899999975,33.00000000000000000,M,operator assigned,LOCSAT,confirmed,manual,iasp91,29,17,13,3.46156406400000005,208.30743409999999471,1.52844136900000005,0.00000000000000000
2012p034440,outside of network interest,2012-01-13T17:49:09.002Z,2014-03-12T20:20:52.939Z,-177.78506469999999240,-32.77334213000000318,5.30742299899999992,33.00000000000000000,M,operator assigned,LOCSAT,confirmed,manual,iasp91,25,15,13,3.50219702699999980,210.59472660000000133,1.27162442100000006,0.00000000000000000
2012p014905,earthquake,2012-01-06T12:21:36.097Z,2014-02-25T22:54:58.005Z,172.77269659999998908,-43.53626469999999671,5.22110909800000034,11.97265625000000000,M,,NonLinLoc,confirmed,manual,nz3drx,25,22,106,0.05581618905000000,150.27383090000000720,0.32290065959999997,0.00000000000000000
2012p001887,earthquake,2012-01-01T16:45:17.101Z,2013-10-07T04:00:52.388Z,172.80851749999999356,-43.46715546000000074,5.45854975099999962,11.87032986000000001,MLv,,LOCSAT,confirmed,manual,iasp91,19,12,25,0.07245284319000000,160.94247020000000248,0.42369655060000000,0.36478492820000002
2012p001886,earthquake,2012-01-01T16:45:05.113Z,2014-12-04T02:29:24.032Z,172.81060790000000793,-43.45058440999999760,5.31490144600000036,9.76599407199999980,M,,LOCSAT,confirmed,manual,iasp91,38,23,10,0.08197247236999999,134.62083630000000767,0.35937086680000002,0.00000000000000000
2012p001403,earthquake,2012-01-01T12:27:57.130Z,2013-09-23T22:36:52.871Z,172.83250430000001074,-43.46253966999999818,5.08947453299999975,9.00511646300000024,MLv,,LOCSAT,confirmed,manual,iasp91,24,19,96,0.08592516184000000,164.86868290000001025,0.39184284899999999,0.37796693370000001
3631380,earthquake,2011-12-23T02:18:03.590Z,2013-10-01T08:47:00.000Z,172.74977000000001226,-43.52452000000000254,5.90000000000000036,7.48650000000000038,Mw,,GROPE,reviewed,manual,nz1dr,50,43,0,0.04100000000000000,153.00000000000000000,0.28059000000000001,0.00000000000000000
3631363,earthquake,2011-12-23T01:06:26.095Z,2013-09-05T11:33:00.000Z,172.81302999999999770,-43.47494999999999976,5.40000000000000036,7.47850000000000037,Mw,,GROPE,reviewed,manual,nz1dr,68,50,0,0.06800000000000000,169.00000000000000000,0.28522999999999998,0.00000000000000000
3713255,earthquake,2011-12-23T01:00:53.931Z,2013-09-05T11:53:00.000Z,172.82914999999999850,-43.52389999999999759,5.00000000000000000,7.73639999999999972,Mw,,GROPE,reviewed,manual,nz1dr,77,46,0,0.07099999999999999,188.00000000000000000,0.26239000000000001,0.00000000000000000
3631359,earthquake,2011-12-23T00:58:38.147Z,2013-09-05T11:33:00.000Z,172.79950999999999794,-43.48138000000000147,5.79999999999999982,10.01469999999999949,Mw,,GROPE,reviewed,manual,nz1dr,64,59,0,0.05700000000000000,96.00000000000000000,0.26801000000000003,0.00000000000000000
3630601,earthquake,2011-12-21T13:37:18.830Z,2013-09-05T11:30:00.000Z,-178.89500000000001023,-33.12700000000000244,5.70000000000000018,33.00000000000000000,Mw,operator assigned,GROPE,reviewed,manual,nz1dr,75,72,0,4.98299999999999965,282.00000000000000000,0.55952000000000002,0.00000000000000000
3620927,earthquake,2011-12-03T06:19:10.511Z,2013-09-30T15:04:00.000Z,174.31699000000000410,-41.34543000000000035,5.09999999999999964,55.09799999999999898,Mw,,GROPE,reviewed,manual,nz1dr,116,113,0,0.13700000000000001,81.00000000000000000,0.13092999999999999,0.00000000000000000
3614680,earthquake,2011-11-21T19:38:27.117Z,2013-09-04T16:17:00.000Z,179.99137999999999238,-37.40641999999999712,5.09999999999999964,33.00000000000000000,Mw,operator assigned,GROPE,reviewed,manual,nz1dr,16,13,0,1.31899999999999995,319.00000000000000000,0.12164999999999999,0.00000000000000000
3612641,earthquake,2011-11-18T07:51:21.278Z,2013-09-04T16:11:00.000Z,179.95273000000000252,-37.44216999999999729,5.79999999999999982,33.00000000000000000,Mw,operator assigned,GROPE,reviewed,manual,nz1dr,20,16,0,1.27800000000000002,228.00000000000000000,0.13058000000000000,0.00000000000000000
3612567,earthquake,2011-11-18T04:34:03.010Z,2013-09-04T16:10:00.000Z,179.98462000000000671,-37.41239999999999810,5.50000000000000000,33.00000000000000000,Mw,operator assigned,GROPE,reviewed,manual,nz1dr,18,15,0,1.31200000000000006,228.00000000000000000,0.10589000000000000,0.00000000000000000
3612525,earthquake,2011-11-18T02:43:51.714Z,2013-09-04T16:10:00.000Z,179.91196999999999662,-37.41633999999999816,5.40000000000000036,33.00000000000000000,Mw,operator assigned,GROPE,reviewed,manual,nz1dr,20,17,0,1.25600000000000001,227.00000000000000000,0.10745000000000000,0.00000000000000000
3604587,earthquake,2011-11-03T05:01:58.951Z,2013-09-04T15:54:00.000Z,178.93862999999998920,-35.28589999999999804,5.31700000000000017,213.80439999999998690,ML,,GROPE,reviewed,manual,nz1dr,46,44,55,2.33000000000000007,269.00000000000000000,0.27345000000000003,0.16000000000000000
3587966,earthquake,2011-10-01T10:54:29.843Z,2013-09-04T14:23:00.000Z,164.53998999999998887,-48.97999999999999687,5.59999999999999964,10.00000000000000000,Mw,operator assigned,GROPE,reviewed,manual,nz1dr,17,11,0,3.16100000000000003,313.00000000000000000,0.13350999999999999,0.00000000000000000
3579668,earthquake,2011-09-15T07:53:20.000Z,2013-09-10T09:54:00.000Z,-178.44999999999998863,-35.42000999999999777,6.09999999999999964,56.00000000000000000,Mw,operator assigned,GROPE,reviewed,manual,nz1dr,74,60,0,3.37800000000000011,262.00000000000000000,0.57776000000000005,0.00000000000000000
3579183,outside of network interest,2011-09-14T13:36:32.647Z,2024-03-19T03:13:00.267Z,-178.49706,-35.20509,5.8,76.118,Mw,,GROPE,reviewed,,nz1dr,71,65,0,3.492,263,0.12957,0
3572138,earthquake,2011-09-01T18:58:28.852Z,2013-09-04T13:35:00.000Z,179.79774000000000456,-37.46329000000000065,5.11500000000000021,33.00000000000000000,ML,operator assigned,GROPE,reviewed,manual,nz1dr,27,18,105,1.15399999999999991,226.00000000000000000,0.08905000000000000,0.23899999999999999
3547643,outside of network interest,2011-07-17T11:39:51.070Z,2013-05-28T17:38:00.000Z,179.716,-35.246,5,84.1,Mw,operator assigned,GROPE,reviewed,,nz1dr,51,48,0,2.578,307,0.40937,0
3540736,earthquake,2011-07-05T03:36:25.085Z,2013-09-03T15:37:00.000Z,175.70624000000000819,-38.65247000000000099,5.50000000000000000,152.60190000000000055,Mw,,GROPE,reviewed,manual,nz1dr,123,115,0,0.18600000000000000,51.00000000000000000,0.27944000000000002,0.00000000000000000
3533879,earthquake,2011-06-23T00:31:58.825Z,2013-09-03T11:42:00.000Z,176.88303999999999405,-36.86804999999999666,5.09900000000000020,277.49860000000001037,ML,,GROPE,reviewed,manual,nz1dr,35,30,54,1.01099999999999990,250.00000000000000000,0.21637000000000001,0.23799999999999999
3533107,earthquake,2011-06-21T10:34:22.999Z,2013-09-03T11:40:00.000Z,172.52338000000000306,-43.59582999999999942,5.20000000000000018,8.82259999999999955,Mw,,GROPE,reviewed,manual,nz1dr,56,50,0,0.05000000000000000,94.00000000000000000,0.25590000000000002,0.00000000000000000
3586848,earthquake,2011-06-13T02:21:23.593Z,2013-09-03T11:50:00.000Z,172.74222000000000321,-43.58968999999999738,5.21400000000000041,10.27979999999999983,ML,,GROPE,reviewed,manual,nz1dr,37,23,3,0.01300000000000000,144.00000000000000000,0.15905000000000000,0.18800000000000000
3528839,earthquake,2011-06-13T02:20:49.260Z,2013-09-03T11:29:00.000Z,172.73772999999999911,-43.57063999999999737,6.00000000000000000,6.91600000000000037,Mw,,GROPE,reviewed,manual,nz1dr,50,42,0,0.00900000000000000,82.00000000000000000,0.23427999999999999,0.00000000000000000
3528810,earthquake,2011-06-13T01:01:00.348Z,2013-09-03T11:29:00.000Z,172.75000000000000000,-43.57668000000000319,5.29999999999999982,8.89729999999999954,Mw,,GROPE,reviewed,manual,nz1dr,47,40,0,0.00700000000000000,105.00000000000000000,0.16574000000000000,0.00000000000000000
3525264,earthquake,2011-06-05T21:09:55.312Z,2013-09-03T11:22:00.000Z,172.39426000000000272,-43.58617999999999881,5.09999999999999964,9.00150000000000006,Mw,,GROPE,reviewed,manual,nz1dr,56,45,0,0.01300000000000000,86.00000000000000000,0.20508000000000001,0.00000000000000000
3510720,earthquake,2011-05-11T06:11:22.881Z,2013-08-28T14:54:00.000Z,-179.08365000000000578,-36.26662999999999926,5.59999999999999964,33.00000000000000000,Mw,operator assigned,GROPE,reviewed,manual,nz1dr,57,52,0,2.45999999999999996,305.00000000000000000,0.17215000000000000,0.00000000000000000
3502920,earthquake,2011-04-26T04:39:40.892Z,2013-08-28T12:29:00.000Z,176.73041000000000622,-37.43037000000000347,5.20800000000000018,177.52049999999999841,ML,,GROPE,reviewed,manual,nz1dr,59,54,54,0.43800000000000000,147.00000000000000000,0.16070000000000001,0.18800000000000000
3499092,earthquake,2011-04-18T13:03:02.730Z,2013-08-28T12:23:00.000Z,179.87398999999999205,-34.33601000000000170,6.59999999999999964,86.00000000000000000,Mw,operator assigned,GROPE,reviewed,manual,nz1dr,70,61,0,3.46300000000000008,266.00000000000000000,0.56259000000000003,0.00000000000000000
3497857,earthquake,2011-04-16T05:49:22.715Z,2013-08-28T12:22:00.000Z,172.75789000000000328,-43.59924000000000177,5.00000000000000000,8.95839999999999925,Mw,,GROPE,reviewed,manual,nz1dr,41,32,0,0.02100000000000000,190.00000000000000000,0.17498000000000000,0.00000000000000000
3493568,earthquake,2011-04-07T22:12:44.089Z,2013-08-28T12:15:00.000Z,174.44200000000000728,-39.61610999999999905,5.20000000000000018,135.23230000000000928,Mw,,GROPE,reviewed,manual,nz1dr,97,84,0,0.15700000000000000,65.00000000000000000,0.20879000000000000,0.00000000000000000
3486692,earthquake,2011-03-28T02:28:41.114Z,2013-08-21T16:45:00.000Z,176.95908000000000015,-36.90476000000000312,5.04600000000000026,276.66160000000002128,ML,,GROPE,reviewed,manual,nz1dr,39,36,51,0.99299999999999999,208.00000000000000000,0.12086000000000000,0.17799999999999999
3486057,earthquake,2011-03-26T20:40:19.791Z,2013-08-21T16:45:00.000Z,176.84395000000000664,-37.13736999999999711,5.12399999999999967,254.86199999999999477,ML,,GROPE,reviewed,manual,nz1dr,51,47,53,0.74399999999999999,171.00000000000000000,0.21639000000000000,0.17599999999999999
3468635,earthquake,2011-02-22T01:50:29.800Z,2013-08-14T15:56:00.000Z,172.63362000000000762,-43.59044000000000096,5.59999999999999964,6.62270000000000003,Mw,,GROPE,reviewed,manual,nz1dr,40,36,0,0.01600000000000000,76.00000000000000000,0.20322000000000001,0.00000000000000000
3468581,earthquake,2011-02-22T00:04:19.315Z,2013-08-14T15:56:00.000Z,172.66228000000000975,-43.58849000000000018,5.50000000000000000,5.75030000000000019,Mw,,GROPE,reviewed,manual,nz1dr,35,29,0,0.03500000000000000,68.00000000000000000,0.22273000000000001,0.00000000000000000
3468575,earthquake,2011-02-21T23:51:42.320Z,2013-08-14T15:56:00.000Z,172.67848000000000752,-43.58212999999999937,6.20000000000000018,5.41429999999999989,Mw,,GROPE,reviewed,manual,nz1dr,40,36,0,0.02200000000000000,72.00000000000000000,0.26146999999999998,0.00000000000000000
3456063,earthquake,2011-01-27T15:02:46.965Z,2013-08-14T14:59:00.000Z,176.00592000000000326,-38.41253999999999991,5.59999999999999964,151.02299999999999613,Mw,,GROPE,reviewed,manual,nz1dr,120,112,0,0.10199999999999999,39.00000000000000000,0.25736999999999999,0.00000000000000000
3449463,earthquake,2011-01-18T08:45:46.977Z,2013-08-14T14:53:00.000Z,176.18243000000001075,-38.11433000000000249,5.00000000000000000,151.71909999999999741,Mw,,GROPE,reviewed,manual,nz1dr,102,99,0,0.06300000000000000,56.00000000000000000,0.20991000000000001,0.00000000000000000
3447031,earthquake,2011-01-13T12:04:53.712Z,2013-08-14T14:50:00.000Z,179.94057000000000812,-36.92974000000000245,5.50000000000000000,33.00000000000000000,Mw,operator assigned,GROPE,reviewed,manual,nz1dr,53,51,0,1.44999999999999996,289.00000000000000000,0.17498000000000000,0.00000000000000000
3443657,earthquake,2011-01-06T06:41:58.783Z,2013-08-14T14:45:00.000Z,175.10953000000000657,-38.77810999999999808,5.10400000000000009,237.30910000000000082,ML,,GROPE,reviewed,manual,nz1dr,87,83,49,0.33000000000000002,79.00000000000000000,0.19522000000000000,0.19900000000000001
3413873,earthquake,2010-11-28T01:22:13.142Z,2013-08-12T15:29:00.000Z,175.54484999999999673,-40.88183000000000078,5.00000000000000000,25.19040000000000035,Mw,,GROPE,reviewed,manual,nz1dr,98,94,0,0.02900000000000000,36.00000000000000000,0.29708000000000001,0.00000000000000000
3410825,earthquake,2010-11-21T22:22:10.766Z,2013-08-12T15:21:00.000Z,178.86023000000000138,-35.54789999999999850,5.16899999999999959,209.64859999999998763,ML,,GROPE,reviewed,manual,nz1dr,36,32,47,2.06099999999999994,327.00000000000000000,0.21934999999999999,0.17000000000000001
3394702,earthquake,2010-10-24T08:20:21.569Z,2013-08-12T11:08:00.000Z,164.92491000000001122,-47.41510000000000247,5.20000000000000018,33.00000000000000000,Mw,operator assigned,GROPE,reviewed,manual,nz1dr,10,7,0,1.73500000000000010,318.00000000000000000,0.27473999999999998,0.00000000000000000
3380101,earthquake,2010-09-29T04:14:47.922Z,2013-08-08T11:19:00.000Z,177.25844000000000733,-36.75703000000000031,5.40000000000000036,284.61849999999998317,Mw,,GROPE,reviewed,manual,nz1dr,57,54,0,0.77200000000000002,198.00000000000000000,0.14380999999999999,0.00000000000000000
3367989,earthquake,2010-09-06T22:48:33.663Z,2013-07-16T14:15:00.000Z,176.72291999999998779,-40.38837999999999795,5.00000000000000000,21.14179999999999993,Mw,,GROPE,reviewed,manual,nz1dr,57,52,0,0.12000000000000000,180.00000000000000000,0.23463000000000001,0.00000000000000000
3367749,earthquake,2010-09-06T11:40:50.464Z,2013-08-12T14:25:00.000Z,171.85748000000000957,-43.57883999999999958,5.00000000000000000,7.56599999999999984,Mw,,GROPE,reviewed,manual,nz1dr,67,35,0,0.04100000000000000,85.00000000000000000,0.18609999999999999,0.00000000000000000
3792053,earthquake,2010-09-03T23:14:54.873Z,2013-01-15T10:27:00.000Z,172.17816,-43.50919,5.203,7.7167,ML,,GROPE,reviewed,,nz1dr,33,21,57,0.058,55,0.30474,0.327
3792018,earthquake,2010-09-03T23:12:45.841Z,2013-01-15T10:27:00.000Z,172.17453,-43.50886,5.079,8.7228,ML,,GROPE,reviewed,,nz1dr,39,21,60,0.056,54,0.25233,0.315
3791059,earthquake,2010-09-03T19:56:49.395Z,2013-01-15T10:23:00.000Z,172.40186,-43.58372,5.126,8.6807,ML,,GROPE,reviewed,,nz1dr,43,32,59,0.019,75,0.2229,0.391
3750629,earthquake,2010-09-03T17:18:37.805Z,2013-07-16T14:51:00.000Z,172.18247999999999820,-43.58258000000000010,5.04999999999999982,5.74040000000000017,ML,,GROPE,reviewed,manual,nz1dr,30,22,41,0.06800000000000000,87.00000000000000000,0.26640999999999998,0.26000000000000001
3743073,earthquake,2010-09-03T16:59:20.048Z,2013-07-16T14:51:00.000Z,172.21003999999999223,-43.61625000000000085,5.50399999999999956,8.05369999999999919,ML,,GROPE,reviewed,manual,nz1dr,47,33,86,0.05400000000000000,65.00000000000000000,0.24390000000000001,0.27100000000000002
3366154,earthquake,2010-09-03T16:52:56.304Z,2013-07-16T14:04:00.000Z,172.40279000000001020,-43.59917000000000087,5.46799999999999997,7.48310000000000031,ML,,GROPE,reviewed,manual,nz1dr,53,35,26,0.01700000000000000,86.00000000000000000,0.27000999999999997,0.27000000000000002
3699473,earthquake,2010-09-03T16:44:57.324Z,2013-07-16T14:51:00.000Z,172.16285999999999490,-43.46123999999999654,5.35899999999999999,6.68170000000000019,ML,,GROPE,reviewed,manual,nz1dr,36,28,30,0.05400000000000000,78.00000000000000000,0.27927999999999997,0.28599999999999998
3696722,earthquake,2010-09-03T16:43:28.731Z,2013-07-16T14:51:00.000Z,172.16673000000000116,-43.60925999999999902,5.14400000000000013,9.48780000000000001,ML,,GROPE,reviewed,manual,nz1dr,33,22,25,0.06100000000000000,63.00000000000000000,0.22816000000000000,0.24800000000000000
3672856,earthquake,2010-09-03T16:39:03.708Z,2013-07-16T14:51:00.000Z,172.11027999999998883,-43.62283000000000044,5.33499999999999996,17.60579999999999856,ML,,GROPE,reviewed,manual,nz1dr,18,10,10,0.13200000000000001,222.00000000000000000,0.38812999999999998,0.19900000000000001
3672831,earthquake,2010-09-03T16:38:42.458Z,2013-07-16T14:51:00.000Z,172.11847000000000207,-43.49201000000000050,5.16199999999999992,10.15910000000000046,ML,,GROPE,reviewed,manual,nz1dr,20,11,9,0.01200000000000000,154.00000000000000000,0.27886000000000000,0.21299999999999999
3672822,earthquake,2010-09-03T16:38:17.243Z,2013-07-16T14:51:00.000Z,172.18575000000001296,-43.47109999999999985,5.43400000000000016,6.29190000000000005,ML,,GROPE,reviewed,manual,nz1dr,20,14,7,0.06400000000000000,88.00000000000000000,0.38258999999999999,0.19000000000000000
3669676,earthquake,2010-09-03T16:37:36.322Z,2013-07-16T14:51:00.000Z,172.29476999999999975,-43.56609999999999872,5.53200000000000003,11.88230000000000075,ML,,GROPE,reviewed,manual,nz1dr,46,26,6,0.06900000000000001,68.00000000000000000,0.24771000000000001,0.14899999999999999
3669661,earthquake,2010-09-03T16:37:17.769Z,2013-07-16T14:51:00.000Z,172.38512000000000057,-43.65849999999999653,5.11399999999999988,7.82730000000000015,ML,,GROPE,reviewed,manual,nz1dr,21,12,3,0.06400000000000000,253.00000000000000000,0.08527000000000000,0.18600000000000000
3669651,earthquake,2010-09-03T16:37:02.619Z,2013-07-16T14:51:00.000Z,172.32366999999999280,-43.55425999999999931,5.81500000000000039,10.02570000000000050,ML,,GROPE,reviewed,manual,nz1dr,39,23,7,0.05800000000000000,57.00000000000000000,0.18790999999999999,0.25100000000000000
3366146,earthquake,2010-09-03T16:35:41.836Z,2013-07-16T14:04:00.000Z,172.16793999999998732,-43.52730999999999995,7.20000000000000018,11.04260000000000019,Mw,,GROPE,reviewed,manual,nz1dr,21,16,0,0.06000000000000000,82.00000000000000000,0.14312000000000000,0.00000000000000000
3337804,earthquake,2010-07-11T13:23:40.275Z,2013-07-16T09:30:00.000Z,177.35991000000001350,-38.95897999999999683,5.09999999999999964,33.00000000000000000,Mw,operator assigned,GROPE,reviewed,manual,nz1dr,96,90,0,0.09200000000000000,50.00000000000000000,0.25336999999999998,0.00000000000000000
3324825,earthquake,2010-06-17T13:06:46.590Z,2013-07-10T14:23:00.000Z,179.71898999999999091,-33.16799999999999926,5.90000000000000036,170.00000000000000000,Mw,operator assigned,GROPE,reviewed,manual,nz1dr,52,48,0,4.53599999999999959,280.00000000000000000,1.00954999999999995,0.00000000000000000
3283400,earthquake,2010-03-30T19:00:06.324Z,2013-07-09T16:20:00.000Z,177.20574999999999477,-37.28215999999999752,5.16600000000000037,135.37579999999999814,ML,,GROPE,reviewed,manual,nz1dr,67,63,41,0.24600000000000000,169.00000000000000000,0.15626999999999999,0.16200000000000001
3277252,earthquake,2010-03-18T21:29:12.111Z,2013-07-09T16:11:00.000Z,165.39696000000000708,-46.22366000000000241,5.20000000000000018,33.00000000000000000,Mw,operator assigned,GROPE,reviewed,manual,nz1dr,11,10,0,1.44300000000000006,296.00000000000000000,0.37337999999999999,0.00000000000000000
3276970,outside of network interest,2010-03-18T06:42:08.840Z,2011-12-14T14:01:00.000Z,164.895,-48.519,5.3,10,Mw,operator assigned,GROPE,reviewed,,nz1dr,12,8,0,2.686,330,0.54968,0
3276967,earthquake,2010-03-18T06:28:50.290Z,2013-07-09T16:10:00.000Z,164.67199999999999704,-48.73301000000000016,5.59999999999999964,10.00000000000000000,Mw,operator assigned,GROPE,reviewed,manual,nz1dr,7,7,0,2.93500000000000005,331.00000000000000000,0.28036000000000000,0.00000000000000000
3276966,outside of network interest,2010-03-18T06:24:16.730Z,2024-03-19T03:06:36.178Z,164.855,-48.618,5.1,10,Mw,operator assigned,GROPE,reviewed,,nz1dr,12,10,0,2.768,330,0.33175,0
3266622,earthquake,2010-02-25T04:38:37.963Z,2013-07-09T14:49:00.000Z,166.19963000000001330,-46.07471999999999923,5.00000000000000000,12.00000000000000000,Mw,operator assigned,GROPE,reviewed,manual,nz1dr,12,9,0,0.90300000000000002,280.00000000000000000,0.20508999999999999,0.00000000000000000
3263351,earthquake,2010-02-18T17:02:38.740Z,2013-07-09T14:38:00.000Z,173.79830999999998653,-40.17117999999999967,5.00199999999999978,167.63599999999999568,ML,,GROPE,reviewed,manual,nz1dr,77,72,42,0.63800000000000001,128.00000000000000000,0.15276000000000001,0.27900000000000003
3254447,earthquake,2010-02-09T10:21:41.025Z,2013-07-09T14:19:00.000Z,-179.60828000000000770,-38.79579999999999984,5.00000000000000000,33.00000000000000000,Mw,operator assigned,GROPE,reviewed,manual,nz1dr,69,62,0,1.73900000000000010,210.00000000000000000,0.29075000000000001,0.00000000000000000
3252455,earthquake,2010-02-05T09:48:46.716Z,2013-07-09T14:13:00.000Z,167.40952999999998951,-44.72581000000000273,5.00000000000000000,5.00000000000000000,Mw,operator assigned,GROPE,reviewed,manual,nz1dr,17,14,0,0.37200000000000000,195.00000000000000000,0.16167000000000001,0.00000000000000000
3245353,earthquake,2010-01-21T21:17:06.133Z,2013-07-03T13:43:00.000Z,174.88835000000000264,-39.06915000000000049,5.03500000000000014,220.97730000000001382,ML,,GROPE,reviewed,manual,nz1dr,87,79,42,0.11600000000000001,88.00000000000000000,0.26535999999999998,0.20000000000000001
3208326,earthquake,2009-12-13T21:21:49.376Z,2013-07-02T09:18:00.000Z,176.47174000000001115,-37.49692999999999898,5.09600000000000009,225.03469999999998663,ML,,GROPE,reviewed,manual,nz1dr,66,59,43,0.28699999999999998,139.00000000000000000,0.18986000000000000,0.18900000000000000
3161707,earthquake,2009-10-01T05:44:08.094Z,2013-07-01T08:26:00.000Z,166.00554999999999950,-46.08539999999999992,5.00000000000000000,24.94549999999999912,Mw,,GROPE,reviewed,manual,nz1dr,11,6,0,0.39200000000000002,305.00000000000000000,0.32218000000000002,0.00000000000000000
3151675,earthquake,2009-09-09T10:33:04.532Z,2013-07-01T14:35:00.000Z,-179.18639999999999191,-32.77103000000000321,6.42900000000000027,436.64580000000000837,ML,,GROPE,reviewed,manual,nz1dr,38,33,42,5.20399999999999974,321.00000000000000000,0.24556000000000000,0.17000000000000001
3143806,earthquake,2009-08-25T04:57:24.495Z,2013-06-25T15:52:00.000Z,166.04715999999999099,-46.11466999999999672,5.20000000000000018,26.28659999999999997,Mw,,GROPE,reviewed,manual,nz1dr,22,11,0,0.38000000000000000,280.00000000000000000,0.33572999999999997,0.00000000000000000
3142277,earthquake,2009-08-21T17:24:28.621Z,2013-06-25T15:48:00.000Z,179.26469000000000165,-36.04272000000000276,5.29999999999999982,141.31520000000000437,Mw,,GROPE,reviewed,manual,nz1dr,53,50,0,1.70199999999999996,241.00000000000000000,0.28441000000000000,0.00000000000000000
3140524,earthquake,2009-08-17T19:16:47.591Z,2013-06-25T15:45:00.000Z,176.13539000000000101,-37.80284000000000333,5.30900000000000016,281.20859999999998990,ML,,GROPE,reviewed,manual,nz1dr,63,59,41,0.33500000000000002,116.00000000000000000,0.24353000000000000,0.22900000000000001
3140483,earthquake,2009-08-17T16:56:37.748Z,2013-06-25T15:45:00.000Z,165.77914000000001238,-45.92334000000000316,5.00000000000000000,29.15830000000000055,Mw,,GROPE,reviewed,manual,nz1dr,15,7,0,0.51300000000000001,312.00000000000000000,0.17397000000000001,0.00000000000000000
3139844,outside of network interest,2009-08-16T07:43:21.300Z,2013-04-29T14:40:00.000Z,-179.483,-35.07401,5,35,Mb,operator assigned,GROPE,reviewed,,nz1dr,28,23,0,3.06,269,0.2464,0
3139839,outside of network interest,2009-08-16T07:26:42.390Z,2013-04-29T14:32:00.000Z,-179.571,-35.01699,5.4,35,Mb,operator assigned,GROPE,reviewed,,nz1dr,23,19,0,3.066,299,0.52348,0
3134797,earthquake,2009-08-05T08:31:37.425Z,2013-06-25T15:34:00.000Z,166.12095999999999663,-45.44004999999999939,6.09999999999999964,12.00000000000000000,Mw,operator assigned,GROPE,reviewed,manual,nz1dr,23,14,0,0.45700000000000002,266.00000000000000000,0.27981000000000000,0.00000000000000000
3133965,earthquake,2009-08-03T18:49:30.192Z,2013-06-25T15:33:00.000Z,166.45750000000001023,-45.13398999999999717,5.09999999999999964,12.00000000000000000,Mw,operator assigned,GROPE,reviewed,manual,nz1dr,18,13,0,0.39200000000000002,234.00000000000000000,0.27588000000000001,0.00000000000000000
3126592,earthquake,2009-07-19T08:48:43.227Z,2013-07-03T10:47:00.000Z,166.16428999999999405,-45.33740999999999843,5.20000000000000018,12.00000000000000000,Mw,operator assigned,GROPE,reviewed,manual,nz1dr,21,12,0,0.47099999999999997,266.00000000000000000,0.23175999999999999,0.00000000000000000
3126520,earthquake,2009-07-19T05:11:33.657Z,2013-06-24T17:18:00.000Z,166.09658999999999196,-45.37895000000000323,5.29999999999999982,12.00000000000000000,Mw,operator assigned,GROPE,reviewed,manual,nz1dr,19,13,0,0.49500000000000000,258.00000000000000000,0.20008000000000001,0.00000000000000000
3126277,earthquake,2009-07-18T15:33:46.836Z,2013-06-24T17:17:00.000Z,166.65355999999999881,-45.53455999999999904,5.00000000000000000,23.07290000000000063,Mw,,GROPE,reviewed,manual,nz1dr,18,12,0,0.07400000000000000,214.00000000000000000,0.15637000000000001,0.00000000000000000
3125691,earthquake,2009-07-17T06:39:23.290Z,2013-06-24T17:13:00.000Z,166.50191000000000940,-45.33122000000000185,5.20000000000000018,12.00000000000000000,Mw,operator assigned,GROPE,reviewed,manual,nz1dr,26,13,0,0.25400000000000000,236.00000000000000000,0.25335000000000002,0.00000000000000000
3125523,earthquake,2009-07-16T22:18:23.071Z,2013-06-24T17:11:00.000Z,166.12093999999999028,-46.18636999999999659,5.70000000000000018,33.00000000000000000,Mw,operator assigned,GROPE,reviewed,manual,nz1dr,11,9,0,0.38900000000000001,283.00000000000000000,0.24587999999999999,0.00000000000000000
3125421,earthquake,2009-07-16T17:27:40.214Z,2013-06-24T17:11:00.000Z,166.50855999999998858,-45.46636000000000166,5.00000000000000000,12.00000000000000000,Mw,operator assigned,GROPE,reviewed,manual,nz1dr,14,10,0,0.45400000000000001,225.00000000000000000,0.13910000000000000,0.00000000000000000
3125201,earthquake,2009-07-16T06:30:01.989Z,2013-06-24T17:08:00.000Z,166.57220000000000937,-45.69185999999999837,5.00000000000000000,12.00000000000000000,Mw,operator assigned,GROPE,reviewed,manual,nz1dr,12,7,0,0.46700000000000003,233.00000000000000000,0.21631000000000000,0.00000000000000000
3125083,earthquake,2009-07-16T00:44:46.778Z,2013-07-03T13:52:00.000Z,165.89287999999999101,-46.16516000000000020,5.29999999999999982,5.00000000000000000,Mw,operator assigned,GROPE,reviewed,manual,nz1dr,11,9,0,0.54700000000000004,279.00000000000000000,0.31494000000000000,0.00000000000000000
3125077,earthquake,2009-07-16T00:24:05.758Z,2013-07-03T13:50:00.000Z,165.98418000000000916,-46.14039999999999964,5.59999999999999964,12.00000000000000000,Mw,operator assigned,GROPE,reviewed,manual,nz1dr,12,9,0,0.48499999999999999,287.00000000000000000,0.32227000000000000,0.00000000000000000
3793036,earthquake,2009-07-15T23:41:20.365Z,2013-05-14T10:07:00.000Z,167.04752,-45.51938,5.114,67.4409,ML,,GROPE,reviewed,,nz1dr,26,14,20,0.092,196,0.15158,0.329
3792841,earthquake,2009-07-15T21:36:02.733Z,2013-05-14T10:05:00.000Z,166.10686,-46.01078,5.135,12,ML,operator assigned,GROPE,reviewed,,nz1dr,12,7,21,0.429,281,0.37763,0.24
3352355,earthquake,2009-07-15T13:50:39.255Z,2013-07-03T13:36:00.000Z,166.54713000000000989,-45.44288999999999845,5.50000000000000000,12.00000000000000000,Mw,operator assigned,GROPE,reviewed,manual,nz1dr,19,12,0,0.42799999999999999,227.00000000000000000,0.32628000000000001,0.00000000000000000
3124834,earthquake,2009-07-15T11:49:42.698Z,2013-06-24T17:05:00.000Z,166.61770999999998821,-45.59642000000000195,5.00100000000000033,5.00000000000000000,ML,operator assigned,GROPE,reviewed,manual,nz1dr,12,7,23,0.39900000000000002,255.00000000000000000,0.25108999999999998,0.17399999999999999
3332165,earthquake,2009-07-15T11:44:14.117Z,2013-06-24T17:40:00.000Z,166.59409999999999741,-45.53629000000000104,5.12100000000000044,12.00000000000000000,ML,operator assigned,GROPE,reviewed,manual,nz1dr,16,9,17,0.40000000000000002,219.00000000000000000,0.36597000000000002,0.18200000000000000
3330588,earthquake,2009-07-15T11:35:43.531Z,2013-06-24T17:40:00.000Z,166.68178000000000338,-45.57670999999999850,5.05600000000000005,12.00000000000000000,ML,operator assigned,GROPE,reviewed,manual,nz1dr,14,9,27,0.34999999999999998,225.00000000000000000,0.27082000000000001,0.19600000000000001
3124813,earthquake,2009-07-15T10:46:00.995Z,2013-06-24T17:05:00.000Z,166.19542000000001281,-46.03699999999999903,5.10899999999999999,20.00000000000000000,ML,operator assigned,GROPE,reviewed,manual,nz1dr,11,5,11,0.36199999999999999,287.00000000000000000,0.42254999999999998,0.23300000000000001
3321335,earthquake,2009-07-15T10:36:42.155Z,2013-06-24T17:40:00.000Z,166.08278000000001384,-46.05010000000000048,5.20199999999999996,20.00000000000000000,ML,operator assigned,GROPE,reviewed,manual,nz1dr,9,7,23,0.43200000000000000,283.00000000000000000,0.25555000000000000,0.20300000000000001
3124807,earthquake,2009-07-15T10:21:32.576Z,2013-06-24T17:05:00.000Z,165.84415000000001328,-46.19568000000000296,5.01400000000000023,33.00000000000000000,ML,operator assigned,GROPE,reviewed,manual,nz1dr,9,5,14,0.58199999999999996,298.00000000000000000,0.45876000000000000,0.19900000000000001
3316575,earthquake,2009-07-15T10:16:16.364Z,2013-06-24T17:39:00.000Z,166.64260999999999058,-45.48478000000000065,5.16899999999999959,12.00000000000000000,ML,operator assigned,GROPE,reviewed,manual,nz1dr,14,8,23,0.35999999999999999,231.00000000000000000,0.25342999999999999,0.21600000000000000
3314094,earthquake,2009-07-15T10:12:30.497Z,2013-06-24T17:39:00.000Z,166.08501999999998588,-46.03155000000000285,5.17499999999999982,12.00000000000000000,ML,operator assigned,GROPE,reviewed,manual,nz1dr,9,5,15,0.43600000000000000,282.00000000000000000,0.30149999999999999,0.22200000000000000
3124802,earthquake,2009-07-15T10:11:20.391Z,2013-06-24T17:05:00.000Z,166.51401999999998793,-45.93455999999999761,5.05299999999999994,12.00000000000000000,ML,operator assigned,GROPE,reviewed,manual,nz1dr,11,7,14,0.26100000000000001,250.00000000000000000,0.47537000000000001,0.31800000000000000
3314092,earthquake,2009-07-15T10:11:15.781Z,2013-06-24T17:39:00.000Z,165.39170999999998912,-46.07088000000000250,5.28599999999999959,12.00000000000000000,ML,operator assigned,GROPE,reviewed,manual,nz1dr,10,5,13,0.90200000000000002,299.00000000000000000,0.22328999999999999,0.22900000000000001
3124798,earthquake,2009-07-15T10:01:50.845Z,2013-06-24T17:05:00.000Z,166.43487999999999261,-45.83543000000000234,5.53300000000000036,5.00000000000000000,ML,operator assigned,GROPE,reviewed,manual,nz1dr,13,10,28,0.37400000000000000,250.00000000000000000,0.21629999999999999,0.23000000000000001
3313472,earthquake,2009-07-15T09:55:07.386Z,2013-06-24T17:39:00.000Z,166.53592000000000439,-45.67450000000000188,5.29600000000000026,5.00000000000000000,ML,operator assigned,GROPE,reviewed,manual,nz1dr,12,8,25,0.48099999999999998,237.00000000000000000,0.12776999999999999,0.37200000000000000
3313467,earthquake,2009-07-15T09:53:46.622Z,2013-06-24T17:39:00.000Z,166.02161000000000968,-46.05948999999999671,5.07300000000000040,20.00000000000000000,ML,operator assigned,GROPE,reviewed,manual,nz1dr,10,5,14,0.47099999999999997,294.00000000000000000,0.20544999999999999,0.17000000000000001
3124795,earthquake,2009-07-15T09:52:17.672Z,2013-06-24T17:05:00.000Z,165.88338999999999146,-46.03457999999999828,5.27299999999999969,12.00000000000000000,ML,operator assigned,GROPE,reviewed,manual,nz1dr,13,9,31,0.56999999999999995,287.00000000000000000,0.38775999999999999,0.28199999999999997
3308774,earthquake,2009-07-15T09:46:15.358Z,2013-06-24T17:39:00.000Z,166.08726999999998952,-46.02915999999999741,5.19599999999999973,12.00000000000000000,ML,operator assigned,GROPE,reviewed,manual,nz1dr,12,8,21,0.43500000000000000,291.00000000000000000,0.24237000000000000,0.33000000000000002
3308618,earthquake,2009-07-15T09:41:52.637Z,2013-06-24T17:39:00.000Z,165.74527000000000498,-46.07236999999999938,6.06099999999999994,33.00000000000000000,ML,operator assigned,GROPE,reviewed,manual,nz1dr,12,8,40,0.65700000000000003,289.00000000000000000,0.19625999999999999,0.33100000000000002
3124791,earthquake,2009-07-15T09:38:22.183Z,2013-06-24T17:05:00.000Z,173.55429000000000883,-40.17810000000000059,5.41199999999999992,167.10239999999998872,ML,,GROPE,reviewed,manual,nz1dr,69,66,36,0.68400000000000005,144.00000000000000000,0.21001000000000000,0.28899999999999998
3308274,earthquake,2009-07-15T09:36:18.597Z,2013-06-24T17:39:00.000Z,166.78242000000000189,-45.53808000000000078,5.08499999999999996,12.00000000000000000,ML,operator assigned,GROPE,reviewed,manual,nz1dr,19,12,16,0.27100000000000002,218.00000000000000000,0.15781000000000001,0.17100000000000001
3308261,earthquake,2009-07-15T09:34:40.224Z,2013-06-24T17:39:00.000Z,166.69274999999998954,-45.60441999999999751,5.13499999999999979,12.00000000000000000,ML,operator assigned,GROPE,reviewed,manual,nz1dr,11,6,14,0.35199999999999998,223.00000000000000000,0.34533000000000003,0.30499999999999999
3129439,earthquake,2009-07-15T09:29:07.039Z,2013-06-24T17:28:00.000Z,166.80135000000001355,-45.81994000000000256,5.20899999999999963,12.00000000000000000,ML,operator assigned,GROPE,reviewed,manual,nz1dr,12,6,14,0.35799999999999998,201.00000000000000000,0.44993000000000000,0.31800000000000000
3130312,earthquake,2009-07-15T09:27:45.703Z,2013-06-24T17:31:00.000Z,166.77271999999999252,-46.00959999999999894,5.27500000000000036,12.00000000000000000,ML,operator assigned,GROPE,reviewed,manual,nz1dr,10,5,10,0.17100000000000001,184.00000000000000000,0.33116000000000001,0.24299999999999999
3130305,earthquake,2009-07-15T09:26:50.651Z,2013-06-24T17:30:00.000Z,166.37299999999999045,-45.79724999999999824,5.29999999999999982,12.00000000000000000,ML,operator assigned,GROPE,reviewed,manual,nz1dr,11,6,8,0.42799999999999999,269.00000000000000000,0.46554000000000001,0.22300000000000000
3130290,earthquake,2009-07-15T09:26:17.022Z,2013-06-24T17:30:00.000Z,166.37148999999999432,-45.79796999999999940,5.39200000000000035,12.00000000000000000,ML,operator assigned,GROPE,reviewed,manual,nz1dr,13,6,9,0.42799999999999999,269.00000000000000000,0.46998000000000001,0.21099999999999999
3128974,earthquake,2009-07-15T09:25:20.223Z,2013-06-24T17:27:00.000Z,166.18683999999998946,-46.01908000000000243,5.62500000000000000,12.00000000000000000,ML,operator assigned,GROPE,reviewed,manual,nz1dr,11,6,9,0.37400000000000000,287.00000000000000000,0.41497000000000001,0.12900000000000000
3124785,earthquake,2009-07-15T09:22:29.322Z,2013-06-24T17:04:00.000Z,166.58707000000001131,-45.77024999999999721,7.79999999999999982,12.00000000000000000,Mw,operator assigned,GROPE,reviewed,manual,nz1dr,19,17,0,0.40300000000000002,230.00000000000000000,0.15612999999999999,0.00000000000000000
3072353,earthquake,2009-04-08T11:12:58.850Z,2013-06-20T10:56:00.000Z,178.54151999999999134,-38.68939999999999912,5.09999999999999964,26.29339999999999833,Mw,,GROPE,reviewed,manual,nz1dr,58,54,0,0.33200000000000002,155.00000000000000000,0.17252999999999999,0.00000000000000000
3068253,earthquake,2009-03-31T10:45:59.354Z,2013-06-19T14:59:00.000Z,176.42483999999998900,-37.75663000000000125,5.04199999999999982,181.62219999999999231,ML,,GROPE,reviewed,manual,nz1dr,61,57,36,0.40400000000000003,112.00000000000000000,0.20641999999999999,0.15800000000000000
3063166,earthquake,2009-03-21T20:28:18.262Z,2013-06-19T14:50:00.000Z,176.76412999999999442,-37.78014000000000294,5.09999999999999964,158.34129999999998972,Mw,,GROPE,reviewed,manual,nz1dr,90,78,0,0.11000000000000000,92.00000000000000000,0.19363000000000000,0.00000000000000000
3060307,earthquake,2009-03-16T06:50:44.838Z,2013-06-19T14:44:00.000Z,178.09691000000000827,-36.36157999999999646,5.12999999999999989,227.31929999999999836,ML,,GROPE,reviewed,manual,nz1dr,22,18,35,1.21199999999999997,280.00000000000000000,0.13306999999999999,0.16400000000000001
3059528,earthquake,2009-03-14T17:39:00.552Z,2013-06-19T14:43:00.000Z,177.55823000000000889,-36.83491999999999678,5.00000000000000000,174.32300000000000750,Mw,,GROPE,reviewed,manual,nz1dr,46,39,0,0.75200000000000000,206.00000000000000000,0.11978999999999999,0.00000000000000000
3052938,outside of network interest,2009-03-01T19:11:54.810Z,2012-04-19T17:13:00.000Z,-178.92799,-35.04399,5.2,35.3,Mw,operator assigned,GROPE,reviewed,,nz1dr,24,18,0,3.364,284,0.252,0
3049613,earthquake,2009-02-22T23:28:04.084Z,2013-06-19T09:33:00.000Z,176.57710000000000150,-37.45382000000000033,5.00000000000000000,233.61869999999998981,ML,,GROPE,reviewed,manual,nz1dr,57,54,37,0.31800000000000000,139.00000000000000000,0.16725000000000001,0.21299999999999999
3017161,earthquake,2008-12-19T00:21:05.412Z,2013-06-18T09:59:00.000Z,176.13830999999998994,-38.24634999999999962,5.00000000000000000,186.88390000000001123,Mw,,GROPE,reviewed,manual,nz1dr,85,81,0,0.08100000000000000,60.00000000000000000,0.25753999999999999,0.00000000000000000
3016554,earthquake,2008-12-17T20:33:57.294Z,2013-06-18T09:58:00.000Z,177.76266000000001100,-36.89954000000000178,5.20000000000000018,126.98300000000000409,Mw,,GROPE,reviewed,manual,nz1dr,42,38,0,0.77700000000000002,212.00000000000000000,0.18009000000000000,0.00000000000000000
3004673,earthquake,2008-11-24T03:35:27.253Z,2013-06-17T16:44:00.000Z,176.75726000000000226,-37.13020000000000209,5.46499999999999986,394.78350000000000364,ML,,GROPE,reviewed,manual,nz1dr,51,48,33,0.52600000000000002,169.00000000000000000,0.15543000000000001,0.23999999999999999
2974665,earthquake,2008-09-26T07:23:02.845Z,2013-06-17T08:38:00.000Z,173.92351999999999634,-42.30863000000000085,5.00000000000000000,23.89420000000000144,Mw,,GROPE,reviewed,manual,nz1dr,30,27,0,0.21500000000000000,157.00000000000000000,0.25363000000000002,0.00000000000000000
2974058,earthquake,2008-09-24T22:40:41.937Z,2013-06-17T08:37:00.000Z,173.97783000000001152,-42.19803000000000281,5.00000000000000000,16.72719999999999985,Mw,,GROPE,reviewed,manual,nz1dr,28,22,0,0.31700000000000000,164.00000000000000000,0.23932000000000000,0.00000000000000000
2961980,earthquake,2008-09-01T01:21:50.887Z,2013-06-17T08:18:00.000Z,175.89361999999999853,-39.10528999999999655,5.20000000000000018,85.09629999999999939,Mw,,GROPE,reviewed,manual,nz1dr,94,81,0,0.12900000000000000,31.00000000000000000,0.29254000000000002,0.00000000000000000
2958743,earthquake,2008-08-25T11:25:19.310Z,2013-06-13T11:04:00.000Z,176.85085000000000832,-39.71538999999999930,5.50000000000000000,31.83889999999999887,Mw,,GROPE,reviewed,manual,nz1dr,94,90,0,0.04800000000000000,93.00000000000000000,0.22605000000000000,0.00000000000000000
2938334,earthquake,2008-07-14T21:06:20.516Z,2013-06-11T13:42:00.000Z,175.84936999999999330,-38.28555000000000064,5.04000000000000004,179.36850000000001160,ML,,GROPE,reviewed,manual,nz1dr,66,58,27,0.40799999999999997,70.00000000000000000,0.20254000000000000,0.18099999999999999
2936936,earthquake,2008-07-12T00:08:56.797Z,2013-06-11T13:40:00.000Z,166.80452999999999975,-45.79055999999999926,5.09999999999999964,102.66190000000000282,Mw,,GROPE,reviewed,manual,nz1dr,18,14,0,0.38700000000000001,195.00000000000000000,0.17474000000000001,0.00000000000000000
2922302,earthquake,2008-06-12T21:06:24.237Z,2013-05-23T14:53:00.000Z,177.09467000000000780,-37.58283000000000129,5.20000000000000018,5.00000000000000000,Mw,operator assigned,GROPE,reviewed,manual,nz1dr,59,54,0,0.09300000000000000,105.00000000000000000,0.30620000000000003,0.00000000000000000
2921411,outside of network interest,2008-06-11T02:30:08.440Z,2013-05-23T13:04:00.000Z,179.911,-33.401,5.5,21.6,Mw,operator assigned,GROPE,reviewed,,nz1dr,17,17,0,4.355,306,0.9481,0
2909620,earthquake,2008-05-17T02:23:15.630Z,2013-02-25T16:32:00.000Z,179.39400000000000546,-33.68401000000000067,5.29999999999999982,146.30000000000001137,Mw,operator assigned,GROPE,reviewed,manual,nz1dr,28,24,0,3.97199999999999998,284.00000000000000000,0.74011000000000005,0.00000000000000000
2900220,earthquake,2008-04-26T23:34:49.390Z,2013-02-21T15:38:00.000Z,164.11699999999999022,-49.09100000000000108,5.90000000000000036,10.00000000000000000,Mw,operator assigned,GROPE,reviewed,manual,nz1dr,14,11,0,3.39999999999999991,316.00000000000000000,0.24790000000000001,0.00000000000000000
2886098,earthquake,2008-03-28T06:39:47.644Z,2013-03-13T11:26:00.000Z,179.36000000000001364,-32.88000000000000256,5.59999999999999964,365.00000000000000000,Mw,operator assigned,GROPE,reviewed,manual,nz1dr,41,35,0,4.75199999999999978,283.00000000000000000,0.74207000000000001,0.00000000000000000
2873624,outside of network interest,2008-03-01T23:06:44.770Z,2013-03-13T11:21:00.000Z,-179.299,-35.379,5.7,24.7,Mw,operator assigned,GROPE,reviewed,,nz1dr,25,21,0,2.912,265,0.7544,0
2873598,outside of network interest,2008-03-01T21:54:57.220Z,2013-03-13T11:20:00.000Z,-179.519,-35.609,5.1,57.7,Mw,operator assigned,GROPE,reviewed,,nz1dr,19,16,0,2.621,297,0.27019,0
2867747,earthquake,2008-02-19T11:52:00.435Z,2013-03-13T11:11:00.000Z,178.30604999999999905,-35.46002000000000010,5.09999999999999964,33.00000000000000000,Mw,operator assigned,GROPE,reviewed,manual,nz1dr,20,18,0,2.10000000000000009,268.00000000000000000,0.48163000000000000,0.00000000000000000
2867704,earthquake,2008-02-19T09:26:07.682Z,2013-03-13T11:10:00.000Z,178.60384999999999422,-35.59326999999999686,5.09999999999999964,33.00000000000000000,Mw,operator assigned,GROPE,reviewed,manual,nz1dr,16,14,0,1.98100000000000009,272.00000000000000000,0.28519000000000000,0.00000000000000000
2853545,earthquake,2008-01-20T18:41:49.391Z,2013-03-13T10:50:00.000Z,167.04035999999999262,-45.01053999999999888,5.50000000000000000,12.00000000000000000,Mw,operator assigned,GROPE,reviewed,manual,nz1dr,16,12,0,0.46300000000000002,234.00000000000000000,0.21620000000000000,0.00000000000000000
2839343,earthquake,2007-12-20T07:55:16.822Z,2013-03-13T09:56:00.000Z,178.53700000000000614,-38.89009000000000071,6.70000000000000018,33.00000000000000000,Mw,operator assigned,GROPE,reviewed,manual,nz1dr,48,43,0,0.45900000000000002,236.00000000000000000,0.21315000000000001,0.00000000000000000
2836838,earthquake,2007-12-14T18:03:22.372Z,2013-03-13T09:52:00.000Z,178.48848000000000980,-35.26415999999999684,5.00000000000000000,12.00000000000000000,Mw,operator assigned,GROPE,reviewed,manual,nz1dr,20,16,0,2.29999999999999982,275.00000000000000000,0.40046999999999999,0.00000000000000000
2832155,earthquake,2007-12-06T13:18:15.909Z,2012-09-05T09:35:00.000Z,179.10477000000000203,-35.33496999999999844,5.40599999999999969,215.29660000000001219,ML,,GROPE,reviewed,manual,nz1dr,21,19,24,2.31599999999999984,293.00000000000000000,0.28293000000000001,0.21600000000000000
2829153,earthquake,2007-11-29T15:53:32.034Z,2012-03-27T16:53:00.000Z,167.24168000000000234,-45.05340999999999951,5.20000000000000018,119.32019999999999982,Mw,,GROPE,reviewed,manual,nz1dr,26,21,0,0.41799999999999998,194.00000000000000000,0.14513999999999999,0.00000000000000000
2813265,earthquake,2007-10-27T07:54:56.623Z,2012-03-19T09:10:00.000Z,178.11697000000000912,-35.39477000000000118,5.29999999999999982,5.00000000000000000,Mw,operator assigned,GROPE,reviewed,manual,nz1dr,14,13,0,2.16999999999999993,265.00000000000000000,0.30031000000000002,0.00000000000000000
3681285,earthquake,2007-10-15T21:29:05.026Z,2012-03-28T18:00:00.000Z,167.50665000000000759,-44.80263000000000062,5.57099999999999973,5.00000000000000000,ML,operator assigned,GROPE,reviewed,manual,nz1dr,18,11,13,0.32500000000000001,210.00000000000000000,0.35297000000000001,0.22100000000000000
2808461,earthquake,2007-10-15T21:28:22.958Z,2012-03-19T09:01:00.000Z,167.35593000000000075,-44.71061999999999870,6.09999999999999964,5.00000000000000000,Mw,operator assigned,GROPE,reviewed,manual,nz1dr,23,20,0,0.40799999999999997,198.00000000000000000,0.14924000000000001,0.00000000000000000
2808300,earthquake,2007-10-15T12:35:38.178Z,2012-03-22T09:36:00.000Z,167.48598999999998682,-44.77197999999999922,5.66699999999999982,5.00000000000000000,ML,operator assigned,GROPE,reviewed,manual,nz1dr,24,15,22,0.66700000000000004,203.00000000000000000,0.14932000000000001,0.25600000000000001
3683886,earthquake,2007-10-15T12:31:17.351Z,2012-04-02T18:11:00.000Z,167.46350000000001046,-44.81539000000000073,5.35700000000000021,5.00000000000000000,ML,operator assigned,GROPE,reviewed,manual,nz1dr,14,7,7,0.62900000000000000,210.00000000000000000,0.24673000000000000,0.11300000000000000
3683875,earthquake,2007-10-15T12:30:14.084Z,2012-04-02T18:10:00.000Z,167.25235000000000696,-44.64271999999999707,5.82000000000000028,5.00000000000000000,ML,operator assigned,GROPE,reviewed,manual,nz1dr,14,6,5,0.48199999999999998,269.00000000000000000,0.27346999999999999,0.24199999999999999
2808298,earthquake,2007-10-15T12:29:33.724Z,2012-03-30T14:52:00.000Z,167.43543999999999983,-44.73866000000000298,6.70000000000000018,5.00000000000000000,Mw,operator assigned,GROPE,reviewed,manual,nz1dr,32,23,0,0.35599999999999998,188.00000000000000000,0.15551000000000001,0.00000000000000000
2806496,outside of network interest,2007-10-11T16:25:05.850Z,2012-05-21T16:10:00.000Z,164.31,-49.05199,5.5,10,Mw,operator assigned,GROPE,reviewed,,nz1dr,15,11,0,3.301,333,0.29962,0
2802756,earthquake,2007-10-03T19:15:11.549Z,2012-05-21T16:06:00.000Z,172.86786000000000740,-42.09009999999999962,5.50000000000000000,56.71509999999999962,Mw,,GROPE,reviewed,manual,nz1dr,38,34,0,0.28999999999999998,61.00000000000000000,0.24485000000000001,0.00000000000000000
2802736,outside of network interest,2007-10-03T18:03:03.920Z,2012-05-21T16:06:00.000Z,164.62199,-48.65501,5.3,7.1,Mw,operator assigned,GROPE,reviewed,,nz1dr,16,11,0,2.854,331,0.43068,0
2802497,outside of network interest,2007-10-03T03:32:56.540Z,2012-05-21T16:06:00.000Z,164.698,-48.724,5,17.4,Mw,operator assigned,GROPE,reviewed,,nz1dr,14,11,0,2.89,331,0.36156,0
2802459,outside of network interest,2007-10-03T01:43:25.680Z,2012-05-21T16:05:00.000Z,164.658,-48.63499,5.1,10,Mw,operator assigned,GROPE,reviewed,,nz1dr,15,11,0,2.825,331,0.53582,0
2802069,outside of network interest,2007-10-02T06:51:33.390Z,2012-03-19T08:53:00.000Z,165.008,-48.013,5.1,10,Mw,operator assigned,GROPE,reviewed,,nz1dr,15,10,0,2.171,327,0.30814,0
2801205,earthquake,2007-09-30T09:47:51.970Z,2012-09-11T13:48:00.000Z,164.11000000000001364,-49.13799999999999812,6.59999999999999964,18.00000000000000000,Mw,operator assigned,GROPE,reviewed,manual,nz1dr,19,16,0,3.44200000000000017,334.00000000000000000,0.90564000000000000,0.00000000000000000
2799448,earthquake,2007-09-26T10:54:14.597Z,2012-03-12T11:08:00.000Z,178.57735999999999876,-39.59051000000000187,5.29999999999999982,12.00000000000000000,Mw,operator assigned,GROPE,reviewed,manual,nz1dr,27,23,0,0.67800000000000005,236.00000000000000000,0.19697000000000001,0.00000000000000000
2765723,earthquake,2007-07-13T12:47:03.492Z,2010-11-05T08:47:00.000Z,173.99179000000000883,-39.69335000000000235,5.10899999999999999,233.79560000000000741,ML,,GROPE,reviewed,manual,nz1dr,44,40,16,0.42799999999999999,123.00000000000000000,0.23060000000000000,0.18600000000000000
2694190,earthquake,2007-02-09T13:51:03.439Z,2010-01-13T23:34:00.000Z,177.51166000000000622,-36.20640000000000214,5.14200000000000035,274.95789999999999509,ML,,GROPE,reviewed,manual,nz1dr,18,11,23,1.49700000000000011,266.00000000000000000,0.08153000000000001,0.19600000000000001
2623315,earthquake,2006-09-11T06:02:43.703Z,2010-01-13T23:28:00.000Z,172.70905999999999381,-41.27136999999999745,5.19000000000000039,183.04470000000000596,ML,,GROPE,reviewed,manual,nz1dr,52,33,25,0.46400000000000002,108.00000000000000000,0.21462999999999999,0.19700000000000001
2621825,earthquake,2006-09-07T17:31:18.394Z,2010-01-13T23:28:00.000Z,175.26712000000000558,-39.02817000000000291,5.03699999999999992,145.68750000000000000,ML,,GROPE,reviewed,manual,nz1dr,41,40,13,0.14000000000000001,85.00000000000000000,0.18032999999999999,0.19900000000000001
2609766,earthquake,2006-08-13T04:29:25.802Z,2010-01-13T23:27:00.000Z,172.65234000000000947,-41.76391999999999882,5.20000000000000018,94.12779999999999347,Mw,,GROPE,reviewed,manual,nz1dr,70,47,0,0.18900000000000000,51.00000000000000000,0.22466000000000000,0.00000000000000000
2595786,earthquake,2006-07-14T00:54:02.915Z,2010-01-13T23:26:00.000Z,-179.44746000000000663,-40.74918000000000262,5.24500000000000011,33.00000000000000000,ML,operator assigned,GROPE,reviewed,manual,nz1dr,48,34,58,2.80600000000000005,260.00000000000000000,0.34442000000000000,0.24199999999999999
2593170,earthquake,2006-07-08T11:27:17.727Z,2010-01-13T23:25:00.000Z,176.82281000000000404,-39.17956999999999823,5.20000000000000018,32.78880000000000194,Mw,,GROPE,reviewed,manual,nz1dr,26,17,0,0.25700000000000001,90.00000000000000000,0.15668000000000001,0.00000000000000000
2582631,earthquake,2006-06-14T20:33:46.418Z,2007-12-12T09:33:00.000Z,-179.52533999999999992,-37.69843000000000188,5.00000000000000000,33.00000000000000000,Mw,operator assigned,GROPE,reviewed,manual,nz1dr,22,15,0,1.72700000000000009,298.00000000000000000,0.14782000000000001,0.00000000000000000
2553931,earthquake,2006-04-15T07:14:43.153Z,2010-01-13T23:22:00.000Z,165.70096000000000913,-47.04097000000000151,5.00000000000000000,33.00000000000000000,Mw,operator assigned,GROPE,reviewed,manual,nz1dr,13,9,0,1.51299999999999990,320.00000000000000000,0.22287999999999999,0.00000000000000000
2550527,earthquake,2006-04-08T15:41:39.239Z,2010-01-13T23:21:00.000Z,176.03108000000000288,-38.36189999999999856,5.29900000000000038,155.55179999999998586,ML,,GROPE,reviewed,manual,nz1dr,51,38,23,0.22400000000000000,94.00000000000000000,0.23094999999999999,0.20999999999999999
2527599,earthquake,2006-02-18T06:44:23.463Z,2010-01-13T23:19:00.000Z,176.32502999999999815,-37.80935000000000201,5.05199999999999960,194.65549999999998931,ML,,GROPE,reviewed,manual,nz1dr,49,41,23,0.44700000000000001,93.00000000000000000,0.22633000000000000,0.19700000000000001
2526413,earthquake,2006-02-15T12:15:56.886Z,2010-01-13T23:19:00.000Z,173.42438999999998828,-40.21283999999999992,5.00000000000000000,172.76910000000000878,Mw,,GROPE,reviewed,manual,nz1dr,77,66,0,0.70099999999999996,134.00000000000000000,0.19386000000000000,0.00000000000000000
2484105,earthquake,2005-11-08T22:51:53.517Z,2010-01-13T23:15:00.000Z,176.29129000000000360,-37.58773999999999660,5.57899999999999974,291.60270000000002710,ML,,GROPE,reviewed,manual,nz1dr,64,49,24,0.14499999999999999,94.00000000000000000,0.21276999999999999,0.15500000000000000
2483106,earthquake,2005-11-06T13:27:57.976Z,2012-09-11T13:45:00.000Z,164.83600000000001273,-48.89099999999999824,5.40000000000000036,73.90000000000000568,Mw,operator assigned,GROPE,reviewed,manual,nz1dr,11,8,0,3.66800000000000015,338.00000000000000000,0.25786999999999999,0.00000000000000000
2472801,earthquake,2005-10-14T08:27:38.022Z,2010-01-13T23:13:00.000Z,179.42127999999999588,-35.15863999999999834,5.70000000000000018,263.00430000000000064,Mw,,GROPE,reviewed,manual,nz1dr,28,24,0,2.56400000000000006,290.00000000000000000,0.24751000000000001,0.00000000000000000
2453384,earthquake,2005-08-30T17:34:10.215Z,2010-01-13T23:11:00.000Z,178.52004999999999768,-35.73436000000000234,5.09999999999999964,12.00000000000000000,Mw,operator assigned,GROPE,reviewed,manual,nz1dr,17,15,0,1.83400000000000007,280.00000000000000000,0.39824999999999999,0.00000000000000000
2439998,earthquake,2005-07-31T02:08:58.797Z,2010-01-13T23:09:00.000Z,175.99030999999999381,-38.38875999999999777,5.39900000000000002,192.67619999999999436,ML,,GROPE,reviewed,manual,nz1dr,54,53,24,0.21099999999999999,60.00000000000000000,0.18698000000000001,0.16100000000000000
2420422,earthquake,2005-06-20T04:55:16.241Z,2010-01-13T23:07:00.000Z,177.04633000000001175,-36.98626999999999754,5.60599999999999987,202.90639999999999077,ML,,GROPE,reviewed,manual,nz1dr,38,28,24,0.55300000000000005,185.00000000000000000,0.18725000000000000,0.18800000000000000
2419900,earthquake,2005-06-19T01:45:42.278Z,2010-01-13T23:07:00.000Z,174.90886000000000422,-39.17405999999999722,5.03399999999999981,207.13849999999999341,ML,,GROPE,reviewed,manual,nz1dr,84,58,24,0.12600000000000000,61.00000000000000000,0.26662999999999998,0.20100000000000001
2418019,earthquake,2005-06-14T22:33:25.299Z,2010-01-13T23:07:00.000Z,178.89113000000000397,-35.19286999999999921,5.09999999999999964,214.73670000000001323,Mw,,GROPE,reviewed,manual,nz1dr,24,20,0,2.41299999999999981,307.00000000000000000,0.18371000000000001,0.00000000000000000
2414136,earthquake,2005-06-05T20:03:02.723Z,2010-01-13T23:06:00.000Z,-179.30469999999999686,-36.82661000000000229,5.19000000000000039,33.00000000000000000,ML,operator assigned,GROPE,reviewed,manual,nz1dr,23,16,58,2.04499999999999993,312.00000000000000000,0.14352999999999999,0.22700000000000001
2404281,earthquake,2005-05-15T00:05:26.483Z,2010-01-13T23:05:00.000Z,179.37790000000001100,-38.24965000000000259,5.00000000000000000,5.00000000000000000,Mw,operator assigned,GROPE,reviewed,manual,nz1dr,27,22,0,0.90100000000000002,272.00000000000000000,0.23375000000000001,0.00000000000000000
2403682,earthquake,2005-05-13T17:07:58.500Z,2010-01-13T23:05:00.000Z,179.47336000000001377,-38.21132000000000062,5.29999999999999982,12.00000000000000000,Mw,operator assigned,GROPE,reviewed,manual,nz1dr,11,6,0,0.96899999999999997,282.00000000000000000,0.10629000000000000,0.00000000000000000
2626467,earthquake,2005-05-02T15:40:04.472Z,2010-01-13T23:04:00.000Z,169.03773000000001048,-43.95123000000000246,5.00000000000000000,10.10679999999999978,Mw,,GROPE,reviewed,manual,nz1dr,36,22,0,0.06700000000000000,104.00000000000000000,0.21424000000000001,0.00000000000000000
2398629,earthquake,2005-05-02T15:35:37.887Z,2010-01-13T23:04:00.000Z,168.97467000000000326,-43.94116999999999962,5.40000000000000036,15.00409999999999933,Mw,,GROPE,reviewed,manual,nz1dr,34,26,0,0.07600000000000000,176.00000000000000000,0.21265000000000001,0.00000000000000000
2376763,earthquake,2005-03-14T08:04:35.938Z,2010-01-13T23:01:00.000Z,166.80919000000000096,-45.07932999999999879,5.20000000000000018,5.00000000000000000,Mw,operator assigned,GROPE,reviewed,manual,nz1dr,16,9,0,0.45700000000000002,259.00000000000000000,0.29313000000000000,0.00000000000000000
2376455,earthquake,2005-03-13T15:08:13.137Z,2010-01-13T23:01:00.000Z,173.67229000000000383,-40.17884000000000100,5.29999999999999982,142.94130000000001246,Mw,,GROPE,reviewed,manual,nz1dr,89,76,0,0.65200000000000002,126.00000000000000000,0.25175999999999998,0.00000000000000000
2359081,earthquake,2005-01-31T17:31:53.291Z,2010-01-13T22:58:00.000Z,175.76167000000000940,-41.45723000000000269,5.09999999999999964,19.85330000000000084,Mw,,GROPE,reviewed,manual,nz1dr,42,35,0,0.26300000000000001,208.00000000000000000,0.21201999999999999,0.00000000000000000
2354133,earthquake,2005-01-20T18:56:31.429Z,2010-01-13T22:57:00.000Z,175.05260999999998717,-41.09116999999999820,5.29999999999999982,30.84730000000000061,Mw,,GROPE,reviewed,manual,nz1dr,90,53,0,0.02100000000000000,71.00000000000000000,0.13750999999999999,0.00000000000000000
2352986,earthquake,2005-01-18T08:36:04.241Z,2010-01-13T22:56:00.000Z,175.78934000000000992,-41.46338000000000079,5.20000000000000018,18.76370000000000005,Mw,,GROPE,reviewed,manual,nz1dr,88,51,0,0.28399999999999997,210.00000000000000000,0.16037000000000001,0.00000000000000000
2340711,earthquake,2004-12-19T08:34:11.352Z,2010-01-13T22:55:00.000Z,164.98517000000001076,-46.30861999999999767,5.53500000000000014,33.00000000000000000,ML,operator assigned,GROPE,reviewed,manual,nz1dr,13,8,10,1.73300000000000010,327.00000000000000000,0.48021999999999998,0.26400000000000001
2326055,earthquake,2004-11-22T20:26:32.095Z,2010-01-13T22:53:00.000Z,165.31691000000000713,-46.60614000000000345,7.00000000000000000,12.00000000000000000,Mw,operator assigned,GROPE,reviewed,manual,nz1dr,22,16,0,1.56099999999999994,306.00000000000000000,0.20896000000000001,0.00000000000000000
2322314,earthquake,2004-11-15T06:18:27.042Z,2010-01-13T22:53:00.000Z,176.33872999999999820,-37.65780000000000172,5.06400000000000006,290.17980000000000018,ML,,GROPE,reviewed,manual,nz1dr,41,29,22,0.85699999999999998,116.00000000000000000,0.13084999999999999,0.22400000000000000
2296109,earthquake,2004-09-18T19:20:12.873Z,2010-01-13T22:50:00.000Z,178.93393000000000370,-35.20177000000000334,5.01900000000000013,219.14250000000001251,ML,,GROPE,reviewed,manual,nz1dr,23,18,21,2.41100000000000003,283.00000000000000000,0.36223000000000000,0.25300000000000000
2267431,earthquake,2004-07-20T06:28:46.041Z,2010-01-13T22:45:00.000Z,174.76489000000000829,-38.98917999999999751,5.19399999999999995,578.47439999999994598,ML,,GROPE,reviewed,manual,nz1dr,56,37,23,0.13700000000000001,95.00000000000000000,0.17484000000000000,0.27100000000000002
2266243,earthquake,2004-07-18T04:22:22.727Z,2010-01-13T22:44:00.000Z,176.51410999999998808,-38.00536000000000314,5.40000000000000036,5.00000000000000000,Mw,operator assigned,GROPE,reviewed,manual,nz1dr,67,54,0,0.10299999999999999,90.00000000000000000,0.20357000000000000,0.00000000000000000
2225439,earthquake,2004-05-05T05:46:58.020Z,2010-01-13T22:39:00.000Z,176.53222999999999843,-37.74432000000000187,5.13600000000000012,187.88190000000000168,ML,,GROPE,reviewed,manual,nz1dr,52,41,19,0.21600000000000000,101.00000000000000000,0.18881000000000001,0.16000000000000000
2198544,earthquake,2004-03-12T23:36:37.315Z,2010-01-13T22:36:00.000Z,174.94211000000001377,-39.05866000000000327,5.09799999999999986,214.43999999999999773,ML,,GROPE,reviewed,manual,nz1dr,58,45,18,0.15800000000000000,97.00000000000000000,0.18289000000000000,0.20100000000000001
2150155,earthquake,2003-11-24T07:43:48.334Z,2010-01-13T22:31:00.000Z,176.65959000000000856,-37.51037000000000177,5.51600000000000001,195.79769999999999186,ML,,GROPE,reviewed,manual,nz1dr,43,35,5,0.38600000000000001,141.00000000000000000,0.17910999999999999,0.19800000000000001
2142256,earthquake,2003-11-06T09:06:05.204Z,2010-01-13T22:30:00.000Z,175.08151000000000863,-38.97843999999999909,5.13300000000000001,200.38190000000000168,ML,,GROPE,reviewed,manual,nz1dr,59,46,6,0.25200000000000000,87.00000000000000000,0.20942000000000000,0.14999999999999999
2141952,earthquake,2003-11-05T16:04:19.068Z,2010-01-13T22:30:00.000Z,165.83440999999999121,-46.21110000000000184,5.19800000000000040,33.00000000000000000,ML,operator assigned,GROPE,reviewed,manual,nz1dr,10,5,16,1.18500000000000005,318.00000000000000000,0.17424999999999999,0.26800000000000002
2137186,earthquake,2003-11-02T13:58:07.811Z,2010-01-13T22:29:00.000Z,166.12044000000000210,-45.41725000000000279,5.20000000000000018,20.00000000000000000,Mw,operator assigned,GROPE,reviewed,manual,nz1dr,9,7,0,0.72899999999999998,281.00000000000000000,0.26202999999999999,0.00000000000000000
2137140,earthquake,2003-11-02T11:24:29.662Z,2010-01-13T22:29:00.000Z,179.32000999999999635,-36.78000999999999721,5.00000000000000000,10.00000000000000000,Mw,operator assigned,GROPE,reviewed,manual,nz1dr,18,14,0,1.15300000000000002,283.00000000000000000,0.19791000000000000,0.00000000000000000
2137041,earthquake,2003-11-02T05:32:14.139Z,2010-01-13T22:29:00.000Z,166.31323000000000434,-45.20389999999999731,6.40000000000000036,17.13469999999999871,Mw,,GROPE,reviewed,manual,nz1dr,12,7,0,0.40400000000000003,274.00000000000000000,0.25214999999999999,0.00000000000000000
2130549,earthquake,2003-10-19T03:59:17.588Z,2010-01-13T22:28:00.000Z,167.13612000000000535,-44.97614000000000090,5.18100000000000005,21.30120000000000147,ML,,GROPE,reviewed,manual,nz1dr,26,9,14,0.08799999999999999,205.00000000000000000,0.21195000000000000,0.26300000000000001
2125063,earthquake,2003-10-05T10:50:24.493Z,2010-01-13T22:27:00.000Z,176.05923000000001366,-37.89193999999999818,5.41999999999999993,289.23279999999999745,ML,,GROPE,reviewed,manual,nz1dr,42,34,5,0.28100000000000003,117.00000000000000000,0.25941999999999998,0.22800000000000001
2123248,earthquake,2003-09-30T19:37:49.667Z,2006-12-22T10:09:00.000Z,166.92746999999999957,-45.63584999999999781,5.50000000000000000,10.14949999999999974,Mw,,GROPE,reviewed,manual,nz1dr,18,11,0,0.23200000000000001,246.00000000000000000,0.24013000000000001,0.00000000000000000
2121716,earthquake,2003-09-27T10:04:36.010Z,2010-01-13T22:26:00.000Z,176.29666000000000281,-38.20626000000000033,5.24399999999999977,162.90559999999999263,ML,,GROPE,reviewed,manual,nz1dr,49,40,6,0.08699999999999999,34.00000000000000000,0.19423000000000001,0.17000000000000001
2110611,earthquake,2003-09-04T08:40:44.077Z,2009-10-30T16:25:00.000Z,166.92502999999999247,-45.19360000000000355,5.50000000000000000,23.12620000000000076,Mw,,GROPE,reviewed,manual,nz1dr,29,17,0,0.03500000000000000,161.00000000000000000,0.23846000000000001,0.00000000000000000
2204598,earthquake,2003-08-27T01:42:54.244Z,2010-01-13T22:20:00.000Z,166.94678999999999292,-45.31443999999999761,5.40000000000000036,23.59509999999999863,Mw,,GROPE,reviewed,manual,nz1dr,34,18,0,0.04600000000000000,140.00000000000000000,0.15540000000000001,0.00000000000000000
2106314,earthquake,2003-08-27T01:29:40.117Z,2010-01-13T22:20:00.000Z,166.67938000000000898,-45.48821000000000225,5.09999999999999964,16.90340000000000131,Mw,,GROPE,reviewed,manual,nz1dr,20,12,0,0.20899999999999999,274.00000000000000000,0.23252999999999999,0.00000000000000000
2214737,earthquake,2003-08-26T23:56:27.058Z,2006-12-22T10:04:00.000Z,166.63439999999999941,-45.46336000000000155,5.40000000000000036,20.30249999999999844,Mw,,GROPE,reviewed,manual,nz1dr,27,14,0,0.20699999999999999,278.00000000000000000,0.23769000000000001,0.00000000000000000
2281164,earthquake,2003-08-23T09:13:54.034Z,2010-01-13T22:17:00.000Z,166.92170999999999026,-45.30720999999999776,5.50000000000000000,27.54329999999999856,Mw,,GROPE,reviewed,manual,nz1dr,18,7,0,0.08900000000000000,208.00000000000000000,0.27622000000000002,0.00000000000000000
2254800,earthquake,2003-08-22T15:29:33.353Z,2010-01-13T22:16:00.000Z,166.99080000000000723,-45.18609000000000009,5.00000000000000000,20.00000000000000000,Mw,operator assigned,GROPE,reviewed,manual,nz1dr,20,9,0,0.39300000000000002,276.00000000000000000,0.35493000000000002,0.00000000000000000
2218435,earthquake,2003-08-22T00:02:21.754Z,2010-01-13T22:15:00.000Z,166.96576999999999202,-45.06562000000000268,5.20000000000000018,20.00000000000000000,Mw,operator assigned,GROPE,reviewed,manual,nz1dr,13,7,0,0.50800000000000001,267.00000000000000000,0.43661000000000000,0.00000000000000000
2206498,earthquake,2003-08-21T19:56:22.534Z,2010-01-13T22:15:00.000Z,166.80201999999999884,-45.28996999999999673,5.29999999999999982,20.00000000000000000,Mw,operator assigned,GROPE,reviewed,manual,nz1dr,11,6,0,0.40799999999999997,278.00000000000000000,0.18572000000000000,0.00000000000000000
2190619,earthquake,2003-08-21T16:50:04.256Z,2010-01-13T22:14:00.000Z,167.09015999999999735,-45.03076000000000079,5.00300000000000011,20.00000000000000000,ML,operator assigned,GROPE,reviewed,manual,nz1dr,11,8,8,0.58999999999999997,274.00000000000000000,0.79327999999999999,0.15900000000000000
2169849,earthquake,2003-08-21T14:12:27.571Z,2010-01-13T22:14:00.000Z,166.81523000000001389,-45.35920999999999736,6.09999999999999964,23.83449999999999847,Mw,,GROPE,reviewed,manual,nz1dr,14,9,0,0.36499999999999999,279.00000000000000000,0.21425000000000000,0.00000000000000000
2151036,earthquake,2003-08-21T12:51:00.986Z,2010-01-13T22:14:00.000Z,166.77094999999999914,-45.38336000000000325,5.08199999999999985,20.14310000000000045,ML,,GROPE,reviewed,manual,nz1dr,17,7,12,0.38300000000000001,283.00000000000000000,0.18640000000000001,0.16300000000000001
2150536,earthquake,2003-08-21T12:45:40.635Z,2010-01-13T22:14:00.000Z,166.94802999999998860,-45.19494999999999862,5.88300000000000001,24.55430000000000135,ML,,GROPE,reviewed,manual,nz1dr,17,9,15,0.40200000000000002,260.00000000000000000,0.14002999999999999,0.23999999999999999
2150117,earthquake,2003-08-21T12:41:47.920Z,2010-01-13T22:14:00.000Z,166.91058000000001016,-45.22326000000000334,5.07500000000000018,20.00000000000000000,ML,operator assigned,GROPE,reviewed,manual,nz1dr,14,8,11,0.60299999999999998,272.00000000000000000,0.25290000000000001,0.12900000000000000
2147840,earthquake,2003-08-21T12:28:55.489Z,2010-01-13T22:14:00.000Z,166.89758000000000493,-45.15760999999999825,5.52899999999999991,20.00000000000000000,ML,operator assigned,GROPE,reviewed,manual,nz1dr,12,8,10,0.45300000000000001,254.00000000000000000,0.36076999999999998,0.24299999999999999
2147522,earthquake,2003-08-21T12:28:46.833Z,2010-01-13T22:14:00.000Z,166.89206999999998970,-45.21916999999999831,5.01799999999999979,20.00000000000000000,ML,operator assigned,GROPE,reviewed,manual,nz1dr,10,7,6,0.91500000000000004,281.00000000000000000,0.42748999999999998,0.26400000000000001
2146799,earthquake,2003-08-21T12:22:09.900Z,2010-01-13T22:14:00.000Z,166.85042000000001394,-45.34546000000000276,5.09400000000000031,20.00000000000000000,ML,operator assigned,GROPE,reviewed,manual,nz1dr,12,7,7,0.34899999999999998,283.00000000000000000,0.22459999999999999,0.25200000000000000
2142171,earthquake,2003-08-21T12:17:05.988Z,2010-01-13T22:14:00.000Z,166.72934000000000765,-45.15507000000000204,5.63999999999999968,20.00000000000000000,ML,operator assigned,GROPE,reviewed,manual,nz1dr,16,9,9,0.53400000000000003,273.00000000000000000,0.50392999999999999,0.31200000000000000
2142599,earthquake,2003-08-21T12:15:44.254Z,2010-01-13T22:14:00.000Z,166.99036000000000968,-45.00748999999999711,5.01100000000000012,20.00000000000000000,ML,operator assigned,GROPE,reviewed,manual,nz1dr,8,3,3,0.65900000000000003,281.00000000000000000,0.67139000000000004,0.26500000000000001
2142586,earthquake,2003-08-21T12:15:20.154Z,2010-01-13T22:14:00.000Z,166.43639999999999191,-45.35569000000000273,5.48800000000000043,20.00000000000000000,ML,operator assigned,GROPE,reviewed,manual,nz1dr,13,7,4,0.61599999999999999,301.00000000000000000,0.46011000000000002,0.15800000000000000
2143709,earthquake,2003-08-21T12:15:04.001Z,2010-01-13T22:14:00.000Z,166.88033999999998969,-45.19590000000000174,5.23200000000000021,20.00000000000000000,ML,operator assigned,GROPE,reviewed,manual,nz1dr,11,7,5,0.63200000000000001,282.00000000000000000,0.52692000000000005,0.26100000000000001
2103645,earthquake,2003-08-21T12:12:49.867Z,2010-01-13T22:14:00.000Z,166.83004999999999995,-45.19286000000000314,7.09999999999999964,24.34519999999999840,Mw,,GROPE,reviewed,manual,nz1dr,12,10,0,0.45700000000000002,270.00000000000000000,0.19164000000000000,0.00000000000000000
2097975,earthquake,2003-08-07T18:17:30.234Z,2010-01-13T22:13:00.000Z,176.32714999999998895,-38.32938999999999652,5.32399999999999984,115.13890000000000668,ML,,GROPE,reviewed,manual,nz1dr,54,42,6,0.07500000000000000,51.00000000000000000,0.14606000000000000,0.18300000000000000
2095626,earthquake,2003-08-03T11:46:14.647Z,2006-12-22T10:00:00.000Z,175.97892999999999120,-40.49392999999999887,5.09999999999999964,52.24340000000000117,Mw,,GROPE,reviewed,manual,nz1dr,60,48,0,0.17499999999999999,63.00000000000000000,0.20233000000000001,0.00000000000000000
2079953,earthquake,2003-06-27T21:28:41.595Z,2010-01-13T22:12:00.000Z,167.52790999999999144,-45.15668000000000148,5.12800000000000011,138.33000000000001251,ML,,GROPE,reviewed,manual,nz1dr,12,7,7,0.55900000000000005,233.00000000000000000,0.24363000000000001,0.26100000000000001
2067650,earthquake,2003-05-27T16:12:13.508Z,2010-01-13T22:11:00.000Z,176.34531000000001200,-38.35116000000000014,5.18299999999999983,146.75430000000000064,ML,,GROPE,reviewed,manual,nz1dr,49,42,4,0.07500000000000000,51.00000000000000000,0.17446999999999999,0.08500000000000001
2067419,earthquake,2003-05-26T20:52:21.837Z,2010-01-13T22:11:00.000Z,174.01545999999999026,-39.82509999999999906,5.26600000000000001,240.26570000000000960,ML,,GROPE,reviewed,manual,nz1dr,51,38,3,0.49099999999999999,127.00000000000000000,0.20330999999999999,0.18800000000000000
2060044,earthquake,2003-05-05T18:49:31.156Z,2010-01-13T22:10:00.000Z,175.45431999999999562,-38.58218000000000103,5.16699999999999982,227.56909999999999172,ML,,GROPE,reviewed,manual,nz1dr,49,40,5,0.25300000000000000,97.00000000000000000,0.26628000000000002,0.32000000000000001
2053050,earthquake,2003-04-18T15:24:54.396Z,2010-01-13T22:09:00.000Z,177.54538999999999760,-36.92242999999999853,5.06799999999999962,156.12110000000001264,ML,,GROPE,reviewed,manual,nz1dr,27,23,5,0.66800000000000004,222.00000000000000000,0.17121000000000000,0.32200000000000001
2024675,earthquake,2003-02-12T11:43:51.078Z,2006-12-22T09:56:00.000Z,179.23903000000001384,-37.79583000000000226,5.50000000000000000,33.00000000000000000,Mw,operator assigned,GROPE,reviewed,manual,nz1dr,24,23,0,0.76900000000000002,289.00000000000000000,0.10548000000000000,0.00000000000000000
2019057,earthquake,2003-01-25T21:30:31.611Z,2006-12-22T09:54:00.000Z,176.16471999999998843,-40.40939999999999799,5.20000000000000018,35.30160000000000053,Mw,,GROPE,reviewed,manual,nz1dr,69,58,0,0.11100000000000000,80.00000000000000000,0.29681000000000002,0.00000000000000000
2016026,earthquake,2003-01-18T02:10:10.641Z,2006-12-22T09:52:00.000Z,179.53640999999998940,-35.56336000000000297,5.20000000000000018,33.00000000000000000,Mw,operator assigned,GROPE,reviewed,manual,nz1dr,26,23,0,2.26200000000000001,282.00000000000000000,0.31896999999999998,0.00000000000000000
2008387,earthquake,2002-12-24T07:42:06.478Z,2010-01-13T22:04:00.000Z,173.98639000000000010,-41.98546999999999940,5.01400000000000023,17.75300000000000011,ML,,GROPE,reviewed,manual,nz1dr,36,28,17,0.19300000000000000,145.00000000000000000,0.34761999999999998,0.25300000000000000
2007246,earthquake,2002-12-20T08:54:58.483Z,2010-01-13T22:04:00.000Z,175.10657000000000494,-38.84593999999999880,5.17699999999999960,261.60759999999999081,ML,,GROPE,reviewed,manual,nz1dr,47,40,5,0.37100000000000000,77.00000000000000000,0.23729000000000000,0.18900000000000000
2002942,earthquake,2002-12-08T06:33:16.121Z,2010-01-13T22:03:00.000Z,177.11771999999999139,-37.49844999999999828,5.41199999999999992,137.38470000000000937,ML,,GROPE,reviewed,manual,nz1dr,45,36,5,0.06400000000000000,147.00000000000000000,0.17716999999999999,0.19400000000000001
2002648,earthquake,2002-12-07T05:59:37.796Z,2010-01-13T22:03:00.000Z,174.97159999999999513,-40.77826000000000306,5.04199999999999982,46.99040000000000106,ML,,GROPE,reviewed,manual,nz1dr,107,71,5,0.09700000000000000,62.00000000000000000,0.22833000000000001,0.31500000000000000
2000958,earthquake,2002-12-01T23:00:42.919Z,2010-01-13T22:03:00.000Z,175.98733999999998900,-38.70235000000000269,5.37500000000000000,110.69350000000000023,ML,,GROPE,reviewed,manual,nz1dr,55,46,5,0.04200000000000000,44.00000000000000000,0.16913000000000000,0.21199999999999999
1986155,earthquake,2002-10-23T16:14:15.245Z,2010-01-13T22:01:00.000Z,176.43306999999998652,-37.71923000000000314,5.29999999999999982,300.10160000000001901,ML,,GROPE,reviewed,manual,nz1dr,44,34,7,0.28799999999999998,117.00000000000000000,0.18534000000000000,0.16600000000000001
1909352,earthquake,2002-08-17T08:21:31.194Z,2006-12-19T16:20:00.000Z,176.72093000000000984,-37.83610000000000184,5.20000000000000018,158.71100000000001273,Mw,,GROPE,reviewed,manual,nz1dr,43,38,0,0.15500000000000000,88.00000000000000000,0.21126000000000000,0.00000000000000000
1895888,earthquake,2002-07-05T13:13:23.016Z,2010-01-13T21:57:00.000Z,-179.29114000000001283,-36.72883000000000209,5.04800000000000004,33.00000000000000000,ML,operator assigned,GROPE,reviewed,manual,nz1dr,15,10,9,3.24400000000000022,311.00000000000000000,0.23602000000000001,0.17699999999999999
1894490,earthquake,2002-06-29T12:27:28.018Z,2010-01-13T21:57:00.000Z,178.17545999999998685,-39.33126000000000033,5.53099999999999969,33.00000000000000000,ML,operator assigned,GROPE,reviewed,manual,nz1dr,38,32,18,0.49800000000000000,215.00000000000000000,0.30558999999999997,0.34200000000000003
1893015,earthquake,2002-06-25T07:02:21.336Z,2006-12-19T16:05:00.000Z,178.68196000000000367,-40.16684000000000054,5.09999999999999964,33.00000000000000000,Mw,operator assigned,GROPE,reviewed,manual,nz1dr,31,24,0,1.38399999999999990,250.00000000000000000,0.46938999999999997,0.00000000000000000
1884479,earthquake,2002-06-02T04:46:40.826Z,2010-01-13T21:56:00.000Z,168.60567000000000348,-44.12460999999999700,5.08600000000000030,12.00000000000000000,ML,,GROPE,reviewed,manual,nz1dr,19,12,11,0.04800000000000000,85.00000000000000000,0.26816000000000001,0.33900000000000002
1877873,earthquake,2002-05-16T17:16:14.037Z,2010-01-13T21:55:00.000Z,175.83066999999999780,-38.73154999999999859,5.02500000000000036,126.24070000000000391,ML,,GROPE,reviewed,manual,nz1dr,44,34,7,0.07900000000000000,58.00000000000000000,0.18220000000000000,0.28100000000000003
1874833,earthquake,2002-05-09T19:25:23.251Z,2010-01-13T21:55:00.000Z,176.34498999999999569,-37.87546999999999997,5.68700000000000028,181.03829999999999245,ML,,GROPE,reviewed,manual,nz1dr,36,34,7,0.13300000000000001,110.00000000000000000,0.25905000000000000,0.32400000000000001
1873126,earthquake,2002-05-04T12:59:53.185Z,2010-01-13T21:55:00.000Z,172.34467000000000780,-41.39032000000000266,5.45300000000000029,5.00000000000000000,ML,operator assigned,GROPE,reviewed,manual,nz1dr,47,33,18,0.22100000000000000,73.00000000000000000,0.23369999999999999,0.39900000000000002
1865099,earthquake,2002-04-11T01:04:38.970Z,2010-01-13T21:54:00.000Z,179.19548000000000343,-38.14314999999999856,5.03899999999999970,58.39330000000000354,ML,,GROPE,reviewed,manual,nz1dr,33,28,6,0.89200000000000002,273.00000000000000000,0.16213000000000000,0.18600000000000000
1860345,earthquake,2002-04-01T20:14:36.246Z,2010-01-13T21:53:00.000Z,167.58594999999999686,-45.07450999999999652,5.62699999999999978,128.96789999999998599,ML,,GROPE,reviewed,manual,nz1dr,10,6,6,0.46700000000000003,228.00000000000000000,0.17932000000000001,0.20799999999999999
1854345,earthquake,2002-03-17T22:49:15.657Z,2010-01-13T21:52:00.000Z,-179.42830000000000723,-36.84224999999999994,5.03300000000000036,33.00000000000000000,ML,operator assigned,GROPE,reviewed,manual,nz1dr,14,9,7,2.21399999999999997,309.00000000000000000,0.22000000000000000,0.11799999999999999
1854336,earthquake,2002-03-17T22:13:15.620Z,2010-01-13T21:52:00.000Z,-179.30808999999999287,-36.81712000000000273,5.07599999999999962,33.00000000000000000,ML,operator assigned,GROPE,reviewed,manual,nz1dr,20,16,11,2.30799999999999983,309.00000000000000000,0.38806000000000002,0.19100000000000000
1854328,earthquake,2002-03-17T21:43:28.666Z,2010-01-13T21:52:00.000Z,-179.41692000000000462,-36.74712999999999852,5.64799999999999969,33.00000000000000000,ML,operator assigned,GROPE,reviewed,manual,nz1dr,20,16,13,2.27599999999999980,310.00000000000000000,0.21329999999999999,0.20699999999999999
1984532,earthquake,2002-02-24T06:37:35.633Z,2006-12-19T16:03:00.000Z,168.58098000000001093,-44.07831999999999795,5.40000000000000036,5.00000000000000000,Mw,operator assigned,GROPE,reviewed,manual,nz1dr,14,11,0,0.61499999999999999,177.00000000000000000,0.18262999999999999,0.00000000000000000
1844344,earthquake,2002-02-10T14:47:13.043Z,2010-01-13T21:51:00.000Z,176.00142999999999915,-38.18513999999999697,5.41999999999999993,198.44569999999998799,ML,,GROPE,reviewed,manual,nz1dr,38,35,4,0.15100000000000000,80.00000000000000000,0.18114000000000000,0.21199999999999999
1825324,earthquake,2001-12-07T19:27:35.038Z,2006-12-19T13:07:00.000Z,168.60508999999998991,-44.11337999999999937,5.79999999999999982,5.00000000000000000,Mw,operator assigned,GROPE,reviewed,manual,nz1dr,17,13,0,0.74299999999999999,173.00000000000000000,0.22977000000000000,0.00000000000000000
1814077,earthquake,2001-11-09T04:56:38.978Z,2010-01-13T21:44:00.000Z,173.31752000000000180,-41.50883000000000322,5.38400000000000034,92.20950000000000557,ML,,GROPE,reviewed,manual,nz1dr,46,38,6,0.22200000000000000,61.00000000000000000,0.15612999999999999,0.18300000000000000
1812337,earthquake,2001-11-03T03:40:23.718Z,2010-01-13T21:44:00.000Z,-179.83881999999999834,-36.91628000000000043,5.02899999999999991,33.00000000000000000,ML,operator assigned,GROPE,reviewed,manual,nz1dr,20,17,11,1.90399999999999991,307.00000000000000000,0.20691000000000001,0.22000000000000000
1895348,earthquake,2001-11-01T22:43:54.066Z,2010-01-13T21:44:00.000Z,179.98068000000000666,-36.90332000000000079,5.10400000000000009,33.00000000000000000,ML,operator assigned,GROPE,reviewed,manual,nz1dr,22,17,11,1.80099999999999993,306.00000000000000000,0.19183000000000000,0.22900000000000001
1811423,earthquake,2001-10-30T15:35:24.735Z,2010-01-13T21:44:00.000Z,179.92328000000000543,-37.16879999999999740,5.06299999999999972,33.00000000000000000,ML,operator assigned,GROPE,reviewed,manual,nz1dr,20,16,12,1.60200000000000009,302.00000000000000000,0.20119999999999999,0.18800000000000000
1809558,earthquake,2001-10-23T19:38:38.276Z,2010-01-13T21:43:00.000Z,175.84916999999998666,-38.54957000000000278,5.42100000000000026,165.34460000000001401,ML,,GROPE,reviewed,manual,nz1dr,47,37,7,0.14499999999999999,83.00000000000000000,0.19392999999999999,0.26500000000000001
1808915,earthquake,2001-10-22T01:28:52.772Z,2010-01-13T21:43:00.000Z,-179.69886999999999944,-37.04373999999999967,5.10299999999999976,33.00000000000000000,ML,operator assigned,GROPE,reviewed,manual,nz1dr,25,20,16,1.92199999999999993,306.00000000000000000,0.12035999999999999,0.18400000000000000
1888459,earthquake,2001-10-21T00:38:09.047Z,2010-01-13T21:43:00.000Z,-179.90582000000000562,-37.14399000000000228,5.05799999999999983,33.00000000000000000,ML,operator assigned,GROPE,reviewed,manual,nz1dr,12,9,5,1.72900000000000009,304.00000000000000000,0.20893999999999999,0.42799999999999999
2060807,earthquake,2001-10-21T00:29:20.429Z,2006-12-19T13:06:00.000Z,179.86260999999998944,-36.88983000000000345,6.59999999999999964,12.00000000000000000,Mw,operator assigned,GROPE,reviewed,manual,nz1dr,25,18,0,1.73999999999999999,305.00000000000000000,0.25689000000000001,0.00000000000000000
1803016,earthquake,2001-10-15T03:49:38.478Z,2006-12-19T13:05:00.000Z,176.72605999999998971,-39.69380000000000308,5.50000000000000000,40.53150000000000119,Mw,,GROPE,reviewed,manual,nz1dr,46,42,0,0.25200000000000000,115.00000000000000000,0.22722000000000001,0.00000000000000000
1793707,earthquake,2001-09-24T04:49:56.959Z,2006-12-19T13:04:00.000Z,176.74073999999998819,-40.42365000000000208,5.29999999999999982,37.21410000000000196,Mw,,GROPE,reviewed,manual,nz1dr,44,39,0,0.40300000000000002,193.00000000000000000,0.18476000000000001,0.00000000000000000
1877620,earthquake,2001-09-22T13:28:58.363Z,2010-01-13T21:41:00.000Z,-178.55645999999998708,-36.70539999999999736,5.09499999999999975,33.00000000000000000,ML,operator assigned,GROPE,reviewed,manual,nz1dr,15,9,9,2.88200000000000012,313.00000000000000000,0.14337000000000000,0.19100000000000000
1783409,earthquake,2001-08-30T22:36:54.608Z,2010-01-13T21:39:00.000Z,-179.56441000000000940,-37.12353999999999843,5.31299999999999972,33.00000000000000000,ML,operator assigned,GROPE,reviewed,manual,nz1dr,17,13,15,1.76600000000000001,305.00000000000000000,0.29944999999999999,0.19100000000000000
1783170,earthquake,2001-08-29T13:54:56.741Z,2010-01-13T21:39:00.000Z,-179.09400999999999726,-36.49651999999999674,5.14400000000000013,33.00000000000000000,ML,operator assigned,GROPE,reviewed,manual,nz1dr,22,17,9,3.14800000000000013,314.00000000000000000,0.24256000000000000,0.19500000000000001
1782885,earthquake,2001-08-28T04:27:16.864Z,2010-01-13T21:39:00.000Z,177.06666999999998779,-36.98817999999999984,5.15099999999999980,267.74880000000001701,ML,,GROPE,reviewed,manual,nz1dr,22,18,5,0.54800000000000004,233.00000000000000000,0.23230000000000001,0.22300000000000000
1782742,earthquake,2001-08-27T14:56:34.955Z,2010-01-13T21:39:00.000Z,-179.49102999999999497,-36.75766000000000133,5.10500000000000043,33.00000000000000000,ML,operator assigned,GROPE,reviewed,manual,nz1dr,29,25,14,2.70100000000000007,309.00000000000000000,0.20013000000000000,0.23200000000000001
1782729,earthquake,2001-08-27T12:50:35.755Z,2010-01-13T21:39:00.000Z,-179.40862000000001331,-36.54986000000000246,5.39900000000000002,33.00000000000000000,ML,operator assigned,GROPE,reviewed,manual,nz1dr,33,26,15,2.89199999999999990,312.00000000000000000,0.26082000000000000,0.22900000000000001
1781932,earthquake,2001-08-24T21:33:44.060Z,2010-01-13T21:39:00.000Z,-177.78695999999999344,-37.51431000000000182,5.33300000000000018,33.00000000000000000,ML,operator assigned,GROPE,reviewed,manual,nz1dr,17,14,11,3.47500000000000009,311.00000000000000000,0.49001000000000000,0.21099999999999999
1865127,earthquake,2001-08-24T21:18:47.994Z,2010-01-13T21:39:00.000Z,-178.86177000000000703,-36.31432000000000215,5.06400000000000006,33.00000000000000000,ML,operator assigned,GROPE,reviewed,manual,nz1dr,12,9,9,3.37300000000000022,318.00000000000000000,0.61943999999999999,0.19900000000000001
1781928,earthquake,2001-08-24T21:16:32.003Z,2010-01-13T21:39:00.000Z,-179.18008000000000379,-36.72840000000000060,5.23800000000000043,33.00000000000000000,ML,operator assigned,GROPE,reviewed,manual,nz1dr,22,18,13,2.90399999999999991,311.00000000000000000,0.22131000000000001,0.20799999999999999
1781814,earthquake,2001-08-24T11:04:35.399Z,2010-01-13T21:39:00.000Z,-179.08208999999999378,-37.20409999999999684,5.04499999999999993,33.00000000000000000,ML,operator assigned,GROPE,reviewed,manual,nz1dr,20,16,11,2.68000000000000016,309.00000000000000000,0.26482000000000000,0.21400000000000000
1863247,earthquake,2001-08-22T13:41:56.816Z,2010-01-13T21:38:00.000Z,-179.42239000000000715,-36.96032999999999902,5.02400000000000002,33.00000000000000000,ML,operator assigned,GROPE,reviewed,manual,nz1dr,25,20,11,2.60599999999999987,308.00000000000000000,0.36975000000000002,0.15700000000000000
1781010,earthquake,2001-08-22T05:28:02.485Z,2010-01-13T21:38:00.000Z,-179.39015000000000555,-36.84942999999999813,5.03899999999999970,33.00000000000000000,ML,operator assigned,GROPE,reviewed,manual,nz1dr,15,11,7,2.69799999999999995,310.00000000000000000,0.33029999999999998,0.22000000000000000
1780994,earthquake,2001-08-22T04:39:27.854Z,2010-01-13T21:38:00.000Z,-179.45409000000000788,-36.90005000000000024,5.25000000000000000,33.00000000000000000,ML,operator assigned,GROPE,reviewed,manual,nz1dr,21,17,15,2.62599999999999989,308.00000000000000000,0.17330000000000001,0.14899999999999999
1780973,earthquake,2001-08-22T03:16:10.434Z,2010-01-13T21:38:00.000Z,-179.28612000000001103,-36.75417000000000201,5.06599999999999984,33.00000000000000000,ML,operator assigned,GROPE,reviewed,manual,nz1dr,21,16,13,2.82299999999999995,310.00000000000000000,0.26394000000000001,0.20000000000000001
1780773,earthquake,2001-08-21T13:44:41.014Z,2010-01-13T21:38:00.000Z,-179.26902999999998656,-36.65090000000000003,5.27500000000000036,33.00000000000000000,ML,operator assigned,GROPE,reviewed,manual,nz1dr,25,20,15,2.90300000000000002,312.00000000000000000,0.35616999999999999,0.18600000000000000
1780751,earthquake,2001-08-21T12:22:20.654Z,2010-01-13T21:38:00.000Z,-179.35541000000000622,-36.79758000000000351,5.10500000000000043,33.00000000000000000,ML,operator assigned,GROPE,reviewed,manual,nz1dr,26,21,13,2.75300000000000011,310.00000000000000000,0.16733000000000001,0.23699999999999999
1780673,earthquake,2001-08-21T06:51:57.708Z,2010-01-13T21:38:00.000Z,-178.47596999999998957,-36.48561999999999728,7.10700000000000021,33.00000000000000000,ML,operator assigned,GROPE,reviewed,manual,nz1dr,32,30,19,3.49400000000000022,315.00000000000000000,0.23587000000000000,0.41399999999999998
1775252,earthquake,2001-08-12T07:42:43.495Z,2010-01-13T21:38:00.000Z,175.94891000000001213,-37.99918999999999869,5.11800000000000033,270.05509999999998172,ML,,GROPE,reviewed,manual,nz1dr,35,30,6,0.26200000000000001,99.00000000000000000,0.21437000000000000,0.26900000000000002
1739683,earthquake,2001-05-29T02:39:27.393Z,2010-01-13T21:33:00.000Z,176.31908999999998855,-37.71435999999999922,5.24899999999999967,302.85280000000000200,ML,,GROPE,reviewed,manual,nz1dr,78,71,7,0.29499999999999998,131.00000000000000000,0.26641999999999999,0.25100000000000000
1737299,earthquake,2001-05-24T18:07:57.881Z,2006-12-19T13:04:00.000Z,175.19707999999999970,-38.74718000000000018,5.40000000000000036,237.87819999999999254,Mw,,GROPE,reviewed,manual,nz1dr,106,85,0,0.33600000000000002,58.00000000000000000,0.30635000000000001,0.00000000000000000
1736402,earthquake,2001-05-22T01:58:11.165Z,2010-01-13T21:33:00.000Z,173.79867999999999029,-41.71672000000000224,5.01600000000000001,13.15160000000000018,ML,,GROPE,reviewed,manual,nz1dr,32,25,31,0.06000000000000000,107.00000000000000000,0.21249999999999999,0.25500000000000000
1735847,earthquake,2001-05-21T21:53:31.450Z,2010-01-13T21:33:00.000Z,177.35745000000000005,-37.82954999999999757,5.21499999999999986,107.67940000000000111,ML,,GROPE,reviewed,manual,nz1dr,106,74,5,0.32900000000000001,133.00000000000000000,0.21270000000000000,0.28899999999999998
1734923,earthquake,2001-05-18T10:56:55.780Z,2010-01-13T21:33:00.000Z,171.00158999999999310,-43.41252999999999673,5.48500000000000032,5.00000000000000000,ML,operator assigned,GROPE,reviewed,manual,nz1dr,16,11,23,0.38800000000000001,85.00000000000000000,0.21803000000000000,0.29499999999999998
1734070,earthquake,2001-05-15T05:15:12.352Z,2010-01-13T21:32:00.000Z,176.78539000000000669,-37.11903999999999826,5.74399999999999977,398.25240000000002283,ML,,GROPE,reviewed,manual,nz1dr,75,62,5,0.52000000000000002,197.00000000000000000,0.12490000000000000,0.29499999999999998
1722926,earthquake,2001-04-18T19:34:47.973Z,2010-01-13T21:30:00.000Z,165.12659999999999627,-47.51440000000000197,5.34999999999999964,33.00000000000000000,ML,operator assigned,GROPE,reviewed,manual,nz1dr,15,8,14,2.14800000000000013,321.00000000000000000,0.38168000000000002,0.26600000000000001
1720085,earthquake,2001-04-12T08:13:24.882Z,2010-01-13T21:29:00.000Z,165.03060999999999581,-47.51858000000000004,5.48099999999999987,33.00000000000000000,ML,operator assigned,GROPE,reviewed,manual,nz1dr,15,8,14,2.21099999999999985,322.00000000000000000,0.28297000000000000,0.29199999999999998
1711877,earthquake,2001-04-01T09:28:41.729Z,2010-01-13T21:28:00.000Z,179.26254000000000133,-35.49098999999999648,5.13400000000000034,203.17840000000001055,ML,,GROPE,reviewed,manual,nz1dr,55,50,6,2.24199999999999999,307.00000000000000000,0.25856000000000001,0.20899999999999999
1709536,earthquake,2001-03-25T11:44:00.407Z,2010-01-13T21:27:00.000Z,175.94820000000001414,-37.95503999999999678,5.29699999999999971,271.15159999999997353,ML,,GROPE,reviewed,manual,nz1dr,130,86,5,0.29399999999999998,89.00000000000000000,0.30130000000000001,0.39900000000000002
1690957,earthquake,2001-02-08T12:09:43.375Z,2010-01-13T21:22:00.000Z,176.94945000000001301,-36.82034999999999769,5.16099999999999959,312.00389999999998736,ML,,GROPE,reviewed,manual,nz1dr,65,54,5,0.73199999999999998,212.00000000000000000,0.16055000000000000,0.27700000000000002
1688784,earthquake,2001-02-01T12:30:39.418Z,2010-01-13T21:22:00.000Z,177.73795999999998685,-37.23995000000000033,5.50699999999999967,112.67159999999999798,ML,,GROPE,reviewed,manual,nz1dr,100,60,5,0.52300000000000002,203.00000000000000000,0.13889000000000001,0.21400000000000000
1663531,earthquake,2000-12-31T21:56:50.827Z,2006-12-19T12:55:00.000Z,178.79714999999998781,-38.06736000000000075,5.29999999999999982,30.38579999999999970,Mw,,GROPE,reviewed,manual,nz1dr,16,13,0,0.42599999999999999,256.00000000000000000,0.17338999999999999,0.00000000000000000
1659324,earthquake,2000-12-19T05:03:37.524Z,2010-01-13T21:18:00.000Z,174.35220000000001050,-41.35155999999999921,5.09900000000000020,42.45799999999999841,ML,,GROPE,reviewed,manual,nz1dr,36,32,5,0.14999999999999999,98.00000000000000000,0.16916999999999999,0.14999999999999999
1638170,earthquake,2000-11-12T11:49:15.272Z,2006-12-19T12:54:00.000Z,167.05933999999999173,-45.15299999999999869,5.29999999999999982,26.02899999999999991,Mw,,GROPE,reviewed,manual,nz1dr,17,10,0,0.01300000000000000,100.00000000000000000,0.22628000000000001,0.00000000000000000
1635267,earthquake,2000-11-01T10:35:55.779Z,2010-01-13T21:14:00.000Z,166.94620000000000459,-45.11719999999999686,6.09999999999999964,9.00000000000000000,Mw,operator assigned,GROPE,reviewed,manual,nz1dr,13,8,0,0.38000000000000000,218.00000000000000000,0.12698999999999999,0.00000000000000000
1632935,earthquake,2000-10-30T16:32:18.971Z,2010-01-13T21:14:00.000Z,175.00156999999998675,-40.78473000000000326,5.25800000000000001,55.43130000000000024,ML,,GROPE,reviewed,manual,nz1dr,67,56,6,0.10400000000000000,62.00000000000000000,0.14343000000000000,0.12800000000000000
1632127,earthquake,2000-10-27T16:34:18.752Z,2010-01-13T21:13:00.000Z,175.98453000000000657,-38.32634000000000185,5.30400000000000027,170.13100000000000023,ML,,GROPE,reviewed,manual,nz1dr,46,38,6,0.22100000000000000,62.00000000000000000,0.19314999999999999,0.22900000000000001
1612426,earthquake,2000-09-24T15:26:21.049Z,2010-01-13T21:12:00.000Z,175.64501999999998816,-39.40209999999999724,5.59100000000000019,100.74639999999999418,ML,,GROPE,reviewed,manual,nz1dr,55,46,5,0.13300000000000001,92.00000000000000000,0.19273999999999999,0.23599999999999999
1602528,earthquake,2000-08-29T03:50:42.480Z,2010-01-13T21:11:00.000Z,167.59520000000000550,-45.07027999999999679,5.29000000000000004,117.17600000000000193,ML,,GROPE,reviewed,manual,nz1dr,15,9,10,0.46000000000000002,223.00000000000000000,0.16472999999999999,0.12300000000000000
1598029,earthquake,2000-08-12T06:22:55.569Z,2010-01-13T21:10:00.000Z,176.11487999999999943,-38.65068999999999733,5.03699999999999992,125.88280000000000314,ML,,GROPE,reviewed,manual,nz1dr,39,32,5,0.01500000000000000,70.00000000000000000,0.19810000000000000,0.22300000000000000
1597193,earthquake,2000-08-08T10:31:19.555Z,2006-12-19T12:52:00.000Z,176.28031999999998902,-39.15628000000000242,5.29999999999999982,49.97890000000000299,Mw,,GROPE,reviewed,manual,nz1dr,37,32,0,0.48999999999999999,57.00000000000000000,0.17399999999999999,0.00000000000000000
1530763,earthquake,2000-06-07T08:51:27.443Z,2010-01-13T21:07:00.000Z,177.73957999999998947,-37.98071999999999804,5.34400000000000031,71.81310000000000571,ML,,GROPE,reviewed,manual,nz1dr,36,31,5,0.41899999999999998,94.00000000000000000,0.15726000000000001,0.18900000000000000
1589284,earthquake,2000-06-05T15:23:17.488Z,2010-01-13T21:07:00.000Z,179.29086000000000922,-35.69966999999999757,5.21300000000000008,156.47499999999999432,ML,,GROPE,reviewed,manual,nz1dr,12,10,4,2.05600000000000005,310.00000000000000000,0.45090999999999998,1.45999999999999996
1523306,earthquake,2000-05-17T09:10:12.241Z,2010-01-13T21:06:00.000Z,176.65503000000001066,-37.97590000000000288,5.45699999999999985,143.55850000000000932,ML,,GROPE,reviewed,manual,nz1dr,44,40,5,0.01900000000000000,76.00000000000000000,0.15038000000000001,0.29099999999999998
1522623,earthquake,2000-05-16T07:03:26.738Z,2010-01-13T21:06:00.000Z,174.78896000000000299,-40.02230999999999739,5.53300000000000036,114.56560000000000343,ML,,GROPE,reviewed,manual,nz1dr,58,49,6,0.21700000000000000,72.00000000000000000,0.17599999999999999,0.34799999999999998
1517765,earthquake,2000-05-04T01:02:14.587Z,2010-01-13T21:05:00.000Z,178.40827999999999065,-35.39030999999999949,5.17900000000000027,12.00000000000000000,ML,operator assigned,GROPE,reviewed,manual,nz1dr,24,22,5,2.20599999999999996,271.00000000000000000,0.27133000000000002,0.25100000000000000
1515717,earthquake,2000-04-27T09:14:45.812Z,2010-01-13T21:05:00.000Z,173.98050000000000637,-40.19169999999999732,5.87899999999999956,136.08709999999999241,ML,,GROPE,reviewed,manual,nz1dr,53,46,4,0.61099999999999999,116.00000000000000000,0.23193000000000000,0.22300000000000000
1515206,earthquake,2000-04-25T04:26:29.894Z,2010-01-13T21:05:00.000Z,166.98296999999999457,-45.47778000000000276,5.35299999999999976,64.95629999999999882,ML,,GROPE,reviewed,manual,nz1dr,15,9,10,0.12100000000000000,237.00000000000000000,0.25019000000000002,0.34200000000000003
1504146,earthquake,2000-03-31T17:56:06.091Z,2010-01-13T21:03:00.000Z,174.27834999999998900,-41.26632000000000033,5.41800000000000015,47.04610000000000269,ML,,GROPE,reviewed,manual,nz1dr,55,44,5,0.05300000000000000,77.00000000000000000,0.18690999999999999,0.16400000000000001
1503993,earthquake,2000-03-30T15:27:32.084Z,2010-01-13T21:03:00.000Z,177.36037999999999215,-37.03267000000000309,5.10200000000000031,131.78639999999998622,ML,,GROPE,reviewed,manual,nz1dr,27,22,5,0.51300000000000001,205.00000000000000000,0.22363000000000000,0.15900000000000000
1502698,earthquake,2000-03-29T14:30:58.945Z,2010-08-30T15:54:00.000Z,175.43401000000000067,-41.06072999999999951,5.20000000000000018,30.71740000000000137,Mw,,GROPE,reviewed,manual,nz1dr,58,50,0,0.11100000000000000,94.00000000000000000,0.16522000000000001,0.00000000000000000
1511564,earthquake,2000-03-22T00:59:14.359Z,2010-01-13T21:03:00.000Z,179.51180999999999699,-37.29382999999999981,5.02599999999999980,12.00000000000000000,ML,operator assigned,GROPE,reviewed,manual,nz1dr,24,21,13,1.26299999999999990,297.00000000000000000,0.16420000000000001,0.23499999999999999
1465915,earthquake,1999-12-21T11:26:49.085Z,2010-01-13T20:58:00.000Z,166.85393999999999437,-45.58877999999999986,5.16199999999999992,5.00000000000000000,ML,operator assigned,GROPE,reviewed,manual,nz1dr,10,6,10,0.82399999999999995,291.00000000000000000,0.15665999999999999,0.14399999999999999
1464851,earthquake,1999-12-19T14:19:34.441Z,2010-01-13T20:58:00.000Z,172.91121999999998593,-41.43198999999999899,5.08800000000000008,98.75650000000000261,ML,,GROPE,reviewed,manual,nz1dr,31,23,5,0.33200000000000002,85.00000000000000000,0.16062000000000001,0.11500000000000000
1459960,earthquake,1999-12-10T14:48:13.847Z,2010-01-13T20:58:00.000Z,166.20328000000000657,-46.62724000000000046,5.15299999999999958,33.00000000000000000,ML,operator assigned,GROPE,reviewed,manual,nz1dr,10,7,9,1.41500000000000004,323.00000000000000000,0.24443999999999999,0.24199999999999999
1457643,earthquake,1999-12-07T05:41:26.852Z,2010-01-13T20:58:00.000Z,177.31560999999999240,-37.97489999999999810,5.21100000000000030,88.07070000000000221,ML,,GROPE,reviewed,manual,nz1dr,38,30,6,0.32800000000000001,111.00000000000000000,0.26047999999999999,0.20899999999999999
1444773,earthquake,1999-10-25T20:31:42.506Z,2006-12-19T09:56:00.000Z,175.91405000000000314,-38.57126999999999839,6.00000000000000000,160.81100000000000705,Mw,,GROPE,reviewed,manual,nz1dr,48,44,0,0.10199999999999999,53.00000000000000000,0.24313000000000001,0.00000000000000000
1448158,earthquake,1999-10-04T20:57:52.400Z,2010-01-13T20:56:00.000Z,176.72021000000000868,-37.28426999999999936,5.15599999999999969,245.20910000000000650,ML,,GROPE,reviewed,manual,nz1dr,31,26,13,0.44600000000000001,175.00000000000000000,0.15436000000000000,0.22100000000000000
1432852,earthquake,1999-09-30T07:13:33.936Z,2010-01-13T20:55:00.000Z,178.96657999999999333,-36.44807000000000130,5.02700000000000014,12.00000000000000000,ML,operator assigned,GROPE,reviewed,manual,nz1dr,25,23,6,1.71799999999999997,275.00000000000000000,0.23376000000000000,0.13700000000000001
1443316,earthquake,1999-09-27T01:39:56.963Z,2010-01-13T20:55:00.000Z,178.44225000000000136,-37.20582000000000278,5.02899999999999991,33.00000000000000000,ML,operator assigned,GROPE,reviewed,manual,nz1dr,31,27,7,0.87800000000000000,255.00000000000000000,0.21984999999999999,0.14499999999999999
1430221,earthquake,1999-09-17T09:37:54.560Z,2010-01-13T20:55:00.000Z,175.98811000000000604,-38.32036999999999694,5.05600000000000005,170.48359999999999559,ML,,GROPE,reviewed,manual,nz1dr,33,29,8,0.22100000000000000,90.00000000000000000,0.13613000000000000,0.23999999999999999
1426989,earthquake,1999-08-26T17:43:46.272Z,2010-01-13T20:54:00.000Z,177.02742000000000644,-36.54214999999999947,5.45500000000000007,12.00000000000000000,ML,operator assigned,GROPE,reviewed,manual,nz1dr,14,10,6,0.99299999999999999,214.00000000000000000,0.30746000000000001,0.30299999999999999
1435671,earthquake,1999-08-22T01:09:35.580Z,2010-01-13T20:54:00.000Z,176.56415999999998689,-37.66584000000000287,5.17499999999999982,326.88769999999999527,ML,,GROPE,reviewed,manual,nz1dr,28,24,13,0.36699999999999999,144.00000000000000000,0.36507000000000001,0.15600000000000000
1424298,earthquake,1999-08-18T11:11:21.643Z,2010-01-13T20:54:00.000Z,174.37724000000000046,-39.54218999999999795,5.20300000000000029,225.64029999999999632,ML,,GROPE,reviewed,manual,nz1dr,51,42,4,0.25400000000000000,77.00000000000000000,0.22273999999999999,0.12000000000000000
1424264,earthquake,1999-08-18T01:16:47.286Z,2006-12-19T09:53:00.000Z,177.63706999999999425,-37.03186000000000178,5.70000000000000018,156.37270000000000891,Mw,,GROPE,reviewed,manual,nz1dr,20,18,0,0.61099999999999999,232.00000000000000000,0.12603000000000000,0.00000000000000000
1440015,earthquake,1999-08-05T05:02:11.493Z,2010-01-13T20:53:00.000Z,167.56601000000000568,-44.72740999999999900,5.24099999999999966,5.00000000000000000,ML,operator assigned,GROPE,reviewed,manual,nz1dr,15,10,8,0.26200000000000001,187.00000000000000000,0.14022999999999999,0.22000000000000000
1418224,earthquake,1999-08-05T04:02:28.610Z,2010-01-13T20:53:00.000Z,173.87839999999999918,-40.48169000000000040,5.30499999999999972,107.75320000000000675,ML,,GROPE,reviewed,manual,nz1dr,33,30,4,0.32200000000000001,106.00000000000000000,0.24643999999999999,0.41799999999999998
1414335,earthquake,1999-07-15T14:52:54.675Z,2006-12-19T09:52:00.000Z,178.64474000000001297,-35.55190000000000339,5.40000000000000036,185.98480000000000700,Mw,,GROPE,reviewed,manual,nz1dr,18,14,0,2.29400000000000004,274.00000000000000000,0.17183999999999999,0.00000000000000000
1411349,earthquake,1999-07-09T00:43:46.393Z,2010-01-13T20:52:00.000Z,177.32804999999999040,-34.81976999999999833,5.07099999999999973,33.00000000000000000,ML,operator assigned,GROPE,reviewed,manual,nz1dr,10,7,9,2.88300000000000001,322.00000000000000000,0.39379999999999998,0.29399999999999998
1408770,earthquake,1999-06-24T16:52:42.999Z,2010-01-13T20:52:00.000Z,176.01006000000000995,-38.84711000000000070,5.19200000000000017,98.37030000000000030,ML,,GROPE,reviewed,manual,nz1dr,37,32,4,0.07800000000000000,64.00000000000000000,0.16955000000000001,0.35099999999999998
1396550,earthquake,1999-05-24T15:46:28.552Z,2010-01-13T20:51:00.000Z,165.23715000000001396,-47.29758999999999958,5.16500000000000004,12.00000000000000000,ML,operator assigned,GROPE,reviewed,manual,nz1dr,11,7,8,2.02300000000000013,323.00000000000000000,0.08803000000000000,0.19000000000000000
1393781,earthquake,1999-05-19T07:50:28.283Z,2010-01-13T20:51:00.000Z,173.52490000000000236,-40.41803000000000168,5.18599999999999994,155.10059999999998581,ML,,GROPE,reviewed,manual,nz1dr,42,33,4,0.48799999999999999,135.00000000000000000,0.18304000000000001,0.36099999999999999
1393428,earthquake,1999-05-18T09:19:35.693Z,2006-12-19T09:51:00.000Z,175.47844000000000619,-38.58762000000000114,5.70000000000000018,264.45109999999999673,Mw,,GROPE,reviewed,manual,nz1dr,37,33,0,0.23400000000000001,57.00000000000000000,0.25668999999999997,0.00000000000000000
1388014,earthquake,1999-04-25T20:18:25.661Z,2010-01-13T20:50:00.000Z,167.54305999999999699,-45.13571999999999917,5.25499999999999989,114.96949999999999648,ML,,GROPE,reviewed,manual,nz1dr,15,9,9,0.43099999999999999,172.00000000000000000,0.23374000000000000,0.14899999999999999
1387977,earthquake,1999-04-24T23:06:52.833Z,2010-01-13T20:50:00.000Z,168.73804999999998699,-44.11775999999999698,5.14499999999999957,12.00000000000000000,ML,operator assigned,GROPE,reviewed,manual,nz1dr,11,9,12,0.32100000000000001,174.00000000000000000,0.11681999999999999,0.27100000000000002
1395233,earthquake,1999-04-20T19:04:04.550Z,2010-01-13T20:50:00.000Z,-177.51326000000000249,-32.45824000000000353,7.00499999999999989,207.63399999999998613,ML,,GROPE,reviewed,manual,nz1dr,22,19,4,6.58300000000000018,338.00000000000000000,0.36804999999999999,0.09400000000000000
1387758,earthquake,1999-04-20T06:15:22.254Z,2006-12-19T09:48:00.000Z,178.10332999999999970,-36.06452999999999776,5.40000000000000036,210.77520000000001232,Mw,,GROPE,reviewed,manual,nz1dr,29,26,0,1.54000000000000004,281.00000000000000000,0.13855999999999999,0.00000000000000000
1387154,earthquake,1999-04-01T01:39:34.361Z,2010-01-13T20:49:00.000Z,172.90104999999999791,-40.82314000000000220,5.12999999999999989,217.06970000000001164,ML,,GROPE,reviewed,manual,nz1dr,33,26,6,0.28199999999999997,117.00000000000000000,0.25241000000000002,0.16600000000000001
1378674,earthquake,1999-03-28T22:36:28.602Z,2010-01-13T20:49:00.000Z,179.20548999999999751,-36.00777000000000072,5.53899999999999970,151.64119999999999777,ML,,GROPE,reviewed,manual,nz1dr,23,19,6,1.74600000000000000,305.00000000000000000,0.24256000000000000,0.17100000000000001
1376910,earthquake,1999-03-23T10:44:18.776Z,2006-12-19T09:47:00.000Z,177.11723000000000638,-37.71370999999999896,5.40000000000000036,147.30019999999998959,Mw,,GROPE,reviewed,manual,nz1dr,29,25,0,0.19400000000000001,106.00000000000000000,0.16849000000000000,0.00000000000000000
1359146,earthquake,1999-02-01T18:26:05.572Z,2010-01-13T20:46:00.000Z,176.09540999999998689,-38.25639999999999930,5.07000000000000028,180.63460000000000605,ML,,GROPE,reviewed,manual,nz1dr,37,33,5,0.17899999999999999,84.00000000000000000,0.17555000000000001,0.19700000000000001
1362076,earthquake,1999-01-31T00:13:14.099Z,2010-01-13T20:46:00.000Z,166.17948999999998705,-46.39079000000000264,5.06400000000000006,12.00000000000000000,ML,operator assigned,GROPE,reviewed,manual,nz1dr,11,7,8,1.32499999999999996,292.00000000000000000,0.35402000000000000,0.22300000000000000
1348340,earthquake,1999-01-03T07:00:21.404Z,2006-12-19T09:45:00.000Z,174.51673999999999864,-41.09246999999999872,5.20000000000000018,57.90310000000000201,Mw,,GROPE,reviewed,manual,nz1dr,57,53,0,0.19900000000000001,59.00000000000000000,0.12559999999999999,0.00000000000000000
1356538,earthquake,1998-12-29T13:45:23.893Z,2010-01-13T20:45:00.000Z,176.27979999999999450,-38.22017000000000309,5.74099999999999966,162.06620000000000914,ML,,GROPE,reviewed,manual,nz1dr,41,34,4,0.08100000000000000,79.00000000000000000,0.16130000000000000,0.15100000000000000
1330579,earthquake,1998-10-21T12:00:39.541Z,2010-01-13T20:41:00.000Z,176.00339999999999918,-38.13589999999999947,5.50300000000000011,202.79050000000000864,ML,,GROPE,reviewed,manual,nz1dr,36,34,5,0.15400000000000000,64.00000000000000000,0.14599000000000001,0.27600000000000002
1311230,earthquake,1998-10-20T20:11:00.616Z,2010-01-13T20:41:00.000Z,178.90062000000000353,-35.18619999999999948,5.09799999999999986,311.76859999999999218,ML,,GROPE,reviewed,manual,nz1dr,16,15,16,3.39500000000000002,327.00000000000000000,0.23672000000000001,0.29399999999999998
1311228,earthquake,1998-10-20T20:03:00.510Z,2006-12-19T09:33:00.000Z,169.54686000000000945,-43.83149999999999835,5.40000000000000036,12.00000000000000000,Mw,operator assigned,GROPE,reviewed,manual,nz1dr,16,11,0,0.23100000000000001,97.00000000000000000,0.23971000000000001,0.00000000000000000
1290507,earthquake,1998-09-02T06:54:40.720Z,2010-01-13T20:39:00.000Z,177.38669999999999050,-37.15086000000000155,5.69299999999999962,137.98150000000001114,ML,,GROPE,reviewed,manual,nz1dr,24,21,5,0.40799999999999997,187.00000000000000000,0.16860000000000000,0.21099999999999999
1266472,earthquake,1998-07-11T17:07:57.114Z,2010-01-13T20:36:00.000Z,178.15294000000000096,-36.26785000000000281,5.07000000000000028,201.24490000000000123,ML,,GROPE,reviewed,manual,nz1dr,15,13,5,1.33400000000000007,303.00000000000000000,0.11547000000000000,0.19600000000000001
1263314,earthquake,1998-07-04T07:47:47.344Z,2010-01-13T20:36:00.000Z,174.47721999999998843,-39.14309999999999690,5.29499999999999993,601.52800000000002001,ML,,GROPE,reviewed,manual,nz1dr,35,32,4,0.15900000000000000,96.00000000000000000,0.15026000000000000,0.23000000000000001
1259284,earthquake,1998-06-22T15:19:51.711Z,2010-01-13T20:36:00.000Z,173.57714999999998895,-39.35229999999999961,5.17300000000000004,11.33150000000000013,ML,,GROPE,reviewed,manual,nz1dr,37,33,9,0.27600000000000002,179.00000000000000000,0.15664000000000000,1.11299999999999999
1230754,earthquake,1998-05-14T09:27:21.805Z,2010-01-13T20:34:00.000Z,177.14602999999999611,-38.50068999999999875,5.11899999999999977,46.10139999999999816,ML,,GROPE,reviewed,manual,nz1dr,36,32,9,0.24199999999999999,127.00000000000000000,0.17976000000000000,0.47899999999999998
1224355,earthquake,1998-05-01T10:33:06.026Z,2010-01-13T20:33:00.000Z,179.04649000000000569,-35.18542999999999665,5.95099999999999962,189.31110000000001037,ML,,GROPE,reviewed,manual,nz1dr,24,21,4,2.48300000000000010,309.00000000000000000,0.21038000000000001,0.19800000000000001
1221134,earthquake,1998-04-22T02:12:59.199Z,2010-01-13T20:33:00.000Z,177.77635000000000787,-39.33323000000000036,5.07899999999999974,47.66740000000000066,ML,,GROPE,reviewed,manual,nz1dr,32,28,4,0.73499999999999999,200.00000000000000000,0.15864000000000000,0.38500000000000001
1221077,earthquake,1998-04-20T23:34:18.108Z,2010-01-13T20:33:00.000Z,174.92445000000000732,-39.02385000000000304,6.72100000000000009,231.77549999999999386,ML,,GROPE,reviewed,manual,nz1dr,59,55,6,0.36499999999999999,94.00000000000000000,0.19192000000000001,0.53700000000000003
1237289,earthquake,1998-02-24T17:17:50.934Z,2010-01-13T20:28:00.000Z,174.23241999999999052,-41.93612000000000251,5.20600000000000041,12.00000000000000000,ML,operator assigned,GROPE,reviewed,manual,nz1dr,24,22,17,0.56599999999999995,162.00000000000000000,0.17304000000000000,0.37300000000000000
1227976,earthquake,1998-02-08T18:26:06.262Z,2010-01-13T20:27:00.000Z,170.38999999999998636,-45.06886999999999688,5.10500000000000043,5.00000000000000000,ML,operator assigned,GROPE,reviewed,manual,nz1dr,14,10,13,0.18200000000000000,128.00000000000000000,0.37568000000000001,0.28899999999999998
1227895,earthquake,1998-01-27T23:46:06.581Z,2010-01-13T20:26:00.000Z,165.26948999999999046,-47.69212000000000273,5.12000000000000011,12.00000000000000000,ML,operator assigned,GROPE,reviewed,manual,nz1dr,10,7,9,2.11399999999999988,332.00000000000000000,0.17973000000000000,0.22000000000000000
1227881,earthquake,1998-01-26T23:57:27.942Z,2010-01-13T20:26:00.000Z,165.20543000000000688,-47.70991999999999678,5.17100000000000026,12.00000000000000000,ML,operator assigned,GROPE,reviewed,manual,nz1dr,11,6,7,2.16100000000000003,325.00000000000000000,0.17344999999999999,0.23799999999999999
1245268,earthquake,1998-01-26T23:25:06.568Z,2010-01-13T20:26:00.000Z,165.21512000000001308,-47.58955000000000268,5.11599999999999966,12.00000000000000000,ML,operator assigned,GROPE,reviewed,manual,nz1dr,12,9,8,2.11299999999999999,323.00000000000000000,0.22756999999999999,0.17499999999999999
1245058,earthquake,1998-01-26T23:12:05.617Z,2010-01-13T20:26:00.000Z,165.40736000000001127,-47.66517999999999944,5.02299999999999969,12.00000000000000000,ML,operator assigned,GROPE,reviewed,manual,nz1dr,11,8,5,2.01699999999999990,323.00000000000000000,0.24986000000000000,0.30399999999999999
1227880,earthquake,1998-01-26T23:05:57.504Z,2006-12-19T09:24:00.000Z,165.27843999999998914,-47.63322000000000145,5.90000000000000036,12.00000000000000000,Mw,operator assigned,GROPE,reviewed,manual,nz1dr,11,6,0,2.08700000000000019,323.00000000000000000,0.10451000000000001,0.00000000000000000
1222833,earthquake,1998-01-07T12:07:19.432Z,2010-01-13T20:25:00.000Z,165.57812999999998738,-47.59378000000000242,5.47599999999999998,12.00000000000000000,ML,operator assigned,GROPE,reviewed,manual,nz1dr,10,6,10,1.88399999999999990,322.00000000000000000,0.28469000000000000,0.23400000000000001
1221267,earthquake,1998-01-06T05:01:25.409Z,2010-01-13T20:25:00.000Z,165.46286000000000627,-47.64979999999999905,5.24600000000000044,12.00000000000000000,ML,operator assigned,GROPE,reviewed,manual,nz1dr,10,6,8,1.97700000000000009,323.00000000000000000,0.28850999999999999,0.22600000000000001
1221264,earthquake,1998-01-06T02:39:47.661Z,2010-01-13T20:25:00.000Z,165.40224000000000615,-47.67085999999999757,5.16300000000000026,12.00000000000000000,ML,operator assigned,GROPE,reviewed,manual,nz1dr,10,6,6,2.02300000000000013,323.00000000000000000,0.23019999999999999,0.18099999999999999
1212302,earthquake,1997-12-24T01:14:33.206Z,2010-01-13T20:24:00.000Z,176.91080999999999790,-36.94192000000000320,5.01600000000000001,241.75329999999999586,ML,,GROPE,reviewed,manual,nz1dr,17,15,5,1.06000000000000005,222.00000000000000000,0.16614999999999999,0.33200000000000002
1212269,earthquake,1997-12-19T17:21:15.396Z,2010-01-13T20:24:00.000Z,175.80241000000000895,-38.55518000000000001,5.16399999999999970,162.26089999999999236,ML,,GROPE,reviewed,manual,nz1dr,31,27,15,0.16400000000000001,74.00000000000000000,0.13594999999999999,0.35299999999999998
1207424,earthquake,1997-11-29T21:03:32.654Z,2006-12-14T16:23:00.000Z,173.52234999999998877,-41.09647999999999968,5.20000000000000018,90.59069999999999823,Mw,,GROPE,reviewed,manual,nz1dr,29,28,0,0.38900000000000001,79.00000000000000000,0.20216000000000001,0.00000000000000000
1199178,earthquake,1997-11-24T02:23:56.705Z,2010-01-13T20:23:00.000Z,174.65160000000000196,-40.48917999999999751,5.18400000000000016,70.21899999999999409,ML,,GROPE,reviewed,manual,nz1dr,41,36,7,0.42299999999999999,76.00000000000000000,0.18536000000000000,0.22800000000000001
1200922,earthquake,1997-11-09T08:28:55.084Z,2010-01-13T20:22:00.000Z,177.17642000000000735,-37.58270000000000266,5.01199999999999957,139.17449999999999477,ML,,GROPE,reviewed,manual,nz1dr,31,29,18,0.05500000000000000,80.00000000000000000,0.17818999999999999,0.27700000000000002
1199065,earthquake,1997-11-07T22:30:01.645Z,2010-01-13T20:22:00.000Z,176.84457000000000448,-40.42645999999999873,5.39200000000000035,16.26069999999999993,ML,,GROPE,reviewed,manual,nz1dr,34,33,13,0.81799999999999995,194.00000000000000000,0.12002000000000000,0.35199999999999998
1200956,earthquake,1997-11-04T13:55:43.116Z,2010-01-13T20:22:00.000Z,171.36920000000000641,-42.98819999999999908,5.06599999999999984,5.00000000000000000,ML,operator assigned,GROPE,reviewed,manual,nz1dr,13,10,14,0.14999999999999999,131.00000000000000000,0.07620000000000000,0.26500000000000001
1194378,earthquake,1997-10-31T22:53:15.893Z,2010-01-13T20:22:00.000Z,176.78982999999999493,-38.00130000000000052,5.54100000000000037,138.73359999999999559,ML,,GROPE,reviewed,manual,nz1dr,35,32,4,0.09200000000000000,86.00000000000000000,0.16664999999999999,0.20200000000000001
1193853,earthquake,1997-10-31T07:15:20.676Z,2010-01-13T20:22:00.000Z,175.68154999999998722,-38.72599000000000302,5.08399999999999963,128.46219999999999573,ML,,GROPE,reviewed,manual,nz1dr,40,35,4,0.04300000000000000,47.00000000000000000,0.12690000000000001,0.40200000000000002
1198822,earthquake,1997-10-28T04:54:17.866Z,2010-01-13T20:22:00.000Z,177.22327999999998838,-34.53255000000000052,5.31200000000000028,33.00000000000000000,ML,operator assigned,GROPE,reviewed,manual,nz1dr,6,3,3,3.18199999999999994,353.00000000000000000,0.24775000000000000,0.48499999999999999
1184137,earthquake,1997-10-13T07:18:01.088Z,2010-01-13T20:21:00.000Z,177.57578000000000884,-37.24784999999999968,5.02500000000000036,102.76409999999999911,ML,,GROPE,reviewed,manual,nz1dr,24,21,19,0.41599999999999998,200.00000000000000000,0.12553000000000000,0.23300000000000001
1174625,earthquake,1997-09-20T11:15:59.099Z,2010-01-13T20:19:00.000Z,177.60679999999999268,-37.30185000000000173,5.11800000000000033,92.97509999999999764,ML,,GROPE,reviewed,manual,nz1dr,26,24,5,0.40200000000000002,188.00000000000000000,0.13714000000000001,0.15600000000000000
1174100,earthquake,1997-09-16T15:24:05.399Z,2010-01-13T20:19:00.000Z,170.25930999999999926,-43.63770999999999844,5.02899999999999991,5.00000000000000000,ML,operator assigned,GROPE,reviewed,manual,nz1dr,13,9,12,0.44900000000000001,155.00000000000000000,0.08878999999999999,0.31100000000000000
1177704,earthquake,1997-09-16T10:08:17.469Z,2010-01-13T20:19:00.000Z,170.29278999999999655,-43.67260000000000275,5.02799999999999958,5.00000000000000000,ML,operator assigned,GROPE,reviewed,manual,nz1dr,13,9,12,0.43700000000000000,152.00000000000000000,0.12856999999999999,0.31700000000000000
1174091,earthquake,1997-09-14T17:00:32.708Z,2010-01-13T20:19:00.000Z,175.90658999999999423,-38.28244999999999720,5.22299999999999986,204.67930000000001201,ML,,GROPE,reviewed,manual,nz1dr,37,33,4,0.24800000000000000,75.00000000000000000,0.14091000000000001,0.29299999999999998
1175140,earthquake,1997-09-12T20:14:57.326Z,2010-01-13T20:19:00.000Z,176.10912999999999329,-37.73631999999999920,5.05499999999999972,287.23230000000000928,ML,,GROPE,reviewed,manual,nz1dr,20,18,4,0.14299999999999999,190.00000000000000000,0.15214000000000000,0.13300000000000001
1160359,earthquake,1997-08-02T03:57:58.763Z,2010-01-13T20:17:00.000Z,177.20832999999998947,-34.67927999999999855,5.03300000000000036,12.00000000000000000,ML,operator assigned,GROPE,reviewed,manual,nz1dr,6,4,4,3.04499999999999993,331.00000000000000000,0.25921000000000000,0.40600000000000003
1143796,earthquake,1997-06-20T15:36:34.045Z,2010-01-13T20:15:00.000Z,174.48596000000000572,-41.14679000000000286,5.36300000000000043,36.95089999999999719,ML,,GROPE,reviewed,manual,nz1dr,47,42,6,0.18600000000000000,67.00000000000000000,0.16571000000000000,0.77500000000000002
1148929,earthquake,1997-06-19T08:55:07.506Z,2010-01-13T20:15:00.000Z,174.50063000000000102,-41.11422000000000310,5.12300000000000022,39.59000000000000341,ML,,GROPE,reviewed,manual,nz1dr,37,31,6,0.19400000000000001,64.00000000000000000,0.11996000000000000,0.62900000000000000
1135940,earthquake,1997-05-27T03:14:01.675Z,2010-01-13T20:13:00.000Z,176.53322000000000003,-37.54923000000000144,6.06599999999999984,212.01529999999999632,ML,,GROPE,reviewed,manual,nz1dr,36,30,5,0.26700000000000002,127.00000000000000000,0.15329999999999999,0.23599999999999999
1133841,earthquake,1997-05-26T10:50:14.962Z,2006-12-14T16:19:00.000Z,165.95712000000000330,-47.26572000000000173,5.20000000000000018,12.00000000000000000,Mw,operator assigned,GROPE,reviewed,manual,nz1dr,10,6,0,1.53800000000000003,309.00000000000000000,0.26848000000000000,0.00000000000000000
1133833,earthquake,1997-05-25T23:22:30.588Z,2006-12-14T16:19:00.000Z,-178.79000999999999522,-32.30516000000000076,7.09999999999999964,339.38240000000001828,Mw,,GROPE,reviewed,manual,nz1dr,25,22,0,5.79600000000000026,318.00000000000000000,0.24431000000000000,0.00000000000000000
1133802,earthquake,1997-05-23T00:24:49.603Z,2010-01-13T20:13:00.000Z,177.15181999999998652,-37.08764000000000038,5.10599999999999987,246.14490000000000691,ML,,GROPE,reviewed,manual,nz1dr,33,28,5,0.44100000000000000,177.00000000000000000,0.22406000000000001,0.21400000000000000
1127921,earthquake,1997-05-09T05:55:55.008Z,2010-01-13T20:12:00.000Z,177.57292000000001053,-36.50135000000000218,5.00800000000000001,207.04699999999999704,ML,,GROPE,reviewed,manual,nz1dr,13,11,16,1.07000000000000006,252.00000000000000000,0.08293000000000000,0.26000000000000001
1121473,earthquake,1997-05-03T16:46:01.845Z,2010-01-13T20:12:00.000Z,-177.98145999999999844,-32.54943000000000097,7.11300000000000043,135.48660000000000991,ML,,GROPE,reviewed,manual,nz1dr,20,18,4,5.88699999999999957,319.00000000000000000,0.18026000000000000,0.27500000000000002
1122037,earthquake,1997-04-22T14:30:50.328Z,2010-01-13T20:11:00.000Z,177.59363999999999351,-36.73769999999999669,5.48299999999999965,171.35509999999999309,ML,,GROPE,reviewed,manual,nz1dr,22,18,4,0.85299999999999998,213.00000000000000000,0.12536000000000000,0.29599999999999999
1112473,earthquake,1997-04-11T19:46:38.980Z,2010-01-13T20:10:00.000Z,175.63715999999999440,-38.42289999999999850,5.15899999999999981,287.08879999999999200,ML,,GROPE,reviewed,manual,nz1dr,33,24,5,0.29599999999999999,69.00000000000000000,0.24376999999999999,0.28000000000000003
1101054,earthquake,1997-03-25T02:18:04.678Z,2006-12-14T16:17:00.000Z,177.61698999999998705,-37.02947000000000344,5.29999999999999982,111.45010000000000616,Mw,,GROPE,reviewed,manual,nz1dr,22,17,0,0.60399999999999998,198.00000000000000000,0.19531000000000001,0.00000000000000000
1099315,earthquake,1997-03-12T15:30:29.008Z,2010-01-13T20:07:00.000Z,179.50377000000000294,-36.09779000000000337,5.64599999999999991,12.00000000000000000,ML,operator assigned,GROPE,reviewed,manual,nz1dr,17,14,10,1.78200000000000003,287.00000000000000000,0.17977000000000001,0.24700000000000000
1099892,earthquake,1997-03-10T14:07:02.842Z,2010-01-13T20:07:00.000Z,177.75870000000000459,-36.37212000000000245,5.25399999999999956,12.00000000000000000,ML,operator assigned,GROPE,reviewed,manual,nz1dr,10,7,6,1.24100000000000010,292.00000000000000000,0.25980999999999999,0.27100000000000002
1092115,earthquake,1997-03-07T08:27:37.301Z,2010-01-13T20:07:00.000Z,179.30598000000000525,-37.75099999999999767,5.08100000000000041,12.00000000000000000,ML,operator assigned,GROPE,reviewed,manual,nz1dr,13,11,7,0.81100000000000005,293.00000000000000000,0.44467000000000001,0.18900000000000000
1091530,earthquake,1997-03-04T07:41:01.377Z,2010-01-13T20:07:00.000Z,177.73747000000000185,-36.45358000000000231,5.05900000000000016,12.00000000000000000,ML,operator assigned,GROPE,reviewed,manual,nz1dr,11,8,5,1.15900000000000003,262.00000000000000000,0.20721999999999999,0.39600000000000002
1090243,earthquake,1997-03-03T14:13:22.051Z,2010-01-13T20:07:00.000Z,178.42952999999999975,-35.86169000000000295,5.40800000000000036,12.00000000000000000,ML,operator assigned,GROPE,reviewed,manual,nz1dr,9,9,5,1.73700000000000010,315.00000000000000000,0.12204000000000000,0.42199999999999999
1091381,earthquake,1997-03-03T00:44:14.021Z,2010-01-13T20:07:00.000Z,177.78686999999999330,-36.41174999999999784,5.11500000000000021,12.00000000000000000,ML,operator assigned,GROPE,reviewed,manual,nz1dr,12,11,5,1.21300000000000008,261.00000000000000000,0.13536000000000001,0.33700000000000002
1090673,earthquake,1997-03-02T19:01:53.712Z,2010-01-13T20:07:00.000Z,178.04282000000000608,-36.41149999999999665,5.25000000000000000,12.00000000000000000,ML,operator assigned,GROPE,reviewed,manual,nz1dr,13,9,6,1.20300000000000007,269.00000000000000000,0.42473000000000000,0.35099999999999998
1090670,earthquake,1997-03-02T16:23:07.120Z,2010-01-13T20:07:00.000Z,177.68983000000000061,-36.46043000000000234,5.26900000000000013,12.00000000000000000,ML,operator assigned,GROPE,reviewed,manual,nz1dr,19,13,6,1.13900000000000001,256.00000000000000000,0.09977000000000000,0.27500000000000002
1113608,earthquake,1997-03-02T14:33:53.889Z,2010-01-13T20:07:00.000Z,178.43621999999999161,-36.37333999999999889,5.30499999999999972,12.00000000000000000,ML,operator assigned,GROPE,reviewed,manual,nz1dr,13,10,6,1.22799999999999998,284.00000000000000000,0.22638000000000000,0.38800000000000001
1076837,earthquake,1997-01-19T14:56:11.451Z,2010-01-13T20:02:00.000Z,179.19793999999998846,-37.79556000000000182,5.38199999999999967,21.95429999999999993,ML,,GROPE,reviewed,manual,nz1dr,25,22,12,0.73799999999999999,282.00000000000000000,0.13614999999999999,0.23599999999999999
1083999,earthquake,1997-01-14T21:31:01.829Z,2010-01-13T20:02:00.000Z,177.07639000000000351,-37.12463000000000335,5.14799999999999969,252.89230000000000587,ML,,GROPE,reviewed,manual,nz1dr,31,25,4,0.41299999999999998,179.00000000000000000,0.20851000000000000,0.29899999999999999
1067975,earthquake,1996-12-22T19:21:45.958Z,2010-01-13T20:00:00.000Z,175.71115000000000350,-40.01906000000000319,5.26400000000000023,64.75469999999999970,ML,,GROPE,reviewed,manual,nz1dr,43,39,4,0.51300000000000001,121.00000000000000000,0.19905999999999999,0.21099999999999999
1060227,earthquake,1996-12-15T23:13:16.437Z,2010-01-13T20:00:00.000Z,178.80262999999999352,-40.31497999999999848,5.47400000000000020,12.00000000000000000,ML,operator assigned,GROPE,reviewed,manual,nz1dr,44,37,15,1.79499999999999993,235.00000000000000000,0.55833999999999995,0.29299999999999998
1056954,earthquake,1996-11-12T07:33:52.043Z,2010-01-13T19:58:00.000Z,175.11391000000000417,-38.87299999999999756,5.00600000000000023,210.57900000000000773,ML,,GROPE,reviewed,manual,nz1dr,40,32,4,0.27800000000000002,77.00000000000000000,0.22564000000000001,0.34999999999999998
1045773,earthquake,1996-10-25T10:28:29.835Z,2010-01-13T19:57:00.000Z,175.89969999999999573,-38.67347000000000179,5.35299999999999976,154.34590000000000032,ML,,GROPE,reviewed,manual,nz1dr,41,33,5,0.04600000000000000,57.00000000000000000,0.21893000000000001,0.34200000000000003
1039885,earthquake,1996-10-05T21:21:36.318Z,2010-01-13T19:56:00.000Z,176.49004999999999654,-40.37156999999999840,5.04499999999999993,52.41870000000000118,ML,,GROPE,reviewed,manual,nz1dr,43,38,5,0.36099999999999999,167.00000000000000000,0.12725000000000000,0.27600000000000002
1039860,earthquake,1996-10-04T22:39:03.802Z,2010-01-13T19:56:00.000Z,177.23473999999998796,-37.06750000000000256,5.33999999999999986,206.64029999999999632,ML,,GROPE,reviewed,manual,nz1dr,28,23,5,0.46100000000000002,198.00000000000000000,0.14746000000000001,0.16600000000000001
1037807,earthquake,1996-09-25T10:35:17.717Z,2006-12-14T14:23:00.000Z,174.90810999999999353,-39.05310999999999666,5.40000000000000036,213.77680000000000859,Mw,,GROPE,reviewed,manual,nz1dr,39,33,0,0.37700000000000000,102.00000000000000000,0.19894000000000001,0.00000000000000000
1035630,earthquake,1996-09-19T12:16:34.185Z,2010-01-13T19:55:00.000Z,172.82445000000001301,-42.48190000000000310,5.79800000000000004,9.48879999999999946,ML,,GROPE,reviewed,manual,nz1dr,24,20,13,0.04300000000000000,118.00000000000000000,0.15376000000000001,0.25300000000000000
1037221,earthquake,1996-09-13T03:16:47.999Z,2010-01-13T19:55:00.000Z,175.86823000000001116,-38.43912000000000262,5.09700000000000042,154.40479999999999450,ML,,GROPE,reviewed,manual,nz1dr,42,34,18,0.23899999999999999,75.00000000000000000,0.16936999999999999,0.39200000000000002
1023738,earthquake,1996-09-04T23:51:26.570Z,2010-01-13T19:55:00.000Z,174.88525000000001342,-42.28688999999999965,5.24699999999999989,33.00000000000000000,ML,operator assigned,GROPE,reviewed,manual,nz1dr,23,20,14,0.73099999999999998,190.00000000000000000,0.11704000000000001,0.38700000000000001
1037562,earthquake,1996-08-29T04:47:02.352Z,2006-12-14T14:21:00.000Z,172.79211000000000809,-42.48913000000000295,5.29999999999999982,9.42769999999999975,Mw,,GROPE,reviewed,manual,nz1dr,22,17,0,0.04600000000000000,119.00000000000000000,0.12856000000000001,0.00000000000000000
1023667,earthquake,1996-08-13T09:41:41.803Z,2010-01-13T19:54:00.000Z,179.60408000000001039,-34.76863999999999777,5.86000000000000032,211.98679999999998813,ML,,GROPE,reviewed,manual,nz1dr,21,20,21,3.01500000000000012,304.00000000000000000,0.20963999999999999,0.35799999999999998
1030029,earthquake,1996-08-05T10:06:42.159Z,2010-01-13T19:53:00.000Z,176.42898999999999887,-37.92014999999999958,5.05400000000000027,187.26220000000000709,ML,,GROPE,reviewed,manual,nz1dr,36,30,4,0.20499999999999999,83.00000000000000000,0.15334999999999999,0.29499999999999998
998009,earthquake,1996-06-27T03:34:39.635Z,2006-12-14T14:20:00.000Z,177.50290000000001100,-38.42875000000000085,5.00000000000000000,78.58190000000000452,Mw,,GROPE,reviewed,manual,nz1dr,18,13,0,0.35199999999999998,79.00000000000000000,0.18681000000000000,0.00000000000000000
996902,earthquake,1996-06-20T17:30:11.039Z,2010-01-13T19:51:00.000Z,167.37108000000000629,-45.19111999999999796,5.07300000000000040,75.06889999999999930,ML,,GROPE,reviewed,manual,nz1dr,14,9,5,0.31600000000000000,183.00000000000000000,0.15642000000000000,0.28699999999999998
996407,earthquake,1996-06-16T00:56:40.712Z,2010-01-13T19:51:00.000Z,179.99218999999999369,-36.29202000000000083,5.04000000000000004,33.00000000000000000,ML,operator assigned,GROPE,reviewed,manual,nz1dr,12,11,17,1.88100000000000001,296.00000000000000000,0.31329000000000001,0.22100000000000000
988793,earthquake,1996-05-31T23:31:13.899Z,2010-01-13T19:50:00.000Z,175.42368999999999346,-40.67495999999999867,5.12300000000000022,41.50050000000000239,ML,,GROPE,reviewed,manual,nz1dr,46,43,11,0.11899999999999999,73.00000000000000000,0.24512999999999999,0.42299999999999999
987041,earthquake,1996-05-26T10:13:02.015Z,2010-01-13T19:50:00.000Z,174.96152000000000726,-39.02653999999999712,5.74600000000000044,218.44059999999998922,ML,,GROPE,reviewed,manual,nz1dr,55,42,4,0.33600000000000002,94.00000000000000000,0.22045999999999999,0.31000000000000000
966618,earthquake,1996-05-05T00:13:25.018Z,2010-01-13T19:49:00.000Z,177.59641999999999484,-36.57117000000000218,5.38400000000000034,233.82759999999998968,ML,,GROPE,reviewed,manual,nz1dr,23,17,4,1.00899999999999990,248.00000000000000000,0.13131000000000001,0.18300000000000000
965160,earthquake,1996-04-25T16:20:38.780Z,2010-01-13T19:48:00.000Z,179.80074999999999363,-37.85620000000000118,5.17499999999999982,12.00000000000000000,ML,operator assigned,GROPE,reviewed,manual,nz1dr,28,26,9,1.21599999999999997,292.00000000000000000,0.14010000000000000,0.33200000000000002
963136,earthquake,1996-04-22T15:56:31.974Z,2010-01-13T19:48:00.000Z,176.83451999999999771,-37.23995000000000033,5.04199999999999982,226.68299999999999272,ML,,GROPE,reviewed,manual,nz1dr,24,22,19,0.40300000000000002,169.00000000000000000,0.23008999999999999,0.18099999999999999
954360,earthquake,1996-03-22T09:38:56.062Z,2010-01-13T19:46:00.000Z,167.16712999999998601,-44.79361999999999711,5.07899999999999974,5.00000000000000000,ML,operator assigned,GROPE,reviewed,manual,nz1dr,19,14,10,0.55500000000000005,224.00000000000000000,0.28980000000000000,0.18500000000000000
957256,earthquake,1996-02-28T14:23:10.888Z,2010-01-13T19:44:00.000Z,167.40925999999998908,-45.06157999999999930,6.19299999999999962,114.36759999999999593,ML,,GROPE,reviewed,manual,nz1dr,18,14,8,0.44400000000000001,192.00000000000000000,0.16847000000000001,0.41999999999999998
872145,earthquake,1995-12-18T20:50:32.605Z,2010-01-13T19:40:00.000Z,177.51335000000000264,-37.49347999999999814,5.48599999999999977,105.44549999999999557,ML,,GROPE,reviewed,manual,nz1dr,36,28,4,0.26000000000000001,156.00000000000000000,0.16238000000000000,0.27800000000000002
777657,earthquake,1995-12-16T07:38:13.995Z,2010-01-13T19:40:00.000Z,178.36576999999999771,-35.75601999999999947,5.47599999999999998,198.50540000000000873,ML,,GROPE,reviewed,manual,nz1dr,34,31,4,1.84000000000000008,276.00000000000000000,0.17842000000000000,0.28999999999999998
770772,earthquake,1995-11-27T19:35:25.435Z,2010-01-13T19:38:00.000Z,176.46942000000001372,-37.50446000000000168,5.39299999999999979,221.62880000000001246,ML,,GROPE,reviewed,manual,nz1dr,37,32,19,0.27000000000000002,132.00000000000000000,0.15304999999999999,0.29399999999999998
770654,earthquake,1995-11-25T08:16:17.186Z,2010-01-13T19:38:00.000Z,171.83603999999999701,-42.93099000000000132,5.18700000000000028,5.58900000000000041,ML,,GROPE,reviewed,manual,nz1dr,28,19,17,0.19400000000000001,95.00000000000000000,0.16744000000000001,0.22400000000000000
771457,earthquake,1995-11-24T09:21:10.068Z,2010-01-13T19:37:00.000Z,179.50643999999999778,-37.40749000000000279,5.21100000000000030,12.00000000000000000,ML,operator assigned,GROPE,reviewed,manual,nz1dr,18,16,11,0.97699999999999998,282.00000000000000000,0.15290999999999999,0.25500000000000000
771645,earthquake,1995-11-24T06:18:57.881Z,2010-01-13T19:37:00.000Z,171.81882999999999129,-42.95295999999999736,6.20000000000000018,7.26299999999999990,Mw,,GROPE,reviewed,manual,nz1dr,26,19,0,0.17799999999999999,88.00000000000000000,0.18139000000000000,0.00000000000000000
867835,earthquake,1995-11-15T19:11:10.625Z,2010-01-13T19:37:00.000Z,177.30753000000001407,-37.18728000000000122,5.03599999999999959,133.10230000000001382,ML,,GROPE,reviewed,manual,nz1dr,27,24,22,0.35299999999999998,176.00000000000000000,0.14957999999999999,0.25600000000000001
860629,earthquake,1995-11-01T23:30:46.301Z,2010-01-13T19:36:00.000Z,176.14307999999999765,-38.13821999999999690,5.18799999999999972,170.82759999999998968,ML,,GROPE,reviewed,manual,nz1dr,47,38,4,0.05500000000000000,84.00000000000000000,0.20436000000000001,0.32800000000000001
846867,earthquake,1995-09-26T16:53:35.317Z,2010-01-13T19:34:00.000Z,168.31645000000000323,-44.23239999999999839,5.29999999999999982,5.00000000000000000,ML,operator assigned,GROPE,reviewed,manual,nz1dr,16,12,15,0.52300000000000002,173.00000000000000000,0.08765000000000001,0.23499999999999999
845864,earthquake,1995-09-19T22:52:24.734Z,2006-12-14T14:03:00.000Z,174.26499999999998636,-39.61305000000000121,5.79999999999999982,205.89179999999998927,Mw,,GROPE,reviewed,manual,nz1dr,57,48,0,0.02700000000000000,90.00000000000000000,0.22242999999999999,0.00000000000000000
841012,earthquake,1995-09-03T17:51:39.236Z,2010-01-13T19:33:00.000Z,176.66642999999999120,-37.87454999999999927,5.22599999999999998,160.16200000000000614,ML,,GROPE,reviewed,manual,nz1dr,35,31,4,0.11200000000000000,84.00000000000000000,0.24374000000000001,0.20999999999999999
910806,earthquake,1995-08-26T11:45:47.196Z,2010-01-13T19:33:00.000Z,178.78756999999998811,-35.21350999999999942,5.38199999999999967,288.60199999999997544,ML,,GROPE,reviewed,manual,nz1dr,20,17,19,2.41299999999999981,307.00000000000000000,0.14038999999999999,0.33100000000000002
838514,earthquake,1995-08-22T00:21:27.702Z,2010-01-13T19:32:00.000Z,173.97148000000001389,-41.36446000000000112,5.48399999999999999,75.56740000000000634,ML,,GROPE,reviewed,manual,nz1dr,35,30,4,0.14000000000000001,61.00000000000000000,0.20104000000000000,0.22600000000000001
835039,earthquake,1995-08-09T07:17:46.972Z,2010-01-13T19:32:00.000Z,178.45856000000000563,-35.76362000000000307,5.06899999999999995,217.12450000000001182,ML,,GROPE,reviewed,manual,nz1dr,14,12,4,2.42099999999999982,298.00000000000000000,0.35507000000000000,0.23799999999999999
836117,earthquake,1995-08-01T22:31:22.590Z,2010-01-13T19:32:00.000Z,175.77097000000000548,-38.58149999999999835,5.12500000000000000,146.86019999999999186,ML,,GROPE,reviewed,manual,nz1dr,28,24,14,0.45700000000000002,113.00000000000000000,0.12755000000000000,0.36599999999999999
833026,earthquake,1995-07-31T23:03:38.644Z,2010-01-13T19:32:00.000Z,177.60497000000000867,-37.01120000000000232,5.09999999999999964,155.14240000000000919,ML,,GROPE,reviewed,manual,nz1dr,21,18,19,1.53400000000000003,249.00000000000000000,0.33762999999999999,0.31000000000000000
823261,earthquake,1995-07-03T02:03:00.878Z,2010-01-13T19:31:00.000Z,177.56609000000000265,-37.02573000000000292,5.07800000000000029,12.00000000000000000,ML,operator assigned,GROPE,reviewed,manual,nz1dr,16,14,5,0.58499999999999996,232.00000000000000000,0.15578000000000000,0.27700000000000002
814165,earthquake,1995-06-03T20:58:59.187Z,2010-01-13T19:30:00.000Z,-179.37003999999998882,-33.21012000000000342,6.85099999999999998,432.48910000000000764,ML,,GROPE,reviewed,manual,nz1dr,36,33,8,5.14400000000000013,329.00000000000000000,0.20737000000000000,0.52700000000000002
837565,earthquake,1995-05-29T10:06:42.279Z,2006-12-14T13:41:00.000Z,171.60196999999999434,-42.94037999999999755,5.50000000000000000,4.05850000000000044,Mw,,GROPE,reviewed,manual,nz1dr,21,12,0,0.02800000000000000,126.00000000000000000,0.12041000000000000,0.00000000000000000
817109,earthquake,1995-05-27T20:08:52.262Z,2010-01-13T19:29:00.000Z,175.02556999999998766,-38.97534999999999883,5.34199999999999964,229.48349999999999227,ML,,GROPE,reviewed,manual,nz1dr,52,48,5,0.29499999999999998,96.00000000000000000,0.26007000000000002,0.36099999999999999
790783,earthquake,1995-05-02T13:16:53.275Z,2010-01-13T19:28:00.000Z,175.38016999999999257,-39.04140000000000299,5.45600000000000041,155.64439999999999031,ML,,GROPE,reviewed,manual,nz1dr,65,56,4,0.13000000000000000,106.00000000000000000,0.21629999999999999,0.25600000000000001
722686,earthquake,1995-04-20T22:21:03.886Z,2010-01-13T19:27:00.000Z,179.25069999999999482,-37.78647000000000133,5.13799999999999990,12.00000000000000000,ML,operator assigned,GROPE,reviewed,manual,nz1dr,51,45,19,0.83599999999999997,287.00000000000000000,0.23699000000000001,0.24399999999999999
789298,earthquake,1995-04-14T23:08:02.102Z,2006-12-14T13:40:00.000Z,178.43827999999999179,-37.02655000000000030,5.09999999999999964,62.10490000000000066,Mw,,GROPE,reviewed,manual,nz1dr,39,36,0,1.05499999999999994,272.00000000000000000,0.08397000000000000,0.00000000000000000
760068,earthquake,1995-03-24T22:46:13.424Z,2010-01-13T19:25:00.000Z,177.24286000000000740,-34.20546000000000220,5.16600000000000037,33.00000000000000000,ML,operator assigned,GROPE,reviewed,manual,nz1dr,6,4,3,3.94600000000000017,330.00000000000000000,0.12592000000000000,0.14999999999999999
722185,earthquake,1995-03-22T19:43:31.053Z,2006-12-14T13:39:00.000Z,174.18286000000000513,-41.04923999999999751,5.79999999999999982,87.08429999999999893,Mw,,GROPE,reviewed,manual,nz1dr,62,53,0,0.17799999999999999,42.00000000000000000,0.15672000000000000,0.00000000000000000
752689,earthquake,1995-03-11T00:09:54.338Z,2010-01-13T19:24:00.000Z,167.25580999999999676,-45.24255999999999744,5.22200000000000042,93.78560000000000230,ML,,GROPE,reviewed,manual,nz1dr,16,14,6,0.74099999999999999,240.00000000000000000,0.08788000000000000,0.21700000000000000
722026,earthquake,1995-03-04T10:01:10.209Z,2010-01-13T19:23:00.000Z,179.31472999999999729,-34.54287999999999670,5.16000000000000014,268.40159999999997353,ML,,GROPE,reviewed,manual,nz1dr,38,34,21,3.15799999999999992,304.00000000000000000,0.24170000000000000,0.32200000000000001
722019,earthquake,1995-03-03T20:30:13.943Z,2010-01-13T19:23:00.000Z,176.02164999999999395,-38.34743999999999886,5.12199999999999989,159.39279999999999404,ML,,GROPE,reviewed,manual,nz1dr,57,53,15,0.06300000000000000,79.00000000000000000,0.16941000000000001,0.31000000000000000
757896,earthquake,1995-02-27T09:04:14.019Z,2006-12-14T13:38:00.000Z,179.42008999999998764,-37.52154999999999774,5.20000000000000018,12.00000000000000000,Mw,operator assigned,GROPE,reviewed,manual,nz1dr,36,35,0,0.89200000000000002,286.00000000000000000,0.21143999999999999,0.00000000000000000
744777,earthquake,1995-02-23T07:55:06.241Z,2010-01-13T19:22:00.000Z,179.65551999999999566,-37.45105000000000217,5.07899999999999974,12.00000000000000000,ML,operator assigned,GROPE,reviewed,manual,nz1dr,31,31,15,1.08699999999999997,289.00000000000000000,0.13522000000000001,0.21299999999999999
745629,earthquake,1995-02-17T01:00:16.840Z,2010-01-13T19:22:00.000Z,179.54701000000000022,-37.70526000000000266,5.52400000000000002,12.00000000000000000,ML,operator assigned,GROPE,reviewed,manual,nz1dr,43,42,22,0.99399999999999999,287.00000000000000000,0.21292000000000000,0.23899999999999999
735897,earthquake,1995-02-15T23:36:11.137Z,2006-12-14T13:38:00.000Z,179.43401000000000067,-37.67947999999999809,5.20000000000000018,12.00000000000000000,Mw,operator assigned,GROPE,reviewed,manual,nz1dr,36,35,0,0.90300000000000002,291.00000000000000000,0.17993999999999999,0.00000000000000000
743402,earthquake,1995-02-15T14:32:06.890Z,2010-01-13T19:21:00.000Z,179.51374999999998749,-37.43086999999999875,5.08800000000000008,12.00000000000000000,ML,operator assigned,GROPE,reviewed,manual,nz1dr,40,37,20,0.97899999999999998,294.00000000000000000,0.15065999999999999,0.24199999999999999
721942,earthquake,1995-02-15T01:16:48.701Z,2006-12-14T13:37:00.000Z,179.53490999999999644,-37.48957000000000050,5.29999999999999982,12.00000000000000000,Mw,operator assigned,GROPE,reviewed,manual,nz1dr,43,41,0,0.98699999999999999,293.00000000000000000,0.14902000000000001,0.00000000000000000
721928,earthquake,1995-02-13T12:18:52.371Z,2010-01-13T19:21:00.000Z,177.99997999999999365,-38.63246000000000180,5.16000000000000014,33.00000000000000000,ML,operator assigned,GROPE,reviewed,manual,nz1dr,46,44,20,0.03200000000000000,126.00000000000000000,0.19511999999999999,0.31100000000000000
733425,earthquake,1995-02-13T02:08:08.790Z,2010-01-13T19:21:00.000Z,179.21389999999999532,-37.48705000000000354,5.43299999999999983,12.00000000000000000,ML,operator assigned,GROPE,reviewed,manual,nz1dr,30,28,13,0.73399999999999999,287.00000000000000000,0.18187999999999999,0.27500000000000002
742564,earthquake,1995-02-13T01:57:01.692Z,2010-01-13T19:21:00.000Z,179.27966000000000690,-37.45618999999999943,5.35799999999999965,12.00000000000000000,ML,operator assigned,GROPE,reviewed,manual,nz1dr,17,15,7,0.79100000000000004,289.00000000000000000,0.12839999999999999,0.27200000000000002
733424,earthquake,1995-02-13T00:11:43.989Z,2006-12-14T13:37:00.000Z,179.13837000000000899,-37.45949999999999847,6.00000000000000000,12.00000000000000000,Mw,operator assigned,GROPE,reviewed,manual,nz1dr,33,32,0,0.68000000000000005,285.00000000000000000,0.16975999999999999,0.00000000000000000
735132,earthquake,1995-02-12T21:23:44.232Z,2010-01-13T19:21:00.000Z,179.28162000000000376,-37.92072999999999894,5.09700000000000042,12.00000000000000000,ML,operator assigned,GROPE,reviewed,manual,nz1dr,44,42,17,0.82399999999999995,286.00000000000000000,0.23163000000000000,0.21099999999999999
743218,earthquake,1995-02-12T07:09:39.048Z,2010-01-13T19:20:00.000Z,179.36241000000001122,-37.61652000000000129,5.11800000000000033,12.00000000000000000,ML,operator assigned,GROPE,reviewed,manual,nz1dr,32,30,13,0.84299999999999997,285.00000000000000000,0.16972999999999999,0.23799999999999999
735810,earthquake,1995-02-12T02:51:17.519Z,2010-01-13T19:20:00.000Z,179.45969999999999800,-37.78074000000000154,5.36200000000000010,12.00000000000000000,ML,operator assigned,GROPE,reviewed,manual,nz1dr,42,39,18,0.93700000000000006,285.00000000000000000,0.21521999999999999,0.31200000000000000
735809,earthquake,1995-02-12T02:44:25.107Z,2006-12-14T13:36:00.000Z,179.45763999999999783,-37.82547000000000281,5.40000000000000036,12.00000000000000000,Mw,operator assigned,GROPE,reviewed,manual,nz1dr,42,40,0,0.94399999999999995,285.00000000000000000,0.16546000000000000,0.00000000000000000
735808,earthquake,1995-02-12T01:39:33.759Z,2010-01-13T19:20:00.000Z,179.45304999999999040,-37.84978000000000264,5.19599999999999973,12.00000000000000000,ML,operator assigned,GROPE,reviewed,manual,nz1dr,35,34,17,0.94699999999999995,285.00000000000000000,0.19178000000000001,0.20999999999999999
735645,earthquake,1995-02-11T17:56:57.148Z,2010-01-13T19:20:00.000Z,179.45776000000000749,-37.84411000000000058,5.01199999999999957,12.00000000000000000,ML,operator assigned,GROPE,reviewed,manual,nz1dr,31,27,11,0.94899999999999995,285.00000000000000000,0.18894000000000000,0.23699999999999999
733365,earthquake,1995-02-11T17:37:15.164Z,2010-01-13T19:20:00.000Z,179.45043999999998618,-37.80584000000000344,5.00600000000000023,12.00000000000000000,ML,operator assigned,GROPE,reviewed,manual,nz1dr,38,34,12,0.93500000000000005,285.00000000000000000,0.18573999999999999,0.21800000000000000
736213,earthquake,1995-02-11T14:44:04.484Z,2010-01-13T19:20:00.000Z,179.48011999999999944,-37.77405000000000257,5.51900000000000013,12.00000000000000000,ML,operator assigned,GROPE,reviewed,manual,nz1dr,42,39,20,0.95099999999999996,286.00000000000000000,0.15287000000000001,0.31300000000000000
744576,earthquake,1995-02-11T03:55:46.150Z,2010-01-13T19:20:00.000Z,179.19579999999999131,-38.12653999999999854,5.00399999999999956,12.00000000000000000,ML,operator assigned,GROPE,reviewed,manual,nz1dr,31,30,17,0.74199999999999999,273.00000000000000000,0.26745999999999998,0.24299999999999999
733320,earthquake,1995-02-11T02:58:21.594Z,2010-01-13T19:20:00.000Z,179.45429999999998927,-37.41185000000000116,5.08399999999999963,12.00000000000000000,ML,operator assigned,GROPE,reviewed,manual,nz1dr,36,34,18,0.93600000000000005,287.00000000000000000,0.11030000000000000,0.22600000000000001
733318,earthquake,1995-02-11T02:01:51.777Z,2010-01-13T19:20:00.000Z,179.32954000000000860,-37.87834000000000145,5.26499999999999968,12.00000000000000000,ML,operator assigned,GROPE,reviewed,manual,nz1dr,40,38,20,0.86199999999999999,284.00000000000000000,0.19427000000000000,0.20399999999999999
733302,earthquake,1995-02-10T22:09:49.602Z,2010-01-13T19:20:00.000Z,179.38800000000000523,-37.50721000000000060,5.19500000000000028,12.00000000000000000,ML,operator assigned,GROPE,reviewed,manual,nz1dr,39,37,25,0.86899999999999999,285.00000000000000000,0.15428000000000000,0.24099999999999999
744336,earthquake,1995-02-10T02:39:23.829Z,2010-01-13T19:19:00.000Z,179.15217999999998710,-38.12924999999999898,5.02500000000000036,12.00000000000000000,ML,operator assigned,GROPE,reviewed,manual,nz1dr,24,21,15,0.70799999999999996,270.00000000000000000,0.26397999999999999,0.15700000000000000
744251,earthquake,1995-02-10T02:14:30.741Z,2010-01-13T19:19:00.000Z,179.26145999999999958,-38.05888000000000204,5.42900000000000027,12.00000000000000000,ML,operator assigned,GROPE,reviewed,manual,nz1dr,37,34,18,0.79300000000000004,278.00000000000000000,0.21174999999999999,0.20799999999999999
744396,earthquake,1995-02-10T02:00:48.761Z,2010-01-13T19:19:00.000Z,179.26338000000001216,-37.89757999999999782,5.08499999999999996,12.00000000000000000,ML,operator assigned,GROPE,reviewed,manual,nz1dr,26,23,16,0.81399999999999995,282.00000000000000000,0.22936000000000001,0.16200000000000001
744319,earthquake,1995-02-10T01:57:30.667Z,2010-01-13T19:19:00.000Z,179.12722999999999729,-38.11361999999999739,5.00199999999999978,12.00000000000000000,ML,operator assigned,GROPE,reviewed,manual,nz1dr,15,14,6,0.68799999999999994,273.00000000000000000,0.20385000000000000,0.16600000000000001
744282,earthquake,1995-02-10T01:55:21.227Z,2010-01-13T19:19:00.000Z,179.14658000000000015,-38.08328999999999809,5.20899999999999963,12.00000000000000000,ML,operator assigned,GROPE,reviewed,manual,nz1dr,24,22,13,0.70199999999999996,272.00000000000000000,0.27156000000000002,0.20599999999999999
721911,earthquake,1995-02-10T01:44:56.343Z,2010-01-13T19:19:00.000Z,179.51408000000000698,-37.91566000000000258,6.50000000000000000,12.00000000000000000,Mw,operator assigned,GROPE,reviewed,manual,nz1dr,42,39,0,1.00499999999999989,285.00000000000000000,0.26141999999999999,0.00000000000000000
733201,earthquake,1995-02-10T01:06:43.666Z,2010-01-13T19:19:00.000Z,179.30619999999998981,-37.95678999999999803,5.22100000000000009,12.00000000000000000,ML,operator assigned,GROPE,reviewed,manual,nz1dr,37,34,23,0.83699999999999997,283.00000000000000000,0.19077000000000000,0.29899999999999999
744050,earthquake,1995-02-09T16:38:26.982Z,2010-01-13T19:19:00.000Z,179.35520999999999958,-37.95940000000000225,5.08100000000000041,12.00000000000000000,ML,operator assigned,GROPE,reviewed,manual,nz1dr,32,30,16,0.87500000000000000,284.00000000000000000,0.17302000000000001,0.20399999999999999
721906,earthquake,1995-02-09T12:53:54.469Z,2006-12-14T13:35:00.000Z,179.27573000000001002,-37.98212999999999795,5.29999999999999982,12.00000000000000000,Mw,operator assigned,GROPE,reviewed,manual,nz1dr,37,35,0,0.81000000000000005,283.00000000000000000,0.19949000000000000,0.00000000000000000
721905,earthquake,1995-02-09T11:26:02.604Z,2010-01-13T19:19:00.000Z,179.30146999999999480,-37.90447999999999951,5.10599999999999987,12.00000000000000000,ML,operator assigned,GROPE,reviewed,manual,nz1dr,38,34,22,0.84199999999999997,284.00000000000000000,0.15065000000000001,0.23100000000000001
741862,earthquake,1995-02-09T10:56:37.793Z,2006-12-14T13:33:00.000Z,179.33382000000000289,-37.95271999999999935,5.70000000000000018,12.00000000000000000,Mw,operator assigned,GROPE,reviewed,manual,nz1dr,40,37,0,0.85899999999999999,283.00000000000000000,0.22183000000000000,0.00000000000000000
740506,earthquake,1995-02-09T10:35:04.996Z,2010-01-13T19:19:00.000Z,179.29594000000000165,-37.88725999999999772,5.51799999999999979,12.00000000000000000,ML,operator assigned,GROPE,reviewed,manual,nz1dr,19,16,21,0.83899999999999997,287.00000000000000000,0.27278000000000002,0.29599999999999999
740418,earthquake,1995-02-09T08:26:24.022Z,2010-01-13T19:19:00.000Z,179.16779999999999973,-38.04975000000000307,5.29300000000000015,12.00000000000000000,ML,operator assigned,GROPE,reviewed,manual,nz1dr,17,14,15,0.71899999999999997,277.00000000000000000,0.15128000000000000,0.18400000000000000
733701,earthquake,1995-02-09T03:45:50.842Z,2010-01-13T19:18:00.000Z,179.42097000000001117,-37.47897999999999996,5.29100000000000037,12.00000000000000000,ML,operator assigned,GROPE,reviewed,manual,nz1dr,47,42,24,0.89800000000000002,286.00000000000000000,0.17154000000000000,0.23599999999999999
739305,earthquake,1995-02-09T02:21:34.524Z,2010-01-13T19:18:00.000Z,179.45891000000000304,-37.49179999999999779,5.53899999999999970,12.00000000000000000,ML,operator assigned,GROPE,reviewed,manual,nz1dr,55,40,13,0.92600000000000005,287.00000000000000000,0.17690000000000000,0.43900000000000000
733140,earthquake,1995-02-09T01:35:00.893Z,2010-01-13T19:18:00.000Z,179.44771000000000072,-37.45647999999999911,5.45399999999999974,12.00000000000000000,ML,operator assigned,GROPE,reviewed,manual,nz1dr,62,42,25,0.92200000000000004,286.00000000000000000,0.10628000000000000,0.20899999999999999
734383,earthquake,1995-02-08T17:20:18.098Z,2006-12-14T12:54:00.000Z,179.47757999999998901,-37.42177000000000220,5.20000000000000018,12.00000000000000000,Mw,operator assigned,GROPE,reviewed,manual,nz1dr,43,43,0,0.95199999999999996,287.00000000000000000,0.12063000000000000,0.00000000000000000
733920,earthquake,1995-02-08T12:58:53.517Z,2010-01-13T19:18:00.000Z,179.46661000000000286,-37.39614000000000260,5.14700000000000024,12.00000000000000000,ML,operator assigned,GROPE,reviewed,manual,nz1dr,47,44,21,0.94899999999999995,286.00000000000000000,0.13563000000000000,0.17000000000000001
733088,earthquake,1995-02-08T08:19:48.288Z,2010-01-13T19:18:00.000Z,179.54173000000000116,-37.50614999999999810,5.02500000000000036,12.00000000000000000,ML,operator assigned,GROPE,reviewed,manual,nz1dr,43,41,18,0.98999999999999999,287.00000000000000000,0.13730000000000001,0.15500000000000000
741925,earthquake,1995-02-07T15:06:59.627Z,2010-01-13T19:18:00.000Z,179.50603000000000975,-37.71567000000000291,5.08199999999999985,12.00000000000000000,ML,operator assigned,GROPE,reviewed,manual,nz1dr,44,42,23,0.96299999999999997,287.00000000000000000,0.13628000000000001,0.24099999999999999
734834,earthquake,1995-02-07T03:07:42.734Z,2010-01-13T19:17:00.000Z,179.67002999999999702,-37.64321999999999946,5.04300000000000015,12.00000000000000000,ML,operator assigned,GROPE,reviewed,manual,nz1dr,34,34,14,1.08800000000000008,288.00000000000000000,0.15112999999999999,0.18300000000000000
741143,earthquake,1995-02-07T02:56:13.904Z,2006-12-14T12:54:00.000Z,179.35856999999998607,-37.92797000000000196,5.20000000000000018,12.00000000000000000,Mw,operator assigned,GROPE,reviewed,manual,nz1dr,43,41,0,0.88200000000000001,283.00000000000000000,0.17061999999999999,0.00000000000000000
731058,earthquake,1995-02-06T19:19:05.311Z,2010-01-13T19:17:00.000Z,179.27128999999999337,-37.48031999999999897,5.23299999999999965,12.00000000000000000,ML,operator assigned,GROPE,reviewed,manual,nz1dr,32,30,18,0.78000000000000003,286.00000000000000000,0.19131000000000001,0.24299999999999999
731052,earthquake,1995-02-06T18:03:34.387Z,2010-01-13T19:17:00.000Z,179.37244000000001165,-37.82672999999999774,5.08800000000000008,12.00000000000000000,ML,operator assigned,GROPE,reviewed,manual,nz1dr,38,34,20,0.87900000000000000,285.00000000000000000,0.16364000000000001,0.20499999999999999
739640,earthquake,1995-02-06T16:32:51.539Z,2010-01-13T19:17:00.000Z,179.38526999999999134,-37.47323999999999700,5.08699999999999974,12.00000000000000000,ML,operator assigned,GROPE,reviewed,manual,nz1dr,39,37,19,0.87100000000000000,288.00000000000000000,0.13083000000000000,0.22000000000000000
739824,earthquake,1995-02-06T15:19:24.812Z,2006-12-14T12:47:00.000Z,179.48124999999998863,-37.80297000000000196,5.59999999999999964,12.00000000000000000,Mw,operator assigned,GROPE,reviewed,manual,nz1dr,48,44,0,0.95799999999999996,287.00000000000000000,0.17093000000000000,0.00000000000000000
739406,earthquake,1995-02-06T12:07:49.052Z,2010-01-13T19:17:00.000Z,179.34818000000001348,-37.83218999999999710,5.13999999999999968,12.00000000000000000,ML,operator assigned,GROPE,reviewed,manual,nz1dr,40,37,22,0.86199999999999999,285.00000000000000000,0.15811000000000000,0.17999999999999999
739489,earthquake,1995-02-06T11:24:50.765Z,2010-01-13T19:17:00.000Z,179.33323999999998932,-37.76487000000000194,5.22100000000000009,12.00000000000000000,ML,operator assigned,GROPE,reviewed,manual,nz1dr,28,26,9,0.83499999999999996,289.00000000000000000,0.19972999999999999,0.45200000000000001
739472,earthquake,1995-02-06T11:22:59.541Z,2006-12-14T12:47:00.000Z,179.41548000000000229,-37.89419999999999789,5.79999999999999982,12.00000000000000000,Mw,operator assigned,GROPE,reviewed,manual,nz1dr,43,41,0,0.93100000000000005,286.00000000000000000,0.20569999999999999,0.00000000000000000
739436,earthquake,1995-02-06T11:15:16.540Z,2010-01-13T19:17:00.000Z,179.82338999999998919,-37.57759000000000071,5.04100000000000037,12.00000000000000000,ML,operator assigned,GROPE,reviewed,manual,nz1dr,10,8,3,1.20900000000000007,311.00000000000000000,0.23166999999999999,0.29099999999999998
739344,earthquake,1995-02-06T10:46:56.628Z,2010-01-13T19:17:00.000Z,179.22502000000000066,-37.87270000000000181,5.12600000000000033,12.00000000000000000,ML,operator assigned,GROPE,reviewed,manual,nz1dr,31,29,17,0.78200000000000003,284.00000000000000000,0.22000000000000000,0.27400000000000002
739342,earthquake,1995-02-06T10:44:49.587Z,2010-01-13T19:17:00.000Z,179.25978000000000634,-37.88660999999999746,5.22700000000000031,12.00000000000000000,ML,operator assigned,GROPE,reviewed,manual,nz1dr,16,15,6,0.81200000000000006,288.00000000000000000,0.25205000000000000,0.22200000000000000
721885,earthquake,1995-02-06T10:43:51.502Z,2006-12-14T12:46:00.000Z,179.54390000000000782,-37.77479999999999905,5.90000000000000036,12.00000000000000000,Mw,operator assigned,GROPE,reviewed,manual,nz1dr,41,38,0,1.00099999999999989,288.00000000000000000,0.22531000000000001,0.00000000000000000
739272,earthquake,1995-02-06T10:19:48.563Z,2006-12-14T12:45:00.000Z,179.39865000000000350,-37.86607999999999663,5.59999999999999964,12.00000000000000000,Mw,operator assigned,GROPE,reviewed,manual,nz1dr,43,38,0,0.91000000000000003,286.00000000000000000,0.18884000000000001,0.00000000000000000
725984,earthquake,1995-02-06T07:25:56.353Z,2010-01-13T19:16:00.000Z,179.33206000000001268,-37.49251000000000289,5.06700000000000017,12.00000000000000000,ML,operator assigned,GROPE,reviewed,manual,nz1dr,30,28,14,0.82599999999999996,286.00000000000000000,0.13919000000000001,0.28000000000000003
730994,earthquake,1995-02-06T07:21:29.828Z,2010-01-13T19:16:00.000Z,179.27135000000001241,-37.49045999999999879,5.24800000000000022,12.00000000000000000,ML,operator assigned,GROPE,reviewed,manual,nz1dr,38,33,18,0.77900000000000003,286.00000000000000000,0.23655000000000001,0.27600000000000002
730988,earthquake,1995-02-06T06:34:05.188Z,2010-01-13T19:16:00.000Z,179.32307000000000130,-37.50594999999999857,5.48700000000000010,12.00000000000000000,ML,operator assigned,GROPE,reviewed,manual,nz1dr,27,24,18,0.81699999999999995,286.00000000000000000,0.16767000000000001,0.27200000000000002
738756,earthquake,1995-02-06T06:01:24.874Z,2010-01-13T19:16:00.000Z,179.33641000000000076,-37.82466000000000150,5.34799999999999986,12.00000000000000000,ML,operator assigned,GROPE,reviewed,manual,nz1dr,19,16,12,0.85099999999999998,293.00000000000000000,0.22004000000000001,1.12700000000000000
736476,earthquake,1995-02-06T06:00:24.029Z,2010-01-13T19:16:00.000Z,179.40289000000001352,-37.81145999999999674,5.18200000000000038,12.00000000000000000,ML,operator assigned,GROPE,reviewed,manual,nz1dr,43,37,22,0.89900000000000002,286.00000000000000000,0.18329999999999999,0.22500000000000001
721882,earthquake,1995-02-06T05:19:24.628Z,2010-01-13T19:16:00.000Z,179.45377999999999474,-37.43442000000000291,5.61099999999999977,12.00000000000000000,ML,operator assigned,GROPE,reviewed,manual,nz1dr,42,40,28,0.93100000000000005,287.00000000000000000,0.19308000000000000,0.22400000000000000
738646,earthquake,1995-02-06T03:25:32.400Z,2010-01-13T19:16:00.000Z,179.29168999999998846,-37.53618000000000166,5.38900000000000023,12.00000000000000000,ML,operator assigned,GROPE,reviewed,manual,nz1dr,24,22,16,0.78900000000000003,283.00000000000000000,0.15381000000000000,0.26800000000000002
738640,earthquake,1995-02-06T03:18:35.967Z,2010-01-13T19:16:00.000Z,179.42722000000000548,-37.63680999999999699,5.08900000000000041,12.00000000000000000,ML,operator assigned,GROPE,reviewed,manual,nz1dr,40,35,22,0.89500000000000002,287.00000000000000000,0.17582000000000000,0.18500000000000000
738625,earthquake,1995-02-06T02:57:08.075Z,2010-01-13T19:16:00.000Z,179.38254000000000588,-37.72818000000000183,5.08900000000000041,12.00000000000000000,ML,operator assigned,GROPE,reviewed,manual,nz1dr,32,30,9,0.86799999999999999,286.00000000000000000,0.19037999999999999,0.25400000000000000
721880,earthquake,1995-02-06T00:52:13.408Z,2010-01-13T19:16:00.000Z,179.40400999999999954,-37.76411000000000229,5.99099999999999966,12.00000000000000000,ML,operator assigned,GROPE,reviewed,manual,nz1dr,50,46,23,0.89000000000000001,286.00000000000000000,0.13761999999999999,0.29699999999999999
721879,earthquake,1995-02-06T00:22:50.667Z,2010-01-13T19:16:00.000Z,179.33806000000001291,-37.69998999999999967,5.57000000000000028,12.00000000000000000,ML,operator assigned,GROPE,reviewed,manual,nz1dr,44,42,25,0.82899999999999996,285.00000000000000000,0.15309000000000000,0.20599999999999999
738180,earthquake,1995-02-06T00:02:41.403Z,2010-01-13T19:16:00.000Z,179.37352000000001340,-37.71882000000000090,5.30400000000000027,12.00000000000000000,ML,operator assigned,GROPE,reviewed,manual,nz1dr,37,32,19,0.85899999999999999,286.00000000000000000,0.21274999999999999,0.29299999999999998
738405,earthquake,1995-02-05T23:53:20.712Z,2010-01-13T19:16:00.000Z,179.33555999999998676,-37.64079000000000264,5.59799999999999986,12.00000000000000000,ML,operator assigned,GROPE,reviewed,manual,nz1dr,32,26,11,0.82199999999999995,285.00000000000000000,0.21812000000000001,0.29399999999999998
731236,earthquake,1995-02-05T23:53:00.358Z,2010-01-13T19:16:00.000Z,179.30142000000000735,-37.77300999999999931,5.25600000000000023,12.00000000000000000,ML,operator assigned,GROPE,reviewed,manual,nz1dr,37,30,12,0.81200000000000006,285.00000000000000000,0.22231000000000001,0.24600000000000000
738156,earthquake,1995-02-05T23:46:25.255Z,2010-01-13T19:16:00.000Z,179.32116999999999507,-37.55678999999999945,5.05600000000000005,12.00000000000000000,ML,operator assigned,GROPE,reviewed,manual,nz1dr,36,29,13,0.81100000000000005,284.00000000000000000,0.16425999999999999,0.25200000000000000
738154,earthquake,1995-02-05T23:45:05.647Z,2010-01-13T19:16:00.000Z,179.30584999999999241,-37.67331999999999681,5.00499999999999989,12.00000000000000000,ML,operator assigned,GROPE,reviewed,manual,nz1dr,30,26,12,0.80100000000000005,284.00000000000000000,0.17834000000000000,0.21700000000000000
730440,earthquake,1995-02-05T23:43:10.212Z,2010-01-13T19:16:00.000Z,179.43656999999998902,-37.72509000000000157,5.72200000000000042,14.93140000000000001,ML,,GROPE,reviewed,manual,nz1dr,49,45,24,0.91000000000000003,287.00000000000000000,0.18976999999999999,0.27700000000000002
738611,earthquake,1995-02-05T23:32:36.377Z,2010-01-13T19:16:00.000Z,179.53670999999999935,-37.53336999999999790,5.51700000000000035,12.00000000000000000,ML,operator assigned,GROPE,reviewed,manual,nz1dr,17,14,7,0.98399999999999999,289.00000000000000000,0.19092000000000001,0.27500000000000002
738517,earthquake,1995-02-05T23:27:11.842Z,2010-01-13T19:16:00.000Z,179.34709000000000856,-37.66805000000000092,5.06899999999999995,12.00000000000000000,ML,operator assigned,GROPE,reviewed,manual,nz1dr,10,7,5,0.83299999999999996,286.00000000000000000,0.23107000000000000,0.29999999999999999
738516,earthquake,1995-02-05T23:26:28.730Z,2010-01-13T19:16:00.000Z,179.35671999999999571,-37.51821000000000339,5.01700000000000035,12.00000000000000000,ML,operator assigned,GROPE,reviewed,manual,nz1dr,21,17,6,0.84299999999999997,290.00000000000000000,0.24387000000000000,0.19900000000000001
738506,earthquake,1995-02-05T23:23:21.069Z,2010-01-13T19:16:00.000Z,179.36293000000000575,-37.64403999999999684,5.64499999999999957,12.00000000000000000,ML,operator assigned,GROPE,reviewed,manual,nz1dr,37,34,21,0.84399999999999997,286.00000000000000000,0.19522000000000000,0.20000000000000001
738442,earthquake,1995-02-05T23:20:22.655Z,2010-01-13T19:16:00.000Z,179.32708999999999833,-37.60504999999999853,5.03000000000000025,12.00000000000000000,ML,operator assigned,GROPE,reviewed,manual,nz1dr,16,14,10,0.81499999999999995,284.00000000000000000,0.31974999999999998,0.17799999999999999
738432,earthquake,1995-02-05T23:19:25.160Z,2010-01-13T19:16:00.000Z,179.27234000000001402,-37.51935999999999893,5.05999999999999961,12.00000000000000000,ML,operator assigned,GROPE,reviewed,manual,nz1dr,24,17,5,0.77600000000000002,291.00000000000000000,0.25086999999999998,0.25300000000000000
738431,earthquake,1995-02-05T23:17:20.284Z,2010-01-13T19:16:00.000Z,179.38555999999999813,-37.60181000000000040,5.70199999999999996,12.00000000000000000,ML,operator assigned,GROPE,reviewed,manual,nz1dr,36,33,24,0.86099999999999999,287.00000000000000000,0.16228000000000001,0.22500000000000001
730779,earthquake,1995-02-05T23:12:10.736Z,2010-01-13T19:16:00.000Z,179.33627000000001317,-37.71820000000000306,5.04100000000000037,12.00000000000000000,ML,operator assigned,GROPE,reviewed,manual,nz1dr,39,35,21,0.82999999999999996,290.00000000000000000,0.22112000000000001,0.16900000000000001
738397,earthquake,1995-02-05T23:03:28.814Z,2010-01-13T19:16:00.000Z,179.21759000000000128,-37.56548999999999694,5.01799999999999979,12.00000000000000000,ML,operator assigned,GROPE,reviewed,manual,nz1dr,30,28,8,0.72899999999999998,285.00000000000000000,0.12320000000000000,0.21099999999999999
731516,earthquake,1995-02-05T22:51:02.305Z,2010-01-13T19:16:00.000Z,179.48858999999998787,-37.64958000000000027,7.15000000000000036,12.00000000000000000,Mw,operator assigned,GROPE,reviewed,manual,nz1dr,51,49,0,0.94399999999999995,284.00000000000000000,0.16693000000000000,0.00000000000000000
725312,earthquake,1995-01-26T20:32:43.305Z,2010-01-13T19:01:00.000Z,175.96886000000000649,-38.42976000000000170,5.32099999999999973,161.83400000000000318,ML,,GROPE,reviewed,manual,nz1dr,68,58,12,0.11400000000000000,58.00000000000000000,0.16666000000000000,0.36699999999999999
721788,earthquake,1995-01-20T19:25:52.897Z,2010-01-13T19:01:00.000Z,176.38434000000000879,-38.14215000000000089,5.03099999999999969,161.78790000000000759,ML,,GROPE,reviewed,manual,nz1dr,55,49,17,0.05300000000000000,37.00000000000000000,0.20754000000000000,0.17199999999999999
701875,earthquake,1995-01-06T15:46:34.254Z,2010-01-13T19:00:00.000Z,174.29682999999999993,-41.29679999999999751,5.23500000000000032,64.79279999999999973,ML,,GROPE,reviewed,manual,nz1dr,40,34,5,0.31400000000000000,83.00000000000000000,0.15492000000000000,0.25800000000000001
711295,earthquake,1994-12-26T11:27:25.598Z,2010-01-13T18:59:00.000Z,166.00258999999999787,-47.22417999999999694,5.09100000000000019,33.00000000000000000,ML,operator assigned,GROPE,reviewed,manual,nz1dr,18,14,7,1.49800000000000000,311.00000000000000000,0.09400000000000000,0.18500000000000000
710746,earthquake,1994-12-24T08:59:50.466Z,2010-01-13T18:59:00.000Z,177.48363000000000511,-37.07148000000000110,5.43599999999999994,12.00000000000000000,ML,operator assigned,GROPE,reviewed,manual,nz1dr,16,13,7,0.51300000000000001,190.00000000000000000,0.27983000000000002,0.24800000000000000
709727,earthquake,1994-12-18T04:13:08.540Z,2010-01-13T18:58:00.000Z,177.46870000000001255,-37.27586000000000155,5.34600000000000009,12.00000000000000000,ML,operator assigned,GROPE,reviewed,manual,nz1dr,20,17,8,0.33600000000000002,174.00000000000000000,0.63859999999999995,0.34200000000000003
715203,earthquake,1994-12-15T18:31:06.313Z,2010-01-13T18:57:00.000Z,177.57031000000000631,-37.14526000000000039,5.29600000000000026,5.00000000000000000,ML,operator assigned,GROPE,reviewed,manual,nz1dr,16,13,8,0.48799999999999999,194.00000000000000000,0.26472000000000001,0.30599999999999999
715188,earthquake,1994-12-15T16:58:03.852Z,2010-01-13T18:57:00.000Z,177.43244999999998868,-37.26503000000000299,5.47499999999999964,12.00000000000000000,ML,operator assigned,GROPE,reviewed,manual,nz1dr,26,22,10,0.32700000000000001,174.00000000000000000,0.49703999999999998,0.33300000000000002
698182,earthquake,1994-12-15T15:13:57.865Z,2010-01-13T18:57:00.000Z,175.13596000000001141,-40.83032000000000039,5.26499999999999968,30.06419999999999959,ML,,GROPE,reviewed,manual,nz1dr,46,41,12,0.13100000000000001,72.00000000000000000,0.27244000000000002,0.35999999999999999
698151,earthquake,1994-12-15T12:04:02.260Z,2010-01-13T18:57:00.000Z,177.68181000000001291,-37.01351999999999975,5.10099999999999998,5.00000000000000000,ML,operator assigned,GROPE,reviewed,manual,nz1dr,17,14,7,0.64700000000000002,203.00000000000000000,0.56725999999999999,0.31100000000000000
697172,earthquake,1994-12-15T11:20:19.556Z,2010-01-13T18:57:00.000Z,177.52795000000000414,-37.19872999999999763,6.25000000000000000,12.00000000000000000,Mw,operator assigned,GROPE,reviewed,manual,nz1dr,16,15,0,0.42599999999999999,182.00000000000000000,0.23047999999999999,0.00000000000000000
696534,earthquake,1994-12-05T17:17:52.085Z,2010-01-13T18:56:00.000Z,176.33394999999998731,-37.84629000000000332,5.54900000000000038,186.61250000000001137,ML,,GROPE,reviewed,manual,nz1dr,69,51,21,0.16300000000000001,89.00000000000000000,0.27076000000000000,0.33100000000000002
696504,earthquake,1994-12-04T22:05:57.835Z,2006-12-12T15:35:00.000Z,178.80116000000001009,-35.79303000000000168,5.40000000000000036,210.98789999999999623,Mw,,GROPE,reviewed,manual,nz1dr,40,37,0,1.84699999999999998,271.00000000000000000,0.31819999999999998,0.00000000000000000
695746,earthquake,1994-11-23T05:09:46.354Z,2010-01-13T18:55:00.000Z,176.57921999999999230,-37.48066000000000031,5.91199999999999992,203.13280000000000314,ML,,GROPE,reviewed,manual,nz1dr,58,51,19,0.48699999999999999,142.00000000000000000,0.26025999999999999,0.16300000000000001
685166,earthquake,1994-11-17T22:59:02.604Z,2010-01-13T18:55:00.000Z,176.88257999999999015,-36.87962999999999880,5.21300000000000008,285.56409999999999627,ML,,GROPE,reviewed,manual,nz1dr,54,41,21,0.69199999999999995,189.00000000000000000,0.23783000000000001,0.19300000000000000
676398,earthquake,1994-10-18T20:55:25.825Z,2010-01-13T18:53:00.000Z,179.45828000000000202,-36.92002999999999702,5.43799999999999972,87.07869999999999777,ML,,GROPE,reviewed,manual,nz1dr,33,23,18,1.11099999999999999,280.00000000000000000,0.13048000000000001,0.25300000000000000
671026,earthquake,1994-10-16T16:08:24.948Z,2010-01-13T18:53:00.000Z,173.59051999999999794,-40.22310999999999837,5.33100000000000041,164.49719999999999231,ML,,GROPE,reviewed,manual,nz1dr,38,32,21,0.63100000000000001,127.00000000000000000,0.20382000000000000,0.22500000000000001
665593,earthquake,1994-10-07T12:54:22.253Z,2006-12-12T15:18:00.000Z,179.20078000000000884,-35.64141999999999655,5.29999999999999982,198.32749999999998636,Mw,,GROPE,reviewed,manual,nz1dr,47,36,0,2.08400000000000007,280.00000000000000000,0.22217999999999999,0.00000000000000000
657560,earthquake,1994-09-22T00:47:57.835Z,2010-01-13T18:51:00.000Z,179.16814999999999714,-38.12803000000000253,5.64200000000000035,26.41140000000000043,ML,,GROPE,reviewed,manual,nz1dr,44,38,25,0.66900000000000004,272.00000000000000000,0.17563999999999999,0.40300000000000002
661308,earthquake,1994-09-15T15:09:41.216Z,2010-01-13T18:50:00.000Z,171.44132999999999356,-43.18482000000000198,5.01199999999999957,5.00000000000000000,ML,operator assigned,GROPE,reviewed,manual,nz1dr,17,12,14,0.25200000000000000,89.00000000000000000,0.12667000000000000,0.21800000000000000
662478,earthquake,1994-09-14T11:23:18.532Z,2010-01-13T18:50:00.000Z,179.12933000000001016,-37.22137000000000029,5.12000000000000011,12.00000000000000000,ML,operator assigned,GROPE,reviewed,manual,nz1dr,37,30,21,0.71199999999999997,274.00000000000000000,0.23970000000000000,0.36599999999999999
666736,earthquake,1994-09-10T09:32:31.916Z,2010-01-13T18:50:00.000Z,176.87115000000000009,-37.98109999999999786,5.94500000000000028,126.30440000000000111,ML,,GROPE,reviewed,manual,nz1dr,63,50,20,0.15500000000000000,66.00000000000000000,0.30058000000000001,0.17399999999999999
661315,earthquake,1994-09-03T09:41:17.193Z,2010-01-13T18:49:00.000Z,179.07138000000000488,-35.95335000000000036,5.18499999999999961,189.33990000000000009,ML,,GROPE,reviewed,manual,nz1dr,42,32,19,1.75499999999999989,276.00000000000000000,0.20449999999999999,0.14499999999999999
639602,earthquake,1994-08-25T11:37:58.909Z,2010-01-13T18:48:00.000Z,176.45670000000001210,-37.62154999999999916,5.51799999999999979,195.80989999999999895,ML,,GROPE,reviewed,manual,nz1dr,65,51,20,0.38700000000000001,115.00000000000000000,0.26030999999999999,0.27000000000000002
637403,earthquake,1994-08-16T02:51:32.436Z,2010-01-13T18:48:00.000Z,165.59418999999999755,-47.36795999999999651,5.18499999999999961,33.00000000000000000,ML,operator assigned,GROPE,reviewed,manual,nz1dr,17,14,4,1.80200000000000005,315.00000000000000000,0.11845000000000000,1.08299999999999996
637239,earthquake,1994-08-15T05:02:05.422Z,2010-01-13T18:47:00.000Z,171.50854000000001065,-43.25133999999999901,5.20500000000000007,12.00000000000000000,ML,operator assigned,GROPE,reviewed,manual,nz1dr,14,11,14,0.30399999999999999,81.00000000000000000,0.10847999999999999,0.20499999999999999
612018,earthquake,1994-07-09T13:50:16.567Z,2010-01-13T18:40:00.000Z,177.46343999999999141,-37.01897000000000304,5.12800000000000011,162.50600000000000023,ML,,GROPE,reviewed,manual,nz1dr,17,13,17,0.55400000000000005,192.00000000000000000,0.24704000000000001,0.28599999999999998
913946,earthquake,1994-06-21T08:31:42.033Z,2010-01-13T18:25:00.000Z,171.49076999999999771,-43.16564999999999941,5.23299999999999965,5.00000000000000000,ML,operator assigned,GROPE,reviewed,manual,nz1dr,18,13,13,0.05000000000000000,109.00000000000000000,0.20688000000000001,0.17299999999999999
913945,earthquake,1994-06-21T02:18:23.946Z,2006-12-12T15:16:00.000Z,171.49374000000000251,-43.19422999999999746,5.40000000000000036,5.00000000000000000,Mw,operator assigned,GROPE,reviewed,manual,nz1dr,21,13,0,0.05500000000000000,77.00000000000000000,0.20702999999999999,0.00000000000000000
913911,earthquake,1994-06-19T21:54:39.695Z,2010-01-13T18:22:00.000Z,171.52260000000001128,-43.19402999999999793,5.03200000000000003,5.00000000000000000,ML,operator assigned,GROPE,reviewed,manual,nz1dr,12,9,7,0.18300000000000000,129.00000000000000000,0.12881000000000001,0.20399999999999999
916407,earthquake,1994-06-19T13:43:51.739Z,2006-12-12T15:14:00.000Z,171.47265999999999053,-43.16825999999999652,5.90000000000000036,5.00000000000000000,Mw,operator assigned,GROPE,reviewed,manual,nz1dr,12,9,0,0.17699999999999999,132.00000000000000000,0.23601000000000000,0.00000000000000000
913898,earthquake,1994-06-18T16:00:45.628Z,2010-01-13T18:20:00.000Z,175.75553999999999633,-38.59253999999999962,5.07699999999999996,155.89609999999998990,ML,,GROPE,reviewed,manual,nz1dr,37,28,7,0.39800000000000002,63.00000000000000000,0.17247000000000001,0.24700000000000000
913897,earthquake,1994-06-18T14:37:00.062Z,2010-01-13T18:20:00.000Z,171.49003999999999337,-43.17208000000000112,5.18400000000000016,5.00000000000000000,ML,operator assigned,GROPE,reviewed,manual,nz1dr,15,11,9,0.56000000000000005,89.00000000000000000,0.11067000000000000,0.24500000000000000
918399,earthquake,1994-06-18T07:05:04.120Z,2010-01-13T18:19:00.000Z,171.43044000000000437,-43.16971999999999809,5.03899999999999970,10.00000000000000000,ML,operator assigned,GROPE,reviewed,manual,nz1dr,15,10,11,0.51700000000000002,91.00000000000000000,0.22666000000000000,0.13100000000000001
913886,earthquake,1994-06-18T07:03:28.358Z,2010-01-13T18:19:00.000Z,171.46389999999999532,-43.16282999999999959,5.09600000000000009,5.00000000000000000,ML,operator assigned,GROPE,reviewed,manual,nz1dr,13,10,10,0.54000000000000004,91.00000000000000000,0.05554000000000000,0.17599999999999999
918394,earthquake,1994-06-18T05:04:57.542Z,2010-01-13T18:19:00.000Z,171.43021999999999139,-43.15818999999999761,5.13100000000000023,10.00000000000000000,ML,operator assigned,GROPE,reviewed,manual,nz1dr,15,10,10,0.23100000000000001,92.00000000000000000,0.13766999999999999,0.17699999999999999
608810,earthquake,1994-06-18T03:25:14.606Z,2010-01-13T18:19:00.000Z,171.47617999999999938,-43.00782000000000238,6.70000000000000018,4.26679999999999993,Mw,,GROPE,reviewed,manual,nz1dr,13,10,0,0.08799999999999999,101.00000000000000000,0.13608999999999999,0.00000000000000000
607119,earthquake,1994-06-13T01:36:28.746Z,2010-01-13T18:19:00.000Z,176.68912000000000262,-35.66581999999999653,5.11599999999999966,33.00000000000000000,ML,operator assigned,GROPE,reviewed,manual,nz1dr,13,11,6,2.32500000000000018,307.00000000000000000,0.39438000000000001,0.43400000000000000
605014,earthquake,1994-06-07T22:11:39.766Z,2010-01-13T18:18:00.000Z,166.83528000000001157,-45.40511999999999659,5.32099999999999973,12.00000000000000000,ML,operator assigned,GROPE,reviewed,manual,nz1dr,16,15,9,0.92000000000000004,245.00000000000000000,0.05589000000000000,0.34300000000000003
590611,earthquake,1994-04-23T01:22:13.254Z,2010-01-13T18:16:00.000Z,177.12774999999999181,-36.57184000000000168,5.44800000000000040,33.00000000000000000,ML,operator assigned,GROPE,reviewed,manual,nz1dr,15,13,5,0.95599999999999996,204.00000000000000000,0.15415000000000001,0.31900000000000001
587647,earthquake,1994-04-17T00:54:17.958Z,2010-01-13T18:16:00.000Z,177.06164999999998599,-37.72480000000000189,5.41899999999999959,138.77520000000001232,ML,,GROPE,reviewed,manual,nz1dr,31,23,8,0.22100000000000000,75.00000000000000000,0.17149000000000000,0.31600000000000000
585892,earthquake,1994-04-08T04:06:58.074Z,2010-01-13T18:16:00.000Z,174.70676000000000272,-39.17412999999999812,5.08300000000000018,568.92989999999997508,ML,,GROPE,reviewed,manual,nz1dr,40,35,17,0.48499999999999999,79.00000000000000000,0.21842000000000000,0.30700000000000000
581583,earthquake,1994-03-31T11:53:14.362Z,2010-01-13T18:15:00.000Z,177.07400999999998703,-38.11079000000000150,5.86699999999999999,66.07729999999999393,ML,,GROPE,reviewed,manual,nz1dr,29,24,5,0.15200000000000000,102.00000000000000000,0.25012000000000001,0.17100000000000001
580781,earthquake,1994-03-28T20:54:49.381Z,2010-01-13T18:15:00.000Z,176.52395999999998821,-37.50139000000000067,5.41300000000000026,227.42459999999999809,ML,,GROPE,reviewed,manual,nz1dr,32,26,10,0.49900000000000000,135.00000000000000000,0.19753999999999999,0.24299999999999999
580779,earthquake,1994-03-28T05:56:49.669Z,2010-01-13T18:15:00.000Z,168.25951000000000590,-44.47122000000000241,5.07800000000000029,12.00000000000000000,ML,operator assigned,GROPE,reviewed,manual,nz1dr,20,18,9,0.31300000000000000,172.00000000000000000,0.12909999999999999,0.28599999999999998
580699,earthquake,1994-03-26T20:12:36.733Z,2010-01-13T18:15:00.000Z,174.91434000000000992,-39.04762000000000199,5.53800000000000026,204.65999999999999659,ML,,GROPE,reviewed,manual,nz1dr,41,35,10,0.37200000000000000,86.00000000000000000,0.23313999999999999,0.51800000000000002
576083,earthquake,1994-02-23T11:01:38.733Z,2010-01-13T18:13:00.000Z,174.24609000000000947,-39.56259000000000015,5.84600000000000009,190.54839999999998668,ML,,GROPE,reviewed,manual,nz1dr,81,65,16,0.25300000000000000,82.00000000000000000,0.23552000000000001,0.25100000000000000
556788,earthquake,1994-02-08T23:34:50.913Z,2010-01-13T18:11:00.000Z,174.02295000000000869,-40.26525999999999783,5.38999999999999968,118.27740000000000009,ML,,GROPE,reviewed,manual,nz1dr,86,66,18,0.54200000000000004,100.00000000000000000,0.21822000000000000,0.20699999999999999
536335,earthquake,1994-01-03T13:24:17.068Z,2010-01-13T18:08:00.000Z,164.38186999999999216,-48.99499999999999744,5.52200000000000024,33.00000000000000000,ML,operator assigned,GROPE,reviewed,manual,nz1dr,15,13,31,3.29499999999999993,313.00000000000000000,0.12077000000000000,0.26300000000000001
533332,earthquake,1993-12-26T00:09:50.570Z,2010-01-13T18:08:00.000Z,179.34009000000000356,-35.76888999999999896,5.00999999999999979,99.33679999999999666,ML,,GROPE,reviewed,manual,nz1dr,13,12,6,2.00800000000000001,283.00000000000000000,0.20924000000000001,0.16500000000000001
518804,earthquake,1993-11-23T00:40:26.400Z,2010-01-13T18:05:00.000Z,173.60582999999999743,-40.15059999999999718,5.28800000000000026,204.97239999999999327,ML,,GROPE,reviewed,manual,nz1dr,64,51,15,0.69399999999999995,135.00000000000000000,0.22808999999999999,0.16200000000000001
512472,earthquake,1993-11-03T23:32:32.578Z,2010-01-13T18:03:00.000Z,173.27528000000000930,-42.44424999999999670,5.02799999999999958,12.95570000000000022,ML,,GROPE,reviewed,manual,nz1dr,50,37,31,0.02400000000000000,62.00000000000000000,0.22933000000000001,0.18600000000000000
500935,earthquake,1993-11-01T06:02:59.962Z,2010-01-13T18:03:00.000Z,166.65790000000001214,-45.26145000000000351,5.10599999999999987,12.00000000000000000,ML,operator assigned,GROPE,reviewed,manual,nz1dr,18,16,19,0.40600000000000003,257.00000000000000000,0.18715999999999999,0.13200000000000001
500798,earthquake,1993-10-27T05:31:30.111Z,2010-01-13T18:03:00.000Z,175.81764000000001147,-38.39054000000000144,5.03699999999999992,169.90190000000001191,ML,,GROPE,reviewed,manual,nz1dr,34,28,18,0.34599999999999997,80.00000000000000000,0.25700000000000001,0.23400000000000001
490227,earthquake,1993-10-01T21:57:19.651Z,2010-01-13T18:01:00.000Z,176.27434999999999832,-37.75610999999999962,5.48399999999999999,220.97259999999999991,ML,,GROPE,reviewed,manual,nz1dr,28,24,4,0.26300000000000001,97.00000000000000000,0.29325000000000001,0.17000000000000001
485698,earthquake,1993-09-03T08:52:29.892Z,2010-01-13T17:59:00.000Z,173.04988000000000170,-42.91107999999999834,5.16300000000000026,15.92389999999999972,ML,,GROPE,reviewed,manual,nz1dr,21,16,13,0.58899999999999997,150.00000000000000000,0.09832000000000000,0.27900000000000003
478165,earthquake,1993-08-26T01:29:58.646Z,2006-12-12T14:28:00.000Z,178.29837000000000558,-35.59805999999999671,5.59999999999999964,33.00000000000000000,Mw,operator assigned,GROPE,reviewed,manual,nz1dr,21,20,0,1.99700000000000011,266.00000000000000000,0.41364000000000001,0.00000000000000000
472859,earthquake,1993-08-17T09:12:56.973Z,2010-01-13T17:56:00.000Z,166.66345000000001164,-45.24076999999999771,5.19700000000000006,27.50390000000000157,ML,,GROPE,reviewed,manual,nz1dr,14,11,15,0.20100000000000001,219.00000000000000000,0.13180000000000000,0.15800000000000000
472812,earthquake,1993-08-15T03:32:40.199Z,2010-01-13T17:55:00.000Z,-179.69531000000000631,-35.91087999999999880,5.30400000000000027,33.00000000000000000,ML,operator assigned,GROPE,reviewed,manual,nz1dr,25,21,8,2.33000000000000007,302.00000000000000000,0.12606000000000001,0.15100000000000000
472742,earthquake,1993-08-13T11:02:22.978Z,2006-12-12T14:28:00.000Z,178.79793000000000802,-36.00305999999999784,6.29999999999999982,117.37649999999999295,Mw,,GROPE,reviewed,manual,nz1dr,27,24,0,1.64199999999999990,282.00000000000000000,0.19553999999999999,0.00000000000000000
471823,earthquake,1993-08-11T22:08:49.689Z,2006-12-12T14:27:00.000Z,166.73132000000001085,-45.31490000000000151,5.20000000000000018,20.00000000000000000,Mw,operator assigned,GROPE,reviewed,manual,nz1dr,8,5,0,1.03099999999999992,269.00000000000000000,0.32990999999999998,0.00000000000000000
478105,earthquake,1993-08-11T04:09:15.524Z,2006-12-12T14:26:00.000Z,166.92620999999999754,-45.24412000000000234,5.59999999999999964,20.00000000000000000,Mw,operator assigned,GROPE,reviewed,manual,nz1dr,14,14,0,0.91000000000000003,261.00000000000000000,0.09311999999999999,0.00000000000000000
471796,earthquake,1993-08-11T03:43:52.269Z,2010-01-13T17:53:00.000Z,167.04232999999999265,-45.22046999999999883,5.25000000000000000,20.00000000000000000,ML,operator assigned,GROPE,reviewed,manual,nz1dr,11,10,12,0.83199999999999996,256.00000000000000000,0.12687999999999999,0.23899999999999999
471755,earthquake,1993-08-10T09:46:39.926Z,2010-01-13T17:53:00.000Z,177.90950000000000841,-38.52839999999999776,6.20000000000000018,45.53410000000000224,Mw,,GROPE,reviewed,manual,nz1dr,23,21,0,0.13400000000000001,101.00000000000000000,0.24370000000000000,0.00000000000000000
471747,earthquake,1993-08-10T07:17:27.517Z,2010-01-13T17:53:00.000Z,166.85945000000000960,-45.24255999999999744,5.14400000000000013,20.00000000000000000,ML,operator assigned,GROPE,reviewed,manual,nz1dr,16,15,12,0.94699999999999995,242.00000000000000000,0.24842000000000000,0.18900000000000000
471738,earthquake,1993-08-10T02:35:32.809Z,2010-01-13T17:52:00.000Z,166.71429000000000542,-45.38660999999999746,5.11599999999999966,20.00000000000000000,ML,operator assigned,GROPE,reviewed,manual,nz1dr,20,15,11,1.00200000000000000,247.00000000000000000,0.18028000000000000,0.16800000000000001
471733,earthquake,1993-08-10T01:27:30.471Z,2010-01-13T17:52:00.000Z,166.95087000000000899,-45.31815999999999889,5.10400000000000009,20.00000000000000000,ML,operator assigned,GROPE,reviewed,manual,nz1dr,11,10,10,0.90600000000000003,263.00000000000000000,0.26040999999999997,0.17499999999999999
901313,earthquake,1993-08-10T00:56:37.399Z,2011-08-16T08:47:00.000Z,166.80937000000000126,-45.17338999999999771,5.37399999999999967,20.00000000000000000,ML,operator assigned,GROPE,reviewed,manual,nz1dr,12,7,9,0.38100000000000001,266.00000000000000000,0.25308000000000003,0.23300000000000001
1361533,earthquake,1993-08-10T00:54:48.407Z,2010-01-13T17:52:00.000Z,166.83188000000001239,-45.21012999999999948,5.21499999999999986,18.52489999999999881,ML,,GROPE,reviewed,manual,nz1dr,9,4,8,0.34399999999999997,277.00000000000000000,0.20701000000000000,0.36299999999999999
471730,earthquake,1993-08-10T00:51:51.608Z,2010-01-13T17:52:00.000Z,166.70848000000000866,-45.21383000000000152,6.79999999999999982,5.00000000000000000,Mw,operator assigned,GROPE,reviewed,manual,nz1dr,16,15,0,0.40400000000000003,255.00000000000000000,0.14201000000000000,0.00000000000000000
467406,earthquake,1993-08-02T18:10:13.112Z,2010-01-13T17:52:00.000Z,176.92223000000001321,-37.38944999999999652,5.87699999999999978,235.04519999999999413,ML,,GROPE,reviewed,manual,nz1dr,22,18,5,0.62800000000000000,153.00000000000000000,0.18726999999999999,0.21299999999999999
458495,earthquake,1993-07-11T20:30:10.535Z,2010-01-13T17:50:00.000Z,176.96939000000000419,-37.05874000000000024,5.54800000000000004,223.94800000000000750,ML,,GROPE,reviewed,manual,nz1dr,21,16,11,0.95499999999999996,190.00000000000000000,0.22389000000000001,0.33800000000000002
456217,earthquake,1993-07-08T19:47:55.870Z,2010-01-13T17:50:00.000Z,174.95493999999999346,-39.07453999999999894,5.21100000000000030,219.44499999999999318,ML,,GROPE,reviewed,manual,nz1dr,32,26,12,0.34200000000000003,97.00000000000000000,0.15057000000000001,0.28299999999999997
458546,earthquake,1993-07-07T15:21:16.686Z,2010-01-13T17:50:00.000Z,177.41443000000001007,-36.36160999999999888,5.39700000000000024,275.98799999999999955,ML,,GROPE,reviewed,manual,nz1dr,22,18,5,1.41799999999999993,256.00000000000000000,0.27605000000000002,0.07600000000000000
455155,earthquake,1993-06-30T20:34:34.012Z,2010-01-13T17:50:00.000Z,176.80637999999999010,-37.41985999999999990,5.24099999999999966,420.72750000000002046,ML,,GROPE,reviewed,manual,nz1dr,23,19,18,0.57499999999999996,152.00000000000000000,0.24185000000000001,0.30399999999999999
456777,earthquake,1993-06-25T13:23:09.944Z,2010-01-13T17:50:00.000Z,177.02599000000000729,-37.12633999999999901,5.29699999999999971,240.00399999999999068,ML,,GROPE,reviewed,manual,nz1dr,20,17,18,0.90300000000000002,186.00000000000000000,0.21132000000000001,0.24299999999999999
448968,earthquake,1993-06-20T05:15:08.013Z,2010-01-13T17:49:00.000Z,175.21663000000000920,-39.29737999999999687,5.17400000000000038,115.57590000000000430,ML,,GROPE,reviewed,manual,nz1dr,46,37,14,0.27000000000000002,71.00000000000000000,0.24965000000000001,0.46000000000000002
445496,earthquake,1993-06-02T20:42:53.529Z,2010-01-13T17:49:00.000Z,179.85070999999999231,-36.05913999999999930,6.10700000000000021,92.95619999999999550,ML,,GROPE,reviewed,manual,nz1dr,18,15,5,1.97700000000000009,309.00000000000000000,0.28616000000000003,0.22900000000000001
444802,earthquake,1993-06-01T13:43:12.290Z,2010-01-13T17:49:00.000Z,175.18514999999999304,-38.86375000000000313,5.19899999999999984,241.76570000000000960,ML,,GROPE,reviewed,manual,nz1dr,34,27,5,0.24399999999999999,95.00000000000000000,0.25766000000000000,0.21099999999999999
435414,earthquake,1993-05-10T17:08:09.590Z,2010-01-13T17:47:00.000Z,171.61569000000000074,-42.80151000000000039,5.30400000000000027,5.00000000000000000,ML,operator assigned,GROPE,reviewed,manual,nz1dr,14,11,25,0.48099999999999998,121.00000000000000000,0.12580000000000000,0.16100000000000000
438895,earthquake,1993-04-30T14:10:12.724Z,2010-01-13T17:46:00.000Z,177.15181999999998652,-38.03329999999999700,5.15000000000000036,60.43249999999999744,ML,,GROPE,reviewed,manual,nz1dr,24,22,6,0.22900000000000001,107.00000000000000000,0.22705000000000000,0.23899999999999999
432003,earthquake,1993-04-27T14:55:57.918Z,2010-01-13T17:46:00.000Z,165.38421999999999912,-46.66747999999999763,5.49699999999999989,33.00000000000000000,ML,operator assigned,GROPE,reviewed,manual,nz1dr,28,21,22,1.06200000000000006,303.00000000000000000,0.15372000000000000,0.20999999999999999
435226,earthquake,1993-04-11T06:59:49.653Z,2010-01-13T17:45:00.000Z,176.71027000000000839,-39.72594000000000136,5.59999999999999964,37.84369999999999834,Mw,,GROPE,reviewed,manual,nz1dr,37,33,0,0.14499999999999999,99.00000000000000000,0.28819000000000000,0.00000000000000000
418653,earthquake,1993-03-18T14:25:06.722Z,2010-01-13T17:43:00.000Z,174.57828000000000657,-39.39860000000000184,5.70699999999999985,181.87450000000001182,ML,,GROPE,reviewed,manual,nz1dr,41,34,6,0.48399999999999999,94.00000000000000000,0.17942000000000000,0.32700000000000001
418641,earthquake,1993-03-16T10:54:14.397Z,2010-01-13T17:43:00.000Z,176.23072999999999411,-37.62597000000000236,5.77500000000000036,279.76150000000001228,ML,,GROPE,reviewed,manual,nz1dr,35,28,5,0.39700000000000002,108.00000000000000000,0.30353000000000002,0.18900000000000000
418640,earthquake,1993-03-16T06:18:38.416Z,2010-01-13T17:43:00.000Z,175.93582000000000676,-38.45271000000000328,5.25000000000000000,156.66800000000000637,ML,,GROPE,reviewed,manual,nz1dr,44,32,5,0.26300000000000001,69.00000000000000000,0.21767000000000000,0.23499999999999999
409061,earthquake,1993-02-16T05:26:05.831Z,2010-01-13T17:41:00.000Z,176.97084000000000970,-40.08397999999999683,5.06099999999999994,40.07999999999999829,ML,,GROPE,reviewed,manual,nz1dr,44,33,6,0.15500000000000000,182.00000000000000000,0.19711999999999999,0.22800000000000001
400626,earthquake,1993-01-20T09:57:40.202Z,2010-01-13T17:40:00.000Z,178.19872000000000867,-37.91736999999999824,5.09299999999999997,59.27159999999999940,ML,,GROPE,reviewed,manual,nz1dr,26,20,6,0.16200000000000001,149.00000000000000000,0.16053000000000001,0.25600000000000001
403226,earthquake,1993-01-15T03:29:26.081Z,2010-01-13T17:40:00.000Z,165.32056000000000040,-46.98214999999999719,5.20300000000000029,33.00000000000000000,ML,operator assigned,GROPE,reviewed,manual,nz1dr,21,16,9,1.97900000000000009,322.00000000000000000,0.15920000000000001,0.23300000000000001
400049,earthquake,1993-01-13T05:12:37.487Z,2010-01-13T17:40:00.000Z,174.78643999999999892,-39.15720000000000312,5.03000000000000025,220.00370000000000914,ML,,GROPE,reviewed,manual,nz1dr,53,35,6,0.48399999999999999,106.00000000000000000,0.26928000000000002,0.30800000000000000
396640,earthquake,1993-01-02T12:32:30.269Z,2010-01-13T17:39:00.000Z,176.47523000000001048,-37.76778999999999797,5.70199999999999996,204.65170000000000528,ML,,GROPE,reviewed,manual,nz1dr,36,23,5,0.24700000000000000,115.00000000000000000,0.27557999999999999,0.18500000000000000
394166,earthquake,1992-12-27T05:55:15.825Z,2010-01-13T17:39:00.000Z,176.05232000000000880,-37.88564999999999827,5.97599999999999998,276.92980000000000018,ML,,GROPE,reviewed,manual,nz1dr,43,29,5,0.28799999999999998,82.00000000000000000,0.25513000000000002,0.20899999999999999
393777,earthquake,1992-12-14T19:12:55.326Z,2006-12-12T14:11:00.000Z,-179.51033000000001039,-34.15420999999999907,5.90000000000000036,242.93950000000000955,Mw,,GROPE,reviewed,manual,nz1dr,17,15,0,4.30799999999999983,313.00000000000000000,0.14815000000000000,0.00000000000000000
390796,earthquake,1992-12-12T04:40:00.964Z,2010-01-13T17:38:00.000Z,175.22028000000000247,-39.01538999999999646,5.73700000000000010,160.72890000000001010,ML,,GROPE,reviewed,manual,nz1dr,58,38,7,0.13800000000000001,75.00000000000000000,0.22142000000000001,0.45900000000000002
386649,earthquake,1992-11-27T15:59:12.534Z,2010-01-13T17:37:00.000Z,170.70957999999998833,-43.16967999999999961,5.25699999999999967,5.64799999999999969,ML,,GROPE,reviewed,manual,nz1dr,27,19,11,0.09500000000000000,130.00000000000000000,0.12070000000000000,0.31300000000000000
379597,earthquake,1992-11-04T14:01:54.190Z,2010-01-13T17:36:00.000Z,178.07542000000000826,-36.42622999999999678,5.05199999999999960,180.82339999999999236,ML,,GROPE,reviewed,manual,nz1dr,21,15,21,1.18500000000000005,253.00000000000000000,0.35317999999999999,0.26700000000000002
369949,earthquake,1992-09-29T06:49:43.755Z,2010-01-13T17:34:00.000Z,176.17804000000000997,-38.17208999999999719,5.30100000000000016,168.11480000000000246,ML,,GROPE,reviewed,manual,nz1dr,38,27,11,0.01200000000000000,59.00000000000000000,0.21082999999999999,0.35199999999999998
356916,earthquake,1992-08-10T10:39:35.399Z,2010-01-13T17:32:00.000Z,173.18816000000001054,-40.48906999999999812,5.08499999999999996,236.99549999999999272,ML,,GROPE,reviewed,manual,nz1dr,31,26,4,0.60499999999999998,151.00000000000000000,0.16120000000000001,0.23899999999999999
356907,earthquake,1992-08-09T23:58:00.137Z,2010-01-13T17:32:00.000Z,176.20375000000001364,-37.77884000000000242,5.27400000000000002,295.89920000000000755,ML,,GROPE,reviewed,manual,nz1dr,26,22,4,0.26700000000000002,94.00000000000000000,0.27313999999999999,0.19400000000000001
356769,earthquake,1992-08-05T07:46:27.216Z,2010-01-13T17:31:00.000Z,-179.84030000000001337,-35.95042999999999722,5.02899999999999991,98.43410000000000082,ML,operator assigned,GROPE,reviewed,manual,nz1dr,18,15,4,2.22100000000000009,313.00000000000000000,0.20119999999999999,0.20300000000000001
354548,earthquake,1992-07-31T14:11:23.562Z,2010-01-13T17:31:00.000Z,176.14370999999999867,-40.59291999999999945,5.15000000000000036,35.61869999999999692,ML,,GROPE,reviewed,manual,nz1dr,41,35,4,0.10199999999999999,89.00000000000000000,0.18320000000000000,0.27100000000000002
352801,earthquake,1992-07-28T01:52:51.192Z,2010-01-13T17:31:00.000Z,-179.24356000000000222,-36.87666999999999717,5.10700000000000021,33.00000000000000000,ML,operator assigned,GROPE,reviewed,manual,nz1dr,16,14,6,2.08800000000000008,241.00000000000000000,0.42975999999999998,0.12200000000000000
347279,earthquake,1992-06-21T17:47:39.295Z,2010-01-13T17:28:00.000Z,176.80696000000000367,-37.69986999999999711,5.56400000000000006,5.00000000000000000,ML,operator assigned,GROPE,reviewed,manual,nz1dr,24,19,8,0.34799999999999998,104.00000000000000000,0.23255000000000001,0.27200000000000002
338849,earthquake,1992-06-21T17:43:09.436Z,2010-01-13T17:28:00.000Z,176.87487999999999033,-37.58035000000000281,6.29999999999999982,5.00000000000000000,Mw,operator assigned,GROPE,reviewed,manual,nz1dr,28,24,0,0.25500000000000000,126.00000000000000000,0.28016999999999997,0.00000000000000000
339342,earthquake,1992-05-27T22:30:36.387Z,2010-01-13T17:27:00.000Z,173.66046000000000049,-41.60475000000000279,5.90000000000000036,79.10200000000000387,Mw,,GROPE,reviewed,manual,nz1dr,46,40,0,0.19500000000000001,63.00000000000000000,0.11763000000000000,0.00000000000000000
333146,earthquake,1992-05-17T01:06:55.870Z,2010-01-13T17:26:00.000Z,178.36878999999998996,-38.24920000000000186,5.19500000000000028,18.05280000000000129,ML,,GROPE,reviewed,manual,nz1dr,18,16,9,0.19600000000000001,153.00000000000000000,0.13353999999999999,0.22000000000000000
328767,earthquake,1992-05-16T17:57:13.493Z,2006-12-12T13:45:00.000Z,178.36653000000001157,-38.23380000000000223,5.79999999999999982,23.70779999999999887,Mw,,GROPE,reviewed,manual,nz1dr,19,17,0,0.18200000000000000,153.00000000000000000,0.18003000000000000,0.00000000000000000
317157,earthquake,1992-04-01T22:57:40.373Z,2010-01-13T17:23:00.000Z,171.20158000000000698,-43.02228999999999814,5.16399999999999970,5.00000000000000000,ML,operator assigned,GROPE,reviewed,manual,nz1dr,11,10,14,0.34499999999999997,118.00000000000000000,0.10806000000000000,0.20599999999999999
314805,earthquake,1992-03-30T07:02:52.383Z,2006-12-12T13:44:00.000Z,171.22811999999998989,-43.04292999999999836,5.50000000000000000,5.00000000000000000,Mw,operator assigned,GROPE,reviewed,manual,nz1dr,15,12,0,0.26500000000000001,113.00000000000000000,0.19692000000000001,0.00000000000000000
313848,earthquake,1992-03-25T17:27:31.850Z,2006-12-12T13:43:00.000Z,177.20510999999999058,-37.24555999999999756,5.59999999999999964,12.00000000000000000,Mw,operator assigned,GROPE,reviewed,manual,nz1dr,27,21,0,0.94099999999999995,173.00000000000000000,0.19792000000000001,0.00000000000000000
312180,earthquake,1992-03-22T01:40:20.552Z,2010-01-13T17:22:00.000Z,177.94904999999999973,-41.25283000000000300,5.05400000000000027,33.00000000000000000,ML,operator assigned,GROPE,reviewed,manual,nz1dr,23,21,12,1.37100000000000000,225.00000000000000000,0.07070000000000000,0.21900000000000000
310084,earthquake,1992-03-16T23:21:31.578Z,2006-12-12T13:42:00.000Z,178.96811999999999898,-35.21524999999999750,5.40000000000000036,167.97880000000000678,Mw,,GROPE,reviewed,manual,nz1dr,17,15,0,2.43900000000000006,293.00000000000000000,0.25350000000000000,0.00000000000000000
309581,earthquake,1992-03-13T06:30:59.642Z,2010-01-13T17:21:00.000Z,176.49117000000001099,-40.26044000000000267,5.01600000000000001,56.65279999999999916,ML,,GROPE,reviewed,manual,nz1dr,51,43,5,0.10299999999999999,138.00000000000000000,0.15955000000000000,0.09300000000000000
306163,earthquake,1992-03-02T09:05:56.920Z,2006-12-12T13:41:00.000Z,176.59864999999999213,-40.43200000000000216,5.50000000000000000,36.94069999999999965,Mw,,GROPE,reviewed,manual,nz1dr,46,41,0,0.31000000000000000,177.00000000000000000,0.15276999999999999,0.00000000000000000
303183,earthquake,1992-02-18T10:27:11.303Z,2010-01-13T17:19:00.000Z,174.01866000000001122,-39.90635999999999939,5.89499999999999957,121.68500000000000227,ML,,GROPE,reviewed,manual,nz1dr,39,32,5,0.57199999999999995,122.00000000000000000,0.20257000000000000,0.24800000000000000
299747,earthquake,1992-02-05T06:15:53.299Z,2010-01-13T17:19:00.000Z,174.83231000000000677,-39.13188999999999851,5.05100000000000016,222.03720000000001278,ML,,GROPE,reviewed,manual,nz1dr,49,36,5,0.39300000000000002,100.00000000000000000,0.26074000000000003,0.23300000000000001
293050,earthquake,1992-01-15T06:14:57.179Z,2010-01-13T17:18:00.000Z,175.35439999999999827,-38.59848000000000212,5.31700000000000017,233.00569999999999027,ML,,GROPE,reviewed,manual,nz1dr,35,28,4,0.44200000000000000,87.00000000000000000,0.23996999999999999,0.23400000000000001
285592,earthquake,1991-12-23T15:06:45.077Z,2010-01-13T17:17:00.000Z,-179.64519000000001370,-36.12814000000000192,5.33499999999999996,60.00000000000000000,ML,operator assigned,GROPE,reviewed,manual,nz1dr,19,17,5,2.20599999999999996,302.00000000000000000,0.13480000000000000,0.44500000000000001
282908,earthquake,1991-12-12T16:24:10.956Z,2010-01-13T17:16:00.000Z,179.27267000000000507,-37.07999999999999829,5.20800000000000018,33.00000000000000000,ML,operator assigned,GROPE,reviewed,manual,nz1dr,20,19,10,0.93200000000000005,282.00000000000000000,0.12895000000000001,0.19200000000000000
279077,earthquake,1991-11-29T23:35:06.528Z,2006-12-12T12:57:00.000Z,167.60739000000000942,-44.51012999999999664,5.29999999999999982,5.00000000000000000,Mw,operator assigned,GROPE,reviewed,manual,nz1dr,18,14,0,0.27300000000000002,219.00000000000000000,0.14377000000000001,0.00000000000000000
277032,earthquake,1991-11-20T09:23:09.592Z,2006-12-12T12:54:00.000Z,178.64426000000000272,-36.38508999999999816,6.09999999999999964,33.00000000000000000,Mw,operator assigned,GROPE,reviewed,manual,nz1dr,22,19,0,1.24300000000000010,240.00000000000000000,0.28927000000000003,0.00000000000000000
276547,earthquake,1991-11-16T00:35:39.968Z,2006-12-12T12:54:00.000Z,176.89195000000000846,-37.12650000000000006,5.50000000000000000,264.06270000000000664,Mw,,GROPE,reviewed,manual,nz1dr,30,24,0,1.01200000000000001,174.00000000000000000,0.23080000000000001,0.00000000000000000
272352,earthquake,1991-11-09T19:35:32.851Z,2010-01-13T17:15:00.000Z,167.70177000000001044,-44.62599999999999767,5.47299999999999986,6.71889999999999965,ML,,GROPE,reviewed,manual,nz1dr,19,15,11,0.16000000000000000,217.00000000000000000,0.19602000000000000,0.16500000000000001
270541,earthquake,1991-11-04T07:23:42.533Z,2010-01-13T17:14:00.000Z,167.51562999999998738,-45.01185999999999865,5.05199999999999960,119.19819999999999993,ML,,GROPE,reviewed,manual,nz1dr,26,16,7,0.44500000000000001,233.00000000000000000,0.18548000000000001,0.18700000000000000
270034,earthquake,1991-10-31T14:22:10.297Z,2010-01-13T17:13:00.000Z,173.98016000000001213,-41.81730000000000302,5.05700000000000038,44.52579999999999671,ML,,GROPE,reviewed,manual,nz1dr,25,19,4,0.18900000000000000,137.00000000000000000,0.17802999999999999,0.19200000000000000
268620,earthquake,1991-10-25T21:06:05.990Z,2010-01-13T17:13:00.000Z,176.21782999999999220,-38.02355000000000018,5.99300000000000033,208.62340000000000373,ML,,GROPE,reviewed,manual,nz1dr,35,24,5,0.15500000000000000,93.00000000000000000,0.23712000000000000,0.20300000000000001
268577,earthquake,1991-10-23T14:38:44.986Z,2010-01-13T17:13:00.000Z,177.26442000000000121,-36.98183999999999827,5.98200000000000021,217.29570000000001073,ML,,GROPE,reviewed,manual,nz1dr,20,15,5,1.03099999999999992,194.00000000000000000,0.20449000000000001,0.11100000000000000
262217,earthquake,1991-09-30T20:12:31.308Z,2010-01-13T17:12:00.000Z,166.80718999999999141,-45.69895000000000351,5.10400000000000009,81.76500000000000057,ML,,GROPE,reviewed,manual,nz1dr,20,14,7,0.78400000000000003,256.00000000000000000,0.10489000000000000,0.18500000000000000
258907,earthquake,1991-09-21T10:07:29.375Z,2010-01-13T17:11:00.000Z,176.20506000000000313,-39.00486999999999682,5.03699999999999992,77.99099999999999966,ML,,GROPE,reviewed,manual,nz1dr,46,33,4,0.14299999999999999,40.00000000000000000,0.31304999999999999,0.35599999999999998
257053,earthquake,1991-09-14T14:14:42.751Z,2010-01-13T17:11:00.000Z,174.62691000000000940,-39.10152000000000072,5.35099999999999998,585.29619999999999891,ML,,GROPE,reviewed,manual,nz1dr,40,32,4,0.44700000000000001,109.00000000000000000,0.24462999999999999,0.35999999999999999
255338,earthquake,1991-09-08T13:50:31.990Z,2006-12-12T12:51:00.000Z,175.16721999999998616,-40.24421000000000248,5.59999999999999964,86.68850000000000477,Mw,,GROPE,reviewed,manual,nz1dr,42,35,0,0.44500000000000001,60.00000000000000000,0.18745000000000001,0.00000000000000000
246741,earthquake,1991-08-01T14:08:52.625Z,2010-01-13T17:09:00.000Z,178.97742999999999824,-35.28202000000000282,5.05700000000000038,245.89799999999999613,ML,,GROPE,reviewed,manual,nz1dr,11,10,3,2.37599999999999989,283.00000000000000000,0.11425000000000000,0.20200000000000001
241435,earthquake,1991-07-12T11:25:36.348Z,2010-01-13T17:08:00.000Z,179.16707999999999856,-35.82750999999999664,5.08900000000000041,169.30219999999999914,ML,,GROPE,reviewed,manual,nz1dr,14,11,4,1.89999999999999991,281.00000000000000000,0.13841999999999999,0.28999999999999998
241414,earthquake,1991-07-12T04:42:24.624Z,2006-12-12T12:37:00.000Z,175.97475000000000023,-39.30519000000000318,5.29999999999999982,70.28109999999999502,Mw,,GROPE,reviewed,manual,nz1dr,39,32,0,0.31700000000000000,29.00000000000000000,0.23191999999999999,0.00000000000000000
234451,earthquake,1991-06-09T11:01:35.057Z,2010-01-13T17:07:00.000Z,174.40697000000000116,-40.11395999999999873,5.91099999999999959,106.28400000000000603,ML,,GROPE,reviewed,manual,nz1dr,39,34,5,0.51100000000000001,92.00000000000000000,0.18115999999999999,0.27000000000000002
232551,earthquake,1991-06-01T14:35:50.753Z,2010-01-13T17:07:00.000Z,167.54774000000000456,-45.06698999999999700,5.06599999999999984,112.66320000000000334,ML,,GROPE,reviewed,manual,nz1dr,22,16,5,0.47599999999999998,219.00000000000000000,0.16409000000000001,0.14899999999999999
214023,earthquake,1991-03-28T07:12:01.687Z,2010-01-13T17:04:00.000Z,166.65250000000000341,-45.68471999999999866,5.11899999999999977,80.98439999999999372,ML,,GROPE,reviewed,manual,nz1dr,16,13,7,0.89000000000000001,248.00000000000000000,0.04868000000000000,0.23899999999999999
206800,earthquake,1991-02-24T00:50:34.862Z,2010-01-13T17:02:00.000Z,171.57198999999999955,-42.04652000000000100,5.07899999999999974,12.00000000000000000,ML,operator assigned,GROPE,reviewed,manual,nz1dr,18,9,11,0.34499999999999997,166.00000000000000000,0.13494999999999999,0.20100000000000001
201354,earthquake,1991-02-15T10:48:10.728Z,2006-12-12T11:56:00.000Z,171.58974000000000615,-42.03864000000000090,5.40000000000000036,6.92290000000000028,Mw,,GROPE,reviewed,manual,nz1dr,18,11,0,0.33200000000000002,155.00000000000000000,0.10143000000000001,0.00000000000000000
198342,earthquake,1991-02-09T15:11:24.238Z,2010-01-13T17:01:00.000Z,173.93102999999999270,-40.59942999999999813,5.38799999999999990,111.02930000000000632,ML,,GROPE,reviewed,manual,nz1dr,42,31,5,0.20300000000000001,107.00000000000000000,0.23064000000000001,0.33100000000000002
201724,earthquake,1991-01-28T18:00:54.521Z,2010-01-13T16:59:00.000Z,171.72807000000000244,-41.90484000000000009,6.00000000000000000,17.35119999999999862,Mw,,GROPE,reviewed,manual,nz1dr,19,12,0,0.16700000000000001,155.00000000000000000,0.07145000000000000,0.00000000000000000
194283,earthquake,1991-01-28T12:58:47.896Z,2010-01-13T16:59:00.000Z,171.65903000000000134,-41.90379999999999683,5.79999999999999982,9.87040000000000006,Mw,,GROPE,reviewed,manual,nz1dr,17,13,0,0.07099999999999999,120.00000000000000000,0.13367999999999999,0.00000000000000000
172255,earthquake,1990-11-06T14:50:30.453Z,2010-01-13T16:55:00.000Z,177.22101000000000681,-37.62284999999999968,5.26999999999999957,132.25829999999999131,ML,,GROPE,reviewed,manual,nz1dr,36,31,14,0.09800000000000000,104.00000000000000000,0.17655000000000001,0.25700000000000001
165556,earthquake,1990-10-19T03:28:09.763Z,2010-01-13T16:55:00.000Z,176.23380000000000223,-38.23467999999999734,5.50600000000000023,153.51480000000000814,ML,,GROPE,reviewed,manual,nz1dr,48,34,8,0.06600000000000000,63.00000000000000000,0.16067999999999999,0.26400000000000001
160610,earthquake,1990-10-06T02:41:13.300Z,2006-12-12T11:36:00.000Z,175.50327999999998951,-41.68417999999999779,5.40000000000000036,22.07400000000000162,Mw,,GROPE,reviewed,manual,nz1dr,25,20,0,0.19300000000000000,188.00000000000000000,0.23535000000000000,0.00000000000000000
164529,earthquake,1990-10-04T23:48:26.736Z,2006-12-12T11:35:00.000Z,175.51021000000000072,-41.68312999999999846,5.59999999999999964,22.34969999999999857,Mw,,GROPE,reviewed,manual,nz1dr,23,19,0,0.31500000000000000,188.00000000000000000,0.22256000000000001,0.00000000000000000
155338,earthquake,1990-09-12T02:35:33.001Z,2010-01-13T16:53:00.000Z,178.11701999999999657,-36.64027999999999707,5.38900000000000023,166.53170000000000073,ML,,GROPE,reviewed,manual,nz1dr,30,26,15,0.96799999999999997,293.00000000000000000,0.15573000000000001,0.22800000000000001
146270,earthquake,1990-08-15T15:54:43.399Z,2006-12-12T11:32:00.000Z,176.51534000000000901,-40.41975000000000051,5.09999999999999964,41.71269999999999811,Mw,,GROPE,reviewed,manual,nz1dr,43,36,0,0.27100000000000002,93.00000000000000000,0.13242000000000001,0.00000000000000000
146253,earthquake,1990-08-14T20:58:33.378Z,2010-01-13T16:52:00.000Z,175.76236000000000104,-38.70277999999999707,5.49500000000000011,128.99100000000001387,ML,,GROPE,reviewed,manual,nz1dr,36,31,7,0.00700000000000000,67.00000000000000000,0.17008000000000001,0.14599999999999999
144158,earthquake,1990-07-26T21:55:04.726Z,2010-01-13T16:51:00.000Z,176.96222000000000207,-36.80330000000000013,5.14100000000000001,215.13200000000000500,ML,,GROPE,reviewed,manual,nz1dr,13,11,18,0.74600000000000000,220.00000000000000000,0.16447000000000001,0.25000000000000000
140858,earthquake,1990-07-11T16:11:40.474Z,2010-01-13T16:51:00.000Z,176.72677999999999088,-37.22800999999999760,5.30499999999999972,448.96899999999999409,ML,,GROPE,reviewed,manual,nz1dr,28,21,20,0.47499999999999998,233.00000000000000000,0.11269000000000000,0.24199999999999999
140313,earthquake,1990-07-10T06:33:45.710Z,2010-01-13T16:50:00.000Z,168.86092999999999620,-43.90332000000000079,5.24199999999999999,4.45969999999999978,ML,,GROPE,reviewed,manual,nz1dr,17,12,27,0.99600000000000000,181.00000000000000000,0.08098000000000000,0.35099999999999998
138772,earthquake,1990-06-29T19:32:28.185Z,2010-01-13T16:50:00.000Z,179.30051000000000272,-34.98413000000000039,5.07800000000000029,214.85929999999999040,ML,,GROPE,reviewed,manual,nz1dr,14,9,6,2.73200000000000021,330.00000000000000000,0.05008000000000000,0.14799999999999999
132949,earthquake,1990-06-11T04:14:24.115Z,2010-01-13T16:50:00.000Z,175.68217000000001349,-38.57956999999999681,5.07699999999999996,161.64830000000000609,ML,,GROPE,reviewed,manual,nz1dr,35,26,7,0.29699999999999999,61.00000000000000000,0.23698000000000000,0.47399999999999998
220089,earthquake,1990-05-20T09:53:46.586Z,2006-12-12T11:29:00.000Z,-179.51616999999998825,-33.00894999999999868,6.09999999999999964,417.09620000000001028,Mw,,GROPE,reviewed,manual,nz1dr,10,9,0,4.91500000000000004,341.00000000000000000,0.14198000000000000,0.00000000000000000
126982,earthquake,1990-05-13T04:25:43.760Z,2010-01-13T16:47:00.000Z,176.33422999999999092,-40.30917000000000172,5.05499999999999972,26.39829999999999899,ML,,GROPE,reviewed,manual,nz1dr,10,8,1,0.31300000000000000,139.00000000000000000,0.43203000000000003,0.00000000000000000
125056,earthquake,1990-05-13T04:23:10.198Z,2003-09-19T11:56:00.000Z,176.47076000000001272,-40.42669000000000068,6.40000000000000036,29.98590000000000089,Mw,,GROPE,reviewed,manual,nz1dr,39,37,0,0.24399999999999999,90.00000000000000000,0.11029000000000000,0.00000000000000000
116811,earthquake,1990-03-28T03:30:13.906Z,2010-01-13T16:45:00.000Z,176.33833000000001334,-38.17631999999999692,6.04699999999999971,145.69360000000000355,ML,,GROPE,reviewed,manual,nz1dr,32,30,8,0.11500000000000000,90.00000000000000000,0.23549000000000000,0.43300000000000000
116809,earthquake,1990-03-28T00:53:52.873Z,2010-01-13T16:45:00.000Z,179.67122000000000526,-35.49806000000000239,5.50900000000000034,66.83639999999999759,ML,,GROPE,reviewed,manual,nz1dr,24,22,20,2.36900000000000022,265.00000000000000000,0.14110000000000000,0.20899999999999999
115560,earthquake,1990-03-22T00:00:18.048Z,2006-12-12T10:13:00.000Z,177.36889999999999645,-36.73566000000000287,5.59999999999999964,203.05199999999999250,Mw,,GROPE,reviewed,manual,nz1dr,20,17,0,1.13900000000000001,211.00000000000000000,0.10449000000000000,0.00000000000000000
100789,earthquake,1990-02-19T05:34:37.834Z,2002-10-23T14:52:00.000Z,176.43639999999999191,-40.46777000000000157,6.20000000000000018,33.81510000000000105,Mw,,GROPE,reviewed,manual,nz1dr,34,32,0,0.19500000000000001,91.00000000000000000,0.22931000000000001,0.00000000000000000
100129,earthquake,1990-02-10T03:57:27.707Z,2010-01-13T16:38:00.000Z,172.67635000000001355,-42.25715000000000288,5.33800000000000008,5.00000000000000000,ML,operator assigned,GROPE,reviewed,manual,nz1dr,16,15,11,0.46600000000000003,140.00000000000000000,0.18024999999999999,0.23100000000000001
100128,earthquake,1990-02-10T03:54:47.070Z,2006-12-12T10:05:00.000Z,172.58333999999999264,-42.26382999999999868,5.70000000000000018,5.00000000000000000,Mw,operator assigned,GROPE,reviewed,manual,nz1dr,17,15,0,0.49500000000000000,132.00000000000000000,0.18956999999999999,0.00000000000000000
97781,earthquake,1990-02-10T03:27:41.963Z,2010-01-13T16:38:00.000Z,172.64593999999999596,-42.24530000000000030,5.90000000000000036,12.66619999999999990,Mw,,GROPE,reviewed,manual,nz1dr,20,17,0,0.46100000000000002,130.00000000000000000,0.22314000000000001,0.00000000000000000
89603,earthquake,1990-01-03T21:52:38.771Z,2010-01-13T16:37:00.000Z,176.40827999999999065,-37.75936999999999699,5.11500000000000021,305.31479999999999109,ML,,GROPE,reviewed,manual,nz1dr,19,15,9,0.65500000000000003,110.00000000000000000,0.15443000000000001,0.22700000000000001
89163,earthquake,1990-01-02T01:36:36.881Z,2010-01-13T16:37:00.000Z,175.35918000000000916,-38.82282000000000011,5.01100000000000012,220.71190000000001419,ML,,GROPE,reviewed,manual,nz1dr,26,22,7,0.22700000000000001,117.00000000000000000,0.15661000000000000,0.18900000000000000
