X,Y,Z
-5136838.676982105,1137046.198926335,-3355236.854257521
-5136517.732098596,1137367.0038227069,-3355619.448991803
-5136600.430185494,1136993.462675203,-3355619.448991803
-5136683.101107492,1136619.9155147125,-3355619.448991803
-5136279.461973244,1137314.2442309547,-3356002.0259799035
-5136041.164690413,1137261.4786257863,-3356384.585210615
-5136123.855104561,1136887.9721355245,-3356384.585210615
-5136206.51835633,1136514.4596328333,-3356384.585210615
-5135885.526817044,1136835.2178462702,-3356767.1267002774
-5135968.186233043,1136461.7226754422,-3356767.1267002774
-5135647.171368411,1136782.4575448663,-3357149.6504376885
-5135729.826948202,1136408.9797078762,-3357149.6504376885
-5135408.788765646,1136729.6912328582,-3357532.1564116427
-5135491.440508792,1136356.2307316812,-3357532.1564116427
-5135170.378998564,1136676.9189079918,-3357914.6446384815
-5135253.026904629,1136303.4757446032,-3357914.6446384815
-5134931.942074151,1136624.1405718136,-3358297.115106996
-5135014.586142697,1136250.7147481884,-3358297.115106996
-5134693.477999391,1136571.3562258694,-3358679.5678059864
-5134776.118229982,1136197.947743982,-3358679.5678059864
-5134537.623156292,1136145.174729729,-3359062.002751793
-5134060.551553941,1136039.6106772686,-3359826.8193390374
-5133739.350147683,1136360.158733541,-3360209.200985606
-5133821.975022081,1135986.819638353,-3360209.200985606
-5133500.750305759,1136307.3443353507,-3360591.564861722
-5133583.371340015,1135934.022591774,-3360591.564861722
-5133262.123321059,1136254.5239290704,-3360973.910956182
-5133344.7405147385,1135881.219539079,-3360973.910956182
-5132940.828684745,1136574.9785380762,-3361356.2392853186
-5133023.469183392,1136201.697512444,-3361356.2392853186
-5133106.082536057,1135828.4104780122,-3361356.2392853186
-5133188.668722482,1135455.1175263468,-3361356.2392853186
-5132702.151243812,1136522.1287553962,-3361738.5498379325
-5132784.787899746,1136148.8650870186,-3361738.5498379325
-5132867.397410958,1135775.5954101204,-3361738.5498379325
-5132949.979757196,1135402.3198162639,-3361738.5498379325
-5132463.44666433,1136469.272963491,-3362120.8426028276
-5132546.079477112,1136096.0266543415,-3362120.8426028276
-5132628.685146436,1135722.7743369509,-3362120.8426028276
-5132711.263652049,1135349.5161028767,-3362120.8426028276
-5132224.714936099,1136416.4111601028,-3362503.117596335
-5132307.343905293,1136043.1822121555,-3362503.117596335
-5132389.945732293,1135669.9472562466,-3362503.117596335
-5132472.5203968445,1135296.7063839298,-3362503.117596335
-5131985.956066117,1136363.5433467801,-3362885.374807249
-5132068.581191286,1135990.331762009,-3362885.374807249
-5132151.179175523,1135617.114169556,-3362885.374807249
-5132233.749998576,1135243.89066097,-3362885.374807249
-5131747.170061371,1136310.6695250713,-3363267.614224386
-5131829.791342079,1135937.4753054497,-3363267.614224386
-5131912.385483117,1135564.2750784254,-3363267.614224386
-5131994.952464235,1135191.0689355438,-3363267.614224386
-5131508.356911668,1136257.789692718,-3363649.8358640634
-5131756.127783624,1135138.2412053957,-3363649.8358640634
-5131186.875916651,1136578.0572362973,-3364032.0397150917
-5131269.516623995,1136204.9038512688,-3364032.0397150917
-5131517.275963736,1135085.4074720722,-3364032.0397150917
-5130948.012345047,1136525.1480165157,-3364414.2257662704
-5131030.649205357,1136152.0120022732,-3364414.2257662704
-5131278.39701157,1135032.5677371216,-3364414.2257662704
-5130709.121632705,1136472.2327849541,-3364796.3940339284
-5130791.754645543,1136099.1141434717,-3364796.3940339284
-5130956.939307909,1135352.8586586136,-3364796.3940339284
-5131039.49091692,1134979.7219982864,-3364796.3940339284
-5130470.203786624,1136419.3115431624,-3365178.5445068744
-5130552.832951552,1136046.2102764132,-3365178.5445068744
-5130800.5576867815,1134926.870257114,-3365178.5445068744
-5130231.258813801,1136366.3842926912,-3365560.67717391
-5130313.884130385,1135993.3004026478,-3365560.67717391
-5130561.597328156,1134874.0125151535,-3365560.67717391
-5129992.286704034,1136313.4510312798,-3365942.7920513605
-5130074.9081718335,1135940.3845199158,-3365942.7920513605
-5130322.609830838,1134821.1487701468,-3365942.7920513605
-5129753.287464317,1136260.511760478,-3366324.8891280317
-5130083.595201824,1134768.2790236417,-3366324.8891280317
-5129348.952142322,1136953.6121285944,-3366706.968392735
-5129431.62018548,1136580.5923106174,-3366706.968392735
-5129514.261101652,1136207.5664818366,-3366706.968392735
-5129844.553448115,1134715.4032771871,-3366706.968392735
-5129027.215054508,1137273.622403411,-3367089.029861791
-5129109.906350481,1136900.6260714878,-3367089.029861791
-5129192.570541017,1136527.6236375528,-3367089.029861791
-5129605.484559501,1134662.5215285243,-3367089.029861791
-5128788.14599171,1137220.612948079,-3367471.073524004
-5128870.833433359,1136847.634001886,-3367471.073524004
-5129366.388542986,1134609.6337792026,-3367471.073524004
-5128549.049811071,1137167.5974798317,-3367853.099368189
-5128631.733397959,1136794.6359213411,-3367853.099368189
-5129127.265405571,1134556.740030771,-3367853.099368189
-5128309.926502376,1137114.5759964047,-3368235.1074106614
-5128392.606234066,1136741.6318275891,-3368235.1074106614
-5128888.115137044,1134503.8402809699,-3368235.1074106614
-5128070.776072631,1137061.5484993507,-3368617.0976402326
-5128153.451948686,1136688.6217221827,-3368617.0976402326
-5128236.100724357,1136315.6888441409,-3368617.0976402326
-5128318.722379364,1135942.7499566958,-3368617.0976402326
-5128566.424596222,1134823.8973471697,-3368617.0976402326
-5127831.598528837,1137008.5149902226,-3368999.070045719
-5127914.270548819,1136635.6056066738,-3368999.070045719
-5127996.915469682,1136262.6901225357,-3368999.070045719
-5128079.533271146,1135889.7686292748,-3368999.070045719
-5128162.123932954,1135516.841218364,-3368999.070045719
-5128327.223934963,1134770.9682039774,-3368999.070045719
-5127675.062024256,1136582.5834787993,-3369381.024643428
-5127757.703089874,1136209.6853905376,-3369381.024643428
-5127840.317037357,1135836.7812934334,-3369381.024643428
-5127922.903846451,1135463.8712789554,-3369381.024643428
-5128005.4635563595,1135090.955170082,-3369381.024643428
-5127435.826381999,1136529.5553401113,-3369762.9614221756
-5127518.463591934,1136156.674649698,-3369762.9614221756
-5127601.073684999,1135783.7879507225,-3369762.9614221756
-5127683.656640942,1135410.8953346491,-3369762.9614221756
-5127766.212498964,1135037.996624465,-3369762.9614221756
-5127279.196982871,1136103.6579015695,-3370144.8803707766
-5116049.197140283,707066.6060934525,-3501956.228593921
-5116203.333389955,705950.4404855641,-3501956.228593921
-5116053.657862223,705171.5359670834,-3502331.805345746
-5115852.598535868,704764.7232997485,-3502707.3635755004
-5115399.096088912,704323.189927874,-3503458.4244518387
-5114329.248037683,708345.0748124567,-3504209.4112160653
-5114843.01871555,704625.6426227723,-3504209.4112160653
-5114231.218398227,707194.3764100113,-3504584.8768056743
-5112802.963476804,711923.5231483303,-3505711.162353635
-5111726.81932243,715942.5125803727,-3506461.926686199
-5111526.322288629,715535.4224939888,-3506837.281042111
-5110780.62388078,626959.0577765855,-3524832.443455529
-5110180.485787347,627639.8806016569,-3525581.3113522907
-5108429.3869663365,637608.9641942445,-3526330.1046779333
-5108475.74168328,637237.4670996484,-3526330.1046779333
-5107942.73869281,639434.5438143227,-3526704.473359281
-5108360.153553003,636091.266391527,-3526704.473359281
-5110007.928627727,622715.4462107162,-3526704.473359281
-5105329.548665234,657970.4955835302,-3527078.8233986506
-5108520.842238787,632716.190676922,-3527078.8233986506
-5108612.813052672,631973.1796895027,-3527078.8233986506
-5108796.430453847,630487.1178024397,-3527078.8233986506
-5105027.282677181,658308.9577990726,-3527453.154785069
-5105075.142760376,657937.7079686067,-3527453.154785069
-5105122.975845394,657566.4546586389,-3527453.154785069
-5105170.78192051,657195.1979602313,-3527453.154785069
-5105266.313097391,656452.6739604551,-3527453.154785069
-5105314.0381757235,656081.4068412152,-3527453.154785069
-5105552.258616585,654225.0188826099,-3527453.154785069
-5108633.493827847,629712.6857044812,-3527453.154785069
-5107086.126277938,640081.7590577265,-3527827.467507584
-5104041.544173523,655917.8792601656,-3529324.5318357465
-5105178.56235604,647008.6517525906,-3529324.5318357465
-5105834.641532241,641810.6903999957,-3529324.5318357465
-5107216.014698114,626521.7734987076,-3530072.952014326
-5106961.197139314,626490.514051604,-3530447.1341059245
-5102688.570691701,658384.6257801822,-3530821.297526764
-5102736.436272328,658013.5461145212,-3530821.297526764
-5102832.08649888,657271.376167341,-3530821.297526764
-5102879.871121344,656900.2860678615,-3530821.297526764
-5102927.628768711,656529.1924053081,-3530821.297526764
-5102386.009460911,658722.8240908255,-3531195.4422658873
-5101924.476597999,658286.0370074258,-3531943.675735967
-5101048.772394208,657041.6760134172,-3533439.9184982637
-5101096.540317124,656670.7156007856,-3533439.9184982637
-5101144.281274369,656299.7516263253,-3533439.9184982637
-5104921.684507145,626240.3192159631,-3533439.9184982637
-5101080.093937024,654783.1441301154,-3533813.9324818063
-5104666.623923539,626209.0299560747,-3533813.9324818063
-5100872.78688046,654379.4795217979,-3534187.927776785
-5100665.421132983,653975.8449810948,-3534561.904372246
-5103352.948319588,630568.8974371369,-3534935.8622841625
-5100203.000262046,653539.5653859584,-3535309.801501582
-5102684.028455632,633877.2066817436,-3535309.801501582
-5102311.861890061,632700.6756175843,-3536057.6238360466
-5102724.870650183,629361.0850370625,-3536057.6238360466
-5103135.69356508,626021.2248582436,-3536057.6238360466
-5102606.818661776,628216.4043865316,-3536431.506958109
-5102652.490358961,627845.3306567577,-3536431.506958109
-5102698.135059827,627474.253695688,-3536431.506958109
-5102834.907269758,626361.0027318378,-3536431.506958109
-5099051.692344766,650377.0437404139,-3537553.044092973
-5098843.76908592,649973.6961061276,-3537926.8523845733
-5098635.787147279,649570.3788055297,-3538300.641974829
-5098474.941847371,648796.3217955121,-3538674.412852793
-5100248.380492502,634704.54315733,-3538674.412852793
-5100294.524026725,634333.6409208815,-3538674.412852793
-5100340.640576988,633962.7354187781,-3538674.412852793
-5100708.601992145,630995.3703350542,-3538674.412852793
-5100754.475775465,630624.4347291812,-3538674.412852793
-5100800.322594469,630253.4956992288,-3538674.412852793
-5100846.142437903,629882.5533361846,-3538674.412852793
-5098105.735743699,647619.1256553628,-3539421.8984549707
-5097897.460559443,647215.959710118,-3539795.6131841983
-5097689.126756701,646812.823973336,-3540169.3091842574
-5100235.40983443,626418.411751188,-3540169.3091842574
-5097480.734316314,646409.7185409666,-3540542.9864711156
-5099979.868091302,626387.025738582,-3540542.9864711156
-5100025.406748326,626016.1431399131,-3540542.9864711156
-5097272.283237549,646006.6435112815,-3540916.64503382
-5099769.835751951,625984.7724002228,-3540916.64503382
-5097110.709697893,645232.9280415503,-3541290.284861433
-5099194.932768117,628549.2470586498,-3541290.284861433
-5099240.628668363,628178.4215363617,-3541290.284861433
-5099559.744926497,625582.5495258243,-3541290.284861433
-5096902.112070686,644829.9288334529,-3541663.9059699057
-5098802.081194555,629630.1406032415,-3541663.9059699057
-5098847.855700624,629259.3436470611,-3541663.9059699057
-5098893.603252437,628888.5432740562,-3541663.9059699057
-5098939.323838762,628517.7395751734,-3541663.9059699057
-5098985.017448396,628146.9326413715,-3541663.9059699057
-5099304.11771009,625551.1907549172,-3541663.9059699057
-5096693.455843072,644426.9598799533,-3542037.5083483052
-5098637.969649562,628857.0138763803,-3542037.5083483052
-5098683.687943681,628486.2287677826,-3542037.5083483052
-5098729.37926246,628115.440424428,-3542037.5083483052
-5099048.463526027,625519.8286757843,-3542037.5083483052
-5098428.025090365,628454.7146374008,-3542411.091985681
-5098473.714118048,628083.9448864539,-3542411.091985681
-5098172.33526789,628423.1971826819,-3542784.6568979938
-5098218.0220042365,628052.4460261039,-3542784.6568979938
-5097559.434109696,624960.8833791823,-3544278.7291584658
-5097093.147146231,624527.4774591735,-3545025.6528286817
-5094906.05990701,640060.5891876079,-3545399.0865474716
-5094696.759248828,639657.9545764785,-3545772.501507468
-5096370.758710673,624062.7867527888,-3546145.897724619
-5094231.510089594,639223.2413878202,-3546519.2751879906
-5096114.774175549,624031.4408343072,-3546519.2751879906
-5094022.063032028,638820.682996086,-3546892.6338866437
-5094925.132276915,623133.641544522,-3548385.8811110887
-5094714.281309063,622731.816622293,-3548759.146010305
-5094503.37190652,622330.0223720979,-3549132.392132962
-5092461.737733519,636744.3025999687,-3549505.619495001
-5094292.404050602,621928.2588898432,-3549505.619495001
-5093825.110130491,621495.2589096815,-3550252.0178935025
-5091831.991806854,635537.3591794113,-3550625.188934972
-5093613.996214027,621093.5720751494,-3550625.188934972
-5093402.823865981,620691.9160390393,-3550998.341198971
-5093191.593118645,620290.2906328038,-3551371.4746745713
-5092980.303953342,619888.695952337,-3551744.5893777097
-5090945.397438155,634298.7546103969,-3552117.6852974575
-5090268.457522092,633462.5835551454,-3553236.8603276773
-5090058.074247567,633060.513569524,-3553609.881085181
-5089939.595096244,631918.1791968968,-3553982.8830583836
-5091801.097488319,616739.2078867513,-3553982.8830583836
-5091845.934568727,616368.9200016116,-3553982.8830583836
-5091634.149072855,615967.5869283382,-3554355.86623636
-5089097.009532372,630310.4505776094,-3555474.702970242
-5090998.44241506,614763.7724086492,-3555474.702970242
-5088629.573564665,629876.8273513285,-3556220.5001108856
-5088418.693375871,629475.0177637113,-3556593.3704760754
-5090105.4129321985,613529.2826131108,-3556966.2220232813
-5087951.025943627,629041.4986456798,-3557339.0547684357
-5089982.311826058,612387.8793028693,-3557339.0547684357
-5087785.702190902,628269.7731776081,-3557711.8687006105
-5091918.395301792,593846.2047483639,-3557711.8687006105
-5087363.415932503,627466.4303076892,-3558457.440109198
-5087152.185179046,627064.8049007347,-3558830.1975906165
-5090974.394997039,595237.2083477937,-3558830.1975906165
-5088618.626012468,610722.2180680935,-3559575.656079944
-5088193.3049020795,609920.4778335034,-3560321.0392700545
-5085958.667961843,626166.7380602633,-3560693.702627449
-5085656.106725109,626504.9363700286,-3561066.347154121
-5089991.868421843,590245.076697738,-3561066.347154121
-5085233.0611967975,625701.9929940746,-3561811.5796984937
-5089220.014616142,590155.5710716933,-3562184.167721192
-5086694.707207226,609365.6144421335,-3562556.7368963477
-5084779.498917501,623018.7328777814,-3562929.287239875
-5084567.596698306,622617.4613385531,-3563301.8187408643
-5085780.30113964,612632.7424306085,-3563301.8187408643
-5085958.293612634,611153.3229811668,-3563301.8187408643
-5088490.815932656,589695.9934805974,-3563301.8187408643
-5089046.032655061,584885.1392160938,-3563301.8187408643
-5088233.394599474,589666.1613880764,-3563674.331388401
-5088490.200627498,587445.9446803231,-3563674.331388401
-5088831.101677252,584485.4817749731,-3563674.331388401
-5085239.347805725,608441.0489225667,-3564791.756262127
-5088058.585480512,584396.7532452953,-3564791.756262127
-5086515.830402443,593216.129320536,-3565536.6119252373
-5086558.956839799,592846.2259418706,-3565536.6119252373
-5086602.056387251,592476.3193391657,-3565536.6119252373
-5086171.940187609,593925.8512689786,-3565909.0114643453
-5086430.605052148,591706.5336348783,-3565909.0114643453
-5085827.924235021,594635.4824989586,-3566281.3921540915
-5082567.7663017055,619746.6418995793,-3566653.75398357
-5085223.530196543,597563.9272331625,-3566653.75398357
-5085266.972818051,597194.1178217104,-3566653.75398357
-5085440.474398879,595714.8483466026,-3566653.75398357
-5085483.782561414,595345.0230746572,-3566653.75398357
-5082265.205071184,620084.8402100843,-3567026.0969418767
-5084835.43219994,598643.0081272592,-3567026.0969418767
-5086640.162412054,583109.4938965418,-3567026.0969418767
-5082097.829006032,619314.2675075793,-3567398.421044911
-5085997.358424979,584160.0078582842,-3567770.726281769
-5086082.267255853,583420.2733813872,-3567770.726281769
-5083362.556318634,604467.1722723838,-3568143.012641549
-5083406.500973672,604097.4980877741,-3568143.012641549
-5083450.418734588,603727.8207971163,-3568143.012641549
-5085824.488523029,583390.7037970049,-3568143.012641549
-5083236.622106,603327.5553848369,-3568515.2801401503
-5083280.4838860845,602957.8903614335,-3568515.2801401503
-5083499.389517133,601109.517629848,-3568515.2801401503
-5083761.189101741,598891.365432092,-3568515.2801401503
-5085524.246218179,583730.9624589714,-3568515.2801401503
-5085566.682887649,583361.131126653,-3568515.2801401503
-5083503.44810787,598861.0023111654,-3568887.5287666693
-5083546.985070318,598491.3178954368,-3568887.5287666693
-5085138.950935941,584810.7870823358,-3568887.5287666693
-5085308.850357268,583331.5553711978,-3568887.5287666693
-5083202.118598528,599200.2985272143,-3569259.758510207
-5083245.680236091,598830.6360238927,-3569259.758510207
-5083289.214990922,598460.9703536545,-3569259.758510207
-5083332.72285235,598091.3016071791,-3569259.758510207
-5084454.490767879,588478.808106124,-3569259.758510207
-5084838.56021023,585150.9146184581,-3569259.758510207
-5082987.885475399,598800.2665689775,-3569631.9693866554
-5083031.418022382,598430.6196461851,-3569631.9693866554
-5084153.82803935,588818.6953261383,-3569631.9693866554
-5084452.910012451,586230.5084168437,-3569631.9693866554
-5084793.104623133,583272.3946063118,-3569631.9693866554
-5082773.594172247,598400.2657739172,-3570004.1613851166
-5082860.5741986865,597661.0000238873,-3570004.1613851166
-5084195.014060747,586200.7733642113,-3570004.1613851166
-5084450.308412472,583982.3190622083,-3570004.1613851166
-5082515.743448066,598369.9087377397,-3570376.3344946904
-5082559.244689353,598000.2962399339,-3570376.3344946904
-5082602.719061981,597630.6804908969,-3570376.3344946904
-5082214.339916769,598709.139205083,-3570748.4887312716
-5082257.8658388285,598339.5485363565,-3570748.4887312716
-5082301.364872942,597969.954792017,-3570748.4887312716
-5082344.837039759,597600.357796611,-3570748.4887312716
-5083721.753450035,585771.5968893016,-3570748.4887312716
-5081956.437638795,598678.7570841182,-3571120.6240839604
-5081999.961352086,598309.1851706563,-3571120.6240839604
-5082043.458178796,597939.6101817376,-3571120.6240839604
-5082086.928139573,597570.0319419175,-3571120.6240839604
-5081611.384869554,599387.4685217572,-3571492.740541861
-5081654.960112256,599017.9217880619,-3571492.740541861
-5081698.508491099,598648.3717977715,-3571492.740541861
-5081872.433248239,597170.1402853368,-3571492.740541861
-5079409.618895601,615613.1103758973,-3571864.838120861
-5081353.4332636725,599357.042550871,-3571864.838120861
-5081657.880180686,596770.2799179723,-3571864.838120861
-5081701.265106379,596400.7297212697,-3571864.838120861
-5084213.39976342,574591.7540845217,-3571864.838120861
-5079196.49205259,615212.4879259124,-3572236.9168100646
-5081486.624818333,596000.9160829462,-3572236.9168100646
-5081529.9537843615,595631.3784310091,-3572236.9168100646
-5080706.582382932,600404.6336080547,-3572608.9765985757
-5080750.231598348,600035.1526707528,-3572608.9765985757
-5081315.226281817,595231.6116301727,-3572608.9765985757
-5081358.499313291,594862.0863560376,-3572608.9765985757
-5084155.092667841,570466.5582020871,-3572608.9765985757
-5084238.009886768,569727.0918167093,-3572608.9765985757
-5081100.440631625,594831.8760636918,-3572981.017502284
-5081703.410654288,589658.4559835678,-3572981.017502284
-5080885.596834147,594432.1718294233,-3573353.0395102957
-5081488.160036144,589258.9706020737,-3573353.0395102957
-5078343.402068125,613610.3083236744,-3573725.042611709
-5080627.4822205445,594401.974016971,-3573725.042611709
-5081272.851313403,588859.5166211462,-3573725.042611709
-5082292.86531213,579990.130094773,-3573725.042611709
-5080369.340731862,594371.7730603006,-3574097.0268224203
-5081014.677034177,588829.5972710705,-3574097.0268224203
-5080111.172375663,594341.5689602972,-3574468.992131528
-5080756.475884022,588799.6748069712,-3574468.992131528
-5079852.977159508,594311.3617178451,-3574840.938528142
-5080541.050984202,588400.2833850234,-3574840.938528142
-5084283.277604293,555135.854810851,-3574840.938528142
-5077355.739697124,613116.3471572776,-3575212.866028146
-5078593.651233719,602776.4828154596,-3575212.866028146
-5079334.967469697,596497.4860185308,-3575212.866028146
-5079378.332563398,596128.1047495423,-3575212.866028146
-5079421.6707948195,595758.7203279338,-3575212.866028146
-5079594.75507237,594281.1513316543,-3575212.866028146
-5080368.315184635,587631.4701025125,-3575212.866028146
-5081554.32775996,577285.5243385499,-3575212.866028146
-5077097.604579143,613085.1760381513,-3575584.774620648
-5078335.453179743,602745.8373798266,-3575584.774620648
-5078379.272669056,602376.5287810519,-3575584.774620648
-5078466.831065962,601637.9021170925,-3575584.774620648
-5079076.73172686,596467.1598100037,-3575584.774620648
-5079163.430643945,595728.4316785967,-3575584.774620648
-5079206.739800495,595359.0629748009,-3575584.774620648
-5079336.506121811,594250.9378026095,-3575584.774620648
-5080110.026905922,587601.5946463419,-3575584.774620648
-5078077.2282752,602715.1887573092,-3575956.664294759
-5078818.469129537,596436.8304477896,-3575956.664294759
-5078861.829813607,596067.4867397837,-3575956.664294759
-5078905.163638127,595698.1398794784,-3575956.664294759
-5078948.470592478,595328.7899574663,-3575956.664294759
-5078991.75069722,594959.4367984186,-3575956.664294759
-5079035.003941725,594590.0804929293,-3575956.664294759
-5079894.427759237,587202.2972592637,-3575956.664294759
-5078603.538145613,596037.173006009,-3576328.5350663564
-5079678.770533184,586803.0312333227,-3576328.5350663564
-5076412.140470653,612253.3154307274,-3576700.386924552
-5077997.6174910385,598961.2165483607,-3576700.386924552
-5079463.0552282855,586403.7966663301,-3576700.386924552
-5080604.664190803,576429.1703031876,-3576700.386924552
-5084701.412957106,539097.2855114043,-3576700.386924552
-5077608.502538342,600038.5228193644,-3577072.2198584536
-5077652.125137626,599669.2671817186,-3577072.2198584536
-5077782.831836618,598561.4810712528,-3577072.2198584536
-5079289.883904975,585635.2185255763,-3577072.2198584536
-5079417.528810559,584527.0754455656,-3577072.2198584536
-5079460.023380957,584157.6882928519,-3577072.2198584536
-5077000.224901958,602961.7738908769,-3577444.0338839446
-5077350.154639384,600007.9929564208,-3577444.0338839446
-5077567.98804954,598161.776748324,-3577444.0338839446
-5077785.150142166,596315.4814558113,-3577444.0338839446
-5079286.485529617,583389.2202846735,-3577444.0338839446
-5079961.851241885,577478.8085768077,-3577444.0338839446
-5081987.3718150025,559373.3432520872,-3577444.0338839446
-5084262.395369278,538302.9625239051,-3577444.0338839446
-5076741.867958575,602931.0905436288,-3577815.828990134
-5077091.779888875,599977.4599203366,-3577815.828990134
-5077353.0861300975,597762.1036773857,-3577815.828990134
-5077396.543184212,597392.8666201616,-3577815.828990134
-5077439.97339696,597023.6263150086,-3577815.828990134
-5077483.376757678,596654.3828524975,-3577815.828990134
-5077526.75325573,596285.1363232022,-3577815.828990134
-5079070.421909006,582990.1741167791,-3577815.828990134
-5079324.315860406,580773.9561454761,-3577815.828990134
-5075467.968069159,611390.5195039889,-3578187.6051661344
-5076789.735495036,600316.119896585,-3578187.6051661344
-5078938.980994801,581852.4637456981,-3578187.6051661344
-5082518.580237026,549707.5074808863,-3578187.6051661344
-5082558.542658781,549337.8948167501,-3578187.6051661344
-5082598.478201436,548968.2792474416,-3578187.6051661344
-5082757.95155773,547489.7881350071,-3578187.6051661344
-5076531.309267094,600285.5617213366,-3578559.3624278214
-5081292.75040059,558548.9005508763,-3578559.3624278214
-5081858.780325701,553375.3033943115,-3578559.3624278214
-5083486.135220694,538220.7749605621,-3578559.3624278214
-5074995.666968757,610959.2099562145,-3578931.1007643086
-5076272.856191933,600255.0003714798,-3578931.1007643086
-5081277.271753652,556303.391632427,-3578931.1007643086
-5081317.713844958,555933.8692213594,-3578931.1007643086
-5082320.031923118,546694.8592176198,-3578931.1007643086
-5083227.328065937,538193.3734129444,-3578931.1007643086
-5075839.563309255,601700.9631914103,-3579302.8201647084
-5075883.306819768,601331.8361016485,-3579302.8201647084
-5075927.023486483,600962.7058317446,-3579302.8201647084
-5082061.244090763,546667.0219352982,-3579302.8201647084
-5082693.879716804,540753.4065082725,-3579302.8201647084
-5082968.49403476,538165.9690197501,-3579302.8201647084
-5082119.591136313,543682.616637872,-3579674.520644897
-5082670.4851325005,538508.1854611707,-3579674.520644897
-5081900.255658732,543285.3593574178,-3580046.2021939885
-5074139.316358395,609358.7708395609,-3580417.864801099
-5081956.5635430375,540301.2119873302,-3580417.864801099
-5081105.263542411,545816.6328962002,-3580789.508482098
-5081421.946881473,542860.4735066255,-3580789.508482098
-5081736.91035266,539904.1302897487,-3580789.508482098
-5081477.951909458,539876.6175051389,-3581161.1332261027
-5081517.199401997,539507.0806323221,-3581161.1332261027
-5081556.420030368,539137.5408176356,-3581161.1332261027
-5073407.935683351,608896.6722335799,-3581532.73902223
-5079546.39281685,555366.2598081201,-3581532.73902223
-5081061.715883882,541327.1457178815,-3581532.73902223
-5081218.966599092,539849.1018660537,-3581532.73902223
-5080920.684038724,540191.0798079903,-3581904.32588635
-5081077.604291721,538713.0770287304,-3581904.32588635
-5072934.943092895,608465.6800446279,-3582275.8938075826
-5080700.915351262,539794.0620217369,-3582275.8938075826
-5080779.371473183,539055.0983504881,-3582275.8938075826
-5080481.088919034,539397.0762930784,-3582647.442775042
-5078308.292524467,557099.5661455181,-3583018.972804597
-5078348.792523073,556730.2596426245,-3583018.972804597
-5080221.994121489,539369.5680760744,-3583018.972804597
-5078089.766403259,556701.8630742063,-3583390.4838853674
-5077546.6784613505,559258.2832433324,-3583761.976006474
-5071685.549321823,607941.6972392659,-3584133.449183783
-5077531.139804092,557014.3110923762,-3584133.449183783
-5071426.743004529,607910.6741897764,-3584504.903406412
-5077272.035188386,556985.8868493643,-3584504.903406412
-5076688.019841295,559911.0515881721,-3584876.3386634826
-5077012.903727762,556957.4596614165,-3584876.3386634826
-5070694.351480601,607448.8360310304,-3585619.152317667
-5076291.72989491,558746.4250742738,-3585619.152317667
-5076535.045780061,556531.4218438799,-3585619.152317667
-5078407.5783591885,539176.9306977955,-3585619.152317667
-5070435.435640525,607417.8189523459,-3585990.5306930263
-5076235.348240333,556872.1604240034,-3585990.5306930263
-5070176.492979254,607386.7986605901,-3586361.8901127973
-5075935.601148863,557212.8553220062,-3586361.8901127973
-5069917.52350437,607355.7751566708,-3586733.230566104
-5075595.244639114,557922.6159151989,-3586733.230566104
-5069443.6543696765,606925.0597435458,-3587475.8545565596
-5069228.723375215,606525.4023902932,-3587847.138098692
-5068969.642154479,606494.4037216133,-3588218.402657599
-5068710.534120298,606463.401844746,-3588589.648249131
-5068148.125494078,606769.956147603,-3589332.0824865885
-5076164.89612627,535579.2648785685,-3589332.0824865885
-5076203.831129948,535210.1143047747,-3589332.0824865885
-5076242.739288134,534840.9609005235,-3589332.0824865885
-5076630.344285632,531149.2719667805,-3589332.0824865885
-5076668.957129878,530780.087556355,-3589332.0824865885
-5076938.495267086,528195.7183731026,-3589332.0824865885
-5076976.893312809,527826.5116497227,-3589332.0824865885
-5076870.571487705,526322.7389604809,-3589703.2711374955
-5067585.591862514,607076.4191033652,-3590074.44080427
-5067282.195345719,607413.8682830454,-3590445.591476035
-5067022.933270863,607382.7906020092,-3590816.7231686516
-5075243.273347353,524288.8617842245,-3592301.0600103457
-5073983.071634338,533856.7169069604,-3592672.0967243165
-5074021.881376551,533487.7250044908,-3592672.0967243165
-5074138.149589363,532380.7324653534,-3592672.0967243165
-5065422.628201417,607564.6265439565,-3593043.114447355
-5073762.033708431,533460.40436131,-3593043.114447355
-5073916.996380877,531984.4843223504,-3593043.114447355
-5065118.986358697,607901.8549974976,-3593414.113168595
-5073540.938134236,533064.1240570643,-3593414.113168595
-5073695.785552052,531588.2682604106,-3593414.113168595
-5073773.048263793,530850.3235307374,-3593414.113168595
-5073927.2517033145,529374.4003096473,-3593414.113168595
-5074767.69589252,521256.02539105027,-3593414.113168595
-5063880.509475903,615973.1260078469,-3593785.092877173
-5064815.295477526,608239.0392852988,-3593785.092877173
-5073705.810409016,528978.3130106473,-3593785.092877173
-5074431.866326094,521967.37467784167,-3593785.092877173
-5063531.422341006,616678.0338355654,-3594156.053588933
-5064201.10101221,611154.2120911442,-3594156.053588933
-5064378.664311131,609681.0698391648,-3594156.053588933
-5073098.574112458,532271.6597642304,-3594156.053588933
-5064030.426655726,610386.3678153728,-3594526.99529301
-5073224.330779795,528555.1718541038,-3594526.99529301
-5062922.717636904,617351.2084297717,-3594897.917978542
-5072694.616438441,531110.4288846211,-3594897.917978542
-5072964.323243062,528528.0829025218,-3594897.917978542
-5072473.203933513,530714.3255708948,-3595268.821661367
-5062403.651562897,617287.9157259492,-3595639.706330624
-5072290.286251807,529949.3883893013,-3595639.706330624
-5072636.050886647,526629.4688903774,-3595639.706330624
-5072030.206127434,529922.2153974051,-3596010.571975451
-5061929.350853281,616856.4977648122,-3596381.418611688
-5071316.964745942,531711.8790571245,-3596752.246228473
-5071355.618518183,531343.0810451037,-3596752.246228473
-5061454.907101539,616425.1389232411,-3597123.054814948
-5070901.938736562,533159.6911212981,-3597123.054814948
-5071095.465845444,531315.823969664,-3597123.054814948
-5071134.09081633,530947.0420665464,-3597123.054814948
-5071172.688959274,530578.2574440266,-3597123.054814948
-5071211.260292602,530209.4699270378,-3597123.054814948
-5073881.263144513,504018.507626281,-3597123.054814948
-5061240.0342478035,616025.4502253373,-3597493.8443869455
-5071526.396884472,524650.40293708,-3597493.8443869455
-5070381.572783929,533104.9793256596,-3597864.614933607
-5070420.327858466,532736.2494220783,-3597864.614933607
-5070459.056127399,532367.5166126307,-3597864.614933607
-5070497.757581221,531998.7809877587,-3597864.614933607
-5070575.080033442,531261.3013880348,-3597864.614933607
-5070652.295222789,530523.8105500191,-3597864.614933607
-5070690.862598001,530155.0608772777,-3597864.614933607
-5070729.403156877,529786.3084008102,-3597864.614933607
-5072435.969983401,513189.57805786317,-3597864.614933607
-5070699.830453984,527546.6586994987,-3598235.366444076
-5060684.43629002,614090.53160396,-3598606.0989341857
-5071578.352279999,516456.3499450477,-3598606.0989341857
-5060513.888311861,613322.9899976929,-3598976.812393081
-5070217.591151199,527123.7826525023,-3598976.812393081
-5072211.602880128,507577.9343757468,-3598976.812393081
-5060298.637700082,612923.5046170643,-3599347.506809899
-5069957.255853983,527096.7169646577,-3599347.506809899
-5071840.313854611,508658.38829270605,-3599347.506809899
-5070947.170253596,514901.74327958096,-3599718.182200476
-5071320.276453566,511213.91057582415,-3599718.182200476
-5071468.767995837,509738.70166791324,-3599718.182200476
-5059867.962156369,612124.6278845456,-3600088.8385539544
-5069436.504811073,527042.5772251644,-3600088.8385539544
-5069474.819027048,526673.9159764067,-3600088.8385539544
-5069513.106433118,526305.2519423374,-3600088.8385539544
-5069551.367019899,525936.5852133837,-3600088.8385539544
-5069589.6008055555,525567.915614532,-3600088.8385539544
-5070273.2241000645,518931.38996708766,-3600088.8385539544
-5069290.945389012,525909.5679778635,-3600459.4758594786
-5069329.1772106085,525540.9173174802,-3600459.4758594786
-5070088.183392845,518167.323664786,-3600459.4758594786
-5069068.726800278,525513.9162404587,-3600830.094132882
-5069449.550886294,521827.4467731007,-3600830.094132882
-5059177.071975308,611294.4630200863,-3601200.6933633033
-5068808.249582195,525486.9123842588,-3601200.6933633033
-5069113.107651125,522537.91054737166,-3601200.6933633033
-5070054.7303663185,513321.14432368404,-3601200.6933633033
-5070092.046729822,512952.4381525745,-3601200.6933633033
-5070166.599008178,512215.017762557,-3601200.6933633033
-5069756.821029768,513663.4474384609,-3601571.273539893
-5069943.259189302,511819.9978636953,-3601571.273539893
-5068287.214734528,525432.8963355421,-3601941.834678478
-5068781.687018216,520641.17100149835,-3601941.834678478
-5069831.316881903,510318.95708129305,-3601941.834678478
-5069868.414920762,509950.26716521045,-3601941.834678478
-5068634.563785637,519508.6129990493,-3602312.376768204
-5069607.775999121,509924.05092509394,-3602312.376768204
-5068264.194562268,517980.91045528196,-3603053.403784351
-5067283.0127042355,524956.3290329697,-3603423.8887157477
-5068191.51596473,516111.45669885364,-3603423.8887157477
-5068266.527723793,515374.31269640377,-3603423.8887157477
-5068303.993402653,515005.7365616436,-3603423.8887157477
-5066907.703513721,526034.7649722644,-3603794.354581555
-5067060.506445335,524560.8390911905,-3603794.354581555
-5067818.08957068,517190.54603337083,-3603794.354581555
-5067855.687321932,516822.0025936012,-3603794.354581555
-5068080.711030483,514610.6842719702,-3603794.354581555
-5066876.0476572495,523796.9091583737,-3604164.801397598
-5067104.1148360735,521586.0176212035,-3604164.801397598
-5067179.922849213,520849.0317169279,-3604164.801397598
-5067857.371205367,514215.66437248874,-3604164.801397598
-5066615.321380036,523769.95613705326,-3604535.229153026
-5066919.180935492,520822.2303845581,-3604535.229153026
-5066957.0428017005,520453.7522172212,-3604535.229153026
-5057018.757965497,607302.7448284598,-3604905.637836991
-5066283.88206797,521873.92355069786,-3605276.0274653165
-5056498.132574168,607240.2223731728,-3605646.398027146
-5065871.05213468,523320.68135870935,-3605646.398027146
-5056237.77977215,607208.9563291146,-3606016.749511641
-5066215.667457479,517399.2781690574,-3606016.749511641
-5065425.407033971,522530.057537232,-3606387.0819346146
-5066217.48848384,514793.7204702743,-3606387.0819346146
-5066292.308606825,514056.8635924063,-3606387.0819346146
-5067255.216990767,504476.73993454856,-3606387.0819346146
-5065202.498232406,522134.79433527926,-3606757.3952852236
-5065429.840336157,519924.63318000344,-3606757.3952852236
-5065693.853913336,517345.98672455514,-3606757.3952852236
-5065731.462983193,516977.597674713,-3606757.3952852236
-5064979.531959867,521739.5634705198,-3607127.689552615
-5065319.924843094,518424.430607161,-3607127.689552615
-5065357.612340597,518056.06874736096,-3607127.689552615
-5065395.273040934,517687.70423622965,-3607127.689552615
-5065770.406716781,514003.9082490592,-3607127.689552615
-5064718.581571838,521712.6831760035,-3607497.9647526126
-5065058.956917846,518397.7211100195,-3607497.9647526126
-5064457.604399058,521685.8001224111,-3607868.22087437
-5064495.529072344,521317.50096370216,-3607868.22087437
-5064646.9599096095,519844.2769552749,-3607868.22087437
-5064760.251806929,518739.33003139304,-3607868.22087437
-5066357.609393424,502899.0699396412,-3607868.22087437
-5066394.167852006,502530.63265833585,-3607868.22087437
-5066649.3268039,499951.4976499097,-3607868.22087437
-5064158.650948399,522027.1917296297,-3608238.4579070397
-5064196.600449176,521658.91431053047,-3608238.4579070397
-5064423.735006857,519449.192106243,-3608238.4579070397
-5063859.647850357,522368.5397631933,-3608608.6758664376
-5064912.805213858,512056.3445971096,-3608608.6758664376
-5054286.292366333,605856.0525948268,-3608978.874741719
-5065641.0350328535,499480.03645001893,-3609349.0545220436
-5053897.1085500335,604690.9983105845,-3609719.215223223
-5065307.112829751,500191.00348224706,-3609719.215223223
-5065343.474346221,499822.64269078063,-3609719.215223223
-5065379.809083364,499454.2791676,-3609719.215223223
-5057527.220970175,571203.3305370419,-3610089.35683441
-5057568.746678502,570835.5352391414,-3610089.35683441
-5057693.163311017,569732.131328323,-3610089.35683441
-5064754.022363294,503111.8450461549,-3610089.35683441
-5064790.59629956,502743.5243804358,-3610089.35683441
-5064827.143450691,502375.2010559587,-3610089.35683441
-5065082.223482492,499796.86376823066,-3610089.35683441
-5065191.141702405,498691.82236166403,-3610089.35683441
-5064529.333698752,502717.59081453196,-3610459.4793447694
-5064268.044307928,502691.65458938526,-3610829.582770107
-5064486.902830765,500481.90301738615,-3610829.582770107
-5052986.081827885,603463.8524332219,-3611199.667099583
-5064189.167777502,500824.35773919453,-3611199.667099583
-5056180.972145097,571423.6727138206,-3611939.778454246
-5063920.700675659,498194.91575932276,-3611939.778454246
-5052291.382306353,602635.5926048958,-3612309.8054843964
-5063405.030334928,500746.8102546821,-3612309.8054843964
-5052074.332691559,602237.081884699,-3612679.8134019775
-5063070.71717354,501457.3548545036,-3612679.8134019775
-5063179.997704278,500352.75225101697,-3612679.8134019775
-5054855.441721881,576114.2160652977,-3613049.802222792
-5054897.324556925,575746.6151399231,-3613049.802222792
-5054939.180669213,575379.0110814883,-3613049.802222792
-5062845.713193917,501063.28048643004,-3613049.802222792
-5054594.370023836,576084.4610864681,-3613419.771936005
-5054636.250695729,575716.8791468386,-3613419.771936005
-5054678.104646244,575349.2940743109,-3613419.771936005
-5054719.9318651045,574981.7059590521,-3613419.771936005
-5051466.5317565175,600674.3875634065,-3613789.7225307818
-5054291.366352454,576422.2630554229,-3613789.7225307818
-5054333.27160085,576054.7030617314,-3613789.7225307818
-5054500.625273865,574584.4328181939,-3613789.7225307818
-5054542.39687091,574216.8576116204,-3613789.7225307818
-5054584.14173702,573849.2793683048,-3613789.7225307818
-5053988.313546708,576760.0209499918,-3614159.65402292
-5054030.243358355,576392.4829940287,-3614159.65402292
-5054072.146441774,576024.9419898174,-3614159.65402292
-5054323.003617085,573819.6322365649,-3614159.65402292
-5053727.1659909645,576730.2188490811,-3614529.5664015845
-5053769.093636032,576362.6998843844,-3614529.5664015845
-5053465.991714868,576700.4136988497,-3614899.4596559443
-5053507.917193134,576332.9137273628,-3614899.4596559443
-5053204.790707265,576670.6054980247,-3615269.333801796
-5053246.714018508,576303.1245216914,-3615269.333801796
-5050466.421944669,597948.3063094752,-3615639.1888283105
-5052353.861251279,581784.9404275223,-3615639.1888283105
-5052985.484119801,576273.3322682425,-3615639.1888283105
-5061160.2469313815,499409.86282855587,-3615639.1888283105
-5052092.637293205,581754.8601581943,-3616009.0247246493
-5060934.870506002,499016.00135294924,-3616009.0247246493
-5061178.565955932,493837.6233252681,-3616378.8415066116
-5061214.465461164,493469.56269862026,-3616378.8415066116
-5051527.793819397,582062.0494243503,-3616748.6391633656
-5060988.573659274,493075.99657680915,-3616748.6391633656
-5051224.151993243,582399.2777903783,-3617118.417684081
-5060149.666444402,498938.5790187183,-3617118.417684081
-5060726.7823596345,493050.4910843375,-3617118.417684081
-5049290.8211953025,596692.1246726281,-3617488.177084554
-5050665.713553701,584940.2863425972,-3617488.177084554
-5059924.146815574,498544.7995177176,-3617488.177084554
-5060068.953536273,497072.90623387875,-3617488.177084554
-5060464.964290074,493024.98298375757,-3617488.177084554
-5050659.110137645,582706.3094072072,-3617857.9173539486
-5059879.3682661,496311.2616437438,-3617857.9173539486
-5060059.497637099,494471.4048475932,-3617857.9173539486
-5050355.345701687,583043.4274318124,-3618227.638481438
-5059653.590955147,495917.6299182514,-3618227.638481438
-5059761.662986718,494813.7729478879,-3618227.638481438
-5059905.384411326,493341.926998215,-3618227.638481438
-5049839.075262915,585216.713191316,-3618597.34048282
-5048418.915597376,595100.1063381677,-3618967.023347258
-5048244.029118518,594335.0638674423,-3619336.687063931
-5049224.740621235,583657.0836726889,-3619706.3316486203
-5058857.637892089,493239.77147404285,-3619706.3316486203
-5048963.235999815,583626.8554629051,-3620075.957090508
-5058667.315966364,492478.4779753452,-3620075.957090508
-5048701.704683247,583596.6241673382,-3620445.563378763
-5047284.585811306,593477.8475478246,-3620815.150529173
-5047966.048498388,585371.6831943225,-3621184.7185309133
-5058024.1536966,490930.6416388958,-3621184.7185309133
-5046804.650546722,593049.3298969549,-3621554.2673731605
-5057499.883662399,490879.7561119664,-3621923.7970717005
-5047351.204904023,583812.476704978,-3622293.307615703
-5047047.04842937,584149.2409673807,-3622662.7989943554
-5046700.324594318,584852.9690556263,-3623032.2712234324
-5046310.879919789,585923.5851201848,-3623401.7242921162
-5046091.717805766,585526.2321753078,-3623771.1581895803
-5045787.3409680575,585862.7973829947,-3624140.572931611
-5045055.2849015435,589868.3416471641,-3624509.968507387
-5044398.318737632,588675.9961384922,-3625618.0402087723
-5044179.21441858,588278.6113219947,-3625987.359091124
-5043960.052288019,587881.2584644326,-3626356.6588063184
-5054458.923528481,489471.524702289,-3626356.6588063184
-5054196.421984855,489446.10417108296,-3626725.939343534
-5043478.8472018195,587453.4219367249,-3627095.200691959
-5042954.7968222005,587392.3816908745,-3627833.665858934
-5042692.73163351,587361.8569089669,-3628202.8696558597
-5053181.72131556,488976.9196836412,-3628202.8696558597
-5052954.628481415,488584.04543201264,-3628572.0542739034
-5052869.273811965,486721.404617512,-3628941.2197022554
-5041113.240472273,584948.5516181424,-3630786.75891259
-5040758.553878706,583421.4056047717,-3631524.840198784
-5039217.748457945,580643.625033939,-3634107.519644113
-5049506.266206913,483062.1111236574,-3634107.519644113
-5038734.817754107,580216.6903351347,-3634845.255111836
-5048277.794432102,484797.058446719,-3635582.9136969442
-5048418.602598414,483328.5534428052,-3635582.9136969442
-5047873.3768221615,486240.1711106797,-3635951.71414147
-5047452.882116602,485088.2890921752,-3636689.2573601115
-5047224.875644507,484695.94437340624,-3637058.0001126276
-5036801.674754557,578509.562344013,-3637795.4279296994
-5046434.906277336,484620.0819028644,-3638164.1129726567
-5035960.156614963,576557.7028657247,-3639270.0526689133
-5045117.756918636,484493.5931951041,-3640007.2495775567
-5044854.247003116,484468.28776677424,-3640375.819148754
-5035117.458963331,574606.483226986,-3640744.369476682
-5034896.161699064,574210.3154353951,-3641112.9005505475
-5034010.396512175,572625.9663478858,-3642586.832248681
-5043378.168685851,483216.11847234465,-3642586.832248681
-5043448.396282988,482482.5836847179,-3642586.832248681
-5043518.517182656,481749.0387786842,-3642586.832248681
-5043394.722094026,480256.8059107405,-3642955.267022987
-5033525.57003936,572200.03500944,-3643323.682531533
-5042991.071496923,481698.65798772575,-3643323.682531533
-5042428.479351455,482014.96405802655,-3644060.455734717
-5042463.519138155,481648.2670075248,-3644060.455734717
-5040487.805905389,499220.6950126748,-3644428.8134343
-5040524.096933382,498854.13904644584,-3644428.8134343
-5042269.698855674,480889.70441439445,-3644428.8134343
-5040296.604234442,498461.4962040582,-3644797.151851495
-5041935.860111173,481597.8658385423,-3644797.151851495
-5032375.154808997,570586.5318036082,-3645165.4710020293
-5040032.820511086,498435.4092413767,-3645165.4710020293
-5039432.632907729,499116.1884217387,-3645902.051459972
-5039132.464843384,499456.5125780732,-3646270.312772324
-5039277.537658994,497990.6672225071,-3646270.312772324
-5038832.247292797,499796.79298518423,-3646638.554801387
-5039049.845115324,497598.14014854794,-3646638.554801387
-5038568.337922125,499770.61607541086,-3647006.777536378
-5053058.05968426,321785.347807621,-3647006.777536378
-5038268.0461322805,500110.8310650603,-3647374.98099302
-5038413.309317996,498645.2371310232,-3647374.98099302
-5038449.558494297,498278.8321159137,-3647374.98099302
-5038485.781033472,497912.4243777193,-3647374.98099302
-5052933.281639204,319563.764105125,-3647374.98099302
-5038004.085368487,500084.6296728873,-3647743.1651605307
-5038185.588220858,498252.7267043113,-3647743.1651605307
-5038221.808862292,497886.3381626475,-3647743.1651605307
-5038546.595578256,494588.7232958351,-3647743.1651605307
-5030515.51553958,568152.5953790644,-3648111.3300281265
-5037957.810052828,497860.24931513146,-3648111.3300281265
-5038925.644286235,487967.2889394982,-3648111.3300281265
-5038961.11694751,487600.84660663374,-3648111.3300281265
-5038996.562951749,487234.4017830375,-3648111.3300281265
-5037512.433969875,499665.88200546463,-3648479.475611533
-5038661.568105691,487941.7159211625,-3648479.475611533
-5038697.038907942,487575.292792529,-3648479.475611533
-5037284.712872723,499273.37157874164,-3648847.6018999694
-5037357.275967286,498540.72287856817,-3648847.6018999694
-5037393.51754589,498174.3946606351,-3648847.6018999694
-5037429.732492951,497808.06372018787,-3648847.6018999694
-5038219.72090055,489748.12101490825,-3648847.6018999694
-5038397.4652782,487916.1403223484,-3648847.6018999694
-5029930.75057956,566234.3635088113,-3649215.70888265
-5037669.839208777,492653.3275745756,-3649215.70888265
-5037705.652651747,492286.97655404976,-3649215.70888265
-5029708.186804446,565838.9058445455,-3649583.796575299
-5037513.062158744,491528.493940146,-3649583.796575299
-5037548.793801911,491162.15432374197,-3649583.796575299
-5038010.880723599,486399.503994045,-3649583.796575299
-5036492.419549028,499194.84297026537,-3649951.864967135
-5037675.897012865,487106.70297025837,-3649951.864967135
-5036228.268505878,499168.66148769343,-3650319.914047379
-5036877.363849278,492575.8283268402,-3650319.914047379
-5029040.15040662,564652.7272223481,-3650687.943831753
-5036397.757197489,494747.5801432276,-3650687.943831753
-5036433.72294218,494381.32162558346,-3650687.943831753
-5036469.662051702,494015.0604934071,-3650687.943831753
-5036505.574517249,493648.7968365338,-3650687.943831753
-5036541.46035587,493282.5304810999,-3650687.943831753
-5036025.478764114,495820.32606583147,-3651055.954309473
-5036061.522522079,495454.0946182068,-3651055.954309473
-5036205.431211417,493989.142732891,-3651055.954309473
-5036241.341792871,493622.89829149214,-3651055.954309473
-5036384.717801179,492157.8941763469,-3651055.954309473
-5035544.420298652,497991.5276881417,-3651423.9454697603
-5035580.62195214,497625.33121833514,-3651423.9454697603
-5035977.082440689,493596.99713654903,-3651423.9454697603
-5036084.648752189,492498.3056342334,-3651423.9454697603
-5036120.450925836,492132.06989242963,-3651423.9454697603
-5036156.226465971,491765.831547982,-3651423.9454697603
-5035280.157013305,497965.39329904737,-3651791.917328339
-5035748.676639374,493204.884667822,-3651791.917328339
-5035784.530197791,492838.673356731,-3651791.917328339
-5035891.931073291,491740.0238808424,-3651791.917328339
-5035927.678095061,491373.8022437627,-3651791.917328339
-5028148.630225757,563071.6093337112,-3652159.869874426
-5035663.354193807,491348.01119816286,-3652159.869874426
-5035699.072716789,490981.8060968058,-3652159.869874426
-5035734.764608488,490615.5983988948,-3652159.869874426
-5035770.429860159,490249.3881942544,-3652159.869874426
-5035806.068488732,489883.1753090396,-3652159.869874426
-5035841.680485457,489516.9598330809,-3652159.869874426
-5035877.265841607,489150.74185620487,-3652159.869874426
-5034606.500506312,499377.64533584786,-3652527.803097249
-5034715.3279922195,498279.2527105534,-3652527.803097249
-5035434.72031572,490956.0316775149,-3652527.803097249
-5035470.410333749,490589.8432039227,-3652527.803097249
-5027661.621681135,562646.8683874788,-3652895.7170125158
-5034378.46549621,498985.3171984511,-3652895.7170125158
-5034414.7394232,498619.20551664935,-3652895.7170125158
-5035773.418050784,484705.02646944416,-3652895.7170125158
-5035914.199975113,483240.15884509374,-3652895.7170125158
-5035719.982724236,482482.3724054946,-3653263.611609459
-5035944.091582781,477330.14209378266,-3653631.4868772975
-5034715.508943482,484603.20023158786,-3654367.179462031
-5034961.545971205,482040.1936166452,-3654367.179462031
-5034380.432881468,485309.9633193704,-3654734.9967573783
-5026322.099878011,560276.4569471541,-3655102.794733501
-5025692.208397846,558726.212607645,-3656206.0726652574
-5024716.1539711,557877.864772683,-3657676.8391997865
-5024044.4977185065,556693.7320812456,-3658779.7109973505
-5023412.709394043,555144.5811257788,-3659882.4086499116
-5029896.677695147,487462.14521104837,-3660617.4436422014
-5022739.933978485,553961.083938287,-3660984.932104982
-5029631.698169627,487436.4652624881,-3660984.932104982
-5029366.692051276,487410.78273673786,-3661352.401197838
-5021986.190830344,553508.3045232608,-3662087.2813100885
-5021087.8949270435,551931.0264223048,-3663556.809098166
-5020863.177586106,551536.7885311539,-3663924.1426176783
-5027546.32367353,486865.32065868983,-3663924.1426176783
-5029555.135387782,465655.4705334128,-3663924.1426176783
-5029588.9855043655,465289.70979001943,-3663924.1426176783
-5029622.809030105,464923.9464981609,-3663924.1426176783
-5029656.605956696,464558.1807475509,-3663924.1426176783
-5020638.402907969,551142.5833279837,-3664291.456760539
-5027281.102937266,486839.636802094,-3664291.456760539
-5020413.570894131,550748.4109094616,-3664658.751515991
-5020188.681555865,550354.2711072782,-3665026.026899721
-5026785.9686643835,486422.7044315637,-3665026.026899721
-5026290.693994914,486005.83645599737,-3665760.5195089914
-5025795.278956674,485589.03272635763,-3666494.93458162
-5018798.2776645925,548355.0985245457,-3667229.2720844517
-5025299.723571129,485172.2933586318,-3667229.2720844517
-5024804.0278406795,484755.61846692953,-3667963.5320107564
-5019116.785335742,535465.9427601865,-3668697.7143538217
-5019155.712239913,535100.9409303096,-3668697.7143538217
-5018890.407147964,535072.6562919214,-3669064.7764146714
-5018929.305461471,534707.6708381743,-3669064.7764146714
-5024077.821331544,483948.0464653671,-3669064.7764146714
-5018625.075507267,535044.3688231247,-3669431.8190804888
-5018663.971764353,534679.4026649153,-3669431.8190804888
-5018398.61152604,534651.1316640055,-3669798.8423405318
-5017034.2140633175,544839.7529753376,-3670165.846184045
-5018172.090359555,534257.9274475733,-3670165.846184045
-5023386.368781593,482775.3633352144,-3670165.846184045
-5017873.844763512,532012.0001259753,-3670899.7956577633
-5017608.364018016,531983.8529571194,-3671266.741266473
-5022764.397804247,480872.45566864114,-3671266.741266473
-5017342.85673054,531955.7029741928,-3671633.6674685087
-5022372.463846923,479360.6336329274,-3672000.574253117
-5022407.310649924,478995.39519182465,-3672000.574253117
-5014616.596513616,542363.4654205693,-3673834.816829302
-5021459.2935245,474851.87388199026,-3673834.816829302
-5015676.584163915,529934.8579628397,-3674201.6070686295
-5026622.499262565,403512.6752465411,-3675301.8611840233
-5020129.050665375,474726.08010821854,-3675668.573678895
-5020163.560440119,474361.0048249549,-3675668.573678895
-5026356.067515971,403491.2874087127,-3675668.573678895
-5014309.129208959,530159.1028997545,-3676035.2667438085
-5014347.670210865,529794.4506189575,-3676035.2667438085
-5014043.268898545,530130.9936906823,-3676401.9403680186
-5014081.807856995,529766.3607438685,-3676401.9403680186
-5012805.342336234,539217.3050300535,-3676768.5945407883
-5013815.918992549,529738.2680677859,-3676768.5945407883
-5013095.075320508,528924.8537326755,-3677868.4404014694
-5024343.647407199,408478.45458210545,-3677868.4404014694
-5018437.8150961,472725.13922006835,-3678235.0167930876
-5024106.742071986,408091.41807193565,-3678235.0167930876
-5023840.118058583,408069.7610934302,-3678601.573732372
-5024311.527905398,402223.98273927957,-3678601.573732372
-5024340.765168624,401858.6034894481,-3678601.573732372
-5011366.364019329,537587.948419624,-3678968.1112085865
-5012299.465175273,526261.1115199847,-3679334.6292373864
-5012337.722712539,525896.6053964014,-3679334.6292373864
-5024443.8138330635,393777.91676176083,-3679334.6292373864
-5012071.601381195,525868.6838331469,-3679701.127808036
-5012109.830371743,525504.1943688001,-3679701.127808036
-5017475.354524205,471530.1440528067,-3679701.127808036
-5011805.453549911,525840.7594895075,-3680067.606909805
-5011843.680510448,525476.289380048,-3680067.606909805
-5013536.4581672745,509072.28484830906,-3680067.606909805
-5013610.446707295,508343.09008838964,-3680067.606909805
-5023737.981083926,395928.15760936105,-3680067.606909805
-5023766.760510322,395562.81999799405,-3680067.606909805
-5011462.749817999,526541.7257003037,-3680434.0665583406
-5011501.0277643185,526177.2804236411,-3680434.0665583406
-5011539.279207325,525812.832364291,-3680434.0665583406
-5011577.504137648,525448.3816116466,-3680434.0665583406
-5011615.702573432,525083.9279927026,-3680434.0665583406
-5013270.191891947,509045.2482879309,-3680434.0665583406
-5013344.176502475,508316.0922551603,-3680434.0665583406
-5016976.732162904,471115.2201456249,-3680434.0665583406
-5011311.301261134,525420.471064413,-3680800.506742912
-5011349.49766791,525056.0368043637,-3680800.506742912
-5011387.667572174,524691.5997675568,-3680800.506742912
-5011425.810964575,524327.160043387,-3680800.506742912
-5013114.830348677,507924.5291372243,-3680800.506742912
-5022061.340719244,410131.10052072624,-3680800.506742912
-5011083.266266272,525028.1428399372,-3681166.9274527878
-5011121.434142734,524663.7251640995,-3681166.9274527878
-5011159.575508741,524299.3048010415,-3681166.9274527878
-5011197.6903824,523934.8815777681,-3681166.9274527878
-5012848.505162522,507897.5452959693,-3681166.9274527878
-5016512.186887215,470335.5515372578,-3681166.9274527878
-5010817.008357147,525000.2460982315,-3681533.328703617
-5010893.313545016,524271.4467852724,-3681533.328703617
-5010931.426393486,523907.0429251906,-3681533.328703617
-5010969.512741656,523542.63629442523,-3681533.328703617
-5012434.207838278,509328.63824560423,-3681533.328703617
-5012582.1534595415,507870.55876805214,-3681533.328703617
-5016279.829206536,469945.76787127455,-3681533.328703617
-5010588.88776858,524607.9676319466,-3681899.710484671
-5010627.025081193,524243.58599689504,-3681899.710484671
-5010665.135904274,523879.20150193194,-3681899.710484671
-5010703.220228463,523514.81423643266,-3681899.710484671
-5010741.278044429,523150.42428978195,-3681899.710484671
-5011120.398773959,519506.37236169976,-3681899.710484671
-5011158.16509581,519141.9520001128,-3681899.710484671
-5011195.904907109,518777.52898050373,-3681899.710484671
-5011233.61822577,518413.1031298826,-3681899.710484671
-5011271.305042533,518048.67453763494,-3681899.710484671
-5012241.859382405,508572.5759296389,-3681899.710484671
-5010398.818922568,523851.35730880825,-3682266.0727852155
-5010436.9012225745,523486.98941050156,-3682266.0727852155
-5010474.957015767,523122.618831186,-3682266.0727852155
-5010512.98632021,522758.2453978897,-3682266.0727852155
-5010854.05759502,519478.76058455807,-3682266.0727852155
-5010891.821909591,519114.3595919228,-3682266.0727852155
-5011080.245959047,517292.31366217666,-3682266.0727852155
-5015780.811778409,469531.06117749616,-3682266.0727852155
-5010170.555712615,523459.16181544337,-3682632.4156208993
-5010284.6375519065,522366.09971316287,-3682632.4156208993
-5010322.611832116,522001.740209736,-3682632.4156208993
-5010549.901104232,519815.5249341363,-3682632.4156208993
-5010587.689909804,519451.14605949196,-3682632.4156208993
-5011856.741305616,507060.6433629369,-3682632.4156208993
-5011893.602537652,506696.1695733886,-3682632.4156208993
-5020397.47223061,414038.29803374404,-3682632.4156208993
-5009904.183706384,523431.33145207306,-3682998.7389809927
-5010094.177516334,521609.6443523171,-3682998.7389809927
-5010132.096795167,521245.2986140903,-3682998.7389809927
-5010169.989568836,520880.9502067021,-3682998.7389809927
-5010207.85585533,520516.59895719145,-3682998.7389809927
-5010245.695645351,520152.2449549322,-3682998.7389809927
-5011627.138923473,506669.2304355413,-3682998.7389809927
-5011663.971700606,506304.7732567125,-3682998.7389809927
-5015281.654462346,469116.4195355522,-3682998.7389809927
-5009637.785211683,523403.4983212057,-3683365.0428547673
-5011434.283946098,505913.4103432716,-3683365.0428547673
-5011471.061750124,505548.96727871813,-3683365.0428547673
-5015049.0700604655,468726.7711163505,-3683365.0428547673
-5009409.407917218,523011.36933094735,-3683731.3272578716
-5010052.1654509,516817.9641224822,-3683731.3272578716
-5011424.637837909,503335.48240724974,-3683731.3272578716
-5014816.428974404,468337.15661622735,-3683731.3272578716
-5008145.157736733,532453.763565254,-3684097.5921795713
-5009218.966304996,522254.9941427023,-3684097.5921795713
-5009256.9325081995,521890.71213735675,-3684097.5921795713
-5010790.73567735,506952.79321326246,-3684097.5921795713
-5018073.105299595,428914.02537754644,-3684097.5921795713
-5009104.18007749,520770.14361496025,-3684463.8376091407
-5010928.07638741,502917.53063787485,-3684463.8376091407
-5009365.237861608,515642.6246652831,-3684830.0635622283
-5010661.4607375115,502890.7719851398,-3684830.0635622283
-5017005.13520004,435071.11607691407,-3684830.0635622283
-5019184.638182983,409161.30131764134,-3684830.0635622283
-5007423.174466967,531640.4830166138,-3685196.2700281013
-5008608.970578386,520350.4888175683,-3685196.2700281013
-5009136.148034327,515250.9115244732,-3685196.2700281013
-5016738.155472894,435047.9637849133,-3685196.2700281013
-5018857.982459037,409869.4954228417,-3685196.2700281013
-5008907.0012524845,514859.2316208014,-3685562.456996039
-5016471.149221149,435024.80919271824,-3685562.456996039
-5008113.620589965,519930.89780075266,-3685928.624481675
-5008677.797499138,514467.58504866454,-3685928.624481675
-5007884.78718737,519539.03480489965,-3686294.772474293
-5008485.908195576,513711.7458604936,-3686294.772474293
-5016470.976847939,428777.0852913915,-3686294.772474293
-5007693.6370201195,518783.0365939895,-3686660.9009631644
-5009546.877284386,500571.15937669843,-3686660.9009631644
-5018902.593838384,395914.32769200107,-3686660.9009631644
-5006244.752248432,530042.7420326623,-3687027.009963927
-5007464.661147242,518391.2568302028,-3687027.009963927
-5008027.158955086,512928.65289893164,-3687027.009963927
-5009280.091005207,500544.5011738019,-3687027.009963927
-5012686.293151261,465196.68340383493,-3687027.009963927
-5007310.915313815,517271.2319380336,-3687393.0994658587
-5007348.519101729,516907.0886158337,-3687393.0994658587
-5012453.11394965,464807.39072009776,-3687393.0994658587
-5018367.998250936,395872.15631117934,-3687393.0994658587
-5005749.952042221,529622.248122166,-3687759.1694582384
-5007081.768531988,516879.55203437456,-3687759.1694582384
-5007119.343836739,516515.42537723365,-3687759.1694582384
-5009000.567216048,497941.3878218911,-3687759.1694582384
-5014994.8456059,433427.04879015125,-3687759.1694582384
-5006814.99147591,516852.0127187386,-3688125.219956702
-5012020.317596404,463664.42382413795,-3688125.219956702
-5014790.629948173,432674.5886960982,-3688125.219956702
-5015041.501141033,429757.02874115255,-3688125.219956702
-5006548.187941308,516824.4706697325,-3688491.2509505227
-5007183.298947022,510634.60753014236,-3688491.2509505227
-5008176.2748807,500802.04810236505,-3688491.2509505227
-5005026.719523781,528809.6389797792,-3688857.26242899
-5006281.357935993,516796.92588816263,-3688857.26242899
-5007872.927456586,501139.5413178922,-3688857.26242899
-5004798.370755509,528417.4932950856,-3689223.2544077276
-5006014.501448572,516769.3783728529,-3689223.2544077276
-5007496.541100547,502205.3066260081,-3689223.2544077276
-5007533.049254117,501841.14993195207,-3689223.2544077276
-5007569.530934125,501476.9904965159,-3689223.2544077276
-5005785.183779569,516377.79848997,-3689589.22687602
-5005822.722590192,516013.76621183474,-3689589.22687602
-5005860.234936546,515649.7311173974,-3689589.22687602
-5007083.289467192,503635.05562938016,-3689589.22687602
-5007302.5650699595,501450.2555231321,-3689589.22687602
-5007339.018323932,501086.1128500138,-3689589.22687602
-5011120.060862304,461743.51380803506,-3689589.22687602
-5016094.630495843,404136.1092889258,-3689589.22687602
-5005668.260770534,514894.1969092328,-3689955.1798231485
-5006263.97876606,509069.49015407637,-3689955.1798231485
-5010919.966260527,460990.0895115977,-3689955.1798231485
-5016467.286632936,396089.2993226412,-3689955.1798231485
-5004074.626968793,527605.1636589668,-3690321.1132647437
-5005476.146257794,514138.72664552974,-3690321.1132647437
-5006034.006458808,508678.29437714885,-3690321.1132647437
-5006659.046946891,502489.07313225564,-3690321.1132647437
-5015589.054902102,403728.26670757815,-3690321.1132647437
-5005246.543875563,513747.31371805596,-3690687.0271900888
-5005877.851673961,507559.0620320756,-3690687.0271900888
-5003655.771512287,526457.2634554936,-3691052.921588463
-5005016.884582428,513355.9341023283,-3691052.921588463
-5005721.4203464,506439.91935716494,-3691052.921588463
-5005758.236454342,506075.8917423171,-3691052.921588463
-5005905.236181307,504619.7542762653,-3691052.921588463
-5006778.33892469,495882.0372909172,-3691052.921588463
-5010418.804771116,457637.1169706941,-3691052.921588463
-5004824.458959078,512600.62820129114,-3691418.796475497
-5010350.677537157,455426.566122734,-3691418.796475497
-5003160.091441111,526037.2456833121,-3691784.651840474
-5002931.315041443,525645.3494097465,-3692150.487672679
-5015148.383908183,392315.51557583135,-3692150.487672679
-5002664.2709051045,525617.2917572395,-3692516.3039877405
-5005056.413068722,502328.22614737804,-3692516.3039877405
-5014430.67252026,391158.71709890285,-3693247.878023562
-5001901.184391228,525169.3549636718,-3693613.635749234
-5003258.931741545,512072.62351719086,-3693613.635749234
-5005159.580177601,493148.9498759032,-3693613.635749234
-5001672.208527434,524777.5751125204,-3693979.3739412418
-5003028.930986358,511681.444465372,-3693979.3739412418
-5004096.9096034225,501129.22903593164,-3693979.3739412418
-5004963.922988329,492394.67349062744,-3693979.3739412418
-5002798.873336406,511290.2989579174,-3694345.0925888764
-5003829.599601493,501102.45959928795,-3694345.0925888764
-5001175.966708145,524357.8126233206,-3694710.7917077537
-5000908.731286337,524329.7938169102,-3695076.4712871634
-5002301.448956602,510871.88717591215,-3695076.4712871634
-5004125.95917894,492679.6687620194,-3695076.4712871634
-5012575.321913874,397616.03775505547,-3695076.4712871634
-5000641.469423652,524301.772238256,-3695442.1313163973
-5000374.181108678,524273.747886161,-3695807.7718110722
-5003267.569821709,495901.74287982093,-3695807.7718110722
-5003411.610114095,494446.33034977835,-3695807.7718110722
-5012183.75517897,395751.0810356908,-3695807.7718110722
-5000068.728909197,524609.3373490849,-3696173.3927604803
-5006540.65952855,458751.4306647175,-3696173.3927604803
-5006574.007638121,458387.34351184213,-3696173.3927604803
-5006607.329270438,458023.2539347886,-3696173.3927604803
-5012316.107572415,390627.0451717303,-3696173.3927604803
-4999763.227900691,524944.8824701769,-3696538.994153914
-5006239.601542038,459090.96773056994,-3696538.994153914
-4999457.678085945,525280.3831537225,-3696904.5760069843
-5001112.858263758,509280.60517511,-3696904.5760069843
-4999152.079487005,525615.8393060486,-3697270.1383089866
-5000845.381777507,509253.3671201713,-3697270.1383089866
-5000577.87885072,509226.12637270143,-3697635.6810492147
-5000310.349471973,509198.8829315371,-3698001.20424328
-5005168.603150614,458992.75315693964,-3698001.20424328
-5005201.968805279,458628.76586954616,-3698001.20424328
-5004967.48865117,458240.2553094893,-3698366.707880478
-5005100.573588916,456784.3498864842,-3698366.707880478
-5005133.778644168,456420.3675521788,-3698366.707880478
-5005166.957237754,456056.38271674275,-3698366.707880478
-5005200.109361526,455692.3954694491,-3698366.707880478
-5005233.235007361,455328.40589958883,-3698366.707880478
-4998082.271462561,525503.35862258,-3698732.1919501056
-4998120.4739229055,525139.8864918157,-3698732.1919501056
-4999812.224188078,508780.792769763,-3698732.1919501056
-5004732.951999401,457851.7788578911,-3698732.1919501056
-4998005.491160987,523657.9401090769,-3699097.656467769
-4998043.559428067,523294.473479581,-3699097.656467769
-4999544.61350012,508753.56071146403,-3699097.656467769
-4999692.392392305,507299.2306017888,-3699097.656467769
-5000133.190687832,502935.98329864105,-3699097.656467769
-5000169.752005944,502572.3619932531,-3699097.656467769
-5004465.07793368,457827.2727316549,-3699097.656467769
-5004796.69598232,454187.8023451409,-3699097.656467769
-4997737.936425714,523629.9074945095,-3699463.1014227653
-4999276.9763720855,508726.32596262346,-3699463.1014227653
-4999424.747353327,507272.0737065857,-3699463.1014227653
-4999828.93624923,503272.6591583782,-3699463.1014227653
-4999865.522051907,502909.0599781067,-3699463.1014227653
-4997088.2598149935,527235.9963655651,-3699828.5268043927
-4997126.588288114,526872.596429559,-3699828.5268043927
-4999009.312811814,508699.0885240389,-3699828.5268043927
-4999487.996137548,503972.8650641787,-3699828.5268043927
-4999524.632861541,503609.2906759244,-3699828.5268043927
-4999561.243136776,503245.71371159167,-3699828.5268043927
-5004491.366082003,451591.6729249089,-3699828.5268043927
-5004524.193524677,451227.73481980467,-3699828.5268043927
-4996820.672680774,527207.7636104105,-3700193.9326282586
-4996858.999101457,526844.3831339661,-3700193.9326282586
-4998741.622807874,508671.8483945472,-3700193.9326282586
-4999146.931670394,504672.979771568,-3700193.9326282586
-4999183.619300269,504309.4302716239,-3700193.9326282586
-4996553.059120879,527179.528067119,-3700559.3188836616
-4996591.383488923,526816.167052158,-3700559.3188836616
-4996973.173763188,523182.4042476379,-3700559.3188836616
-4997011.207441926,522819.0127788608,-3700559.3188836616
-4997049.214703115,522455.61845794367,-3700559.3188836616
-4998436.903477309,509008.1034516562,-3700559.3188836616
-4998842.481413222,505009.4785662816,-3700559.3188836616
-4998879.193523589,504645.95111844107,-3700559.3188836616
-4998915.8791885935,504282.42108903284,-3700559.3188836616
-4996857.479313811,521700.87525229674,-3700924.685559896
-4998132.135241192,509344.314273471,-3700924.685559896
-4998574.7188027715,504982.4277726658,-3700924.685559896
-4998611.428946658,504618.91979714483,-3700924.685559896
-5003785.723125724,450427.4734699925,-3700924.685559896
-4997753.135222209,510407.37985969626,-3701290.0326725743
-4996359.980665845,521281.6300446948,-3701655.3602109896
-4998075.82047593,504564.84914737043,-3701655.3602109896
-4998112.500245158,504201.3775411039,-3701655.3602109896
-5002187.93381397,462021.0698952786,-3701655.3602109896
-4997881.305782702,503810.90281083825,-3702020.6681644446
-4997917.930732715,503447.4452648413,-3702020.6681644446
-4997954.52924247,503083.98514359375,-3702020.6681644446
-4997991.101329341,502720.52227455605,-3702020.6681644446
-5001953.453658253,461632.55942313635,-3702020.6681644446
-5002354.399409366,457267.3563606312,-3702020.6681644446
-5002387.6396050695,456903.5736451332,-3702020.6681644446
-5002420.853345659,456539.78851330164,-3702020.6681644446
-4996801.039473514,511778.859145783,-3702385.9565485422
-4997869.237390502,501239.77764920297,-3702385.9565485422
-4997905.675354293,500876.32107487,-3702385.9565485422
-4997942.086895418,500512.86176442745,-3702385.9565485422
-4997978.472004938,500149.39980702376,-3702385.9565485422
-4998014.830673939,499785.93529181,-3702385.9565485422
-5001852.875853315,459789.12239206274,-3702385.9565485422
-4995214.452489528,524467.288579276,-3702751.2253525825
-4997783.238779214,499395.6961443404,-3702751.2253525825
-4997819.542646572,499032.24574165046,-3702751.2253525825
-4997855.82007427,498668.79278705793,-3702751.2253525825
-4997892.071079526,498305.3371080312,-3702751.2253525825
-4997928.295653443,497941.8787937156,-3702751.2253525825
-4997964.493787143,497578.41793326795,-3702751.2253525825
-4998000.66549781,497214.9543541484,-3702751.2253525825
-4998036.8107765615,496851.4881455065,-3702751.2253525825
-4998072.929614541,496488.0193965009,-3702751.2253525825
-4997624.114679811,498278.6210240919,-3703116.4745658715
-4997913.155654148,495371.0370399395,-3703116.4745658715
-4998379.239309211,490645.85582831776,-3703116.4745658715
-4998414.906868598,490282.36210638174,-3703116.4745658715
-4998450.547985329,489918.865878825,-3703116.4745658715
-5001249.674189694,460467.23251097085,-3703116.4745658715
-4994755.020046197,523684.596250003,-3703481.7042040043
-4994793.090260362,523321.3660013852,-3703481.7042040043
-4994831.134059575,522958.1329851836,-3703481.7042040043
-4997968.289080019,492073.41726287047,-3703481.7042040043
-4998004.060455698,491709.953422306,-3703481.7042040043
-4998039.805399444,491346.4869813346,-3703481.7042040043
-4998218.13361548,489529.11601211264,-3703481.7042040043
-4998253.719963675,489165.63400906493,-3703481.7042040043
-4994487.150279804,523656.51093452744,-3703846.9142562845
-4997628.628788635,492773.90806172986,-3703846.9142562845
-4998021.220560593,488775.93494381296,-3703846.9142562845
-5001771.192794548,448779.4231967416,-3703846.9142562845
-4994219.254106511,523628.42285037023,-3704212.104712018
-4994257.320237048,523265.23156390275,-3704212.104712018
-4994295.359955466,522902.03751014825,-3704212.104712018
-4997824.167734687,488022.81884359574,-3704212.104712018
-4993989.395603296,523237.1601938206,-3704577.275586801
-4994027.433281016,522873.9856241711,-3704577.275586801
-4997323.382332652,487607.040525911,-3704942.4268699395
-5004365.873457652,409052.3415793193,-3704942.4268699395
-4994954.210558335,508653.44879624614,-3705307.55855074
-4994991.187667127,508290.2041890088,-3705307.55855074
-4995212.49561265,506110.6798142035,-3705307.55855074
-4999270.385622061,464318.32613951305,-3705307.55855074
-4999640.214039884,460319.0488150349,-3705307.55855074
-5000370.272718334,452319.6129525315,-3705307.55855074
-4994612.096641188,509352.59116038575,-3705672.6706447937
-4994649.124602826,508989.3713433518,-3705672.6706447937
-4994907.580708337,506446.7575359346,-3705672.6706447937
-4996751.5452382965,487918.0804140961,-3705672.6706447937
-4999069.545421569,463566.3254323749,-3705672.6706447937
-4999103.243699952,463202.78158156056,-3705672.6706447937
-4999136.91554059,462839.2352810994,-3705672.6706447937
-4999472.179799769,459203.6383179296,-3705672.6706447937
-5007020.82590281,367875.66787138284,-3705672.6706447937
-4992955.462494826,522761.75043024484,-3706037.763141409
-4992993.465593385,522398.6511387415,-3706037.763141409
-4993031.442295633,522035.54899739136,-3706037.763141409
-4993069.392592247,521672.44409525505,-3706037.763141409
-4994269.858615944,510051.64198352944,-3706037.763141409
-4994306.937414903,509688.44705289823,-3706037.763141409
-4995006.415958616,502787.234028549,-3706037.763141409
-4992725.404844759,522370.6049226849,-3706402.836029894
-4992763.379508138,522007.5222753382,-3706402.836029894
-4992801.327767299,521644.43686735356,-3706402.836029894
-4992839.249612943,521281.3487877966,-3706402.836029894
-4993964.626122057,510387.43138045666,-3706402.836029894
-4994001.729341119,510024.25864607265,-3706402.836029894
-4994038.806149414,509661.08321442653,-3706402.836029894
-4994075.856537856,509297.9051746013,-3706402.836029894
-4996179.583627201,488229.02946904924,-3706402.836029894
-4998566.521410394,463153.0504107204,-3706402.836029894
-4998600.189635898,462789.54314194014,-3706402.836029894
-4998633.831418245,462426.03351294255,-3706402.836029894
-4998667.446773406,462062.5213511647,-3706402.836029894
-4999068.768988255,457700.18570654735,-3706402.836029894
-4999532.166579449,452610.3538441872,-3706402.836029894
-4992457.317685688,522342.5559433999,-3706767.88932584
-4992495.290309995,521979.49279197725,-3706767.88932584
-4992533.2365315035,521616.42688006494,-3706767.88932584
-4993659.344795289,510723.17629174714,-3706767.88932584
-4993696.472422312,510360.0258443196,-3706767.88932584
-4998331.787026999,462764.693400805,-3706767.88932584
-4998365.427002933,462401.20329065854,-3706767.88932584
-4999296.613697226,452222.4927381505,-3706767.88932584
-5006134.063424707,368908.59800455166,-3706767.88932584
-4992189.204124019,522314.50420170766,-3707132.923018558
-4992227.174709056,521951.46054812917,-3707132.923018558
-4992265.11889271,521588.4141342092,-3707132.923018558
-4992303.036665685,521225.36504900386,-3707132.923018558
-4993354.014630712,511058.87688527326,-3707132.923018558
-4993391.166680286,510695.74855404027,-3707132.923018558
-4995607.4975237325,488539.88757987146,-3707132.923018558
-4998063.357984437,462739.8412123401,-3707132.923018558
-4998096.996153777,462376.370622967,-3707132.923018558
-4998531.887013059,457651.0303556,-3707132.923018558
-4991921.064167609,522286.4496984303,-3707497.937097352
-4991959.032713174,521923.42554461537,-3707497.937097352
-4991996.974858775,521560.39863060735,-3707497.937097352
-4992034.890595114,521197.36904545734,-3707497.937097352
-4993085.8121101195,511031.4269431001,-3707497.937097352
-4994043.130939926,501589.7255034333,-3707497.937097352
-4995161.215173454,490329.9713924695,-3707497.937097352
-4995196.859769584,489966.7116927063,-3707497.937097352
-4995232.477940082,489603.44948893564,-3707497.937097352
-4995268.069701855,489240.1846087185,-3707497.937097352
-4995303.635046165,488876.91714115354,-3707497.937097352
-4997828.538878647,462351.53551059566,-3707497.937097352
-4991652.897805007,522258.3924323694,-3707862.931577815
-4991690.864310899,521895.3877802384,-3707862.931577815
-4991728.804418244,521532.38036806264,-3707862.931577815
-4991766.7181177465,521169.37028488837,-3707862.931577815
-4992817.583177173,511003.9742976802,-3707862.931577815
-4994928.517431003,489940.3906453215,-3707862.931577815
-4994964.13368809,489577.1479560228,-3707862.931577815
-4994999.723537872,489213.9025904215,-3707862.931577815
-4997560.055166073,462326.6979524837,-3707862.931577815
-4997660.800270899,461236.3884894642,-3707862.931577815
-4991346.71419024,522593.3147039451,-3708227.906449257
-4991384.705044063,522230.33240434655,-3708227.906449257
-4991422.6695100805,521867.34725581924,-3708227.906449257
-4991498.519241436,521141.3687681167,-3708227.906449257
-4994660.148676758,489914.0670068884,-3708227.906449257
-4994695.763020246,489550.84383398277,-3708227.906449257
-4994731.350957847,489187.61798491824,-3708227.906449257
-4997257.91227542,462665.2699648788,-3708227.906449257
-4997693.076623227,457940.72291424393,-3708227.906449257
-4991078.497080303,522565.23240941257,-3708592.861700988
-4991116.485892633,522202.2696151837,-3708592.861700988
-4991230.293974039,521113.36449596257,-3708592.861700988
-4991268.177212261,520750.39057947963,-3708592.861700988
-4992281.0461056335,510949.0609003155,-3708592.861700988
-4994391.753514709,489887.74077817815,-3708592.861700988
-4994427.36594441,489524.53712358593,-3708592.861700988
-4990810.253568624,522537.1473506212,-3708957.7973485985
-4990848.240339261,522174.2040636821,-3708957.7973485985
-4990886.200724929,521811.25792812055,-3708957.7973485985
-4990924.134716306,521448.30903295917,-3708957.7973485985
-4990962.042304098,521085.3574672298,-3708957.7973485985
-4990999.923506299,520722.4030586344,-3708957.7973485985
-4991377.283749209,517092.70808957634,-3708957.7973485985
-4991975.569493118,511284.62823646714,-3708957.7973485985
-4993151.864963993,499666.39960441086,-3708957.7973485985
-4994123.331933392,489861.4119580661,-3708957.7973485985
-4994158.942449117,489498.2278237086,-3708957.7973485985
-5001676.877657641,405537.259683929,-3708957.7973485985
-5001706.3559360495,405173.52637599426,-3708957.7973485985
-4990541.983663061,522509.0595283938,-3709322.7133813943
-4990579.968391804,522146.13575066393,-3709322.7133813943
-4990617.926736996,521783.2091244647,-3709322.7133813943
-4990655.858689316,521420.27973881393,-3709322.7133813943
-4990693.764239469,521057.34768273885,-3709322.7133813943
-4990731.6434054505,520694.41278395045,-3709322.7133813943
-4991259.18027865,515613.03637222806,-3709322.7133813943
-4991670.044086472,511620.1510521717,-3709322.7133813943
-4992883.469190317,499639.5411483638,-3709322.7133813943
-4993854.883940671,489835.08054732357,-3709322.7133813943
-4993890.492542231,489471.9159351215,-3709322.7133813943
-4996820.676013875,458593.6542879086,-3709322.7133813943
-5001613.805026538,402969.4198830128,-3709322.7133813943
-4990273.687371472,522480.96894355316,-3709687.6097886907
-4990311.67005812,522118.0646769513,-3709687.6097886907
-4990349.626362635,521755.15756203333,-3709687.6097886907
-4990387.5562756965,521392.2476878121,-3709687.6097886907
-4990425.459788011,521029.33514331,-3709687.6097886907
-4990803.043390117,517400.05785486294,-3709687.6097886907
-4992615.0470182365,499612.6800506193,-3709687.6097886907
-4993586.409544406,489808.7465467218,-3709687.6097886907
-4990759.963392342,515194.6569759409,-3710052.486586074
-4991058.84687845,512291.0635301345,-3710052.486586074
-4993317.908733133,489782.40995513595,-3710052.486586074
-4996082.828584676,460724.33916371426,-3710052.486586074
-4996250.022403347,458907.68179562944,-3710052.486586074
-4990341.506603269,516618.6045589206,-3710417.343762855
-4990454.096536384,515529.8686468324,-3710417.343762855
-4990753.175101434,512626.45300330507,-3710417.343762855
-4990790.441146306,512263.5138934349,-3710417.343762855
-4992114.439198202,499195.9144991164,-3710417.343762855
-4993049.381514712,489756.0707733373,-3710417.343762855
-4995981.337503733,458883.0029737405,-3710417.343762855
-4990522.009026823,512235.96154829237,-3710782.181308353
-4990559.246683906,511873.03916321794,-3710782.181308353
-4992780.82789701,489729.72900209733,-3710782.181308353
-4995712.626189335,458858.3217256425,-3710782.181308353
-4990290.786162471,511845.5036313849,-3711146.9992381437
-4990327.9954252625,511482.59806235,-3711146.9992381437
-4992547.846896475,489340.3176676721,-3711146.9992381437
-4995176.104487892,461739.7916563966,-3711146.9992381437
-4990059.506510762,511455.07934861706,-3711511.797541545
-4992314.809269354,488950.94013594266,-3711511.797541545
-4995074.908828458,459898.7191787998,-3711511.797541545
-4995108.34040153,459535.4658358772,-3711511.797541545
-4989790.991212793,511427.5579307162,-3711876.5762078734
-4989828.170074114,511064.6887959918,-3711876.5762078734
-4991185.235269318,497636.6447809854,-3711876.5762078734
-4992081.715018479,488561.5965029125,-3711876.5762078734
-4995205.537467276,455515.0068390569,-3711876.5762078734
-5000051.640274671,398818.1008754348,-3711876.5762078734
-5000080.629926322,398454.4857758744,-3711876.5762078734
-4989559.626380305,511037.18420171994,-3712241.3352527083
-4989596.776862376,510674.33180626424,-3712241.3352527083
-4990916.618540671,497609.862860204,-3712241.3352527083
-4990952.792556713,497246.91181699093,-3712241.3352527083
-4991813.050042883,488535.3029851187,-3712241.3352527083
-4994403.336034993,461302.0548878187,-3712241.3352527083
-5000071.237380461,395160.5875613336,-3712241.3352527083
-4989328.20478162,510646.8440404154,-3712606.074665366
-4989365.326877963,510284.008475449,-3712606.074665366
-4990684.1474865,497220.1468009528,-3712606.074665366
-4991579.870840985,488146.01030112646,-3712606.074665366
-4989096.726419152,510256.537542811,-3712970.794435168
-4989133.820123317,509893.7188995356,-3712970.794435168
-4990415.476029516,497193.37915600976,-3712970.794435168
-4991311.1511630975,488119.7311586416,-3712970.794435168
-4988865.19127601,509866.2648029138,-3713335.494577686
-4988902.25660825,509503.46291130414,-3713335.494577686
-4990110.610000173,497529.50130941963,-3713335.494577686
-4990146.7781742895,497166.6088810189,-3713335.494577686
-4991077.887044772,487730.48926860344,-3713335.494577686
-4988670.636335198,509113.24060675135,-3713700.1750822407
-4989878.053928686,497139.8359767638,-3713700.1750822407
-4989914.193757483,496776.96054844145,-3713700.1750822407
-4990809.112658053,487704.2245085447,-3713700.1750822407
-4993327.854376022,461202.7193184028,-3713700.1750822407
-4988438.959306632,508723.0520818537,-3714064.8359381515
-4989681.552686198,496387.34596156713,-3714064.8359381515
-4990575.763632324,487315.0335187358,-3714064.8359381515
-4988207.225532321,508332.8971694198,-3714429.477160994
-4989448.854943779,495997.7652144457,-3714429.477160994
-4989484.911719995,495634.9210013692,-3714429.477160994
-4990342.357988577,486925.8765587586,-3714429.477160994
-4992756.405900846,461516.12163994805,-3714429.477160994
-4997375.011086653,408480.914810209,-3714429.477160994
-4987975.4350147275,507942.7759654267,-3714794.098740087
-4989252.128989783,495245.39103029104,-3714794.098740087
-4989288.13106097,494882.5610384357,-3714794.098740087
-4989324.106737686,494519.7285164768,-3714794.098740087
-4990073.500606151,486899.6431648918,-3714794.098740087
-4990108.895755206,486536.75346327055,-3714794.098740087
-4998586.305306923,389922.75179054256,-3714794.098740087
-4987743.587756348,507552.688565833,-3715158.700664755
-4989127.131691548,493767.4479896738,-3715158.700664755
-4989163.0262753945,493404.6271788661,-3715158.700664755
-4989840.010082021,486510.53704891616,-3715158.700664755
-4987511.683766911,507162.6348034744,-3715523.282950566
-4988930.016965243,493015.23270120716,-3715523.282950566
-4989606.462960718,486121.4648962529,-3715523.282950566
-4987279.723048906,506772.61477431236,-3715887.845586844
-4989337.522598821,486095.2628934165,-3715887.845586844
-4991646.7293666955,461779.65332259133,-3715887.845586844
-4989068.555857284,486069.0583204958,-3716252.3885629107
-4991377.63813973,461754.7595630291,-3716252.3885629107
-4988799.562724617,486042.8511763714,-3716616.9118943377
-4991108.52050942,461729.86336088076,-3716616.9118943377
-4988530.543208698,486016.6414618107,-3716981.41557045
-4995608.368394599,406873.6731833799,-3716981.41557045
-4995667.492930482,406147.0871267659,-3716981.41557045
-4986119.068697438,504823.02109054045,-3717710.363940261
-4990200.172966404,462743.86390016886,-3717710.363940261
-4985886.767711128,504433.20363378193,-3718074.8086388535
-4987297.366351486,490290.4210248124,-3718074.8086388535
-4987617.192458871,487026.1377522262,-3718074.8086388535
-4985654.410028283,504043.4200556287,-3718439.233665673
-4986992.598115496,490626.63184654916,-3718439.233665673
-4987348.073157356,486999.8590445881,-3718439.233665673
-4995834.95701924,390439.1729327453,-3718439.233665673
-4997491.007139506,368637.08318019763,-3718439.233665673
-4985421.995658508,503653.6701889834,-3718803.6390362848
-4986687.780976391,490962.798337348,-3718803.6390362848
-4989358.781091676,463031.80002443644,-3718803.6390362848
-4994614.03289297,402405.46308308106,-3718803.6390362848
-4985189.52460437,503263.9541297588,-3719168.024740015
-4985226.109803932,502901.419644662,-3719168.024740015
-4986382.91495565,491298.92040370655,-3719168.024740015
-4994285.876970508,403110.1373624529,-3719168.024740015
-4997005.152051935,367870.51270505384,-3719168.024740015
-4984956.996868467,502874.27197386255,-3719532.3907661936
-4986540.5569921415,486921.00746798527,-3719532.3907661936
-4988853.820283372,462619.015913891,-3719532.3907661936
-4989785.470209644,452459.6725961907,-3719532.3907661936
-4996735.403259126,367850.65428512177,-3719532.3907661936
-4985808.800220894,491608.45469402795,-3719896.737130379
-4986306.726982892,486532.10534549394,-3719896.737130379
-4989647.467196247,450983.83362249244,-3719896.737130379
-4993805.217393151,402340.29853310576,-3719896.737130379
-4996465.628034624,367830.79391933605,-3719896.737130379
-4984455.244820098,502457.4901383652,-3720261.063821903
-4985539.574025314,491581.9085749778,-3720261.063821903
-4993535.5594030395,402318.57276056963,-3720261.063821903
-4994458.275345237,390697.0090059685,-3720261.063821903
-4994486.674429164,390333.8006888906,-3720261.063821903
-4984222.575415895,502067.8924706969,-3720625.3708300935
-4985270.321470186,491555.35985683533,-3720625.3708300935
-4985768.194454955,486479.55876563827,-3720625.3708300935
-4988146.484814583,461455.84400605666,-3720625.3708300935
-4988812.36894396,454200.39344674395,-3720625.3708300935
-4994443.168210689,387407.13654888276,-3720625.3708300935
-4983989.849334253,501678.3287338815,-3720989.658170512
-4985001.042544008,491528.8085384667,-3720989.658170512
-4985036.774348909,491166.287704196,-3720989.658170512
-4985463.499578089,486815.83598183026,-3720989.658170512
-4987910.593549497,461068.1886064144,-3720989.658170512
-4988344.252223183,456352.47901159036,-3720989.658170512
-4983757.066604073,501288.7987628321,-3721353.9258324876
-4984803.170633285,490777.249610725,-3721353.9258324876
-4984838.847783797,490414.74316809414,-3721353.9258324876
-4985158.755786404,487152.06896540953,-3721353.9258324876
-4985194.1693053795,486789.53667347593,-3721353.9258324876
-4992959.603582853,399348.6643033644,-3721353.9258324876
-4983524.227227979,500899.3026534332,-3721718.173805356
-4984605.159213802,490025.7559619415,-3721718.173805356
-4984640.781706126,489663.2640080912,-3721718.173805356
-4984676.377845743,489300.7693776607,-3721718.173805356
-4984853.9631013,487488.2576228692,-3721718.173805356
-4984889.401069413,487125.74749520246,-3721718.173805356
-4987438.6418836545,460292.98084226163,-3721718.173805356
-4987772.057555829,456665.89168911555,-3721718.173805356
-4992805.775686826,397874.7554635783,-3721718.173805356
-4995958.579478227,356106.31404796295,-3721718.173805356
-4995984.4630454555,355742.99680434086,-3721718.173805356
-4996061.955231538,354653.0336186998,-3721718.173805356
-4983254.919915308,500872.23428996874,-3722082.402104668
-4984478.117614636,488549.3700370507,-3722082.402104668
-4984513.63275002,488186.8872388353,-3722082.402104668
-4984549.121524815,487824.4018588424,-3722082.402104668
-4984584.583930326,487461.9139859903,-3722082.402104668
-4987269.419275052,459180.0643610652,-3722082.402104668
-4987469.299615411,457003.91391815466,-3722082.402104668
-4987866.211626994,452651.35242537555,-3722082.402104668
-4987931.994345919,451925.8918485238,-3722082.402104668
-4987964.846129588,451563.158061182,-3722082.402104668
-4992564.886309537,397490.1859565723,-3722082.402104668
-4995636.75661066,356813.659972934,-3722082.402104668
-4987033.246161411,458792.5806088866,-3722446.610719759
-4995366.753733767,356794.37500098726,-3722446.610719759
-4982752.633573911,500455.73500192334,-3722810.799639962
-4986930.150358492,456954.51144451596,-3722810.799639962
-4987095.974042168,455141.1822461923,-3722810.799639962
-4987129.059650525,454778.5092474487,-3722810.799639962
-4982519.624263797,500066.3405242957,-3723174.9688808327
-4982286.558321016,499676.97994062456,-3723539.118431703
-4982322.882676172,499314.6565746419,-3723539.118431703
-4991398.561570943,398493.20327500056,-3723539.118431703
-4992424.707902388,385424.4017114371,-3723539.118431703
-4982162.24485162,498200.7260236469,-3723903.2482819124
-4982198.461859597,497838.4116149441,-3723903.2482819124
-4992126.674121515,385766.59648015734,-3723903.2482819124
-4981928.980733345,497811.4841336565,-3724267.3584470074
-4985751.746268301,457943.41068381927,-3724267.3584470074
-4991856.655990195,385745.73082864116,-3724267.3584470074
-4993172.74777242,368318.549232818,-3724267.3584470074
-4993359.59497545,365776.7052079108,-3724267.3584470074
-4981659.473260179,497784.55401969445,-3724631.448916326
-4985315.198514809,459731.37939533027,-3724631.448916326
-4985348.617944394,459368.8357990689,-3724631.448916326
-4991586.61145946,385724.86313710996,-3724631.448916326
-4985078.884530197,459343.9815443414,-3724995.5196792046
-4984842.514188869,458956.6181543364,-3725359.570751194
-4980886.973650075,497341.52884793427,-3725723.602121633
-4984639.422440182,458206.79703491984,-3725723.602121633
-4989881.5464427145,386688.2466270276,-3726815.57799564
-4979916.717490498,496147.39145017037,-3727179.530531881
-4983593.293940958,457745.15592287533,-3727179.530531881
-4979683.057193979,495758.38733703585,-3727543.4633656815
-4988398.819611057,398618.79687591456,-3727543.4633656815
-4989256.598724923,387734.85889147595,-3727543.4633656815
-4989565.167977773,383743.6165237415,-3727543.4633656815
-4978747.850330872,494202.7105929373,-3728998.9975418746
-4978513.907219466,493813.8764189426,-3729362.8317821887
-4989092.718546559,372030.5292139916,-3729362.8317821887
-4989119.760173363,371667.71122767846,-3729362.8317821887
-4989146.775421712,371304.8911887282,-3729362.8317821887
-4978279.90754181,493425.0763609572,-3729726.646308506
-4988795.182776413,372373.1570926743,-3729726.646308506
-4988930.251681709,370559.15542784345,-3729726.646308506
-4989251.72586374,366205.3519297574,-3729726.646308506
-4978045.851326555,493036.31025406596,-3730090.4411101793
-4987783.959608077,382147.1881550807,-3730090.4411101793
-4988497.597176205,372715.74169290386,-3730090.4411101793
-4988737.276834998,365802.84816760535,-3730454.2161765485
-4977541.75804294,492620.85857042595,-3730817.971523153
-4982395.41048499,440832.4363496568,-3730817.971523153
-4988915.099840167,359615.61415856174,-3730817.971523153
-4987604.541471215,373743.23566386325,-3731181.7071393374
-4985453.835893221,398018.6002657067,-3731545.4230144504
-4986923.312040378,379163.07284350425,-3731545.4230144504
-4987060.849958945,377349.75127415865,-3731545.4230144504
-4976803.243008783,491816.8426128058,-3731909.119164028
-4976568.904136763,491428.2468191933,-3732272.795577412
-4984999.479410754,396887.8552781507,-3732272.795577412
-4976064.362526183,491013.0285287841,-3733000.0891791955
-4980548.41448181,443224.35085501353,-3733000.0891791955
-4985785.574582656,379805.92211235035,-3733000.0891791955
-4975829.882372244,490624.517968882,-3733363.706372474
-4979133.802376438,455874.998188247,-3733363.706372474
-4980245.75488868,443562.46105150145,-3733363.706372474
-4980438.821432883,441389.37674690667,-3733363.706372474
-4982072.341663423,422552.50368814106,-3733363.706372474
-4982256.240710746,420378.62438473897,-3733363.706372474
-4984089.681980168,394626.99190386484,-3733727.30381314
-4975325.116681975,490209.41635908047,-3734090.881516729
-4981500.497067127,422868.87600483076,-3734090.881516729
-4983462.0713749,395671.35690020595,-3734454.4394725915
-4983548.2748757815,394584.12472637964,-3734454.4394725915
-4984674.9875760535,380085.9215192382,-3734454.4394725915
-4985519.17966136,368847.5955353135,-3734454.4394725915
-4978774.941504694,447811.07123129815,-3734817.9776700772
-4980928.52742154,423185.1585189225,-3734817.9776700772
-4981356.794370089,418113.8132797699,-3734817.9776700772
-4983191.332978478,395649.86111531925,-3734817.9776700772
-4983220.092266897,395287.472227353,-3734817.9776700772
-4983248.825208473,394925.0811619375,-3734817.9776700772
-4983277.53179615,394562.6880079594,-3734817.9776700772
-4983306.212022894,394200.2928543141,-3734817.9776700772
-4974585.505537357,489406.006404891,-3735181.496124714
-4978341.267750804,449596.94484823704,-3735181.496124714
-4978666.907452298,445976.4743200232,-3735181.496124714
-4978699.32661446,445614.41423754324,-3735181.496124714
-4982862.973700301,396353.09552739665,-3735181.496124714
-4982949.3259477345,395265.99404018,-3735181.496124714
-4982978.057328088,394903.6226655052,-3735181.496124714
-4983064.093346863,393816.4961054331,-3735181.496124714
-4983092.719316442,393454.11638846534,-3735181.496124714
-4983121.318926084,393091.73467769194,-3735181.496124714
-4983149.892189369,392729.3508010809,-3735181.496124714
-4978038.018505306,449934.52628939826,-3735544.994825855
-4978815.720013278,441245.53003988287,-3735544.994825855
-4979262.375475473,436176.3265078155,-3735544.994825855
-4979703.869706729,431106.6708592312,-3735544.994825855
-4980078.18507011,426760.89584251965,-3735544.994825855
-4982678.533276257,395244.5137626438,-3735544.994825855
-4982707.263095237,394882.1620806261,-3735544.994825855
-4984599.063274052,370237.4508865144,-3735544.994825855
-4979307.604675868,432531.67939929676,-3735908.473762854
-4979339.046095638,432169.5728464505,-3735908.473762854
-4979370.461189734,431807.463921174,-3735908.473762854
-4979527.141641048,429996.8852527106,-3735908.473762854
-4979807.507388625,426737.7004938641,-3735908.473762854
-4982263.677748254,397034.6597683265,-3735908.473762854
-4982378.959660399,395585.36120572424,-3735908.473762854
-4982407.7142604,395223.03139537387,-3735908.473762854
-4982551.092043253,393411.35068206815,-3735908.473762854
-4973845.529179271,488602.79870686197,-3736271.932951239
-4980060.534358447,420558.1020100181,-3736271.932951239
-4983786.2139816135,370177.07546891965,-3736635.372380358
-4976528.099724528,454541.6382983612,-3736998.7920395713
-4977636.763406408,442235.5479603135,-3736998.7920395713
-4981422.204448038,397332.1649789107,-3736998.7920395713
-4981824.149993843,392260.3304349057,-3736998.7920395713
-4975422.892223212,463563.25325220294,-3737362.1919444003
-4976290.491129281,454155.03313390113,-3737362.1919444003
-4978035.5789123485,434609.7344829627,-3737362.1919444003
-4981266.651653556,395861.58104660996,-3737362.1919444003
-4983244.182669412,370136.8154021054,-3737362.1919444003
-4976901.904361,444359.06894727744,-3737725.5720842006
-4977827.962367471,433862.1035079569,-3737725.5720842006
-4977859.500549876,433500.1044673233,-3737725.5720842006
-4982946.198661963,370479.05342694296,-3737725.5720842006
-4975848.062971039,453020.0738760338,-3738088.9324483317
-4976143.498147257,449763.29213717283,-3738088.9324483317
-4976631.153108229,444334.89511847595,-3738088.9324483317
-4980982.725866599,392558.55324503034,-3738088.9324483317
-4982540.086546175,372270.6261145438,-3738088.9324483317
-4982567.145657134,371908.284561406,-3738088.9324483317
-4982594.178417797,371545.9410414299,-3738088.9324483317
-4982621.184821544,371183.5956434963,-3738088.9324483317
-4972399.883420111,486635.38863678894,-3738452.2730523106
-4974678.282930927,462764.06887895963,-3738452.2730523106
-4976263.323540392,445396.38177329523,-3738452.2730523106
-4976295.7005156195,445034.4965727674,-3738452.2730523106
-4977412.313833349,432367.0433904077,-3738452.2730523106
-4980367.261725555,396883.53511113225,-3738452.2730523106
-4980396.110743653,396521.3515052042,-3738452.2730523106
-4980424.933416022,396159.1658891958,-3738452.2730523106
-4980453.729756347,395796.978091177,-3738452.2730523106
-4980539.960735113,394710.40223268425,-3738452.2730523106
-4982241.903483146,372612.6907214137,-3738452.2730523106
-4974137.51818152,465632.8007536039,-3738815.593885496
-4974441.208733958,462377.13586216397,-3738815.593885496
-4975141.5329953525,454779.81659623544,-3738815.593885496
-4975732.575828486,448266.983791881,-3738815.593885496
-4975830.254098993,447181.436680691,-3738815.593885496
-4975862.760895998,446819.58288229426,-3738815.593885496
-4975895.241378165,446457.7267208931,-3738815.593885496
-4977141.452693271,432343.51481312286,-3738815.593885496
-4981862.186008581,374041.5946608896,-3738815.593885496
-4973866.794219424,465607.45807736285,-3739178.8949372466
-4976268.469904609,439196.20568615,-3739178.8949372466
-4976870.565238098,432319.9839499554,-3739178.8949372466
-4981563.828854677,374383.5075194981,-3739178.8949372466
-4971658.753527543,485832.84236629494,-3739542.1762230806
-4973629.88888451,465220.4215674574,-3739542.1762230806
-4973663.707519437,464858.7277364476,-3739542.1762230806
-4981698.062690917,368929.1590946782,-3739542.1762230806
-4981858.564176634,366755.44820584456,-3739542.1762230806
-4973392.927259922,464833.4195181328,-3739905.437732357
-4974362.172204491,454343.8087626559,-3739905.437732357
-4981103.014374022,373256.0475249768,-3739905.437732357
-4981130.145150653,372893.81047607906,-3739905.437732357
-4981184.32766919,372169.3305509901,-3739905.437732357
-4973155.909349067,464446.4520249777,-3740268.6794544407
-4973525.848623697,460468.06465168565,-3740268.6794544407
-4976245.875623496,430078.12177822285,-3740268.6794544407
-4980777.450381412,373960.15197367297,-3740268.6794544407
-4980804.632362829,373597.9385985969,-3740268.6794544407
-4972885.074647332,464421.1585858418,-3740631.90140484
-4973187.972450135,461166.3136762341,-3740631.90140484
-4973221.496263162,460804.65199301473,-3740631.90140484
-4976006.133941879,429692.83583184634,-3740631.90140484
-4976992.60010109,418111.99065728846,-3740631.90140484
-4977022.992897794,417750.0524944299,-3740631.90140484
-4978740.735053163,396753.91783156886,-3740631.90140484
-4978769.574649526,396391.85251035047,-3740631.90140484
-4978798.387908766,396029.78517970815,-3740631.90140484
-4978827.17484456,395667.715667768,-3740631.90140484
-4980830.6281620385,369593.332942247,-3740631.90140484
-4976077.22177718,425688.9920513985,-3740995.103572919
-4976630.184019268,419174.95935681,-3740995.103572919
-4980478.587493236,370659.7827723069,-3740995.103572919
-4980532.445092521,369935.39763606305,-3740995.103572919
-4980879.951349116,365226.7039687392,-3740995.103572919
-4972880.2800057,458584.66709907184,-3741358.2859480404
-4973738.470076378,449181.26346745633,-3741358.2859480404
-4974096.197891516,445202.41496324085,-3741358.2859480404
-4974128.560766811,444840.687361025,-3741358.2859480404
-4974160.897344208,444478.95731945656,-3741358.2859480404
-4975588.814100969,428198.70289533434,-3741358.2859480404
-4975619.940435147,427836.86670514394,-3741358.2859480404
-4976298.062109059,419875.90216343896,-3741358.2859480404
-4980635.159194879,364844.6068667198,-3741358.2859480404
-4980661.678269112,364482.40395038144,-3741358.2859480404
-4980688.171009494,364120.1990195531,-3741358.2859480404
-4972072.412759831,464345.26353303733,-3741721.4485457167
-4972442.271436156,460367.7429270914,-3741721.4485457167
-4972475.737169418,460006.1355616835,-3741721.4485457167
-4973303.833680028,450965.16428264475,-3741721.4485457167
-4973336.615644172,450603.4942007348,-3741721.4485457167
-4973369.371298978,450241.82182261033,-3741721.4485457167
-4973402.100659997,449880.1469765783,-3741721.4485457167
-4973630.469710717,447348.3567177789,-3741721.4485457167
-4973662.988644506,446986.66297859227,-3741721.4485457167
-4973695.481282898,446624.96678871446,-3741721.4485457167
-4973857.5499052415,444816.45062157,-3741721.4485457167
-4973889.88472081,444454.7402885332,-3741721.4485457167
-4977927.116241872,396689.08086411475,-3741721.4485457167
-4979501.323518038,376413.56321876636,-3741721.4485457167
-4980416.802753538,364100.3602623425,-3741721.4485457167
-4972070.761876067,461427.4049493424,-3742084.591355313
-4972104.304671097,461065.82459806587,-3742084.591355313
-4972835.593345422,453110.44205362187,-3742084.591355313
-4973000.020209872,451302.2381218104,-3742084.591355313
-4973554.153390839,445153.8997132099,-3742084.591355313
-4975418.345680481,423810.33093501127,-3742084.591355313
-4975725.23360155,420191.9928341588,-3742084.591355313
-4975938.489459996,417659.0239079201,-3742084.591355313
-4977511.295907212,398477.36479911377,-3742084.591355313
-4977540.260832489,398115.3889675545,-3742084.591355313
-4979257.337720746,376030.9507145039,-3742084.591355313
-4971799.7810233105,461402.2568777105,-3742447.714366189
-4972630.416861937,452362.51230043307,-3742447.714366189
-4972663.300445885,452000.89118708513,-3742447.714366189
-4973283.091692351,445129.63855741994,-3742447.714366189
-4975454.053577882,420169.0921173362,-3742447.714366189
-4977182.012868622,399179.5536000498,-3742447.714366189
-4977499.741089181,395197.96645784896,-3742447.714366189
-4971394.3543746,462823.2459533086,-3742810.817593857
-4971495.208432091,461738.64494880056,-3742810.817593857
-4972359.364432314,452337.85453427106,-3742810.817593857
-4972392.246223816,451976.2531324788,-3742810.817593857
-4973012.003686165,445105.37504698115,-3742810.817593857
-4973205.744142181,442935.4469148033,-3742810.817593857
-4975121.686821699,420869.79580246436,-3742810.817593857
-4978769.199192832,375265.8322724995,-3742810.817593857
-4978796.476131317,374903.76493812795,-3742810.817593857
-4970954.721535888,464605.5349490332,-3743173.901027682
-4971224.176817461,461713.47228640603,-3743173.901027682
-4972934.619274065,442911.29934866447,-3743173.901027682
-4974819.839505422,421208.63135560125,-3743173.901027682
-4975094.454362913,417952.5294008802,-3743173.901027682
-4979383.958399001,363296.76781373983,-3743173.901027682
-4972469.748782459,445056.84096499893,-3743536.964657029
-4972695.662621357,442525.5260357116,-3743536.964657029
-4970446.37906421,464193.4071274529,-3743900.0084974086
-4970682.034725225,461663.1196370433,-3743900.0084974086
-4972327.826237859,443586.1977043399,-3743900.0084974086
-4972456.649863931,442139.78739430296,-3743900.0084974086
-4973315.203560233,432375.54557322216,-3743900.0084974086
-4973346.6336490195,432013.87471362675,-3743900.0084974086
-4970276.428921847,463083.7540573802,-3744263.0325381816
-4970343.729158246,462360.85170057375,-3744263.0325381816
-4970377.339839995,461999.3969401699,-3744263.0325381816
-4972056.6259920085,443562.00366684335,-3744263.0325381816
-4972823.214465664,434883.4566172535,-3744263.0325381816
-4972854.826936202,434521.821529486,-3744263.0325381816
-4972886.413107809,434160.1841437486,-3744263.0325381816
-4972917.972972746,433798.5445487514,-3744263.0325381816
-4972949.506545996,433436.90257281467,-3744263.0325381816
-4972981.013819814,433075.25830465223,-3744263.0325381816
-4973106.779902366,431628.6585215415,-3744263.0325381816
-4967831.649172044,485823.57933549973,-3744626.03676872
-4970072.596063012,462335.6298375261,-3744626.03676872
-4971978.456050295,441368.41450823995,-3744626.03676872
-4972361.729414841,437029.3772785077,-3744626.03676872
-4972393.497942367,436667.77574520843,-3744626.03676872
-4972425.240173401,436306.1719025883,-3744626.03676872
-4972866.870144864,431243.47713261214,-3744626.03676872
-4971481.880263629,443875.1460354216,-3744989.0212045265
-4971771.331034167,440621.22391495435,-3744989.0212045265
-4972090.445137352,437005.53363934613,-3744989.0212045265
-4972122.211931636,436643.9518344609,-3744989.0212045265
-4972720.784726523,429773.4614961628,-3744989.0212045265
-4971145.994812947,444573.95386734704,-3745351.9858349706
-4971564.067550801,439874.1006694799,-3745351.9858349706
-4971819.134564978,436981.68768908223,-3745351.9858349706
-4972480.6789078405,429388.4023704725,-3745351.9858349706
-4973222.529147236,420709.1367969238,-3745351.9858349706
-4977754.546539511,363177.8856253134,-3745351.9858349706
-4971356.665630691,439127.0447140353,-3745714.930649424
-4971388.586707566,438765.51626549376,-3745714.930649424
-4971547.797705662,436957.8394284141,-3745714.930649424
-4972951.11569771,420686.1766101644,-3745714.930649424
-4974797.337893632,398260.09741926554,-3745714.930649424
-4971308.196141378,436572.4662481531,-3746077.855663381
-4971969.116132413,428979.9616927432,-3746077.855663381
-4971036.804959044,436548.6331014008,-3746440.7608662215
-4971760.025481337,428233.4344092518,-3746440.7608662215
-4971791.154351386,427871.87665635726,-3746440.7608662215
-4971822.256928129,427510.3166406633,-3746440.7608662215
-4971853.333203947,427148.7544508588,-3746440.7608662215
-4971915.406889437,426425.62312268605,-3746440.7608662215
-4972469.336944644,419917.0375983897,-3746440.7608662215
-4977018.586911776,362032.6102091242,-3746440.7608662215
-4969898.69168062,446284.0249203587,-3746803.646247311
-4969931.13323168,445922.60247976065,-3746803.646247311
-4969963.548491494,445561.1777676412,-3746803.646247311
-4970765.387493912,436524.7976465346,-3746803.646247311
-4971674.937154837,426040.79116242455,-3746803.646247311
-4972075.488653694,421340.4461916472,-3746803.646247311
-4969594.829188305,446621.0545680619,-3747166.51182215
-4969627.295249659,446259.6542240784,-3747166.51182215
-4969659.735029148,445898.2515200518,-3747166.51182215
-4971403.443726589,426017.52590948105,-3747166.51182215
-4971803.973352115,421317.43761533406,-3747166.51182215
-4971834.599276529,420955.87668474973,-3747166.51182215
-4973768.877271351,397449.7303628502,-3747166.51182215
-4965909.175926568,483083.6061423771,-3747529.3575801095
-4970031.55149311,438645.7468598084,-3747529.3575801095
-4971069.913076795,426717.27569654473,-3747529.3575801095
-4971100.931690488,426355.7681340536,-3747529.3575801095
-4971131.924007089,425994.2584035451,-3747529.3575801095
-4971162.890041312,425632.74633340555,-3747529.3575801095
-4971193.829785552,425271.2320123038,-3747529.3575801095
-4971224.743232229,424909.71552892396,-3747529.3575801095
-4971255.630396017,424548.196711645,-3747529.3575801095
-4971286.491269331,424186.67564914597,-3747529.3575801095
-4971317.325844611,423825.1524301019,-3747529.3575801095
-4971348.134136493,423463.6268828926,-3747529.3575801095
-4970705.161983164,427778.4162558295,-3747892.1835105647
-4970860.378004291,425970.9886452983,-3747892.1835105647
-4970984.077635809,424525.0059439135,-3747892.1835105647
-4971014.936823361,424163.5046293514,-3747892.1835105647
-4971076.576323307,423440.4953593345,-3747892.1835105647
-4971107.356642773,423078.9873209452,-3747892.1835105647
-4970712.498580048,424501.8129305261,-3748254.9896290135
-4970743.356081675,424140.3313658131,-3748254.9896290135
-4970804.992214079,423417.36159585736,-3748254.9896290135
-4970835.770851928,423055.87330768455,-3748254.9896290135
-4970866.523194145,422694.3828689368,-3748254.9896290135
-4970348.168081168,425562.9895475056,-3748617.775924823
-4970379.102754706,425201.53447484586,-3748617.775924823
-4970564.158772836,423032.7570570945,-3748617.775924823
-4970656.331912126,421948.3381201099,-3748617.775924823
-4967516.7563696345,454447.1014185875,-3748980.5423873765
-4967681.669608735,452640.83138204325,-3748980.5423873765
-4970292.520413447,423009.6385698515,-3748980.5423873765
-4966713.1367752375,460201.60579225083,-3749343.2890321626
-4967179.097852644,455144.71417922317,-3749343.2890321626
-4967311.283932719,453699.80108455446,-3749343.2890321626
-4967672.62836669,449726.09260066866,-3749343.2890321626
-4970388.088643168,418649.1959428477,-3749343.2890321626
-4970479.3054419765,417564.8155227295,-3749343.2890321626
-4974975.1498469645,360065.4932018031,-3749343.2890321626
-4964351.403862132,482203.2078711173,-3749706.0158485603
-4966508.504078075,459454.10394213727,-3749706.0158485603
-4966940.646381963,454758.6283159938,-3749706.0158485603
-4967039.741118826,453674.99915175675,-3749706.0158485603
-4967072.720164302,453313.7846003834,-3749706.0158485603
-4967105.67293352,452952.56773835066,-3749706.0158485603
-4967138.5994421225,452591.34839419037,-3749706.0158485603
-4967171.499682024,452230.1266564974,-3749706.0158485603
-4967204.373645163,451868.90261388425,-3749706.0158485603
-4967401.065799558,449701.50789443916,-3749706.0158485603
-4969718.392917185,423324.804151314,-3749706.0158485603
-4969902.630120154,421156.3152012544,-3749706.0158485603
-4964115.033535454,481815.8443948451,-3750068.7228259398
-4965935.204813263,462679.27950024913,-3750068.7228259398
-4966303.73276178,458706.6688408126,-3750068.7228259398
-4966370.396410918,457984.34442225815,-3750068.7228259398
-4966669.082724344,454733.76473794214,-3750068.7228259398
-4966932.79556846,451844.1970293616,-3750068.7228259398
-4967129.476968861,449676.92081055493,-3750068.7228259398
-4969323.333679085,424747.1947349426,-3750068.7228259398
-4969630.904518353,421133.2888038142,-3750068.7228259398
-4969692.103305931,420410.48086517816,-3750068.7228259398
-4969722.663280168,420049.0735165279,-3750068.7228259398
-4969783.704374061,419326.2522435871,-3750068.7228259398
-4970057.088296053,416073.44683454424,-3750068.7228259398
-4974405.005017587,360387.8745721066,-3750068.7228259398
-4965629.996741368,463015.09100594866,-3750431.4099798
-4966661.191217627,451819.4890546693,-3750431.4099798
-4966694.035327592,451458.3020371303,-3750431.4099798
-4966857.8618629975,449652.3313479655,-3750431.4099798
-4971553.362186726,394362.0239916417,-3750431.4099798
-4966520.7722573625,450350.09540466947,-3750794.077299517
-4969604.156573815,414943.751199035,-3750794.077299517
-4965053.14119229,463325.51334442076,-3751156.724774466
-4969422.727332771,413836.90416373854,-3751156.724774466
-4969542.897362993,412391.3401713577,-3751156.724774466
-4969572.87416921,412029.9436944752,-3751156.724774466
-4971066.8383384915,393595.8777104486,-3751156.724774466
-4974915.922650091,341518.3578402337,-3751156.724774466
-4974618.910475472,341861.4397047651,-3751519.3524201373
-4974668.579587703,341137.90712856175,-3751519.3524201373
-4964442.432049285,463996.8700325015,-3751881.9602259104
-4965310.870445689,454609.410775055,-3751881.9602259104
-4968969.130243599,412707.5710688458,-3751881.9602259104
-4974371.567419042,341480.9889062697,-3751881.9602259104
-4962520.9522158485,481296.8413187737,-3752244.5481811655
-4965039.149212336,454584.53276982775,-3752244.5481811655
-4964502.109449435,457447.9598339788,-3752607.1163013903
-4964767.401714866,454559.6523599344,-3752607.1163013903
-4963492.173092079,465364.5285432278,-3752969.6645759623
-4964230.350218035,457422.918912809,-3752969.6645759623
-4964462.56013004,454895.7966828024,-3752969.6645759623
-4963958.56473984,457397.8755731605,-3753332.1929942654
-4964091.406366299,455953.89928491774,-3753332.1929942654
-4964124.551145879,455592.8991364891,-3753332.1929942654
-4969291.323707492,395273.5624327771,-3753332.1929942654
-4969320.055674351,394912.18429611006,-3753332.1929942654
-4962813.092505859,466757.2133822354,-3753694.701571783
-4963686.753003244,457372.82981396373,-3753694.701571783
-4967729.0690732105,411149.58795666,-3753694.701571783
-4967758.955581448,410788.32338838483,-3753694.701571783
-4968730.47075634,398865.3862763781,-3753694.701571783
-4968990.463299413,395613.2745894695,-3753694.701571783
-4969076.654473099,394529.19963210815,-3753694.701571783
-4963414.915016206,457347.7816359522,-3754057.1902978984
-4967576.391562292,409682.0791364988,-3754057.1902978984
-4968718.334852884,395591.6086944278,-3754057.1902978984
-4969061.661664737,391255.4338872921,-3754057.1902978984
-4971411.4160118485,360170.99372343573,-3754057.1902978984
-4962235.533046155,467066.95180890453,-3754419.6591619966
-4963143.050786685,457322.73103985935,-3754419.6591619966
-4967363.829431208,408937.1699374483,-3754419.6591619966
-4960689.055971697,480390.8929791787,-3754782.1081795543
-4961929.714948243,467402.2079626357,-3754782.1081795543
-4962604.275431862,460184.8819334523,-3754782.1081795543
-4962637.727901139,459823.9899210557,-3754782.1081795543
-4962837.891551781,457658.58701937716,-3754782.1081795543
-4962871.160303076,457297.6780246156,-3754782.1081795543
-4968202.751076899,395186.9738321836,-3754782.1081795543
-4970892.961623936,359770.0434615341,-3754782.1081795543
-4971205.027398895,355431.98457462597,-3754782.1081795543
-4962231.863964629,461242.270330879,-3755144.537339959
-4962265.393330351,460881.40539821686,-3755144.537339959
-4962298.896453145,460520.5380281822,-3755144.537339959
-4962332.3733248,460159.6683092963,-3755144.537339959
-4962365.82396121,459798.79607024713,-3755144.537339959
-4962399.248354159,459437.921399553,-3755144.537339959
-4962599.243573337,457272.62259095453,-3755144.537339959
-4962632.48424916,456911.7310388015,-3755144.537339959
-4970646.754012677,359388.85696291516,-3755144.537339959
-4970880.908819141,356135.4995268809,-3755144.537339959
-4970958.4872334525,355051.01307779556,-3755144.537339959
-4961959.941128577,461216.9949488142,-3755506.9466325957
-4961993.468656939,460856.1497910071,-3755506.9466325957
-4962026.969943812,460495.3021959611,-3755506.9466325957
-4962060.4449809855,460134.45225219254,-3755506.9466325957
-4962093.893784351,459773.5997883988,-3755506.9466325957
-4962127.316345694,459412.74489309336,-3755506.9466325957
-4962360.539459718,456886.6929637707,-3755506.9466325957
-4962393.752078552,456525.8186850768,-3755506.9466325957
-4966606.800706852,408147.5970366212,-3755506.9466325957
-4970660.254428615,355393.03431268706,-3755506.9466325957
-4961654.44012204,461552.5399824357,-3755869.336072943
-4961687.992044688,461191.7171269981,-3755869.336072943
-4961721.517735515,460830.8917459549,-3755869.336072943
-4961755.01718629,460470.06392780633,-3755869.336072943
-4961788.490388803,460109.233761064,-3755869.336072943
-4961821.9373589475,459748.4010744345,-3755869.336072943
-4962121.779218878,456500.79797156114,-3755869.336072943
-4962154.963775263,456139.9410570258,-3755869.336072943
-4962188.12208135,455779.0818167991,-3755869.336072943
-4962221.254152876,455418.22007958277,-3755869.336072943
-4970101.95980161,359349.46712523716,-3755869.336072943
-4960466.69676208,471267.9957105992,-3756231.705650387
-4960603.573190454,469825.0345787036,-3756231.705650387
-4960774.078468802,468021.27714324254,-3756231.705650387
-4961113.121358861,464413.5770492947,-3756231.705650387
-4961146.881351492,464052.7934655114,-3756231.705650387
-4961180.61510711,463692.00742758595,-3756231.705650387
-4961315.287739739,462248.83894579776,-3756231.705650387
-4961348.890307626,461888.04066578334,-3756231.705650387
-4961382.46663743,461527.23994307494,-3756231.705650387
-4961416.016720927,461166.4368661711,-3756231.705650387
-4961449.54057404,460805.6312637999,-3756231.705650387
-4961483.03818854,460444.82322445704,-3756231.705650387
-4961516.509556218,460084.0128366491,-3756231.705650387
-4961982.353612442,455032.41192856006,-3756231.705650387
-4962015.431377206,454671.56524382526,-3756231.705650387
-4962410.317722978,450341.21732672554,-3756231.705650387
-4969855.641324367,358968.3521748798,-3756231.705650387
-4960841.136408938,464388.11633102293,-3756594.055354317
-4960874.894550733,464027.3525266122,-3756594.055354317
-4960908.626456952,463666.5862681939,-3756594.055354317
-4960942.332119331,463305.8176442578,-3756594.055354317
-4961076.892432054,461862.7184059321,-3756594.055354317
-4961110.466921091,461501.9374635359,-3756594.055354317
-4961144.015165258,461141.1541670733,-3756594.055354317
-4961177.5371804815,460780.36834528187,-3756594.055354317
-4961211.032958529,460419.58008665236,-3756594.055354317
-4961244.502491194,460058.78947968653,-3756594.055354317
-4961277.9457943635,459697.99635310983,-3756594.055354317
-4961311.362859827,459337.20079542126,-3756594.055354317
-4961710.321008275,455007.465517393,-3756594.055354317
-4961743.396959605,454646.63861549017,-3756594.055354317
-4961776.446678706,454285.8092225921,-3756594.055354317
-4961809.470157466,453924.97742720676,-3756594.055354317
-4962170.9964798875,449955.6700058435,-3756594.055354317
-4962203.705060967,449594.80952943466,-3756594.055354317
-4959127.674078962,479511.6598035882,-3756956.385200206
-4959854.183400124,471937.70681275916,-3756956.385200206
-4960939.001484643,460394.33451331453,-3756956.385200206
-4960972.469182117,460033.56368909933,-3756956.385200206
-4961005.910651536,459672.7903454114,-3756956.385200206
-4961039.325884685,459312.01457074494,-3756956.385200206
-4961072.714873379,458951.2364535965,-3756956.385200206
-4961438.262157593,454982.51669932186,-3756956.385200206
-4961471.336295313,454621.70958215976,-3756956.385200206
-4961504.384202244,454260.899974139,-3756956.385200206
-4961537.405870271,453900.0879637627,-3756956.385200206
-4961964.299695825,449209.314515541,-3756956.385200206
-4969336.775462259,358567.61111646553,-3756956.385200206
-4960666.943774845,460369.0865051826,-3757318.695177442
-4960700.409636953,460008.3354656259,-3757318.695177442
-4960733.849272442,459647.58190673473,-3757318.695177442
-4960767.2626731,459286.82591699826,-3757318.695177442
-4960800.649830745,458926.06758490833,-3757318.695177442
-4961099.953693447,455679.13308924215,-3757318.695177442
-4961133.078499373,455318.3504861346,-3757318.695177442
-4961166.177068359,454957.565475077,-3757318.695177442
-4961199.249392294,454596.7781445637,-3757318.695177442
-4961724.838273072,448823.854239215,-3757318.695177442
-4965245.5192666575,408035.7291616312,-3757318.695177442
-4966582.702056695,391423.6662509128,-3757318.695177442
-4960860.968994957,455293.37706801784,-3757680.985275415
-4960894.065748544,454932.6118453894,-3757680.985275415
-4960927.13625852,454571.84430343256,-3757680.985275415
-4961452.696311663,448799.23703290056,-3757680.985275415
-4961485.320796457,448438.4287958161,-3757680.985275415
-4961245.747250168,448053.03827890113,-3758043.255509598
-4961278.3174704,447692.24509354925,-3758043.255509598
-4964671.139810122,408352.00900117634,-3758043.255509598
-4960448.886351653,453800.5061074079,-3758405.5058693835
-4961038.659858446,447306.90676605434,-3758405.5058693835
-4968660.302414046,352707.88574323885,-3758405.5058693835
-4968685.938918967,352346.55360829533,-3758405.5058693835
-4958937.755402181,467120.37235062546,-3758767.7363441577
-4959073.425408705,465677.85605864745,-3758767.7363441577
-4960176.690890005,453775.60464363184,-3758767.7363441577
-4960209.677261953,453414.88927369786,-3758767.7363441577
-4960798.946202574,446921.603386593,-3758767.7363441577
-4958324.609651926,470700.65569141076,-3759129.9469493935
-4958597.613076355,467815.93981150386,-3759129.9469493935
-4958902.735818264,464570.44529585156,-3759129.9469493935
-4959937.453751554,453390.00520611677,-3759129.9469493935
-4959970.412090464,453029.30714845035,-3759129.9469493935
-4960003.344198582,452668.60669493943,-3759129.9469493935
-4960559.176510394,446536.33478897536,-3759129.9469493935
-4968063.637838514,353391.75476375624,-3759129.9469493935
-4957708.853055586,474280.2917031459,-3759492.137674482
-4959067.501501772,459856.9150428619,-3759492.137674482
-4960513.548734009,443986.7110512249,-3759492.137674482
-4957402.18263772,474614.7683821719,-3759854.3085088166
-4958795.258350821,459831.66979352833,-3759854.3085088166
-4958828.685143857,459471.05478162644,-3759854.3085088166
-4958862.085712139,459110.4373398129,-3759854.3085088166
-4959128.346122184,456225.41081701,-3759854.3085088166
-4959623.060282998,450815.570601557,-3759854.3085088166
-4960370.15974209,442519.442655269,-3759854.3085088166
-4964303.16852822,395966.70280260703,-3759854.3085088166
-4958556.413926455,459445.826899925,-3760216.459467867
-4958856.058451489,456200.36114179436,-3760216.459467867
-4960065.611622327,442855.8527879786,-3760216.459467867
-4960097.8038879335,442495.14552483236,-3760216.459467867
-4963420.135806276,403525.3813823249,-3760216.459467867
-4963449.467877915,403164.43018870684,-3760216.459467867
-4964030.5967268795,395944.9617135176,-3760216.459467867
-4964088.132087076,395222.9684863768,-3760216.459467867
-4967245.471674307,353333.5563996582,-3760216.459467867
-4958450.838748987,457617.68330559146,-3760578.5905410224
-4958484.104537279,457257.0933464461,-3760578.5905410224
-4958517.34410264,456896.5009690977,-3760578.5905410224
-4959372.367909602,447520.2573953578,-3760578.5905410224
-4959404.899389866,447159.6004474178,-3760578.5905410224
-4959502.336455376,446077.6155089665,-3760578.5905410224
-4963118.2145745065,403864.15107467154,-3760578.5905410224
-4963147.571275931,403503.2219231114,-3760578.5905410224
-4963176.901736809,403142.2905510055,-3760578.5905410224
-4963757.998673281,395923.21853047464,-3760578.5905410224
-4963844.257590767,394840.28511242906,-3760578.5905410224
-4964073.12630809,391952.3708696311,-3760578.5905410224
-4964101.616758027,391591.37230644113,-3760578.5905410224
-4964130.080962165,391230.37158568006,-3760578.5905410224
-4966792.19740911,355842.56648198556,-3760578.5905410224
-4966998.377675344,352952.9437970443,-3760578.5905410224
-4967100.837375729,351508.0876819653,-3760578.5905410224
-4956377.997848217,476699.25593550026,-3760940.701717676
-4957710.057361264,462640.2763512222,-3760940.701717676
-4958145.215761502,457953.11723437527,-3760940.701717676
-4958178.505936063,457592.5495864136,-3760940.701717676
-4958211.7698973,457231.97943193733,-3760940.701717676
-4958245.007637044,456871.4068593908,-3760940.701717676
-4958542.967274921,453626.1454675874,-3760940.701717676
-4958575.942782213,453265.5489057635,-3760940.701717676
-4959034.846425917,448216.9453477197,-3760940.701717676
-4959262.3706703745,445692.46910422185,-3760940.701717676
-4962845.625415472,403841.96965876606,-3760940.701717676
-4962874.98050454,403481.06033050444,-3760940.701717676
-4962904.309354502,403120.148781819,-3760940.701717676
-4962933.611958156,402759.2351012292,-3760940.701717676
-4963485.374375408,395901.47325411503,-3760940.701717676
-4963600.327451428,394457.63712651987,-3760940.701717676
-4963629.000097567,394096.6728529698,-3760940.701717676
-4963800.4847024735,391930.8436839914,-3760940.701717676
-4963828.973587631,391569.8649479122,-3760940.701717676
-4963857.43622843,391208.88405438047,-3760940.701717676
-4963942.666635326,390125.9290546187,-3760940.701717676
-4966751.228321532,352572.36722397705,-3760940.701717676
-4957872.858549398,457927.9612881784,-3761302.7930133017
-4957906.146895288,457567.4134466554,-3761302.7930133017
-4957939.409029293,457206.86309875554,-3761302.7930133017
-4958729.833764908,448552.934446072,-3761302.7930133017
-4959119.381849764,444225.4560832238,-3761302.7930133017
-4962631.690719345,403098.0048802011,-3761302.7930133017
-4963212.72382161,395879.7258835095,-3761302.7930133017
-4963356.341654227,394075.02462234185,-3761302.7930133017
-4963384.986469772,393714.0781795816,-3761302.7930133017
-4963413.605043344,393353.12956803915,-3761302.7930133017
-4963442.197367915,392992.17887624743,-3761302.7930133017
-4963470.7634364795,392631.2261927478,-3761302.7930133017
-4966504.0236173095,352191.82651419943,-3761302.7930133017
-4966529.622599044,351830.6511896498,-3761302.7930133017
-4957266.167916384,461507.95035414305,-3761664.8644172875
-4957299.7166160345,461147.446536414,-3761664.8644172875
-4957600.475117601,457902.802920231,-3761664.8644172875
-4957633.761634642,457542.27488705347,-3761664.8644172875
-4957667.02194124,457181.74434763676,-3761664.8644172875
-4958424.772239493,448888.87917857873,-3761664.8644172875
-4962968.821503321,395497.0601589964,-3761664.8644172875
-4962997.569740112,395136.1418071121,-3761664.8644172875
-4963083.656962194,394053.3743076495,-3761664.8644172875
-4963112.300204004,393692.4476951337,-3761664.8644172875
-4963140.917205284,393331.51891395485,-3761664.8644172875
-4963169.507959005,392970.588052641,-3761664.8644172875
-4963198.072458163,392609.65519972873,-3761664.8644172875
-4956960.20357107,461843.07303822617,-3762026.915919033
-4956993.77664234,461482.59146996785,-3762026.915919033
-4957027.323498561,461122.10746115976,-3762026.915919033
-4957060.8441315135,460761.62110022275,-3762026.915919033
-4957361.350162103,457517.13390834397,-3762026.915919033
-4957955.991367125,451027.5729570849,-3762026.915919033
-4957988.77791034,450667.01900168764,-3762026.915919033
-4958021.538233242,450306.4626629367,-3762026.915919033
-4958054.272327806,449945.90402927686,-3762026.915919033
-4958086.98020957,449585.34292954387,-3762026.915919033
-4958119.661870503,449224.77945218206,-3762026.915919033
-4961703.115721156,407744.62025109195,-3762026.915919033
-4961851.047850946,405940.46711458394,-3762026.915919033
-4962580.867808376,396918.9014937361,-3762026.915919033
-4962753.583942569,394753.52939007524,-3762026.915919033
-4962810.946029452,394031.7219095266,-3762026.915919033
-4962839.587697377,393670.8151291636,-3762026.915919033
-4962868.2031262135,393309.9061802566,-3762026.915919033
-4962896.792308933,392948.995151329,-3762026.915919033
-4962925.355238532,392588.0821309124,-3762026.915919033
-4955530.77050631,474071.9249641052,-3762388.9475339954
-4956687.787920494,461817.69190219947,-3762388.9475339954
-4956721.359146716,461457.23014463496,-3762388.9475339954
-4956754.90415933,461096.7659466549,-3762388.9475339954
-4956788.422950115,460736.299396675,-3762388.9475339954
-4956821.915534983,460375.8303235835,-3762388.9475339954
-4957420.299225947,453886.9730412493,-3762388.9475339954
-4957453.293712038,453526.45803492604,-3762388.9475339954
-4957486.2619727375,453165.9407166506,-3762388.9475339954
-4957519.204023698,452805.4209152872,-3762388.9475339954
-4957552.11985683,452444.8987192633,-3762388.9475339954
-4957585.009464068,452084.37421700894,-3762388.9475339954
-4957617.872861027,451723.84723738465,-3762388.9475339954
-4957650.710039634,451363.31786881544,-3762388.9475339954
-4961489.687737667,407000.5969858258,-3762388.9475339954
-4961519.272532144,406639.7862557688,-3762388.9475339954
-4961548.831094741,406278.9732886024,-3762388.9475339954
-4961578.363418198,405918.1581728328,-3762388.9475339954
-4962047.3119016,400144.82618688553,-3762388.9475339954
-4962509.542499227,394370.9523762432,-3762388.9475339954
-4962538.208844357,394010.0674270488,-3762388.9475339954
-4962566.848938245,393649.1804807476,-3762388.9475339954
-4962595.462794486,393288.29136602173,-3762388.9475339954
-4962624.050406054,392927.40017138945,-3762388.9475339954
-4962652.611765943,392566.50698537764,-3762388.9475339954
-4956415.346056487,461792.30832385115,-3762750.95925158
-4956448.915437484,461431.86637888674,-3762750.95925158
-4956482.458606313,461071.42199364095,-3762750.95925158
-4956515.975554755,460710.97525652463,-3762750.95925158
-4956549.46629872,460350.5259964354,-3762750.95925158
-4956582.930829985,459990.07430178113,-3762750.95925158
-4957114.798211395,454222.5181614451,-3762750.95925158
-4957312.518284729,452059.52562559675,-3762750.95925158
-4957345.379875367,451699.01846215746,-3762750.95925158
-4961216.98193964,406978.22640166985,-3762750.95925158
-4961246.565108003,406617.43550339405,-3762750.95925158
-4961276.122045929,406256.6423681319,-3762750.95925158
-4961716.327468934,400844.4890222625,-3762750.95925158
-4962265.445414892,393988.4108608498,-3762750.95925158
-4962294.083934592,393627.543750519,-3762750.95925158
-4962322.696218086,393266.6744718827,-3762750.95925158
-4962351.28225835,392905.80311345437,-3762750.95925158
-4962379.842048378,392544.92976375594,-3762750.95925158
-4962408.375601729,392184.0542514758,-3762750.95925158
-4962465.363970393,391462.297093237,-3762750.95925158
-4956142.877987034,461766.9223039249,-3763112.951061177
-4956176.445522628,461406.5001734664,-3763112.951061177
-4956209.986847494,461046.0756028606,-3763112.951061177
-4956243.501953415,460685.6486805136,-3763112.951061177
-4956276.990856299,460325.2192353323,-3763112.951061177
-4956310.453547926,459964.7873557199,-3763112.951061177
-4956842.291691092,454197.5482741405,-3763112.951061177
-4960944.249910778,406955.85366574774,-3763112.951061177
-4961443.567989646,400822.4534751081,-3763112.951061177
-4962021.292694409,393605.90493911173,-3763112.951061177
-4962049.903405007,393245.055498473,-3763112.951061177
-4962078.487873815,392884.20397815655,-3763112.951061177
-4962107.046093831,392523.3504666795,-3763112.951061177
-4962135.578078613,392162.4947927396,-3763112.951061177
-4962164.083821152,391801.63704484503,-3763112.951061177
-4954782.4442762,473273.1072078887,-3763474.9229782517
-4955903.949390508,461381.13152729045,-3763474.9229782517
-4955937.4888712345,461020.72677323123,-3763474.9229782517
-4955971.002134458,460660.3196675601,-3763474.9229782517
-4956004.489196085,460299.9100391934,-3763474.9229782517
-4956037.950047894,459939.49797652947,-3763474.9229782517
-4956071.384681688,459579.0835679779,-3763474.9229782517
-4956536.717487157,454533.026649858,-3763474.9229782517
-4961170.782265234,400800.4158076765,-3763474.9229782517
-4961199.916177716,400439.6281988803,-3763474.9229782517
-4961862.754306711,392140.933259536,-3763474.9229782517
-4961891.258481973,391780.0953520045,-3763474.9229782517
-4956231.094485163,454868.4606645669,-3763836.8749922006
-4956264.160350197,454508.0321370643,-3763836.8749922006
-4960369.102604356,407271.8310625052,-3763836.8749922006
-4960897.970303685,400778.3760206132,-3763836.8749922006
-4960927.10261411,400417.60825132247,-3763836.8749922006
-4961618.406901847,391758.5515872362,-3763836.8749922006
-4955892.306248532,455564.25403073226,-3764198.8070924236
-4955925.422706043,455203.85022526194,-3764198.8070924236
-4955958.512962105,454843.4439259533,-3764198.8070924236
-4960096.293500191,407249.4320310853,-3764198.8070924236
-4960595.975170522,401117.0799230402,-3764198.8070924236
-4960625.132112991,400756.3341145636,-3764198.8070924236
-4960654.262821205,400395.5861866859,-3764198.8070924236
-4960683.367288028,400034.8362278988,-3764198.8070924236
-4954951.905922009,462746.3676201326,-3764560.719294381
-4955553.394240256,456259.95614303526,-3764560.719294381
-4955586.561299497,455899.57689560746,-3764560.719294381
-4955619.70215113,455539.195237158,-3764560.719294381
-4955652.816787035,455178.8112560801,-3764560.719294381
-4960323.112342836,401095.0160538582,-3764560.719294381
-4960381.396787345,400373.5620040299,-3764560.719294381
-4960410.499653246,400012.8318886758,-3764560.719294381
-4960439.576293017,399652.09957127605,-3764560.719294381
-4960872.577776571,394240.8626844952,-3764560.719294381
-4955247.576150369,456595.2122102411,-3764922.611587466
-4955280.767582966,456234.8552881351,-3764922.611587466
-4955313.932817543,455874.4958667453,-3764922.611587466
-4960050.223282501,401072.95006348676,-3764922.611587466
-4960079.377017199,400712.2439433273,-3764922.611587466
-4960108.504520528,400351.53570399986,-3764922.611587466
-4960137.605785353,399990.82543398644,-3764922.611587466
-4960166.6808254905,399630.11296204856,-3764922.611587466
-4960195.729633796,399269.39837667206,-3764922.611587466
-4954974.925119913,456570.0891153408,-3765284.48396109
-4959277.708791653,407182.2220138003,-3765284.48396109
-4959806.460128082,400690.1956794316,-3765284.48396109
-4959835.586028738,400329.5072872403,-3765284.48396109
-4959864.685692334,399968.81686447473,-3765284.48396109
-4959893.759132684,399608.12423990585,-3765284.48396109
-4959922.8063426465,399247.4295020147,-3765284.48396109
-4959951.827315107,398886.73273927125,-3765284.48396109
-4959980.822063842,398526.03378044773,-3765284.48396109
-4954669.033887793,456905.2785418975,-3765646.3364307
-4958975.172151336,407520.44232488394,-3765646.3364307
-4959093.505239294,406077.9176703672,-3765646.3364307
-4959123.022948066,405717.28111147834,-3765646.3364307
-4959533.517002496,400668.14529595803,-3765646.3364307
-4959562.641300323,400307.4767528108,-3765646.3364307
-4959591.739362536,399946.8061792011,-3765646.3364307
-4959620.811202945,399586.1334039092,-3765646.3364307
-4959649.8568144115,399225.45851541136,-3765646.3364307
-4959678.876189819,398864.78160217265,-3765646.3364307
-4959707.869342943,398504.10249297466,-3765646.3364307
-4960367.472186313,390207.90586816357,-3765646.3364307
-4960395.835791798,389847.1767057386,-3765646.3364307
-4954296.538584356,457961.0015099703,-3766008.1689857044
-4958731.85451023,407137.4045681445,-3766008.1689857044
-4958820.560103177,406055.5674177665,-3766008.1689857044
-4958850.0761873135,405694.9507080687,-3766008.1689857044
-4959260.54764843,400646.0927935521,-3766008.1689857044
-4959289.670343276,400285.4441013564,-3766008.1689857044
-4959318.766803951,399924.7933788099,-3766008.1689857044
-4959347.837044266,399564.1404547024,-3766008.1689857044
-4959376.881057082,399203.48541750526,-3766008.1689857044
-4959405.898835282,398842.8283556787,-3766008.1689857044
-4959434.890392643,398482.16909801384,-3766008.1689857044
-4960151.154789066,389465.00841236225,-3766008.1689857044
-4952739.424808498,471624.16343235056,-3766369.9816154977
-4953990.501133931,458296.05743499356,-3766369.9816154977
-4958458.888038993,407114.99261607806,-3766369.9816154977
-4958547.588748907,406033.21501827886,-3766369.9816154977
-4958987.552073885,400624.03817286005,-3766369.9816154977
-4959016.673165596,400263.4093335226,-3766369.9816154977
-4959045.768024579,399902.7784639462,-3766369.9816154977
-4959074.836664646,399542.14539293,-3766369.9816154977
-4959103.879078657,399181.5102089404,-3766369.9816154977
-4959132.895259498,398820.8730004329,-3766369.9816154977
-4959161.885220942,398460.2335962079,-3766369.9816154977
-4959507.719018782,394132.39727126854,-3766369.9816154977
-4959906.418204562,389082.8757975206,-3766369.9816154977
-4958685.3845546255,400962.5882989263,-3766731.774335541
-4958714.530267198,400601.9814329397,-3766731.774335541
-4958743.6497556195,400241.37244836823,-3766731.774335541
-4958772.743012757,399880.76143366954,-3766731.774335541
-4958830.850867475,399159.532888778,-3766731.774335541
-4958859.865450802,398798.91553549725,-3766731.774335541
-4958888.853816177,398438.29598661984,-3766731.774335541
-4953110.426180718,461847.716452005,-3767093.5471352367
-4958412.338128677,400940.509583867,-3767093.5471352367
-4958441.482236361,400579.92257443676,-3767093.5471352367
-4958470.600121339,400219.3334465383,-3767093.5471352367
-4958499.691776477,399858.74228862446,-3767093.5471352367
-4958586.809417188,398776.95596151444,-3767093.5471352367
-4959416.7783121355,388318.7172003605,-3767093.5471352367
-4961826.186412462,356212.1600445835,-3767093.5471352367
-4952024.070400072,470465.90593812795,-3767455.3000039854
-4952871.217090934,461462.09961821826,-3767455.3000039854
-4957639.831281185,407047.7438411187,-3767455.3000039854
-4958110.096769988,401278.9936931417,-3767455.3000039854
-4958139.265486735,400918.42874896515,-3767455.3000039854
-4958168.407989378,400557.8615979978,-3767455.3000039854
-4958197.524270758,400197.29232867894,-3767455.3000039854
-4961552.925761032,356192.54251602764,-3767455.3000039854
-4952631.951919485,461076.51749300904,-3767817.032957241
-4957836.999507028,401256.89087720535,-3767817.032957241
-4957866.1666171355,400896.3457932775,-3767817.032957241
-4957895.307514582,400535.7985026803,-3767817.032957241
-4957924.42219221,400175.24909384834,-3767817.032957241
-4958040.618687551,398733.03048740036,-3767817.032957241
-4958069.602263794,398372.4705160078,-3767817.032957241
-4958898.7192674335,387915.32349870144,-3767817.032957241
-4952559.815243479,458890.1990093662,-3768178.7459844076
-4957123.247324276,406642.40943192533,-3768178.7459844076
-4957152.8060821695,406281.91623927193,-3768178.7459844076
-4957563.876024562,401234.7859392232,-3768178.7459844076
-4957593.041527876,400874.26071745076,-3768178.7459844076
-4957622.180819972,400513.73328913056,-3768178.7459844076
-4957651.293893696,400153.2037426922,-3768178.7459844076
-4958625.537295631,387893.95353755384,-3768178.7459844076
-4961006.325729026,356153.30180690845,-3768178.7459844076
-4956850.121907873,406620.0044256622,-3768540.4390748916
-4956879.67903715,406259.53109530563,-3768540.4390748916
-4957290.72633059,401212.6788798427,-3768540.4390748916
-4957319.8902269555,400852.17352213175,-3768540.4390748916
-4957349.027913549,400491.6659579947,-3768540.4390748916
-4957378.139383213,400131.1562758562,-3768540.4390748916
-4958352.329106709,387872.5815255431,-3768540.4390748916
-4958380.522887931,387511.9989146473,-3768540.4390748916
-4960732.9863644615,356133.67862749443,-3768540.4390748916
-4951880.360533694,460280.0922072618,-3768902.112244145
-4952080.72422052,458119.38304900186,-3768902.112244145
-4956606.525771133,406237.14380229975,-3768902.112244145
-4956636.055065732,405876.68810125254,-3768902.112244145
-4956812.680337455,403713.90905868344,-3768902.112244145
-4956842.026136686,403353.43837232614,-3768902.112244145
-4956871.345714637,402992.96563934605,-3768902.112244145
-4956900.639085224,402632.49068862817,-3768902.112244145
-4958050.876247406,388211.768064745,-3768902.112244145
-4958079.094688999,387851.20746175654,-3768902.112244145
-4956362.873959233,405854.318526096,-3769263.765481568
-4956510.119101884,404052.1073677724,-3769263.765481568
-4956539.489496393,403691.6586833965,-3769263.765481568
-4956568.833678253,403331.2078640983,-3769263.765481568
-4956598.151640278,402970.75499829,-3769263.765481568
-4956627.443396384,402610.2999148661,-3769263.765481568
-4957692.809176993,389271.98211848363,-3769263.765481568
-4957721.104720461,388911.4475520618,-3769263.765481568
-4957749.374051828,388550.910842351,-3769263.765481568
-4951367.952086594,459869.2813706673,-3769625.398776572
-4956236.903673707,404029.83498925046,-3769625.398776572
-4956266.272449245,403669.40617372165,-3769625.398776572
-4956295.615013579,403308.9752233882,-3769625.398776572
-4956324.931359524,402948.54222665745,-3769625.398776572
-4957419.528555933,389250.5244580095,-3769625.398776572
-4951094.978870346,459843.9283777158,-3769987.0121446038
-4951261.855536612,458043.62911097833,-3769987.0121446038
-4955934.268668971,404367.96719517093,-3769987.0121446038
-4955963.662027928,404007.5604734834,-3769987.0121446038
-4955993.02918434,403647.15152870835,-3769987.0121446038
-4956022.370130993,403286.74044924625,-3769987.0121446038
-4956051.684860703,402926.32732349966,-3769987.0121446038
-4956314.33799888,399682.51301217324,-3769987.0121446038
-4956343.390628014,399322.07857695204,-3769987.0121446038
-4957146.221711018,389229.06473847025,-3769987.0121446038
-4949909.584909523,469538.59655938554,-3770348.60557507
-4950821.979470247,459818.5729528811,-3770348.60557507
-4950988.846935067,458018.3729531991,-3770348.60557507
-4955661.00243432,404345.670670274,-3770348.60557507
-4955690.39417255,403985.2838211236,-3770348.60557507
-4955719.75970968,403624.89474900824,-3770348.60557507
-4955749.0990384985,403264.50354232354,-3770348.60557507
-4956041.050807511,399660.47483945626,-3770348.60557507
-4956070.101834706,399300.0602783003,-3770348.60557507
-4956099.126651734,398939.6436054512,-3770348.60557507
-4956844.571565199,389568.07592864207,-3770348.60557507
-4950715.812156785,457993.1143737971,-3770710.1790573844
-4955328.851129916,405044.0997132267,-3770710.1790573844
-4955358.293667272,404683.7369304613,-3770710.1790573844
-4955387.709998228,404323.37200753123,-3770710.1790573844
-4955417.100115577,403963.00503282336,-3770710.1790573844
-4955446.46403327,403602.6358352732,-3770710.1790573844
-4955475.801744097,403242.2645032714,-3770710.1790573844
-4955796.786837795,399278.03986847977,-3770710.1790573844
-4955825.8100541765,398917.64307171793,-3770710.1790573844
-4955854.807054728,398557.2442517764,-3770710.1790573844
-4956542.87212195,389907.043242508,-3770710.1790573844
-4950442.751190106,457967.8533716939,-3771071.7326069847
-4955084.976640554,404661.41625268495,-3771071.7326069847
-4955114.391349027,404301.07120599056,-3771071.7326069847
-4955143.779845338,403940.7241076316,-3771071.7326069847
-4955173.14214344,403580.3747865528,-3771071.7326069847
-4955552.467241191,398895.64042778214,-3771071.7326069847
-4955581.462642389,398535.2614859459,-3771071.7326069847
-4955610.431842967,398174.8803499646,-3771071.7326069847
-4950169.664043028,457942.5899476293,-3771433.2662132834
-4954811.6334088845,404639.0934348581,-3771433.2662132834
-4955279.098220783,398873.63567428803,-3771433.2662132834
-4955308.092022474,398513.27661246294,-3771433.2662132834
-4955337.0596249895,398152.91535661387,-3771433.2662132834
-4955882.464663146,391305.65411727043,-3771433.2662132834
-4948919.823863829,468355.3304335355,-3771794.7798656933
-4949863.236952619,458277.2894687637,-3771794.7798656933
-4954538.2639802685,404616.76847763424,-3771794.7798656933
-4955005.703000957,398851.62881187996,-3771794.7798656933
-4955034.695202986,398491.2896319713,-3771794.7798656933
-4955063.661207286,398130.9482581597,-3771794.7798656933
-4955523.553279482,392365.20165553776,-3771794.7798656933
-4955552.073773923,392004.82483365195,-3771794.7798656933
-4948646.7382569,468329.4861878775,-3772156.273579655
-4949556.761170822,458611.94450413116,-3772156.273579655
-4949590.0992873525,458252.0013379815,-3772156.273579655
-4954264.868343033,404594.4413800602,-3772156.273579655
-4955135.76551325,393784.9578451162,-3772156.273579655
-4955164.389263149,393424.6091337084,-3772156.273579655
-4955192.986800814,393064.25842816127,-3772156.273579655
-4958049.866541452,355216.2279259644,-3772156.273579655
-4948373.626479067,468303.63946546026,-3772517.747344579
-4949250.236718663,458946.5549608602,-3772517.747344579
-4949283.599169566,458586.63408491475,-3772517.747344579
-4954225.978630161,401689.9284724504,-3772517.747344579
-4954255.1772481995,401329.64590171643,-3772517.747344579
-4954284.34966567,400969.36120854935,-3772517.747344579
-4954313.495875427,400609.0744813273,-3772517.747344579
-4954342.615891307,400248.7855490172,-3772517.747344579
-4954371.709706157,399888.49449999013,-3772517.747344579
-4954400.777312851,399528.20142262575,-3772517.747344579
-4954429.818725187,399167.9061458836,-3772517.747344579
-4954458.833936033,398807.6087581473,-3772517.747344579
-4954747.544901211,395204.5195409568,-3772517.747344579
-4954776.271885586,394844.1990579993,-3772517.747344579
-4953923.294455815,402028.01665887126,-3772879.201149882
-4953952.517654112,401667.75618552143,-3772879.201149882
-4953981.714660458,401307.493501491,-3772879.201149882
-4954010.885467684,400947.22869514464,-3772879.201149882
-4954040.030068642,400586.9618548556,-3772879.201149882
-4954069.148477171,400226.6928096002,-3772879.201149882
-4954098.240686114,399866.4216477447,-3772879.201149882
-4954127.306688348,399506.14845766383,-3772879.201149882
-4954156.346497671,399145.8730683266,-3772879.201149882
-4954185.360106949,398785.5955681117,-3772879.201149882
-4954214.347509074,398425.3160453867,-3772879.201149882
-4954243.308717809,398065.0343291221,-3772879.201149882
-4954272.243726038,397704.7505076936,-3772879.201149882
-4954301.152526677,397344.46466947265,-3772879.201149882
-4954330.035133446,396984.1766434265,-3772879.201149882
-4954358.891539251,396623.8865179304,-3772879.201149882
-4954387.721737025,396263.5943813596,-3772879.201149882
-4954416.525740453,395903.30006268265,-3772879.201149882
-4954445.303542461,395543.0036502719,-3772879.201149882
-4953620.561098154,402366.0609040217,-3773240.635010998
-4953649.808887534,402005.82235870435,-3773240.635010998
-4953969.805482866,398043.0588087808,-3773240.635010998
-4947554.134141148,468226.08443964174,-3773602.048917342
-4953288.480018323,403064.2754258981,-3773602.048917342
-4953317.778577151,402704.0611148072,-3773602.048917342
-4956330.100478408,356179.88714474766,-3774324.816849398
-4956056.316742121,356160.2120508141,-3774686.170879963
-4945777.009187976,466606.3875701249,-3776131.3873416004
-4945058.372657425,465450.163591161,-3777215.0900132325
-4953968.450842964,354561.70748546324,-3777576.284290968
-4948446.812565847,418250.80387728655,-3778298.612902758
-4955611.171173988,322455.4416856252,-3778298.612902758
-4953146.296383605,354502.8648642759,-3778659.7472416577
-4955077.455255465,326401.48129970813,-3778659.7472416577
-4943552.173363932,463857.67235576734,-3779381.955958596
-4943038.55205993,463446.8485355451,-3780104.0847352
-4953885.320135331,327770.26026765746,-3780104.0847352
-4953360.493762269,327373.74174599117,-3780826.1335388664
-4941977.238831541,462984.79498349904,-3781548.1023629825
-4951055.597604575,352905.6799533427,-3781548.1023629825
-4941463.232923717,462574.1360300008,-3782269.9912009425
-4952499.591242495,323699.7256775775,-3782269.9912009425
-4948962.713121398,351309.6224990656,-3784435.177575863
-4948713.712401748,350930.2545570501,-3784795.9719281346
-4940037.991811503,454106.8658383845,-3785156.746273185
-4940136.944996088,453029.10593835893,-3785156.746273185
-4948464.656501311,350550.9228342679,-3785156.746273185
-4939522.729023607,453697.25585963624,-3785878.2348993486
-4938443.165898662,459393.3362927557,-3786599.643447748
-4938202.3604260385,459008.714328075,-3786960.3176761162
-4938302.383071745,457931.354784035,-3786960.3176761162
-4938028.150960124,457905.9250973415,-3787320.971885811
-4937687.244491873,458598.6553071013,-3787681.6060662703
-4937412.963860997,458573.1808851162,-3788042.2202069326
-4937138.657112044,458547.70403735683,-3788402.8143232
-4937171.990589714,458188.66394145973,-3788402.8143232
-4936897.655878538,458163.2046187896,-3788763.388404511
-4936623.295065179,458137.7428737358,-3789123.9424403072
-4936348.908137919,458112.27870521107,-3789484.476445984
-4944592.53871726,350638.0080028502,-3790205.484324749
-4934943.263300533,458343.80196742486,-3791286.845808785
-4934668.721613439,458318.3032992644,-3791647.259541804
-4934119.559956351,458267.2986922457,-3792368.026840942
-4933844.939982669,458241.79275304487,-3792728.380411901
-4942794.429711951,348704.25581948954,-3792728.380411901
-4942544.629476034,348325.41384776466,-3793088.7139250254
-4933295.621765486,458190.77360516,-3793449.027369762
-4943800.474146117,317354.6330492444,-3794169.594089701
-4932196.672259523,458088.7062321712,-3794890.080539175
-4941168.509153731,348228.43188468606,-3794890.080539175
-4941193.819976244,347869.0990213691,-3794890.080539175
-4931955.167924102,457704.52261283435,-3795250.2936652936
-4931988.440089608,457345.8595592487,-3795250.2936652936
-4940867.871144543,348568.3409678619,-3795250.2936652936
-4940893.206686741,348209.0299666587,-3795250.2936652936
-4940918.516099035,347849.717123955,-3795250.2936652936
-4940516.384811677,349626.77896913496,-3795610.486711595
-4940541.797326593,349267.49352594244,-3795610.486711595
-4940567.183713465,348908.2062356496,-3795610.486711595
-4940592.5439660745,348548.9171863876,-3795610.486711595
-4940617.878096462,348189.62620759476,-3795610.486711595
-4940744.156806937,346393.1439031001,-3795610.486711595
-4940769.334164655,346033.841904412,-3795610.486711595
-4940794.485393125,345674.53807572485,-3795610.486711595
-4931538.398155093,456219.0025286568,-3795970.6596934674
-4940215.598523907,349966.5567556514,-3795970.6596934674
-4940393.110420851,347451.6732619392,-3795970.6596934674
-4940544.244517735,345295.98710239894,-3795970.6596934674
-4940569.3420884805,344936.69964464515,-3795970.6596934674
-4939940.224746543,349947.0491834082,-3796330.8126003603
-4940117.7267487515,347432.3058724377,-3796330.8126003603
-4940142.979678122,347073.0494262827,-3796330.8126003603
-4940293.948593007,344917.47244290897,-3796330.8126003603
-4939664.824850926,349927.53976093914,-3796690.945421727
-4939842.316957462,347412.93664600624,-3796690.945421727
-4939867.56847899,347053.7002282692,-3796690.945421727
-4940018.528977414,344898.2434175391,-3796690.945421727
-4940043.5976248095,344538.99419195304,-3796690.945421727
-4945891.872234894,246761.93611148358,-3796690.945421727
-4939389.398825297,349908.0284874111,-3797051.05817295
-4939566.881035222,347393.56558181765,-3797051.05817295
-4939592.131148775,347034.3491943989,-3797051.05817295
-4939139.378224259,349529.33199390414,-3797411.150843476
-4939316.667695545,347014.9963252388,-3797411.150843476
-4939041.178127362,346995.6416213552,-3797771.2234227676
-4939267.228363344,343762.9726393185,-3797771.2234227676
-4938664.522172673,348412.8991070941,-3798131.275926197
-4938689.846416644,348053.7483383735,-3798131.275926197
-4938765.662432466,346976.28508192184,-3798131.275926197
-4938414.308832997,348034.3298505197,-3798491.308343223
-4938490.12061892,346956.9267075053,-3798491.308343223
-4938741.128936494,343365.463889545,-3798491.308343223
-4938164.040441918,347655.7969904756,-3798851.3206632957
-4938214.552694801,346937.566498673,-3798851.3206632957
-4938515.432465486,342628.0297858942,-3798851.3206632957
-4938264.723794324,342249.78838206065,-3799211.312901797
-4938289.599839291,341890.66678998846,-3799211.312901797
-4938038.808654625,341512.48009130557,-3799571.2850481826
-4937438.091570272,346161.3572946598,-3799931.2370919064
-4937488.386479428,345443.2323174702,-3799931.2370919064
-4937787.962474204,341134.32987317775,-3799931.2370919064
-4943462.662131981,245559.5680891928,-3799931.2370919064
-4943498.325034899,244840.5680240089,-3799931.2370919064
-4937137.231161593,346501.06945174135,-3800291.1690483443
-4937537.061284153,340756.2162288741,-3800291.1690483443
-4936836.321340912,346840.7379330268,-3800651.0809069546
-4936962.109831774,345045.630730488,-3800651.0809069546
-4937261.339054143,340737.18770054873,-3800651.0809069546
-4927621.209471382,456579.4582626214,-3801010.9726571958
-4936510.101409449,347539.3566519616,-3801010.9726571958
-4936158.418956366,348596.8544928406,-3801370.844314442
-4936183.756578499,348237.88605877094,-3801370.844314442
-4936435.697045786,344648.1001372194,-3801370.844314442
-4936734.579557758,340340.1166404073,-3801370.844314442
-4945406.310767476,173597.59623144777,-3801370.844314442
-4935882.649203727,348577.37933418987,-3801730.695868147
-4936184.960868808,344269.87696644844,-3801730.695868147
-4936483.513414313,339962.1124222152,-3801730.695868147
-4945728.516034408,155605.78966731587,-3801730.695868147
-4926927.960086435,455069.77297441824,-3802090.5273077767
-4926961.040660864,454711.47551661124,-3802090.5273077767
-4935606.853354307,348557.9023325562,-3802090.5273077767
-4935934.16968477,343891.6903543862,-3802090.5273077767
-4936232.392295731,339584.14481072495,-3802090.5273077767
-4926652.623140614,455044.3418087017,-3802450.3386486974
-4935305.671914663,348897.3299946063,-3802450.3386486974
-4935683.323497747,343513.54013581283,-3802450.3386486974
-4935981.216205947,339206.2136407067,-3802450.3386486974
-4944991.415076534,161342.26640835436,-3802450.3386486974
-4945003.135142389,160982.65602962504,-3802450.3386486974
-4945265.478659998,152711.3868842361,-3802450.3386486974
-4935029.825273605,348877.8292457265,-3802810.129880371
-4935432.422313658,343135.4264053433,-3802810.129880371
-4935457.362771518,342776.51078167005,-3802810.129880371
-4935705.33180702,339187.25455268275,-3802810.129880371
-4935729.985150958,338828.31900677236,-3802810.129880371
-4945055.2337985085,150545.1784721512,-3802810.129880371
-4945098.816400776,149106.71383569168,-3802810.129880371
-4926299.930510991,452844.01159106666,-3803169.900992263
-4935206.379108403,342398.4517988051,-3803169.900992263
-4935231.265978533,342039.5525292684,-3803169.900992263
-4935256.12674274,341680.6515369942,-3803169.900992263
-4943948.421524374,175706.3160308877,-3803169.900992263
-4944854.791343425,148019.58219931793,-3803169.900992263
-4926024.504332406,452818.6933811795,-3803529.6519997353
-4934930.454976154,342379.3085272904,-3803529.6519997353
-4934955.340454875,342020.42932357505,-3803529.6519997353
-4934980.199829132,341661.5483972185,-3803529.6519997353
-4935005.0331107285,341302.66557785525,-3803529.6519997353
-4925781.967135634,452435.16105736647,-3803889.3828922524
-4934151.342869754,349536.96281825233,-3803889.3828922524
-4934654.50474554,342360.16344510386,-3803889.3828922524
-4934679.388832721,342001.30430910777,-3803889.3828922524
-4934704.246816899,341642.44345056685,-3803889.3828922524
-4925572.235276348,451693.4673728594,-3804249.0936592794
-4933875.394688774,349517.4145550612,-3804249.0936592794
-4934328.684753395,343058.6891661364,-3804249.0936592794
-4934027.725533141,343398.3138782537,-3804608.78431618
-4936124.267946939,311815.98690487747,-3804608.78431618
-4933323.420036673,349478.31248257885,-3804968.4548524176
-4933726.716919658,343737.8948140336,-3804968.4548524176
-4934196.956342795,336920.54492937523,-3804968.4548524176
-4935825.438644357,312157.4871907532,-3804968.4548524176
-4942629.639651796,173860.0092418239,-3804968.4548524176
-4943536.30911057,145821.18530396285,-3804968.4548524176
-4933047.393581716,349458.75867443264,-3805328.1052574636
-4933945.368150212,336542.8879752338,-3805328.1052574636
-4942353.092500629,173850.28152727455,-3805328.1052574636
-4943238.451298476,146531.99289535303,-3805328.1052574636
-4932796.739920126,349080.4808966266,-3805687.7355466723
-4933693.725019823,336165.2677027643,-3805687.7355466723
-4932546.031249001,348702.23949282174,-3806047.345709513
-4932848.453145602,344397.64882562484,-3806047.345709513
-4932873.485407689,344038.9210240324,-3806047.345709513
-4932898.491576287,343680.19148908334,-3806047.345709513
-4933442.026975313,335787.6839481901,-3806047.345709513
-4941761.878165203,174908.9526888076,-3806047.345709513
-4943906.635963197,96906.02198337707,-3806047.345709513
-4932647.342977742,343302.24205450254,-3806406.9357354543
-4932672.295580126,342943.5288809518,-3806406.9357354543
-4933190.274022762,335410.1368060577,-3806406.9357354543
-4943636.92621526,96541.086310255,-3806406.9357354543
-4932120.2415193515,346869.85273101024,-3806766.505639854
-4932421.064519176,342565.6343331203,-3806766.505639854
-4932938.466148393,335032.6263695496,-3806766.505639854
-4941170.332631721,175967.37043742195,-3806766.505639854
-4943353.122838958,96895.17251575255,-3806766.505639854
-4931869.285343525,346491.77549665305,-3807126.0554121826
-4932169.77850432,342187.776243276,-3807126.0554121826
-4932686.603375859,334655.15247490985,-3807126.0554121826
-4923157.320084969,450749.95440030366,-3807485.585041907
-4931593.091044385,346472.3712814247,-3807485.585041907
-4931918.437541521,341809.9547059581,-3807485.585041907
-4932434.685711267,334277.71521667036,-3807485.585041907
-4932458.982026222,333919.0176179416,-3807485.585041907
-4931316.870657903,346452.96523341263,-3807845.094544384
-4931667.041616878,341432.16981431696,-3807845.094544384
-4931963.119516342,337128.3489784163,-3807845.094544384
-4931987.623142324,336769.6855793292,-3807845.094544384
-4932036.55213988,336052.3535261119,-3807845.094544384
-4932206.982016966,333541.63532814465,-3807845.094544384
-4940314.592201998,176656.3500989404,-3807845.094544384
-4931415.590754259,341054.42140465154,-3808204.5839090836
-4931784.689367353,335674.87963147694,-3808204.5839090836
-4931164.084959653,340676.7095714838,-3808564.0531254783
-4931532.771702768,335297.44237324153,-3808564.0531254783
-4931557.142176747,334938.8103608434,-3808564.0531254783
-4931581.48657605,334580.17649105354,-3808564.0531254783
-4933243.26910843,309112.76427348907,-3808564.0531254783
-4939565.445573441,182024.8942789935,-3808564.0531254783
-4939631.305157415,180228.8055480567,-3808564.0531254783
-4939683.522603195,178791.91749885166,-3808564.0531254783
-4930488.053035402,346394.7360969599,-3808923.502208923
-4930513.230536026,346036.179943238,-3808923.502208923
-4930912.524219176,340299.03440795577,-3808923.502208923
-4931329.459123446,334202.8125282184,-3808923.502208923
-4933101.230322446,306943.00075368653,-3808923.502208923
-4939275.4042378245,182373.8890625204,-3808923.502208923
-4921843.808780422,449907.8488174878,-3809282.931148885
-4930236.904430243,346016.78666193184,-3809282.931148885
-4930685.615302203,339562.8270433731,-3809282.931148885
-4931053.087272879,334184.0824371691,-3809282.931148885
-4931077.3767823195,333825.48531134543,-3809282.931148885
-4932824.759174582,306925.7984138631,-3809282.931148885
-4938985.312142854,182722.84174376124,-3809282.931148885
-4940288.950358334,143208.37065305843,-3809282.931148885
-4940442.227172616,137819.26725766627,-3809282.931148885
-4930111.052797459,343846.2575921734,-3809642.339934838
-4930260.614713813,341695.0581696861,-3809642.339934838
-4930285.450438831,341336.5186542253,-3809642.339934838
-4930310.260096009,340977.9772475586,-3809642.339934838
-4930335.043679253,340619.4340376262,-3809642.339934838
-4930409.237978141,339543.7936932852,-3809642.339934838
-4930654.85744461,335958.2095048154,-3809642.339934838
-4930800.977499041,333806.77355368476,-3809642.339934838
-4938695.169304488,183071.75222937175,-3809642.339934838
-4940063.777292462,141404.09491507077,-3809642.339934838
-4921259.291747087,450215.2947136107,-3810001.72858214
-4929909.560197884,342751.4499905298,-3810001.72858214
-4929934.472746799,342392.9360016742,-3810001.72858214
-4930108.130597331,339883.2870548262,-3810001.72858214
-4930255.963341918,337732.089284636,-3810001.72858214
-4930548.812849699,333429.5012555646,-3810001.72858214
-4932092.361766721,309760.81612022006,-3810001.72858214
-4938418.301382186,183061.48905378906,-3810001.72858214
-4939987.260152519,134211.39196026372,-3810001.72858214
-4940054.940980154,131696.65257196754,-3810001.72858214
-4920950.608043664,450547.91426887526,-3810361.097080257
-4921016.085529802,449832.18628093216,-3810361.097080257
-4929831.702504323,339864.2300105592,-3810361.097080257
-4930028.593200562,336996.11285923014,-3810361.097080257
-4930077.555157218,336279.0656469176,-3810361.097080257
-4930296.593330994,333052.26563729753,-3810361.097080257
-4930489.520908593,330183.8791762706,-3810361.097080257
-4930609.253214491,328391.0808365264,-3810361.097080257
-4939739.439328056,133126.1860202151,-3810361.097080257
-4939806.567758998,130611.57292679774,-3810361.097080257
-4920674.651918203,450522.6485292531,-3810720.4454186694
-4929703.064512573,337694.2146432004,-3810720.4454186694
-4929727.609295448,337335.71559846785,-3810720.4454186694
-4929752.128001588,336977.21485577367,-3810720.4454186694
-4929776.620642633,336618.7122449392,-3810720.4454186694
-4930020.113103161,333033.58879615,-3810720.4454186694
-4930044.318949088,332675.06679336017,-3810720.4454186694
-4930068.4987283,332316.5429451724,-3810720.4454186694
-4930237.027129759,329806.8270773933,-3810720.4454186694
-4930356.622352341,328014.120571902,-3810720.4454186694
-4931539.256996236,309726.0782904029,-3810720.4454186694
-4937851.163026243,183400.05089561525,-3810720.4454186694
-4939539.038978747,130245.03550255181,-3810720.4454186694
-4920398.66976315,450497.38040643727,-3811079.7736127176
-4920431.417848982,450139.55769815895,-3811079.7736127176
-4929402.006512264,338033.7517954406,-3811079.7736127176
-4929426.575987776,337675.2746433632,-3811079.7736127176
-4929451.119394026,337316.7957054952,-3811079.7736127176
-4929936.512734966,330146.84545310575,-3811079.7736127176
-4929960.508657004,329788.32945149305,-3811079.7736127176
-4929984.478501207,329429.81179184135,-3811079.7736127176
-4930103.936659582,327637.19705449656,-3811079.7736127176
-4920122.66158658,450472.1099011671,-3811439.081651887
-4929076.278904869,338731.698537279,-3811439.081651887
-4929125.493296422,338014.7899011483,-3811439.081651887
-4929731.875046418,329052.8331559379,-3811439.081651887
-4929851.196142478,327260.3103787641,-3811439.081651887
-4928824.361240306,338354.2612790647,-3811798.369525648
-4928848.954019555,337995.826219721,-3811798.369525648
-4929455.301749648,329034.37226816866,-3811798.369525648
-4936871.983706819,187318.462977671,-3811798.369525648
-4936885.592836615,186959.44299201033,-3811798.369525648
-4928596.954010319,337618.44392993854,-3812157.6372493478
-4928889.704975535,333317.3037027142,-3812157.6372493478
-4928913.93146259,332958.86381873244,-3812157.6372493478
-4928938.13187729,332600.4222599262,-3812157.6372493478
-4928962.306231122,332241.97885613615,-3812157.6372493478
-4928986.45451815,331883.53369528515,-3812157.6372493478
-4929010.576732457,331525.08686529775,-3812157.6372493478
-4929082.786984111,330449.73569124704,-3812157.6372493478
-4929178.702376829,329015.9096398591,-3812157.6372493478
-4929369.281887036,326148.17422446347,-3812157.6372493478
-4930500.173745579,308580.92205495265,-3812157.6372493478
-4936635.714945936,186230.94984909662,-3812157.6372493478
-4936676.226752942,185153.93858570643,-3812157.6372493478
-4936689.678474587,184794.93284162,-3812157.6372493478
-4928540.263987504,334373.8465757527,-3812516.884812463
-4928733.960726903,331506.4816819974,-3812516.884812463
-4928806.166926119,330431.19085663976,-3812516.884812463
-4928830.183529329,330072.7570553485,-3812516.884812463
-4928854.174066432,329714.3215084682,-3812516.884812463
-4928878.138531552,329355.8843039211,-3812516.884812463
-4928902.076936067,328997.44527155,-3812516.884812463
-4928239.304773931,334713.47128828836,-3812876.112204474
-4928481.4121107515,331129.4663108507,-3812876.112204474
-4928505.479494848,330771.0561245537,-3812876.112204474
-4928529.520808788,330412.6442749931,-3812876.112204474
-4928553.536063984,330054.23059202585,-3812876.112204474
-4928577.525254536,329695.81516356755,-3812876.112204474
-4928601.4883745685,329337.3980775355,-3812876.112204474
-4928625.425435458,328978.979163782,-3812876.112204474
-4928887.012763195,325036.25704651856,-3812876.112204474
-4927962.648877266,334694.6815238718,-3813235.319440725
-4928252.848620305,330394.09594551503,-3813235.319440725
-4937729.201671317,125166.80683046425,-3813235.319440725
-4927612.834696841,335750.93632403895,-3813594.506510687
-4927976.150368773,330375.54586874903,-3813594.506510687
-4928095.9525385285,328583.66131760646,-3813594.506510687
-4928404.38884713,323924.55896990915,-3813594.506510687
-4935223.184934823,194085.17406873114,-3813594.506510687
-4935363.022646138,190496.1275424787,-3813594.506510687
-4927699.426062293,330356.9940452379,-3813953.673403852
-4927819.221504708,328565.21011512005,-3813953.673403852
-4927843.10240684,328206.8481774714,-3813953.673403852
-4934889.390973976,195509.78487473022,-3813953.673403852
-4918174.783695445,447408.65790888737,-3814312.820135552
-4927542.4644034915,328546.7571745748,-3814312.820135552
-4927566.34396442,328188.4153633161,-3814312.820135552
-4927590.19747166,327830.07173043466,-3814312.820135552
-4927968.309375284,322096.3395359658,-3814312.820135552
-4934583.750455928,196216.51277574955,-3814312.820135552
-4927241.776959823,328886.6225280582,-3814671.946695271
-4927265.681242982,328528.3024965111,-3814671.946695271
-4927289.559462581,328169.9808135373,-3814671.946695271
-4927313.411629953,327811.6573090432,-3814671.946695271
-4936629.211084071,124779.69132663781,-3814671.946695271
-4917654.763569361,447000.77229931386,-3815031.05307249
-4927036.59973681,327793.2411544629,-3815031.05307249
-4917378.452755041,446975.65643548575,-3815390.139282548
-4926878.618375447,325983.3812640543,-3815390.139282548
-4926902.311529887,325625.0876498236,-3815390.139282548
-4927277.85828425,319892.15733943006,-3815390.139282548
-4926339.418097277,329905.9560533414,-3815749.205314929
-4926601.747684625,325965.0623138714,-3815749.205314929
-4926625.4395076055,325606.7888342956,-3815749.205314929
-4926649.1052761385,325248.51363274903,-3815749.205314929
-4926672.744984429,324890.23679711035,-3815749.205314929
-4927047.436856587,319157.5740969033,-3815749.205314929
-4927070.633623837,318799.26822389226,-3815749.205314929
-4926062.536102864,329887.4138841304,-3816108.251159113
-4926348.541437528,325588.4882972364,-3816108.251159113
-4926372.205875941,325230.23323233577,-3816108.251159113
-4926395.844255575,324871.97653343476,-3816108.251159113
-4926863.140584296,317706.48307390657,-3816108.251159113
-4916581.850799849,446542.75189280586,-3816467.276830437
-4925785.6280503385,329868.86996986595,-3816467.276830437
-4925905.246126617,328077.78203458985,-3816467.276830437
-4925952.911008148,327361.3346331744,-3816467.276830437
-4926047.92814814,325928.4192424468,-3816467.276830437
-4926071.617307826,325570.1860378643,-3816467.276830437
-4926095.280415992,325211.95111150463,-3816467.276830437
-4926632.341354384,316972.07764010667,-3816467.276830437
-4926655.379188932,316613.80195947376,-3816467.276830437
-4935224.078218515,125462.43523332672,-3816467.276830437
-4925508.693947812,329850.3243110909,-3816826.2823183862
-4925723.5254991,326626.5159908605,-3816826.2823183862
-4925747.265426675,326268.30637566035,-3816826.2823183862
-4926424.391101462,315879.48550705187,-3816826.2823183862
-4925231.733803393,329831.7769083486,-3817185.267612445
-4925422.788633859,326966.33760796563,-3817185.267612445
-4932322.68456333,197204.38145357664,-3817185.267612445
-4924978.719279101,329455.0740443284,-3817544.23272795
-4925122.0023458125,327306.1153946687,-3817544.23272795
-4925984.860244976,314052.8423734593,-3817544.23272795
-4926007.68578844,313694.6137867044,-3817544.23272795
-4931724.7526696,198258.13971322248,-3817903.1776543814
-4914922.9609194845,446392.08517459704,-3818621.0069238245
-4931097.450594583,200028.8434693458,-3818621.0069238245
-4933540.604521274,126137.65900769611,-3818621.0069238245
-4930776.213379248,201093.32071490833,-3818979.8912716545
-4933253.798718756,126489.31769008208,-3818979.8912716545
-4924848.826760857,310025.00696433004,-3819338.7554142103
-4925228.339282956,303936.30470064096,-3819338.7554142103
-4924906.848110129,304635.498307964,-3819697.599366815
-4930250.366878515,200353.61061296673,-3819697.599366815
-4913816.514459772,446291.59347895655,-3820056.423118961
-4924585.23169376,305334.6032982264,-3820056.423118961
-4924107.0642990945,308540.29756760685,-3820415.2266601394
-4924129.488963921,308182.2055526161,-3820415.2266601394
-4924285.732445477,305675.51609062834,-3820415.2266601394
-4923829.766640859,308522.92233573843,-3820774.0100056753
-4923852.190042855,308164.85048645,-3820774.0100056753
-4923874.587405071,307806.7770074282,-3820774.0100056753
-4923963.91644306,306374.46700381587,-3820774.0100056753
-4913884.814272448,436211.3731430876,-3821132.7731450587
-4913916.523467657,435854.02417355916,-3821132.7731450587
-4913948.20667563,435496.67289901985,-3821132.7731450587
-4913979.863888604,435139.3194071218,-3821132.7731450587
-4923619.631239682,307431.3856260801,-3821132.7731450587
-4923686.585189478,306357.21114726574,-3821132.7731450587
-4929139.969624057,200308.48671811546,-3821132.7731450587
-4931522.5251372745,128957.02408334667,-3821132.7731450587
-4912806.879094357,445119.26642765384,-3821491.516067786
-4913576.275745383,436544.1272701483,-3821491.516067786
-4913639.716541352,435829.4719834327,-3821491.516067786
-4913671.39796457,435472.14083892765,-3821491.516067786
-4923364.620490541,307056.0312450539,-3821491.516067786
-4923386.937218429,306697.99322602747,-3821491.516067786
-4931225.919304128,129666.9788538623,-3821491.516067786
-4923397.286929968,302026.3354705493,-3821850.2387891747
-4923119.862606896,302009.3168456477,-3822208.94129872
-4923141.812327974,301651.2966392652,-3822208.94129872
-4930660.804162222,130010.93551877733,-3822208.94129872
-4922951.894322942,300202.2806290236,-3822567.623585918
-4930373.461663159,130362.15570613077,-3822567.623585918
-4912341.637720931,437874.69517722673,-3822926.2856660862
-4930086.06807528,130713.33418337227,-3822926.2856660862
-4912128.34236307,437135.575176796,-3823284.9275287203
-4922293.156618066,297287.8895156703,-3823643.5491633206
-4929233.150207719,131408.15504783246,-3824002.150585197
-4926552.225270263,202356.529112137,-3824360.73178385
-4925966.930720474,203050.15427537865,-3825077.8334952956
-4921247.525481376,291478.1198304669,-3825436.354012903
-4925614.833632819,204829.71486773275,-3825436.354012903
-4920948.596859812,291819.53317629726,-3825794.8542910935
-4920969.8055645935,291461.67089576815,-3825794.8542910935
-4921897.237880792,270329.87593056425,-3826153.3343451885
-4921956.097577872,269256.07810263423,-3826153.3343451885
-4921975.665419102,268898.14261424734,-3826153.3343451885
-4921995.207225788,268540.2057896953,-3826153.3343451885
-4922014.723007207,268182.26745906717,-3826153.3343451885
-4920750.049571443,285703.41048232064,-3826511.7941646804
-4921599.727028561,270672.52544539864,-3826511.7941646804
-4921619.397877699,270314.6158692638,-3826511.7941646804
-4921639.042698865,269956.7048635707,-3826511.7941646804
-4921658.661487249,269598.7925161107,-3826511.7941646804
-4921678.254252163,269240.8786569821,-3826511.7941646804
-4921697.820988792,268882.9633739738,-3826511.7941646804
-4921717.3616923485,268525.0467548758,-3826511.7941646804
-4921736.876372105,268167.1286297867,-3826511.7941646804
-4921302.166354523,271015.1315998791,-3826870.2337390766
-4921321.86211475,270657.24374795763,-3826870.2337390766
-4921341.531853306,270299.3543787716,-3826870.2337390766
-4921361.175565359,269941.46358010796,-3826870.2337390766
-4921380.793246101,269583.57143975317,-3826870.2337390766
-4921400.384904841,269225.67778781516,-3826870.2337390766
-4921419.950536767,268867.7827120778,-3826870.2337390766
-4921439.490137089,268509.8863003262,-3826870.2337390766
-4924428.024925245,206574.05803411183,-3826870.2337390766
-4921043.971167877,270641.9606187801,-3827228.6530836797
-4921063.639795748,270284.091458436,-3827228.6530836797
-4921083.282398585,269926.220868695,-3827228.6530836797
-4921102.89897158,269568.3489373386,-3827228.6530836797
-4924134.923920499,206920.48724509357,-3827228.6530836797
-4926413.529919393,132767.05220017955,-3827587.0521879997
-4926125.600366748,133117.79137135742,-3827945.4310415345
-4919172.711350335,288842.3964451964,-3828303.789659593
-4923240.182380954,208317.5476707491,-3828303.789659593
-4906712.805591756,450683.6504887103,-3828662.1280316785
-4922962.016143976,208305.77759531394,-3828662.1280316785
-4906435.531555019,450658.182750937,-3829020.4461472966
-4918742.361305915,286663.5764806597,-3829020.4461472966
-4920194.857080325,260547.48386098864,-3829020.4461472966
-4922683.823878604,208294.0064185368,-3829020.4461472966
-4924973.3721027635,134520.3289957242,-3829378.744021754
-4919619.717374837,260875.7970028512,-3829737.0216445485
-4905603.553751353,450581.7652371068,-3830095.279005198
-4921833.932862234,208616.61263658595,-3830095.279005198
-4917898.972107898,281949.5717175269,-3830453.5161189954
-4919082.390438289,260488.57351437007,-3830453.5161189954
-4923800.506907703,136638.3352982032,-3830811.7329754513
-4917526.178012322,278699.22742541984,-3831169.9295640746
-4917546.432590518,278341.61406493007,-3831169.9295640746
-4917308.683121339,277610.6781025759,-3831528.1059001647
-4917070.799057723,276879.8157227438,-3831886.2619732325
-4920335.3902072,211062.36797538056,-3831886.2619732325
-4903906.128641933,450785.4891267009,-3832244.3977727834
-4916812.685301946,276506.58833558246,-3832244.3977727834
-4916832.780428802,276149.02686754876,-3832244.3977727834
-4916852.849548185,275791.46402491396,-3832244.3977727834
-4916872.892669623,275433.89963794465,-3832244.3977727834
-4922686.389474411,136607.41788975045,-3832244.3977727834
-4916574.585242091,275775.8558863929,-3832602.5133141177
-4916654.597176955,274345.6706365681,-3832602.5133141177
-4916674.535157846,273988.12067074,-3832602.5133141177
-4916694.44713214,273630.5693417404,-3832602.5133141177
-4916714.333109289,273273.0164798347,-3832602.5133141177
-4916734.193084406,272915.462172723,-3832602.5133141177
-4916754.027052627,272557.90650811367,-3832602.5133141177
-4916335.494227455,270024.4031831463,-3833318.6835801783
-4919190.812769592,211730.05851407183,-3833318.6835801783
-4902926.737719915,449257.24334077607,-3833676.7383097135
-4916115.923801129,268936.590838752,-3833676.7383097135
-4916135.468424031,268579.08006066555,-3833676.7383097135
-4916154.987043279,268221.5679479994,-3833676.7383097135
-4916174.479668142,267864.0543310442,-3833676.7383097135
-4916193.946293827,267506.5392974906,-3833676.7383097135
-4918896.881239261,212075.783336215,-3833676.7383097135
-4915993.154369682,266061.39783955464,-3834034.772764859
-4916031.799437911,265346.39274950186,-3834034.772764859
-4921283.212353536,136926.64107901198,-3834034.772764859
-4915772.655273649,264973.8801536916,-3834392.786935131
-4915609.343766637,262814.05661264143,-3834750.7808358204
-4915628.443147589,262456.5826902849,-3834750.7808358204
-4917348.403208642,215591.7784208772,-3835466.707786516
-4917364.068483747,215234.1781554066,-3835466.707786516
-4917054.044495902,215937.13951291522,-3835824.640841324
-4919879.364197752,137245.64275653788,-3835824.640841324
-4900711.397070623,439711.9238879569,-3837614.001774131
-4915581.497640632,217663.3029250064,-3837614.001774131
-4913553.011912123,254104.62625885213,-3837971.813086068
-4915239.158624558,219080.75104990046,-3837971.813086068
-4917627.802679882,137898.63232931815,-3838687.3748081564
-4898824.609476354,448162.8856671574,-3839045.1252231104
-4913008.985078463,248345.00002809596,-3839045.1252231104
-4913027.032246722,247987.71524743218,-3839045.1252231104
-4912675.850527316,249402.69062091227,-3839402.855335287
-4912693.974613892,249045.43006368392,-3839402.855335287
-4912712.072715356,248688.1682751239,-3839402.855335287
-4912766.211142885,247616.37485439345,-3839402.855335287
-4912784.205324662,247259.10773067866,-3839402.855335287
-4913979.229260863,222247.2695806706,-3839402.855335287
-4917059.61546277,138240.55999728775,-3839402.855335287
-4912415.110454628,249031.2932489684,-3839760.5651342096
-4912433.207528771,248674.0517400164,-3839760.5651342096
-4912523.303224125,246887.8241634068,-3839760.5651342096
-4913288.137713759,231167.6409912761,-3839760.5651342096
-4913304.935708379,230810.33595548372,-3839760.5651342096
-4913321.707714977,230453.02978480436,-3839760.5651342096
-4913355.173783867,229738.41361757682,-3839760.5651342096
-4913371.867837951,229381.10379631654,-3839760.5651342096
-4913388.535911689,229023.79267621692,-3839760.5651342096
-4913520.94504239,226165.26052854143,-3839760.5651342096
-4913586.525969148,224735.96564557558,-3839760.5651342096
-4913667.917450554,222949.32037875807,-3839760.5651342096
-4912262.347114348,246516.57863213614,-3840118.2546351533
-4912280.261318014,246159.3481533586,-3840118.2546351533
-4912298.149543096,245802.11637277005,-3840118.2546351533
-4912422.639697683,243301.45787378034,-3840118.2546351533
-4912510.781863459,241515.23449490443,-3840118.2546351533
-4912580.827955221,240086.23289281153,-3840118.2546351533
-4912633.089734707,239014.4683099566,-3840118.2546351533
-4912992.374981168,231511.8005518603,-3840118.2546351533
-4913142.846804555,228296.20520520225,-3840118.2546351533
-4913192.53638566,227224.3182894401,-3840118.2546351533
-4913209.047613992,226867.02021640018,-3840118.2546351533
-4913323.898661755,224365.9003884346,-3840118.2546351533
-4913372.730779063,223293.97406681709,-3840118.2546351533
-4911766.439429648,250789.00094062614,-3840475.9238276435
-4912054.920708287,245073.7326718392,-3840475.9238276435
-4912126.001948692,243644.8634380891,-3840475.9238276435
-4912266.917486655,240787.06332849912,-3840475.9238276435
-4912371.513046463,238643.65968910628,-3840475.9238276435
-4912696.562199771,231855.9170061113,-3840475.9238276435
-4911614.524106199,248274.5121842414,-3840833.572701206
-4911811.557944961,244345.42363133607,-3840833.572701206
-4912383.800323669,232557.2297927526,-3840833.572701206
-4912400.699374438,232199.99051856186,-3840833.572701206
-4897802.434272816,440887.13987668365,-3841191.201271115
-4911335.553977994,248260.41067603996,-3841191.201271115
-4912019.906392541,234330.09725766085,-3841191.201271115
-4912036.934370843,233972.88444189559,-3841191.201271115
-4915592.806688456,140703.63929223886,-3841191.201271115
-4910947.7724960195,250389.13682278548,-3841548.8095268975
-4896645.812199483,444373.0555710223,-3842263.9650799297
-4896250.449413834,442542.24623473885,-3842979.039353759
-4896314.762784059,441830.11082376406,-3842979.039353759
-4895584.068515434,446789.46070567414,-3843336.546010537
-4895273.214449335,447120.0528209726,-3843694.032341837
-4894962.312310526,447450.5997214904,-3844051.4983371994
-4913306.712575329,142426.21350631962,-3844051.4983371994
-4894683.912712745,447425.1510951187,-3844408.9440118833
-4912768.461468172,141695.4800872755,-3844766.3693554224
-4892980.432094416,447628.23835711204,-3846553.19102264
-4893507.531549526,438706.8351504955,-3846910.494339619
-4892876.395030938,442596.01519905997,-3847267.777303649
-4892908.568586008,442240.19398813206,-3847267.777303649
-4893196.966112164,439037.6983264104,-3847267.777303649
-4893260.769798877,438326.0070636277,-3847267.777303649
-4910882.909160699,139139.14702336222,-3847267.777303649
-4892112.0579166645,447907.540559572,-3847625.03992999
-4892758.338412074,440791.7807796104,-3847625.03992999
-4892790.380759817,440435.9681587735,-3847625.03992999
-4892822.397232047,440080.1532086898,-3847625.03992999
-4892854.387820924,439724.336016639,-3847625.03992999
-4892886.352541632,439368.5164137141,-3847625.03992999
-4892982.091439321,438301.0437562657,-3847625.03992999
-4910603.227194526,139131.22284538223,-3847625.03992999
-4891506.400739686,451439.3506714133,-3847982.2822081777
-4892703.387203244,438276.07813094987,-3847982.2822081777
-4891194.898171714,451769.33170453453,-3848339.504127752
-4891227.7388258055,451413.6328366293,-3848339.504127752
-4892392.7736394005,438606.8962188484,-3848339.504127752
-4890883.347598664,452099.2675127057,-3848696.705703966
-4890916.21225507,451743.5912151574,-3848696.705703966
-4890949.051037997,451387.9126139288,-3848696.705703966
-4891276.016276573,447830.9950204704,-3848696.705703966
-4892082.111964277,438937.66904035315,-3848696.705703966
-4890538.834538273,452784.80916449195,-3849053.886926359
-4890571.749041691,452429.1580041877,-3849053.886926359
-4890604.637689236,452073.5043658576,-3849053.886926359
-4890637.500472829,451717.84833673557,-3849053.886926359
-4891771.402175815,439268.39675983135,-3849053.886926359
-4890227.1640244685,453114.6316684866,-3849411.047784471
-4890260.102521979,452759.0030872733,-3849411.047784471
-4890293.015149466,452403.3721969982,-3849411.047784471
-4890325.90192255,452047.7388288385,-3849411.047784471
-4890358.762833157,451692.10307002324,-3849411.047784471
-4909204.427861023,139091.59091977525,-3849411.047784471
-4889948.408016943,453088.80292445514,-3849768.1882935558
-4889981.3446368715,452733.19461502065,-3849768.1882935558
-4890014.255388251,452377.583996656,-3849768.1882935558
-4890047.140286701,452021.97090054804,-3849768.1882935558
-4890079.999324148,451666.3554139207,-3849768.1882935558
-4890374.566863925,448465.7090273856,-3849768.1882935558
-4891181.817975738,439574.02096404997,-3849768.1882935558
-4890870.987959504,439904.6355990338,-3850125.308443156
-4889751.65770141,449125.7618674345,-3850482.4082228076
-4890463.949051023,441302.1493251029,-3850482.4082228076
-4908074.795363855,139416.79772092047,-3850839.487647766
-4888601.8977458505,455474.0870602346,-3851196.5467075706
-4887977.837531106,456133.0516286092,-3851910.603715603
-4907163.300046313,141890.97103720403,-3851910.603715603
-4906841.805596662,143310.22288441443,-3852267.6016686205
-4905161.186154571,143261.13837010317,-3854409.161476708
-4885087.902054394,456938.43409356324,-3855479.6662218203
-4903832.228067396,140723.91488374647,-3856193.234103725
-4883776.314712741,452875.1240355335,-3857620.1251394153
-4881820.332635749,452693.74479769653,-3860116.3989296
-4900706.079098518,142060.948193391,-3860116.3989296
-4900124.120435545,142757.37448256716,-3860829.4363202085
-4879895.980213347,452157.3733673357,-3862611.672431902
-4898169.3115719315,142343.91768559034,-3863324.4238961954
-4896494.198454006,141938.85481574715,-3865462.1878890307
-4896254.278013718,140506.45255046283,-3865818.4103529803
-4895431.4983428605,139770.24647532435,-3866886.9550625347
-4894224.792984021,142585.50689768695,-3868311.3950357265
-4875170.206867881,451361.92277460906,-3868667.4538834416
-4893391.454191826,142205.07010920698,-3869379.5102157705
-4892547.526321522,142180.54502816917,-3870447.4412270025
-4892036.1473360965,140385.4060230044,-3871159.292890537
-4891703.365583216,142156.01317983904,-3871515.1880185944
-4891130.112787055,142495.34827947163,-3872226.916840798
-4871691.620878906,455328.00405911444,-3872582.7505397215
-4890817.42072447,143554.1617656879,-3872582.7505397215
-4889680.76002199,143876.6935152428,-3874005.8804981033
-4889753.367531539,141387.5616173076,-3874005.8804981033
-4869809.687267499,457295.6155400063,-3874717.322567351
-4869495.864761523,457623.3911154472,-3875073.0128572322
-4868406.649400333,457163.8643820978,-3876495.569090444
-4886664.378370608,140942.57861924212,-3877917.797310299
-4866688.9070745325,457359.6000514207,-3878628.7883733474
-4886069.679226466,141992.29466869304,-3878628.7883733474
-4885453.795057759,143752.31694088018,-3879339.6973879295
-4865598.642853372,456900.1807548525,-3880050.524347538
-4884586.748343236,144437.85693640602,-3880405.9070403026
-4882580.026110344,145444.6699303259,-3882893.0112246424
-4862059.298696588,458351.366428371,-3884313.7618955662
-4861778.057455004,458324.85352520447,-3884668.8982061446
-4861248.811440932,457918.3016394118,-3885379.109210297
-4880624.760203942,144675.94062738967,-3885379.109210297
-4861000.77712199,457538.301153019,-3885734.183883068
-4880049.318401654,145014.0826062878,-3886089.238014666
-4880059.851217579,144659.1950788203,-3886089.238014666
-4879787.86441004,144295.95332271088,-3886444.271594691
-4879505.344792265,144287.59918136048,-3886799.284612751
-4879212.294177025,144634.07101825386,-3887154.277084003
-4858682.707112007,458033.05164206674,-3888574.0413696878
-4878039.587898085,146019.53186096312,-3888574.0413696878
-4858401.157430653,458006.5096619636,-3888928.931027637
-4877724.945773455,147075.22835469124,-3888928.931027637
-4858119.582048903,457979.9652590576,-3889283.800127512
-4857589.6427569175,457573.61648253346,-3889993.4766114736
-4876496.727070044,150232.81948659552,-3890348.2840003236
-4857059.567294171,457167.3375321953,-3890703.07081508
-4876202.996724299,150578.71525243405,-3890703.07081508
-4875615.3851322755,151270.37851687803,-3891412.582706287
-4875321.503889007,151616.14608574414,-3891767.3077874975
-4875027.572365779,151961.8709078673,-3892122.012278598
-4874156.589625217,152644.33043970066,-3893186.0022605755
-4854805.186719439,456955.14553601836,-3893540.6244150316
-4873041.983692822,142677.73898542093,-3894958.907095828
-4852482.68109118,457448.56876681687,-3896376.860192471
-4871485.108623969,156461.49625888333,-3896376.860192471
-4871496.47394182,156107.23150795823,-3896376.860192471
-4871507.813499502,155752.96584643767,-3896376.860192471
-4851636.260304944,457368.7758025375,-3897440.1086630113
-4869363.695122879,160647.1862367746,-3898857.484722091
-4868780.208927431,169489.80421573433,-3899211.7771959333
-4868792.521700524,169135.7360512086,-3899211.7771959333
-4868545.902773958,168063.74313072168,-3899566.049040303
-4868274.682622726,167699.92866411954,-3899920.300270334
-4849062.356387615,457481.9012286583,-3900628.740845865
-4867460.704733806,166608.72183270555,-3900982.9301961265
-4867189.272972698,166245.06513218844,-3901337.0989160486
-4866917.788329543,165881.44791389778,-3901691.246995266
-4866015.538242911,175416.84693596442,-3902399.4812665717
-4865731.919103642,175406.6226416213,-3902753.5674379254
-4846468.457745021,460793.2480310466,-3903461.677876651
-4863241.613716092,173546.24924195904,-3905939.414019903
-4863254.2214968605,173192.58384474667,-3905939.414019903
-4843841.723917622,458410.9607582938,-3907000.9911300787
-4862402.501829213,173162.25198808592,-3907000.9911300787
-4862105.939002884,173505.72234601364,-3907354.808847806
-4860919.188244172,174879.1722509764,-3908769.873051167
-4840911.764255654,459199.27967693686,-3910538.2381758397
-4840595.23519619,459524.4423304334,-3910891.849169042
-4839112.372785226,460093.8450923977,-3912659.593839595
-4837912.177813142,460689.74923075567,-3914073.417134765
-4837278.363443588,461339.3375000261,-3914780.2045881916
-4854314.95886819,176408.9612300917,-3916900.0700179017
-4834673.689344267,464639.0254760555,-3917606.5261287987
-4833903.285325731,466693.7440198464,-3918312.8993751686
-4833937.211465033,466342.211475463,-3918312.8993751686
-4833551.718595879,467369.3761596613,-3918666.0549078374
-4852878.5145685095,176710.13822750346,-3918666.0549078374
-4832950.369566469,467665.9805694233,-3919372.3038166924
-4832348.900726109,467962.49017306126,-3920078.4698067205
-4851454.270309894,176658.27655426066,-3920431.521709921
-4828850.472141078,471523.0348443139,-3923960.900074579
-4828497.82437937,472197.5826706239,-3924313.723810025
-4828145.057028228,472872.0353058342,-3924666.5267917467
-4826145.696889769,487208.19030763337,-3925372.0704780994
-4826181.114901977,486857.221856667,-3925372.0704780994
-4826251.874373468,486155.2770638954,-3925372.0704780994
-4826287.215815394,485804.30089427,-3925372.0704780994
-4826322.531741997,485453.3220712342,-3925372.0704780994
-4826357.822144604,485102.3406808817,-3925372.0704780994
-4826533.891274307,483347.3954527737,-3925372.0704780994
-4826569.028529038,482996.3986974897,-3925372.0704780994
-4826604.140250046,482645.39947211766,-3925372.0704780994
-4826674.28713228,481943.39319734694,-3925372.0704780994
-4847437.250597563,177217.9726484508,-3925372.0704780994
-4825470.406939944,491039.7729043957,-3925724.811187464
-4825506.103603005,490688.8534675405,-3925724.811187464
-4825541.774746389,490337.9314356784,-3925724.811187464
-4825577.420361354,489987.00689488463,-3925724.811187464
-4825613.040464822,489636.0796785748,-3925724.811187464
-4825648.635048047,489285.1498728257,-3925724.811187464
-4825684.204102306,488934.2175637187,-3925724.811187464
-4825719.747644484,488583.28258466144,-3925724.811187464
-4825755.265665855,488232.34502173046,-3925724.811187464
-4825790.758157715,487881.40496101126,-3925724.811187464
-4825826.225136913,487530.46223590773,-3925724.811187464
-4826634.921315208,479458.07237722416,-3925724.811187464
-4826947.692078832,476298.9447416298,-3925724.811187464
-4827051.489515287,475245.85678930616,-3925724.811187464
-4827086.037608084,474894.82241463533,-3925724.811187464
-4827223.974688854,473490.65990396094,-3925724.811187464
-4825079.13737585,492063.55040645844,-3926077.5311271828
-4825114.908491152,491712.659420824,-3926077.5311271828
-4826490.076288972,478025.90208309406,-3926077.5311271828
-4824759.290867516,492385.4503101828,-3926430.2303123153
-4824475.215467586,492356.45931078074,-3926782.908732534
-4823835.335195501,493000.0731792412,-3927488.203262304
-4823515.324864047,493321.81022201315,-3927840.8193765893
-4823051.468605276,495046.4905573466,-3928193.4147100416
-4823087.456651487,494695.74702006596,-3928193.4147100416
-4822374.966604194,496040.2400383278,-3928898.5430692816
-4822018.543063529,496712.3428297897,-3929251.076074424
-4821662.000526892,497384.3498044241,-3929603.5883081947
-4821341.545942158,497705.64446003427,-3929956.0797602693
-4820984.814357421,498377.48567531025,-3930308.5504203225
-4820270.994399449,499720.88052673,-3931013.4293992096
-4820307.322384271,499370.33917889965,-3931013.4293992096
-4820343.624868198,499019.79527427844,-3931013.4293992096
-4820379.901868465,498669.24864646484,-3931013.4293992096
-4842856.753393785,177403.1679290836,-3931013.4293992096
-4842869.64171152,177050.98495066562,-3931013.4293992096
-4819401.954239948,505299.3703281325,-3931365.837697399
-4842583.948398912,177040.54025854435,-3931365.837697399
-4819227.721109022,504218.176608126,-3931718.225213032
-4819301.005702767,503517.2429619374,-3931718.225213032
-4819337.60976066,503166.77222775534,-3931718.225213032
-4819410.741432661,502465.82261002745,-3931718.225213032
-4819447.269028831,502115.34389841947,-3931718.225213032
-4819483.771146135,501764.8624472596,-3931718.225213032
-4819520.24777561,501414.3783425195,-3931718.225213032
-4840648.402591023,217519.74627760702,-3931718.225213032
-4840664.2082747305,217167.72378892795,-3931718.225213032
-4841363.594914894,200973.47924646063,-3931718.225213032
-4841378.19731462,200621.40487577155,-3931718.225213032
-4841494.094796899,197804.7713642042,-3931718.225213032
-4841508.466761378,197452.68751167844,-3931718.225213032
-4841522.813125002,197100.60253042527,-3931718.225213032
-4841537.133884245,196748.5165068017,-3931718.225213032
-4841490.955467415,190751.6399955661,-3932070.591935783
-4841999.598894934,177371.76870931644,-3932070.591935783
-4842012.48493152,177019.6480650206,-3932070.591935783
-4840045.3982139025,218198.0317456248,-3932422.9378553326
-4841093.4285744,193556.84860782983,-3932422.9378553326
-4841135.540918307,192500.68126333164,-3932422.9378553326
-4841530.74713343,182290.59874508492,-3932422.9378553326
-4839711.985914319,219241.0186002591,-3932775.262986737
-4839727.91677497,218889.06420517637,-3932775.262986737
-4840807.670205437,193545.4234018973,-3932775.262986737
-4840821.732423255,193193.38947883126,-3932775.262986737
-4841297.781183329,180871.5697642246,-3932775.262986737
-4840932.592000474,182973.16441938264,-3933127.567319668
-4841025.108051627,180508.84300721507,-3933127.567319668
-4839044.410465175,221326.58347218545,-3933479.8508438137
-4838726.4057477545,222017.27980413783,-3933832.1135742166
-4840453.403895302,180487.52569249406,-3933832.1135742166
-4838294.279574402,225170.871056355,-3934184.355500558
-4840167.513414871,180476.86560321593,-3934184.355500558
-4840126.330824982,173778.67807315398,-3934536.576612529
-4839965.462863212,170248.7342674512,-3934888.7769251657
-4815830.18560105,509174.0746583346,-3935240.956428156
-4837002.529194207,228283.5185865888,-3935593.1151111866
-4815149.7635829635,510164.40461676917,-3935945.2529892935
-4814753.705339347,511184.6744978009,-3936297.370052167
-4814790.867009447,510834.53434827196,-3936297.370052167
-4836229.672689874,232477.02577757923,-3936297.370052167
-4836246.566105361,232125.32467288678,-3936297.370052167
-4836263.433948427,231773.6222561948,-3936297.370052167
-4836280.276214926,231421.91861376856,-3936297.370052167
-4836364.103887764,229663.382249536,-3936297.370052167
-4836380.792693,229311.67129176244,-3936297.370052167
-4838298.445361657,168780.96496441565,-3937001.541716316
-4835269.901666501,234545.59378885108,-3937353.596322314
-4812844.8330305265,515583.75957737956,-3938057.643055954
-4834612.265501456,236275.77580331796,-3938057.643055954
-4834629.435178191,235924.19222535,-3938057.643055954
-4837390.639532337,170158.1632878838,-3938057.643055954
-4812125.110326867,516922.55691682204,-3938761.6064839745
-4836457.2118225545,172238.27565244795,-3939113.5569579457
-4833294.8300238475,239734.78252593952,-3939465.4865999264
-4832956.269058989,240774.98264986576,-3939817.39539961
-4835859.503559682,172921.23275683037,-3939817.39539961
-4810722.018534503,519249.14902083366,-3940169.28337203
-4832635.031221809,241463.60673884558,-3940169.28337203
-4832313.6697613895,242152.1411121335,-3940521.1505068745
-4831921.340806143,244246.14511448832,-3940872.996793841
-4834962.568732886,173945.3422573519,-3940872.996793841
-4809716.036326324,520556.0012159692,-3941224.8222479564
-4809393.207328336,520874.91003457975,-3941576.626858917
-4809070.331957195,521193.7718969809,-3941928.4106164216
-4808671.508416184,522211.98520850914,-3942280.173535491
-4808709.472031094,521862.28733969823,-3942280.173535491
-4833867.134002646,172498.01204080397,-3942280.173535491
-4808348.493948331,522530.7060749366,-3942631.915605822
-4833580.612881893,172487.7874478709,-3942631.915605822
-4808025.433125541,522849.380042109,-3942983.6368171168
-4830060.679744867,246969.37011504086,-3942983.6368171168
-4829756.32738545,247305.95745561656,-3943335.3371843956
-4832646.2939434955,182308.02545973763,-3943335.3371843956
-4829451.926074608,247642.50052637266,-3943687.016697357
-4832359.717559357,182297.21457651592,-3943687.016697357
-4807094.052080191,523455.5394993435,-3944038.675345705
-4831966.247962035,185097.55787960254,-3944038.675345705
-4832396.53572792,173501.1494546985,-3944038.675345705
-4832409.1403105,173149.72717515554,-3944038.675345705
-4832421.719333881,172798.30406424947,-3944038.675345705
-4832122.492883824,173139.4563304726,-3944390.313144454
-4832135.071161046,172788.05406517946,-3944390.313144454
-4806485.660114552,523742.9752806577,-3944741.930083304
-4828502.2124916585,249354.14375103614,-3944741.930083304
-4831835.819902486,173129.18457014233,-3944741.930083304
-4831848.397433482,172777.8031523205,-3944741.930083304
-4831549.121374874,173118.91189446524,-3945093.526151966
-4805877.150099699,524030.314257664,-3945445.1013654484
-4805591.90715256,523999.2115168821,-3945796.6557134585
-4805306.63879791,523968.1060056786,-3946148.1891856967
-4830379.419366086,181518.96306171667,-3946148.1891856967
-4827105.658782551,248578.08162480214,-3946499.701797177
-4829726.17615823,183604.7913393077,-3946851.19353761
-4804374.435938767,524573.5462999207,-3947202.664396695
-4826514.2844648,248899.55411143115,-3947202.664396695
-4829439.3474496985,183593.88738259068,-3947202.664396695
-4829752.4234142555,175164.65026868938,-3947202.664396695
-4829765.148973979,174813.42035432896,-3947202.664396695
-4804050.911958527,524891.7500565072,-3947554.1143894484
-4826209.491774482,249235.7427674324,-3947554.1143894484
-4829452.800215057,175505.4542225943,-3947554.1143894484
-4829465.550562589,175154.24601225377,-3947554.1143894484
-4829478.275366453,174803.0369599,-3947554.1143894484
-4803765.523343857,524860.5684283052,-3947905.5435055722
-4829140.3267860925,176197.39999863686,-3947905.5435055722
-4829153.127451103,175846.21459446137,-3947905.5435055722
-4829165.902580223,175495.02817604205,-3947905.5435055722
-4829178.652170311,175143.8408295155,-3947905.5435055722
-4829191.376218247,174792.65264102575,-3947905.5435055722
-4803480.109331342,524829.3840251284,-3948256.951734774
-4828866.2050431585,175835.76675443896,-3948256.951734774
-4828878.979413249,175484.60120163523,-3948256.951734774
-4803156.492812239,525147.4935751023,-3948608.3390920684
-4802871.030256952,525116.2828607226,-3948959.705567158
-4828253.811844072,176868.2340617569,-3948959.705567158
-4802547.344342489,525434.3218855353,-3949311.051149757
-4827889.186790837,178964.3018440247,-3949311.051149757
-4827941.0411381,177559.91822694117,-3949311.051149757
-4827953.940894481,177208.81994940143,-3949311.051149757
-4827992.486964533,176155.51958546025,-3949311.051149757
-4802223.612167698,525752.3138280208,-3949662.3758548656
-4827576.090321808,179655.80677978782,-3949662.3758548656
-4827679.792846655,176847.20664059228,-3949662.3758548656
-4827692.640773872,176496.12736344838,-3949662.3758548656
-4801938.077960685,525721.0532533084,-3950013.679672195
-4801614.276434555,526038.974477765,-3950364.9625914637
-4801328.693713472,526007.6875744284,-3950716.2246276676
-4801081.322982322,525627.2548489365,-3951067.4657705207
-4800795.687211083,525595.9831548695,-3951418.686009739
-4800510.026043999,525564.7086804396,-3951769.8853603164
-4799405.3258798625,525090.5617470315,-3953174.4737464096
-4799119.535522734,525059.2941609501,-3953525.5685753785
-4798300.176044766,524616.5338651155,-3954578.7276224657
-4820066.101577287,256651.2487041881,-3954578.7276224657
-4797480.549161465,524173.8706480123,-3955631.6984455576
-4819092.028107692,258708.11908715402,-3955631.6984455576
-4797194.576620834,524142.62521992024,-3955982.6468865145
-4796908.578710254,524111.37701990164,-3956333.5744062667
-4818479.807020823,259378.0972987252,-3956333.5744062667
-4796622.555438104,524080.1260488717,-3956684.48099454
-4795802.426097407,523637.59726818756,-3957737.0752193006
-4795516.29908709,523606.3560186772,-3958087.898105207
-4795268.20949554,523226.39161114517,-3958438.7000587774
-4794733.85700974,522815.2554458349,-3959140.2411530726
-4794447.624021772,522784.04475152236,-3959490.980298506
-4794161.365685252,522752.8312932169,-3959841.698495768
-4793875.081987957,522721.6150695859,-3960192.3957598344
-4793626.771384084,522341.79505902826,-3960543.0720804334
-4792843.5925557865,521551.0986883471,-3961594.975354488
-4791849.245569244,520032.54145930713,-3962997.2197266095
-4791389.4907754,518925.0415510651,-3963698.216178709
-4791140.62801544,518545.58309601445,-3964048.682954263
-4790891.710052193,518166.1609234714,-3964399.128774373
-4790642.736915899,517786.7748749733,-3964749.553628768
-4790144.625115942,517028.1115174217,-3965450.3404246005
-4789683.824173075,515921.2787865536,-3966151.043335344
-4789472.026246849,515193.79312384047,-3966501.363333381
-4789222.666974432,514814.6608372499,-3966851.662354586
-4809640.789239019,262761.0461292216,-3966851.662354586
-4809466.91492496,260646.80780374893,-3967201.940388705
-4809561.3708395045,258898.01912049568,-3967201.940388705
-4808949.547086963,264827.89520042343,-3967552.197450691
-4808968.793195821,264478.17787658743,-3967552.197450691
-4809159.855528107,260980.92742780142,-3967552.197450691
-4808757.412831186,263063.53324912203,-3967902.4335302915
-4808776.530637137,262713.8298184183,-3967902.4335302915
-4808814.689950752,262014.41887470262,-3967902.4335302915
-4808833.731462794,261664.71128146298,-3967902.4335302915
-4788187.337794906,513646.7024353554,-3968252.6486172494
-4808507.484802858,262348.40448738664,-3968252.6486172494
-4787725.353635905,512540.62877420953,-3968953.015847843
-4787475.608510703,512161.75047606684,-3969303.1679709693
-4807604.716586289,263000.4748910238,-3969303.1679709693
-4786938.74992614,511752.2202604631,-3970003.409257233
-4786688.867044489,511373.43288080924,-3970353.498399865
-4786438.92907512,510994.68176487513,-3970703.5665536947
-4786188.936021278,510615.9670049543,-3971053.61370847
-4785725.849994804,509510.6201842717,-3971753.645005056
-4785262.408263308,508405.4889733233,-3972453.5922832186
-4785012.084804864,508026.99260119686,-3972803.5344149605
-4784658.629237969,505878.32963512203,-3973503.3556377194
-4784408.030604226,505500.01531989936,-3973853.234733434
-4784267.463562191,504077.9842170331,-3974203.0928134364
-4784304.10849097,503730.06119203544,-3974203.0928134364
-4784377.322460586,503034.2069849574,-3974203.0928134364
-4784486.953639501,501990.4058102283,-3974203.0928134364
-4784523.446754739,501642.46682898444,-3974203.0928134364
-4784559.914575797,501294.52511130116,-3974203.0928134364
-4784527.014030104,498828.88819513266,-3974552.929867482
-4803254.88130746,257857.91775534756,-3974902.7459105123
-4784096.88815056,497377.3221605284,-3975252.540932282
-4802984.959288429,257493.13905535493,-3975252.540932282
-4783845.492239592,496999.5371843002,-3975602.314922549
-4783594.0413777875,496621.7887754101,-3975952.067896247
-4783630.1440786,496273.9147427659,-3975952.067896247
-4783774.301923808,494882.3921346825,-3975952.067896247
-4783810.278140303,494534.50491423043,-3975952.067896247
-4783952.374136765,490330.17300128407,-3976301.799843133
-4783988.019297494,489982.2729265871,-3976301.799843133
-4783807.123960082,488909.1559532086,-3976651.510752971
-4783842.665790463,488561.2663616631,-3976651.510752971
-4783878.182321502,488213.3741863625,-3976651.510752971
-4783949.139476297,487517.58217535226,-3976651.510752971
-4783984.580108194,487169.682259828,-3976651.510752971
-4784019.995431501,486821.77985140204,-3976651.510752971
-4783838.366091651,485748.8416991631,-3977001.2006406905
-4783656.471010509,484676.0034066991,-3977350.8694960503
-4801308.5000481075,256352.78091880158,-3977350.8694960503
-4801327.129854035,256003.61920610964,-3977350.8694960503
-4782968.93884832,482849.4180139826,-3978399.7498411
-4782786.29313538,481776.92669189203,-3978749.3345401455
-4782062.437098697,480298.8925554532,-3979797.9623970464
-4799415.890684432,253801.66813100045,-3979797.9623970464
-4782053.054714935,477487.96345824195,-3980147.462926978
-4799163.723718811,253088.37645640067,-3980147.462926978
-4799182.1161362,252739.37072488476,-3980147.462926978
-4798948.081141556,251677.18607187615,-3980496.9424079093
-4798966.370930459,251328.19610982513,-3980496.9424079093
-4798984.635344433,250979.20473486875,-3980496.9424079093
-4799002.874378987,250630.2120326073,-3980496.9424079093
-4799021.088029657,250281.21808864872,-3980496.9424079093
-4799255.555948499,245744.17628653767,-3980496.9424079093
-4799291.247226866,245046.15029188557,-3980496.9424079093
-4799309.05479668,244697.1353078655,-3980496.9424079093
-4798750.185480026,249917.16699213063,-3980846.400829609
-4798822.680412066,248521.2565651228,-3980846.400829609
-4798894.76928284,247125.32519300363,-3980846.400829609
-4798930.6614492815,246427.35157427998,-3980846.400829609
-4799037.728837839,244333.39966714577,-3980846.400829609
-4781327.572222647,476010.8664166472,-3981195.8382070027
-4798766.349967465,243969.7035764404,-3981195.8382070027
-4780889.575600076,474562.8134491798,-3981894.649787928
-4779689.368624191,471986.7065059273,-3983641.3102013315
-4779147.032418767,471582.2158258795,-3984339.8269022745
-4778673.041058808,470482.7716561195,-3985038.2593185413
-4777876.076188585,469702.6667797426,-3986085.7498810496
-4777367.311025473,468951.1060885945,-3986783.971529374
-4777112.846477759,468575.3812076305,-3987133.050719939
-4776858.327270671,468199.6934237024,-3987482.108832941
-4792727.758419532,248555.08608061346,-3988180.161785365
-4776060.462740867,467420.1781695955,-3988529.1566294692
-4792401.906961895,249237.09367710107,-3988529.1566294692
-4775805.752321243,467044.6199984389,-3988878.1303802496
-4775550.987296666,466669.0987947052,-3989227.0830274853
-4775584.911806153,466321.80966521444,-3989227.0830274853
-4775075.163288534,465570.9155897884,-3989924.9250458176
-4774854.024478193,464848.28822554427,-3990273.8143964736
-4790916.98757896,249858.56853260234,-3990273.8143964736
-4773867.227705512,463000.0033640031,-3991669.160780264
-4789739.458110794,250146.42570361,-3991669.160780264
-4773356.6058351435,462249.7029167331,-3992366.707315773
-4773369.113036957,459097.6526564549,-3992715.448918206
-4772568.635653264,458320.11034568126,-3993761.54701698
-4772346.123971365,457598.2409803708,-3994110.2041464956
-4771611.492913833,456127.07283287967,-3995156.048782266
-4771388.549266713,455405.4592226471,-3995504.6214009933
-4786204.339323181,251008.8502143829,-3995853.172897875
-4770942.259366218,453962.44848429156,-3996201.703262701
-4770975.259834132,453615.4945445842,-3996201.703262701
-4771008.235070754,453268.5382059322,-3996201.703262701
-4770784.783953499,452547.17354303796,-3996550.2124852603
-4770817.681500122,452200.2310590089,-3996550.2124852603
-4770850.553808401,451853.28626678424,-3996550.2124852603
-4770883.400893941,451506.3390016709,-3996550.2124852603
-4770916.2227486735,451159.3893487651,-3996550.2124852603
-4785696.7171884235,249586.31808649478,-3996550.2124852603
-4770533.856756358,449023.16549423744,-3997247.1675380347
-4770599.114067743,448329.314751137,-3997247.1675380347
-4784844.009119318,249192.93837729737,-3997595.6133478363
-4769862.871284582,443711.33664745145,-3998640.823938971
-4769605.572384671,443337.54711571423,-3998989.1851809896
-4769348.219129728,442963.79492729355,-3999337.525274368
-4769380.419757135,442616.9569385536,-3999337.525274368
-4769185.571439946,438401.4689842645,-4000034.1419994743
-4769439.81596069,435626.7952816763,-4000034.1419994743
-4769471.483026142,435279.95065122924,-4000034.1419994743
-4769559.797955788,431091.4501505846,-4000382.4186358745
-4769230.238864069,428264.5178130161,-4001078.9084304455
-4769033.739303358,427198.0617510565,-4001427.12159329
-4768578.075910156,425759.0273493438,-4002123.48442418
-4780976.858984787,250734.69897966066,-4002123.48442418
-4768350.043764567,425039.6197770194,-4002471.6340968935
-4767665.145786704,422881.83565575595,-4003515.9560969737
-4767405.866195882,422509.4172272837,-4003864.0210820544
-4766688.941063389,420699.106019355,-4004908.0890001087
-4766429.39070387,420326.8762421765,-4005256.069284812
-4766169.786201143,419954.68430219067,-4005604.0283877286
-4765910.1275823265,419582.53004151414,-4005951.966298668
-4765650.414831646,419210.4135499795,-4006299.883032498
-4777229.755521351,255415.56369024352,-4006299.883032498
-4765161.246107114,418119.76276491175,-4006995.6529280534
-4765191.640029155,417773.22941032995,-4006995.6529280534
-4776629.258630225,255731.81853914706,-4006995.6529280534
-4764962.052513085,417054.7473329439,-4007343.506094448
-4764732.331600923,416336.33875920693,-4007691.3380680163
-4764502.47732464,415618.00363395555,-4008039.1488385787
-4775446.530226079,256016.77454369757,-4008386.938420984
-4763751.928236054,414156.3031179001,-4009082.4539805846
-4763261.202184432,413066.6227268301,-4009777.8847404467
-4762710.156655276,412669.8799023335,-4010473.230669177
-4762419.582875269,412644.7028407542,-4010820.871824572
-4773389.727978114,256254.63697153598,-4010820.871824572
-4773408.350720636,255907.50556966095,-4010820.871824572
-4762158.977857642,412273.2107697631,-4011168.491760406
-4761898.318811654,411901.7565224463,-4011516.0904915323
-4761637.6057425905,411530.3401903829,-4011863.6680077706
-4761376.83865577,411158.9618651315,-4012211.2242989372
-4772112.2639589645,258274.3343463827,-4012211.2242989372
-4761145.878288732,410441.3821461238,-4012558.75937988
-4760884.976175201,410070.09866240143,-4012906.2732404144
-4760624.020077563,409698.85304678587,-4013253.765870368
-4760363.0099802185,409327.64538902603,-4013601.237284584
-4760131.673458159,408610.31028986076,-4013948.68747288
-4770617.595839492,258889.3365926298,-4013948.68747288
-4770673.963198285,257848.54313476555,-4013948.68747288
-4770382.473432004,257832.78850299786,-4014296.1164250844
-4759579.655786909,408214.25032868143,-4014643.5241560307
-4759609.329374634,407868.1229049294,-4014643.5241560307
-4770090.95843058,257817.03250730434,-4014643.5241560307
-4759318.429766776,407843.1946663283,-4014990.910655549
-4769724.22505042,259188.74265773382,-4014990.910655549
-4759027.504996258,407818.26427144784,-4015338.275913466
-4759057.149795639,407472.17691921454,-4015338.275913466
-4758766.198037661,407447.2655255349,-4015685.619944613
-4758795.815857941,407101.19717705814,-4015685.619944613
-4758475.221112963,407422.35197707196,-4016032.9427388185
-4758504.837122249,407076.3047891018,-4016032.9427388185
-4758534.427959094,406730.25553136517,-4016032.9427388185
-4758563.993637546,406384.20403958356,-4016032.9427388185
-4758272.986125811,406359.3518244649,-4016380.2442859123
-4758302.524832074,406013.3193462543,-4016380.2442859123
-4757808.884993619,404925.66756577214,-4017074.7836730885
-4757517.794775391,404900.89357762184,-4017422.0214928323
-4767720.400357474,258384.3749912513,-4017422.0214928323
-4757226.679390059,404876.11744756,-4017769.238074783
-4767428.660668549,258368.56429539394,-4017769.238074783
-4756964.967883106,404505.4040470296,-4018116.433408772
-4756703.202474881,404134.728632383,-4018463.607484637
-4766845.105661649,258336.93880499827,-4018463.607484637
-4756441.383149886,403764.0912933047,-4018810.760317199
-4766223.83041022,258998.52979787192,-4019157.8918962954
-4766242.652713223,258651.9195075593,-4019157.8918962954
-4755888.261559887,403368.7900068103,-4019505.002211754
-4765875.3523107255,260022.4287091324,-4019505.002211754
-4755364.2995190555,402627.74388164375,-4020199.1590860784
-4765366.983352331,258604.39914874593,-4020199.1590860784
-4755102.237668561,402257.27806587645,-4020546.2056246134
-4754810.883327005,402232.6309818541,-4020893.2309088334
-4754548.7406596625,401862.2222643487,-4021240.2349285698
-4754257.334243114,401837.59211824567,-4021587.2176736603
-4753995.110771364,401467.2406002135,-4021934.17915893
-4753732.833429943,401096.92730793165,-4022281.119374211
-4753470.5022454,400726.6520838792,-4022628.0383093483
-4753178.989891222,400702.07703504374,-4022974.935979153
-4762898.560007776,260902.22605295273,-4022974.935979153
-4752887.452399873,400677.49986709666,-4023321.812373464
-4752041.80928922,400258.1784491621,-4024362.3138767965
-4751750.169484449,400233.61401523964,-4024709.105142484
-4751458.504543066,400209.04746409383,-4025055.8751318282
-4750904.187167153,399814.4136236641,-4025749.3512408817
-4750349.73702402,399419.8539883213,-4026442.7421976044
-4750086.9751823945,399049.88425106945,-4026789.405727815
-4749824.159519669,398679.95281720825,-4027136.047970684
-4749532.311576085,398655.4563473454,-4027482.6689160583
-4749240.438521622,398630.9577697825,-4027829.2685537827
-4748685.590194534,398236.62115363387,-4028522.403940547
-4757641.729797501,265819.93502654217,-4028868.939669287
-4747838.606996331,397817.8922810247,-4029561.9472215855
-4756901.182937822,268554.7416608517,-4029561.9472215855
-4756920.70021287,268208.8093073816,-4029561.9472215855
-4756940.1923262775,267862.8756185114,-4029561.9472215855
-4756998.517733072,266825.06589362444,-4029561.9472215855
-4756569.490620572,269230.0413590375,-4029908.4190248484
-4755418.471423638,268817.9614441899,-4031294.0931229345
-4746114.973540922,397325.90210371907,-4031640.4583553984
-4745822.793848934,397301.4419799457,-4031986.8022582317
-4754793.884273812,269476.42659013864,-4031986.8022582317
-4745530.589051664,397276.9797544579,-4032333.1248462275
-4754422.543275624,270842.8515955472,-4032333.1248462275
-4754481.518872234,269805.59106555453,-4032333.1248462275
-4745238.35915767,397252.51542797184,-4032679.4261092423
-4744946.104175511,397228.0490012042,-4033025.706037136
-4744653.824092708,397203.58047311037,-4033371.964644694
-4744361.518917817,397179.1098444066,-4033718.2019217745
-4744069.188659398,397154.63711580937,-4034064.4178582444
-4743776.8333049705,397130.162286274,-4034410.6124688834
-4743805.700883907,396785.1840225306,-4034410.6124688834
-4743513.318662788,396760.7283553455,-4034756.785743557
-4743220.911362633,396736.27059047966,-4035102.937672122
-4743249.750298426,396391.3327555676,-4035102.937672122
-4743393.568690584,394666.6123383399,-4035102.937672122
-4742928.478970954,396711.81072688854,-4035449.0682693627
-4742957.3161287485,396366.89415832644,-4035449.0682693627
-4743072.413913425,394987.207106022,-4035449.0682693627
-4742664.856875951,396342.4534648998,-4035795.1775251483
-4742372.372548606,396318.0106760041,-4036141.2654293347
-4742051.031311336,396638.4185491636,-4036487.331996709
-4742079.86313422,396293.56579059514,-4036487.331996709
-4750569.335563636,276515.834325189,-4036487.331996709
-4741758.498597085,396613.95029431174,-4036833.3772171303
-4750296.372362239,276153.32572303736,-4036833.3772171303
-4741465.940813081,396589.4799425557,-4037179.4010804645
-4741173.357946824,396565.0074928498,-4037525.403601496
-4749730.245520293,275773.83861112036,-4037525.403601496
-4740880.750006889,396540.5329459112,-4037871.384770085
-4749437.1094804425,275756.8188548887,-4037871.384770085
-4740266.612701199,396836.300553941,-4038563.283034322
-4739973.93133058,396811.7984316244,-4038909.2001346094
-4739681.224899644,396787.2942113576,-4039255.095866841
-4748244.252974564,276034.0279889035,-4039255.095866841
-4739124.575920697,396393.64163081464,-4039946.823261308
-4747597.380291276,277035.7014398693,-4039946.823261308
-4738831.792515358,396369.1524074587,-4040292.65490329
-4738538.984041699,396344.6610873184,-4040638.465186491
-4738246.150508288,396320.1676711102,-4040984.2541007907
-4737953.291923706,396295.67215955193,-4041330.0216360614
-4746383.668767051,277657.5680303125,-4041330.0216360614
-4737660.408275445,396271.17455159745,-4041675.7678070674
-4737367.49957208,396246.6748479639,-4042021.492603685
-4737074.565822194,396222.1730493694,-4042367.196015783
-4736781.607013273,396197.669154767,-4042712.8780581346
-4736488.623153894,396173.1631648742,-4043058.538720613
-4736195.6142526455,396148.6550804093,-4043404.177993092
-4735902.580297006,396124.1449003251,-4043749.7958903373
-4735609.521295564,396099.63262533984,-4044095.39240222
-4735316.437256898,396075.1182561711,-4044440.967518626
-4743842.711631969,275778.1491584505,-4044440.967518626
-4743862.754237796,275433.16650757985,-4044440.967518626
-4735023.32816849,396050.6017917719,-4044786.5212543136
-4743508.916781085,276450.9972812124,-4044786.5212543136
-4734730.194038927,396026.0832328604,-4045132.053599158
-4743195.141950487,276778.81841273885,-4045132.053599158
-4734437.034876793,396001.5625801545,-4045477.564543044
-4734143.85066957,395977.03983260744,-4045823.054100723
-4742607.7502920255,276744.54245227145,-4045823.054100723
-4733850.641425841,395952.5149909368,-4046168.522262081
-4742314.016836593,276727.40227644274,-4046168.522262081
-4733557.407154192,395927.98805586103,-4046513.9690170004
-4742020.258308496,276710.26063755335,-4046513.9690170004
-4733264.1478421055,395903.4590263329,-4046859.394380232
-4741726.474695193,276693.11753487133,-4046859.394380232
-4732942.061852687,396223.1182375382,-4047204.79834166
-4732970.863498163,395878.92790307035,-4047204.79834166
-4741472.85674251,275986.3566451528,-4047204.79834166
-4741492.914500688,275641.54625166074,-4047204.79834166
-4741512.947178688,275296.73448319343,-4047204.79834166
-4732648.754270366,396198.56369126425,-4047550.180891169
-4732355.421652407,396174.007049106,-4047895.54204351
-4732062.0640074015,396149.4483117828,-4048240.8817885686
-4731768.681343939,396124.8874800137,-4048586.200116232
-4731475.273649493,396100.32455275016,-4048931.4970412455
-4730681.18747081,394994.55807948444,-4049967.2593241255
-4730330.178246406,395658.0535988448,-4050312.470587138
-4730358.938806127,395314.0532074241,-4050312.470587138
-4730387.674342461,394970.0508079461,-4050312.470587138
-4730445.070378843,394282.0395792913,-4050312.470587138
-4730007.859886504,395977.4784985796,-4050657.6604218
-4729685.495071414,396296.8564324872,-4051002.828842853
-4738078.024456601,278554.6891880152,-4051002.828842853
-4729391.914040922,396272.2574946479,-4051347.9758401946
-4729069.479556166,396591.5651750006,-4051693.10140371
-4706801.650060673,603824.9810700924,-4052038.2055481444
-4728746.998626353,396910.8259551904,-4052038.2055481444
-4728775.850294444,396566.9406925329,-4052038.2055481444
-4706245.460368559,605841.0284587642,-4052383.288263384
-4706990.84977875,600022.353835894,-4052383.288263384
-4728453.346148189,396886.1780204022,-4052383.288263384
-4705865.001887079,606487.8472439357,-4052728.349539324
-4706742.125000313,599642.8049996116,-4052728.349539324
-4707393.433397077,594508.1900616209,-4052728.349539324
-4707479.851324833,593823.5210994891,-4052728.349539324
-4707523.022935222,593481.1819890286,-4052728.349539324
-4707566.169660251,593138.8396577818,-4052728.349539324
-4707609.291489326,592796.4941897236,-4052728.349539324
-4707652.388411881,592454.145668826,-4052728.349539324
-4728130.795588139,397205.3683566322,-4052728.349539324
-4736321.298334432,283290.4583354458,-4052728.349539324
-4736341.887275539,282946.0225545689,-4052728.349539324
-4736403.503804706,281912.7063237373,-4052728.349539324
-4705351.861726484,608161.1279587102,-4053073.389390709
-4707532.087849953,591048.0031909139,-4053073.389390709
-4727837.094892234,397180.69486553234,-4053073.389390709
-4728381.373753926,390647.77555983304,-4053073.389390709
-4736231.838361223,279828.650260074,-4053073.389390709
-4705015.296542032,608465.5048179857,-4053418.4078074256
-4707411.34269805,589641.9777166998,-4053418.4078074256
-4707454.210218253,589299.6435993814,-4053418.4078074256
-4707796.254189729,586560.8581256273,-4053418.4078074256
-4707838.897643611,586218.4960249091,-4053418.4078074256
-4707881.516210334,585876.1307418079,-4053418.4078074256
-4707924.109879438,585533.762360304,-4053418.4078074256
-4707966.678640482,585191.3909643751,-4053418.4078074256
-4727543.369193179,397156.0192739438,-4053418.4078074256
-4704678.687098335,608769.8327235264,-4053763.4047793727
-4707716.68559405,584812.6762057338,-4053763.4047793727
-4707759.201926988,584470.3198138616,-4053763.4047793727
-4707801.693352756,584127.9604131853,-4053763.4047793727
-4727249.618499572,397131.341582589,-4053763.4047793727
-4704297.727836843,609416.219408254,-4054108.380321284
-4707594.029150031,583406.9740067511,-4054108.380321284
-4707763.536181687,582037.5658038076,-4054108.380321284
-4707805.850702762,581695.2060122023,-4054108.380321284
-4707848.140326615,581352.8431443053,-4054108.380321284
-4726955.842798873,397106.6617904142,-4054108.380321284
-4706705.057485611,588162.954312132,-4054453.3344230517
-4706790.552543446,587478.3855373391,-4054453.3344230517
-4706833.262724454,587136.0965708706,-4054453.3344230517
-4707555.527253573,581316.7095569669,-4054453.3344230517
-4707597.789342907,580974.3649762676,-4054453.3344230517
-4705031.09777312,599077.1088239276,-4054798.2670745826
-4706626.010061681,586415.053302542,-4054798.2670745826
-4707347.383331581,580595.9231430101,-4054798.2670745826
-4703198.616429757,611012.7478018911,-4055143.178290602
-4706333.386794847,586378.5943427157,-4055143.178290602
-4726045.480193731,397376.29861832655,-4055143.178290602
-4704402.451535745,599344.7286823167,-4055488.068061008
-4706338.608887729,583946.4258881276,-4055488.068061008
-4706381.062228804,583604.1697151222,-4055488.068061008
-4706423.4906801935,583261.9104557274,-4055488.068061008
-4707056.930486062,578127.6528396993,-4055488.068061008
-4725751.606304544,397351.5890553663,-4055488.068061008
-4705790.690502749,585963.453969357,-4055832.9363757037
-4706003.4417472,584252.3414360854,-4055832.9363757037
-4706045.917325779,583910.1097184484,-4055832.9363757037
-4706088.368026641,583567.8748306717,-4055832.9363757037
-4706130.793839365,583225.6368566976,-4055832.9363757037
-4706173.194753556,582883.3958804714,-4055832.9363757037
-4706215.570789338,582541.1517395331,-4055832.9363757037
-4706257.92193631,582198.9045178272,-4055832.9363757037
-4706300.248184093,581856.6542993014,-4055832.9363757037
-4706342.54955278,581514.400921489,-4055832.9363757037
-4706384.826031984,581172.1444683411,-4055832.9363757037
-4706427.077611346,580829.8850238055,-4055832.9363757037
-4706890.202281316,577064.8281416873,-4055832.9363757037
-4706932.155166917,576722.5319560226,-4055832.9363757037
-4725428.800506807,397670.52135007235,-4055832.9363757037
-4703904.394918689,598586.0290205091,-4056177.7832494117
-4703947.912877826,598243.9499119387,-4056177.7832494117
-4703991.405970593,597901.8675574607,-4056177.7832494117
-4704295.161028972,595507.2028055531,-4056177.7832494117
-4704338.455088551,595165.0952878171,-4056177.7832494117
-4704381.724279641,594822.984540447,-4056177.7832494117
-4704424.968591619,594480.8706473529,-4056177.7832494117
-4704468.188013887,594138.75369246,-4056177.7832494117
-4704511.382566961,593796.6335133564,-4056177.7832494117
-4704554.552240238,593454.5101939628,-4056177.7832494117
-4704597.697023136,593112.3838181966,-4056177.7832494117
-4704640.816936137,592770.2542236453,-4056177.7832494117
-4704683.911968657,592428.1214942321,-4056177.7832494117
-4704726.982110133,592085.9857138763,-4056177.7832494117
-4704770.027381011,591743.8467201594,-4056177.7832494117
-4704813.047770724,591401.7045970109,-4056177.7832494117
-4704856.043268727,591059.5594283482,-4056177.7832494117
-4704899.0138954315,590717.4110517566,-4056177.7832494117
-4704941.959640288,590375.2595511574,-4056177.7832494117
-4705540.587296232,585584.811945909,-4056177.7832494117
-4705583.1597862225,585242.6138023437,-4056177.7832494117
-4705625.70738054,584900.4126458521,-4056177.7832494117
-4705668.230099381,584558.2083139867,-4056177.7832494117
-4705710.727932305,584216.0008906864,-4056177.7832494117
-4705753.2008689,583873.7904598913,-4056177.7832494117
-4706134.337446264,580793.7573554869,-4056177.7832494117
-4706176.561519336,580451.5160458575,-4056177.7832494117
-4706218.760703803,580109.2716665093,-4056177.7832494117
-4706681.308981116,576344.3817386464,-4056177.7832494117
-4706723.20948499,576002.1006638866,-4056177.7832494117
-4725134.878432943,397645.78620977415,-4056177.7832494117
-4732961.297167166,289998.5348093853,-4056177.7832494117
-4703655.283840181,598206.7336088286,-4056522.608672038
-4703698.7742272755,597864.6725350348,-4056522.608672038
-4703959.1941355,595812.2399218545,-4056522.608672038
-4704002.510389282,595470.1567534081,-4056522.608672038
-4704045.801755571,595128.0705179217,-4056522.608672038
-4704089.068254917,594785.9810530022,-4056522.608672038
-4704132.3098767,594443.8884425543,-4056522.608672038
-4704175.5266103195,594101.7927704981,-4056522.608672038
-4704218.718476294,593759.6938744318,-4056522.608672038
-4704261.885464017,593417.5918382709,-4056522.608672038
-4704305.027562911,593075.4867459274,-4056522.608672038
-4704348.1447934555,592733.3784349991,-4056522.608672038
-4704391.237145066,592391.2669894039,-4056522.608672038
-4704434.304607182,592049.152493056,-4056522.608672038
-4704477.347200246,591707.0347835468,-4056522.608672038
-4704520.364913692,591364.9139448006,-4056522.608672038
-4704563.357736978,591022.7900607298,-4056522.608672038
-4704606.325690513,590680.6629689296,-4056522.608672038
-4704649.268763747,590338.5327533161,-4056522.608672038
-4705290.429021106,585206.2063025079,-4056522.608672038
-4705332.973968569,584864.026434091,-4056522.608672038
-4705883.793839146,580415.4065965851,-4056522.608672038
-4705925.990398435,580073.1835080007,-4056522.608672038
-4705968.162060327,579730.9574338367,-4056522.608672038
-4706010.30884484,579388.7282116335,-4056522.608672038
-4706430.407798245,575966.2680093759,-4056522.608672038
-4706472.280795527,575624.0052638068,-4056522.608672038
-4703666.521320798,595775.169437589,-4056867.4126334847
-4703709.834879513,595433.1075530101,-4056867.4126334847
-4703753.123552282,595091.042601582,-4056867.4126334847
-4703796.387359656,594748.9744209216,-4056867.4126334847
-4703839.626291014,594406.9030949286,-4056867.4126334847
-4703882.840335758,594064.8287075177,-4056867.4126334847
-4703926.029514403,593722.7510962974,-4056867.4126334847
-4703969.193816346,593380.6703451778,-4056867.4126334847
-4704012.333231008,593038.5865380658,-4056867.4126334847
-4704055.447778868,592696.4995125693,-4056867.4126334847
-4704098.53744934,592354.4093526008,-4056867.4126334847
-4704141.602231867,592012.3161420694,-4056867.4126334847
-4704184.64214689,591670.2197185768,-4056867.4126334847
-4704227.657183843,591328.1201660418,-4056867.4126334847
-4704313.612612321,590643.9117631717,-4056867.4126334847
-4704356.553013707,590301.8028343528,-4056867.4126334847
-4704399.468525817,589959.6908658287,-4056867.4126334847
-4705675.3642508555,579694.8875012374,-4056867.4126334847
-4705717.508413063,579352.679571989,-4056867.4126334847
-4705759.627689095,579010.4685788311,-4056867.4126334847
-4706137.581228583,575930.4323097292,-4056867.4126334847
-4724518.032819444,397939.887264876,-4056867.4126334847
-4703373.82362375,595738.0958016792,-4057212.195148473
-4703417.134487168,595396.0552027771,-4057212.195148473
-4703460.420466188,595054.0115372168,-4057212.195148473
-4703503.681581361,594711.9646426252,-4057212.195148473
-4703546.917822066,594369.9146028965,-4057212.195148473
-4703590.129177705,594027.8615019406,-4057212.195148473
-4703633.315668793,593685.8051773758,-4057212.195148473
-4703676.477284727,593343.7457131072,-4057212.195148473
-4703719.614014927,593001.6831930362,-4057212.195148473
-4703762.725879874,592659.6174547811,-4057212.195148473
-4703805.812868983,592317.548582249,-4057212.195148473
-4703848.874971692,591975.4766593439,-4057212.195148473
-4703891.912208446,591633.4015236774,-4057212.195148473
-4703934.924568678,591291.3232591633,-4057212.195148473
-4703977.9120418485,590949.2419497035,-4057212.195148473
-4704020.874648361,590607.1574329137,-4057212.195148473
-4704063.812377669,590265.0697926991,-4057212.195148473
-4704106.725219252,589922.9791129684,-4057212.195148473
-4705424.68308809,579316.6278675749,-4057212.195148473
-4705466.799743142,578974.4381693725,-4057212.195148473
-4705508.891503245,578632.2454913952,-4057212.195148473
-4705886.597550022,575552.3734097388,-4057212.195148473
-4732014.551602982,290976.78078524204,-4057212.195148473
-4703167.692505855,595016.9773259098,-4057556.95620691
-4703210.950928598,594674.9517191958,-4057556.95620691
-4703254.184478421,594332.9229675404,-4057556.95620691
-4703297.393144727,593990.8911548485,-4057556.95620691
-4703340.576948029,593648.8561187482,-4057556.95620691
-4703383.735877724,593306.8179431395,-4057556.95620691
-4703426.869923237,592964.7767119185,-4057556.95620691
-4703469.979105042,592622.7322627138,-4057556.95620691
-4703513.063412557,592280.6846794272,-4057556.95620691
-4703556.122835224,591938.6340459574,-4057556.95620691
-4703599.157393481,591596.5801999262,-4057556.95620691
-4703642.167076765,591254.523225242,-4057556.95620691
-4703685.151874535,590912.4632058018,-4057556.95620691
-4703728.1118071955,590570.399979231,-4057556.95620691
-4703771.0468642,590228.3336294298,-4057556.95620691
-4703813.957035028,589886.2642403019,-4057556.95620691
-4703856.8423400475,589544.1916494683,-4057556.95620691
-4705131.832878489,579280.5730994461,-4057556.95620691
-4705173.946912339,578938.4046980089,-4057556.95620691
-4705216.036052788,578596.2333169824,-4057556.95620691
-4705258.100319818,578254.0587939308,-4057556.95620691
-4705300.139703101,577911.8812127819,-4057556.95620691
-4705342.154192333,577569.7006574725,-4057556.95620691
-4705384.143807462,577227.5169655626,-4057556.95620691
-4705426.108538178,576885.3302209885,-4057556.95620691
-4705468.048374195,576543.1405076828,-4057556.95620691
-4705509.963335424,576200.9476632013,-4057556.95620691
-4705760.9304883545,574147.726831949,-4057556.95620691
-4705802.671249397,573805.5126948135,-4057556.95620691
-4705844.387113804,573463.2956052409,-4057556.95620691
-4702918.195409949,594637.9356517189,-4057901.6957986914
-4702961.426268661,594295.9281899452,-4057901.6957986914
-4703004.632245406,593953.9176673254,-4057901.6957986914
-4703047.813360694,593611.903921498,-4057901.6957986914
-4703090.969603924,593269.8870363574,-4057901.6957986914
-4703134.10096452,592927.8670957951,-4057901.6957986914
-4703177.207462956,592585.843937449,-4057901.6957986914
-4703220.289088651,592243.8176452164,-4057901.6957986914
-4703263.345831045,591901.7883029903,-4057901.6957986914
-4703306.377710578,591559.7557484027,-4057901.6957986914
-4703349.384716686,591217.720065357,-4057901.6957986914
-4703392.36683883,590875.6813377447,-4057901.6957986914
-4703435.324097412,590533.6394032014,-4057901.6957986914
-4703478.256481886,590191.5943456223,-4057901.6957986914
-4703521.163981733,589849.5462489056,-4057901.6957986914
-4703564.046617318,589507.4949506824,-4057901.6957986914
-4704881.069205272,578902.3681657969,-4057901.6957986914
-4704923.155725845,578560.2180835301,-4057901.6957986914
-4704965.217374547,578218.0648594338,-4057901.6957986914
-4705007.254141051,577875.9085774306,-4057901.6957986914
-4705049.266015056,577533.7493214521,-4057901.6957986914
-4705091.2530165035,577191.5869290682,-4057901.6957986914
-4705133.215135087,576849.4214842102,-4057901.6957986914
-4705175.152360522,576507.2530708053,-4057901.6957986914
-4705426.253196267,574454.1782992332,-4057901.6957986914
-4705468.016243976,574111.988499711,-4057901.6957986914
-4705509.754406828,573769.7956639967,-4057901.6957986914
-4705551.467674594,573427.599876029,-4057901.6957986914
-4723607.0260735145,398209.10394293815,-4057901.6957986914
-4700831.650021773,608619.6200489174,-4058246.4139385475
-4702668.643180276,594258.9302685295,-4058246.4139385475
-4702711.8464672305,593916.9410377911,-4058246.4139385475
-4702755.024894277,593574.9485840457,-4058246.4139385475
-4702798.178450813,593232.9529911828,-4058246.4139385475
-4702841.307126263,592890.9543430881,-4058246.4139385475
-4702884.410941103,592548.9524774102,-4058246.4139385475
-4702927.489884748,592206.9474780406,-4058246.4139385475
-4702970.543946642,591864.9394288677,-4058246.4139385475
-4703013.573147224,591522.9281675331,-4058246.4139385475
-4703056.57747593,591180.9137779352,-4058246.4139385475
-4703099.556922219,590838.8963439602,-4058246.4139385475
-4703142.511506494,590496.8757032539,-4058246.4139385475
-4703185.441218211,590154.8519397062,-4058246.4139385475
-4703228.346046849,589812.8251372101,-4058246.4139385475
-4703271.226012774,589470.7951334069,-4058246.4139385475
-4703314.08110546,589128.7620121866,-4058246.4139385475
-4703656.026352471,586392.3852788395,-4058246.4139385475
-4703698.657575839,586050.3241822866,-4058246.4139385475
-4703741.263913486,585708.2600685052,-4058246.4139385475
-4703783.845385636,585366.1927751106,-4058246.4139385475
-4704588.166609423,578866.3285711962,-4058246.4139385475
-4704630.250509899,578524.1997894992,-4058246.4139385475
-4704672.309540051,578182.0678661682,-4058246.4139385475
-4704714.343689554,577839.9328851207,-4058246.4139385475
-4705216.812672153,573734.0755979426,-4058246.4139385475
-4705258.523343057,573391.9011133899,-4058246.4139385475
-4705300.209140226,573049.7235143367,-4058246.4139385475
-4723312.957692326,398184.31341613847,-4058246.4139385475
-4731109.792323569,291266.504656735,-4058246.4139385475
-4700538.95644227,608581.7248277288,-4058591.110616382
-4702419.035818777,593879.9612673287,-4058591.110616382
-4702462.211557352,593537.9901074742,-4058591.110616382
-4702505.3624269655,593196.0158086973,-4058591.110616382
-4702548.488417043,592854.0384548791,-4058591.110616382
-4702591.589548058,592512.0578836779,-4058591.110616382
-4702634.665809426,592170.0741789802,-4058591.110616382
-4702677.717190594,591828.087424669,-4058591.110616382
-4702720.743711997,591486.0974583962,-4058591.110616382
-4702763.745363071,591144.1043640549,-4058591.110616382
-4702806.722133279,590802.1082255259,-4058591.110616382
-4702849.674043021,590460.1088804654,-4058591.110616382
-4702892.601081753,590118.1064127579,-4058591.110616382
-4702935.503238956,589776.1009062912,-4058591.110616382
-4702978.3805349935,589434.0921987167,-4058591.110616382
-4703021.232959341,589092.0803739192,-4058591.110616382
-4703320.503472704,586697.9107163602,-4058591.110616382
-4703363.1569154,586355.8740189138,-4058591.110616382
-4703405.785484369,586013.8342205257,-4058591.110616382
-4703448.389169166,585671.7914050969,-4058591.110616382
-4703490.967990015,585329.7454102528,-4058591.110616382
-4704295.239133375,578830.2859152626,-4058591.110616382
-4704337.320413529,578488.1784359447,-4058591.110616382
-4704379.376824909,578146.0678151884,-4058591.110616382
-4704421.408357189,577803.954136906,-4058591.110616382
-4704923.846053951,573698.3524976973,-4058591.110616382
-4704965.554127774,573356.1993183694,-4058591.110616382
-4705007.23732941,573014.0430247348,-4058591.110616382
-4702212.521540963,593159.0754899833,-4058935.7858220967
-4702255.64484544,592817.1194322496,-4058935.7858220967
-4702298.743292402,592475.1601573331,-4058935.7858220967
-4702341.816871266,592133.1977491154,-4058935.7858220967
-4702384.865571479,591791.2322914739,-4058935.7858220967
-4702427.889413474,591449.263622071,-4058935.7858220967
-4702470.888386691,591107.2918247944,-4058935.7858220967
-4702513.86248059,590765.3169835197,-4058935.7858220967
-4702556.811715572,590423.338935913,-4058935.7858220967
-4702599.736081093,590081.357765854,-4058935.7858220967
-4702642.635566633,589739.3735572249,-4058935.7858220967
-4702685.510192557,589397.3861476872,-4058935.7858220967
-4702728.35994834,589055.3956211208,-4058935.7858220967
-4702771.1848234795,588713.4020614146,-4058935.7858220967
-4702942.2356467,587345.3964603588,-4058935.7858220967
-4702984.9361768905,587003.387269615,-4058935.7858220967
-4703027.611825117,586661.3750565898,-4058935.7858220967
-4703070.262611639,586319.3596589235,-4058935.7858220967
-4703112.888525983,585977.3411605085,-4058935.7858220967
-4703155.489557705,585635.3196452406,-4058935.7858220967
-4703198.065727026,585293.2949507554,-4058935.7858220967
-4703960.183238895,579136.323395335,-4058935.7858220967
-4704002.286785707,578794.2401990521,-4058935.7858220967
-4704044.365445318,578452.154023922,-4058935.7858220967
-4704086.419237703,578110.0647075492,-4058935.7858220967
-4704128.448152537,577767.9723338406,-4058935.7858220967
-4704170.452179521,577425.8769867121,-4058935.7858220967
-4704589.124193853,574004.7552848998,-4058935.7858220967
-4704630.854560808,573662.6263643077,-4058935.7858220967
-4704672.560037329,573320.4944920135,-4058935.7858220967
-4704714.240643211,572978.3595056066,-4058935.7858220967
-4722695.780336219,398478.1712556266,-4058935.7858220967
-4699152.935929021,614657.6263829161,-4059280.4395704158
-4701052.0216883235,599960.1672620826,-4059280.4395704158
-4701095.639595605,599618.2954982312,-4059280.4395704158
-4701919.655780296,593122.1320334626,-4059280.4395704158
-4701962.776398944,592780.1972736223,-4059280.4395704158
-4702005.872161624,592438.2592967997,-4059280.4395704158
-4702048.943057757,592096.3181868708,-4059280.4395704158
-4702091.989076787,591754.3740277082,-4059280.4395704158
-4702135.010239148,591412.4266569841,-4059280.4395704158
-4702178.006534278,591070.4761585812,-4059280.4395704158
-4702220.977951642,590728.5226163698,-4059280.4395704158
-4702263.924511636,590386.5658680261,-4059280.4395704158
-4702306.846203718,590044.6059974245,-4059280.4395704158
-4702349.74301737,589702.643088442,-4059280.4395704158
-4702392.614972953,589360.6769787505,-4059280.4395704158
-4702435.462059943,589018.7077522243,-4059280.4395704158
-4702478.284267841,588676.7354927472,-4059280.4395704158
-4702521.081616973,588334.7600379841,-4059280.4395704158
-4702563.854096833,587992.7814718119,-4059280.4395704158
-4702606.601696938,587650.7998781187,-4059280.4395704158
-4702649.324437581,587308.8150945611,-4059280.4395704158
-4702692.022308274,586966.8272050199,-4059280.4395704158
-4702734.6952985525,586624.8362933857,-4059280.4395704158
-4702777.343428675,586282.8421973084,-4059280.4395704158
-4702819.966688168,585940.8450006759,-4059280.4395704158
-4702862.56506659,585598.8447873782,-4059280.4395704158
-4702905.138584159,585256.8413950613,-4059280.4395704158
-4702947.687230426,584914.8349076171,-4059280.4395704158
-4703625.08282958,579442.3121393921,-4059280.4395704158
-4703667.208629409,579100.2533114959,-4059280.4395704158
-4703709.309553905,578758.191421025,-4059280.4395704158
-4703751.38559275,578416.1265518921,-4059280.4395704158
-4703793.4367659185,578074.0585417125,-4059280.4395704158
-4703835.463063085,577731.9874743873,-4059280.4395704158
-4703877.464473952,577389.9134338275,-4059280.4395704158
-4703919.441018457,577047.8362576435,-4059280.4395704158
-4703961.392686293,576705.7560297456,-4059280.4395704158
-4704003.319467182,576363.6728340401,-4059280.4395704158
-4704045.221381026,576021.5865081337,-4059280.4395704158
-4704087.098417537,575679.4971359426,-4059280.4395704158
-4704128.950566453,575337.4048013714,-4059280.4395704158
-4704254.357765783,574311.1093846763,-4059280.4395704158
-4704296.110412324,573969.0048081799,-4059280.4395704158
-4704337.838180207,573626.8971962475,-4059280.4395704158
-4704379.541059203,573284.7866327969,-4059280.4395704158
-4704421.219069111,572942.6729554274,-4059280.4395704158
-4704462.872199698,572600.556248052,-4059280.4395704158
-4704504.500440757,572258.4365945864,-4059280.4395704158
-4722401.638826073,398453.35302118916,-4059280.4395704158
-4698860.217645986,614619.3383068517,-4059625.0718512386
-4700759.185107985,599922.7947159142,-4059625.0718512386
-4700802.800298233,599580.9442478404,-4059625.0718512386
-4700846.390628295,599239.0906088841,-4059625.0718512386
-4701626.765153544,593085.1854402178,-4059625.0718512386
-4701669.883086135,592743.2719800792,-4059625.0718512386
-4701712.976164306,592401.3553031586,-4059625.0718512386
-4701756.044377479,592059.4354933271,-4059625.0718512386
-4701799.087715099,591717.5126344517,-4059625.0718512386
-4701842.106197597,591375.5865642149,-4059625.0718512386
-4701885.099814416,591033.657366494,-4059625.0718512386
-4701928.068555016,590691.7251251542,-4059625.0718512386
-4701971.012439795,590349.7896778821,-4059625.0718512386
-4702013.9314582115,590007.8511085464,-4059625.0718512386
-4702056.825599747,589665.909501019,-4059625.0718512386
-4702099.694884762,589323.964692982,-4059625.0718512386
-4702142.539302735,588982.0167683045,-4059625.0718512386
-4702185.358843164,588640.065810865,-4059625.0718512386
-4702228.153526375,588298.1116583387,-4059625.0718512386
-4702270.923341865,587956.1543945969,-4059625.0718512386
-4702313.668279149,587614.1941035228,-4059625.0718512386
-4702356.3883585185,587272.2306227828,-4059625.0718512386
-4702399.0835694885,586930.264036253,-4059625.0718512386
-4702441.753901593,586588.2944278183,-4059625.0718512386
-4702484.39937509,586246.321635139,-4059625.0718512386
-4702527.019979509,585904.3457420972,-4059625.0718512386
-4702569.615704403,585562.3668325786,-4059625.0718512386
-4702612.186569995,585220.3847442386,-4059625.0718512386
-4703289.937929672,579748.252059744,-4059625.0718512386
-4703332.085968857,579406.2176855534,-4059625.0718512386
-4703374.209144598,579064.1801650872,-4059625.0718512386
-4703416.307446555,578722.1395822371,-4059625.0718512386
-4703458.380864412,578380.0960209109,-4059625.0718512386
-4703500.42941814,578038.0493187332,-4059625.0718512386
-4703542.453097417,577695.9995596006,-4059625.0718512386
-4703584.451891943,577353.9468274185,-4059625.0718512386
-4703626.425821657,577011.8909598077,-4059625.0718512386
-4703668.374876253,576669.8320406729,-4059625.0718512386
-4703710.299045451,576327.7701539155,-4059625.0718512386
-4703752.198349153,575985.705137152,-4059625.0718512386
-4703794.072777071,575643.6370742937,-4059625.0718512386
-4703961.321706447,574275.3345622437,-4059625.0718512386
-4704003.071752144,573933.2512960271,-4059625.0718512386
-4704044.796920733,573591.1649945637,-4059625.0718512386
-4704086.497201986,573249.0757417658,-4059625.0718512386
-4704128.172615699,572906.9833752431,-4059625.0718512386
-4704169.823151641,572564.8879789034,-4059625.0718512386
-4722107.472341524,398428.5326795327,-4059625.0718512386
-4698746.050103373,613214.2631776029,-4059969.6826544786
-4700466.323674721,599885.4189979526,-4059969.6826544786
-4700509.936147704,599543.5898274638,-4059969.6826544786
-4700553.523762051,599201.75748629,-4059969.6826544786
-4701333.84966928,593048.2357113303,-4059969.6826544786
-4701376.964915586,592706.3435527011,-4059969.6826544786
-4701420.05530902,592364.4481774904,-4059969.6826544786
-4701463.120839005,592022.5496695638,-4059969.6826544786
-4701506.161494988,591680.6481127833,-4059969.6826544786
-4701549.1772973975,591338.7433448416,-4059969.6826544786
-4701592.168235675,590996.8354496105,-4059969.6826544786
-4701635.134299286,590654.9245109503,-4059969.6826544786
-4701678.075508622,590313.0103665573,-4059969.6826544786
-4701720.991853147,589971.0931002953,-4059969.6826544786
-4701763.8833223395,589629.172796031,-4059969.6826544786
-4701806.74993656,589287.2492914564,-4059969.6826544786
-4701849.591685288,588945.3226704355,-4059969.6826544786
-4701892.408558022,588603.3930168415,-4059969.6826544786
-4701935.200575087,588261.4601683597,-4059969.6826544786
-4701977.967725979,587919.5242088564,-4059969.6826544786
-4702020.710000216,587577.5852222093,-4059969.6826544786
-4702063.427418088,587235.6430460952,-4059969.6826544786
-4702106.119969108,586893.6977643844,-4059969.6826544786
-4702148.787642814,586551.7494609572,-4059969.6826544786
-4702191.43045946,586209.7979734837,-4059969.6826544786
-4702234.048408577,585867.8433858411,-4059969.6826544786
-4702276.641479721,585525.8857819093,-4059969.6826544786
-4702319.209693111,585183.9249993544,-4059969.6826544786
-4702912.553366268,580396.150328777,-4059969.6826544786
-4702954.748533057,580054.1433149674,-4059969.6826544786
-4702996.918828282,579712.1332335407,-4059969.6826544786
-4703039.064241606,579370.1201683927,-4059969.6826544786
-4703081.1847930355,579028.1039571649,-4059969.6826544786
-4703123.280472232,578686.0846837441,-4059969.6826544786
-4703165.351268877,578344.0624320327,-4059969.6826544786
-4703207.397202944,578002.0370396655,-4059969.6826544786
-4703249.418264109,577660.0085905339,-4059969.6826544786
-4703291.414442074,577317.9771685379,-4059969.6826544786
-4703333.385756775,576975.9426113085,-4059969.6826544786
-4703375.332197908,576633.9050027453,-4059969.6826544786
-4703417.253755193,576291.8644267445,-4059969.6826544786
-4703459.150448531,575949.8207209326,-4059969.6826544786
-4703710.008221888,573897.4947494878,-4059969.6826544786
-4703751.730790962,573555.429760302,-4059969.6826544786
-4703793.428474251,573213.3618199655,-4059969.6826544786
-4703835.101291549,572871.2907660984,-4059969.6826544786
-4703876.7492326265,572529.2166826028,-4059969.6826544786
-4700173.437376026,599848.0401066017,-4060314.2719948534
-4700217.047131514,599506.2322355061,-4060314.2719948534
-4701040.909314997,593011.2828452222,-4060314.2719948534
-4701084.021874788,592669.4119899109,-4060314.2719948534
-4701127.109583259,592327.5379182186,-4060314.2719948534
-4701170.172429828,591985.6607140056,-4060314.2719948534
-4701213.210403945,591643.7804611288,-4060314.2719948534
-4701256.223526038,591301.8969972908,-4060314.2719948534
-4701299.211785548,590960.0104063583,-4060314.2719948534
-4701342.175171941,590618.1207721862,-4060314.2719948534
-4701385.113705609,590276.2279324812,-4060314.2719948534
-4701428.027376013,589934.3319711016,-4060314.2719948534
-4701470.916172636,589592.4329719092,-4060314.2719948534
-4701513.780115836,589250.5307726058,-4060314.2719948534
-4701556.6191950925,588908.6254570502,-4060314.2719948534
-4701727.726847629,587540.9732326148,-4060314.2719948534
-4701770.441603776,587199.0523629352,-4060314.2719948534
-4701813.131494622,586857.1283878527,-4060314.2719948534
-4701855.796509703,586515.2013912419,-4060314.2719948534
-4701898.436669273,586173.2712107832,-4060314.2719948534
-4701941.051962863,585831.3379303485,-4060314.2719948534
-4701983.642380031,585489.4016338126,-4060314.2719948534
-4702577.297245611,580701.9683667903,-4060314.2719948534
-4702619.514642876,580359.9858147606,-4060314.2719948534
-4702661.707180481,580018.0001114256,-4060314.2719948534
-4702703.874848072,579676.0113406647,-4060314.2719948534
-4702746.017635314,579334.0195863683,-4060314.2719948534
-4702788.13556221,578992.0246861883,-4060314.2719948534
-4702830.2286184225,578650.026724006,-4060314.2719948534
-4702872.296793635,578308.0257837187,-4060314.2719948534
-4702914.340107817,577966.0217029714,-4060314.2719948534
-4702956.358550647,577624.01456565,-4060314.2719948534
-4702998.352111828,577282.0044556496,-4060314.2719948534
-4703040.320811294,576939.9912106111,-4060314.2719948534
-4703082.264638742,576597.9749144289,-4060314.2719948534
-4703124.183583893,576255.955650994,-4060314.2719948534
-4703625.270891255,572151.4866432452,-4060314.2719948534
-4703666.866487249,571809.4278209513,-4060314.2719948534
-4703708.437207912,571467.3659746427,-4060314.2719948534
-4698205.043261388,612796.1795912976,-4060658.8398622666
-4700747.944099274,592974.3268429759,-4060658.8398622666
-4700791.053972325,592632.4772927907,-4060658.8398622666
-4700834.138995603,592290.6245264248,-4060658.8398622666
-4700877.19915853,591948.7686277335,-4060658.8398622666
-4700920.234450554,591606.9096805684,-4060658.8398622666
-4700963.244892102,591265.0475226421,-4060658.8398622666
-4701006.230472618,590923.1822378162,-4060658.8398622666
-4701049.191181565,590581.3139099404,-4060658.8398622666
-4701092.1270393375,590239.4423767314,-4060658.8398622666
-4701135.038035395,589897.5677220424,-4060658.8398622666
-4701562.780510845,586478.6502197429,-4060658.8398622666
-4701605.418013113,586136.7413481073,-4060658.8398622666
-4701648.030650951,585794.8293766889,-4060658.8398622666
-4702241.996638931,581007.7377226171,-4060658.8398622666
-4702284.236283388,580665.7794714554,-4060658.8398622666
-4702326.451049697,580323.8182315124,-4060658.8398622666
-4702368.640957897,579981.8538404608,-4060658.8398622666
-4702410.8059976315,579639.8863821742,-4060658.8398622666
-4702452.9461585665,579297.9159405382,-4060658.8398622666
-4702495.061460706,578955.9423532145,-4060658.8398622666
-4702537.151893713,578613.9657040795,-4060658.8398622666
-4702579.217447269,578271.986077025,-4060658.8398622666
-4702621.258141344,577930.0033097061,-4060658.8398622666
-4702663.273965618,577588.0174860037,-4060658.8398622666
-4702705.264909792,577246.0286898075,-4060658.8398622666
-4702747.230993802,576904.0367587686,-4060658.8398622666
-4702789.172207343,576562.0417767762,-4060658.8398622666
-4703373.737623917,571773.7931018317,-4060658.8398622666
-4703415.305753926,571431.7525725515,-4060658.8398622666
-4721224.823064051,398354.059013155,-4060658.8398622666
-4697867.638243604,613099.625213429,-4061003.386246632
-4700411.82197592,593279.1928952159,-4061003.386246632
-4700454.95403069,592937.3677056734,-4061003.386246632
-4700498.061216772,592595.5394624214,-4061003.386246632
-4700541.143554629,592253.7080031894,-4061003.386246632
-4700584.201033685,591911.8734118271,-4061003.386246632
-4700627.233643387,591570.035772181,-4061003.386246632
-4700670.241404165,591228.194921974,-4061003.386246632
-4701948.913448452,580971.5244435925,-4061003.386246632
-4701991.150460179,580629.5875061394,-4061003.386246632
-4702117.712285535,579603.7583591265,-4061003.386246632
-4702159.849819942,579261.8092319588,-4061003.386246632
-4702201.962497104,578919.8569592997,-4061003.386246632
-4702244.050306681,578577.9016250198,-4061003.386246632
-4702286.113238358,578235.9433130061,-4061003.386246632
-4702328.151312104,577893.9818609238,-4061003.386246632
-4702370.164517599,577552.0173526484,-4061003.386246632
-4702412.152844545,577210.0498720646,-4061003.386246632
-4702454.116312876,576868.0792568335,-4061003.386246632
-4703080.58389384,571738.155359743,-4061003.386246632
-4703122.149432974,571396.1361492996,-4061003.386246632
-4720901.576906782,398672.54489423335,-4061003.386246632
-4700118.809730715,593242.2093127284,-4061347.9111626577
-4700161.939096737,592900.4054317371,-4061347.9111626577
-4700205.043595621,592558.5984972267,-4061347.9111626577
-4700248.123247831,592216.7883469368,-4061347.9111626577
-4700291.178042788,591874.9750647119,-4061347.9111626577
-4701655.805384701,580935.3080912335,-4061347.9111626577
-4720607.2873800695,398647.6926170488,-4061347.9111626577
-4728201.846455482,295229.47628868895,-4061347.9111626577
-4697058.694075803,614731.1230006354,-4061692.4146002596
-4697103.3861679435,614389.541600728,-4061692.4146002596
-4720283.971733625,398966.10805097723,-4061692.4146002596
-4719989.634094088,398941.23015312146,-4062036.8965493487
-4719666.24898787,399259.57504293224,-4062381.3570246333
-4719371.863229784,399234.6715166082,-4062725.796016027
-4694761.893417133,623114.118102138,-4063070.2135134414
-4697348.3445701115,603306.6963197608,-4063070.2135134414
-4719077.452520381,399209.76587953063,-4063070.2135134414
-4694085.364855853,623719.0929534328,-4063758.984060379
-4718459.516015757,399503.08533090417,-4063758.984060379
-4693747.034591432,624021.5066167632,-4064103.337089731
-4696862.81370275,600119.8003002385,-4064103.337089731
-4696906.443229953,599778.2331837929,-4064103.337089731
-4696950.047907114,599436.6629773979,-4064103.337089731
-4696993.627754933,599095.0895189059,-4064103.337089731
-4718165.032252973,399478.1519450369,-4064103.337089731
-4693317.806474838,625006.4930535047,-4064447.668634346
-4696525.98302763,600423.8833350809,-4064447.668634346
-4696569.634669267,600082.340712849,-4064447.668634346
-4696700.440556013,599057.6938941502,-4064447.668634346
-4717841.461995956,399796.30864314915,-4064447.668634346
-4692979.344293663,625308.7589807741,-4064791.9786841413
-4696232.781881498,600386.3992518681,-4064791.9786841413
-4696276.43079799,600044.8779519261,-4064791.9786841413
-4696363.654111543,599361.8259158107,-4064791.9786841413
-4696407.228518608,599020.29510128,-4064791.9786841413
-4717546.930137956,399771.34961250884,-4064791.9786841413
-4695939.555906388,600348.9119944131,-4065136.267229038
-4695983.202097505,600007.4120185665,-4065136.267229038
-4696026.8234539265,599665.9088695842,-4065136.267229038
-4696070.419964961,599324.4026312312,-4065136.267229038
-4696113.991651303,598982.89314139,-4065136.267229038
-4717252.37333829,399746.3884682778,-4065136.267229038
-4695646.305089781,600311.4215611152,-4065480.5342837344
-4695689.948555293,599969.9429111707,-4065480.5342837344
-4695733.5671876585,599628.4610882885,-4065480.5342837344
-4695777.160976188,599286.9761762285,-4065480.5342837344
-4716957.791584382,399721.4252093903,-4065480.5342837344
-4695353.029440261,600273.927953072,-4065824.7798381518
-4695396.670179936,599932.4706308354,-4065824.7798381518
-4695440.286088016,599591.0101358593,-4065824.7798381518
-4716663.184884856,399696.4598365771,-4065824.7798381518
-4724173.570396263,298082.09678454255,-4065824.7798381518
-4694841.166476828,601943.5633197679,-4066169.003882204
-4716339.475843675,400014.47532083944,-4066169.003882204
-4716044.821074213,399989.4842926043,-4066513.2064305935
-4723539.945018266,298731.8693116149,-4066513.2064305935
-4706628.973304898,495897.87013172824,-4066857.3874732447
-4715721.0426604375,400307.42906403367,-4066857.3874732447
-4706334.838677966,495866.87964238774,-4067201.5470000706
-4715426.339836514,400282.4123743874,-4067201.5470000706
-4690133.004874848,628748.3573034795,-4067545.6850257763
-4715102.492058657,400600.28658306034,-4067545.6850257763
-4689839.814885412,628709.0529332103,-4067889.801540277
-4705493.493392334,498200.3072731022,-4067889.801540277
-4714778.598051298,400918.11368662014,-4067889.801540277
-4714807.741174536,400575.2442242042,-4067889.801540277
-4705271.705916876,497484.8104153523,-4068233.896533494
-4714454.657835368,401235.89359666145,-4068233.896533494
-4714483.824062074,400893.04777328693,-4068233.896533494
-4704832.580559569,498822.30380371714,-4068577.970020132
-4714159.860730309,401210.8041242913,-4068577.970020132
-4713835.851179176,401528.5134356545,-4068922.021990105
-4713541.006046759,401503.3982786039,-4069266.0524333427
-4720959.677706042,302015.7545347926,-4069266.0524333427
-4688007.045812673,631239.9598023641,-4069610.0613645334
-4703949.789796018,498728.7073335109,-4069610.0613645334
-4713216.92718992,401821.0368944859,-4069610.0613645334
-4712922.034024411,401795.8960449624,-4069954.0487736017
-4712597.885891385,402113.4638685941,-4070298.0146504804
-4712302.94470827,402088.2973206196,-4070641.959009853
-4690776.268483077,601075.6598648501,-4070985.881841649
-4691081.6408760445,598687.7220068069,-4070985.881841649
-4711978.727286304,402405.79450018605,-4070985.881841649
-4690613.62118937,600014.7112064654,-4071329.783135796
-4690657.243080335,599673.5986263042,-4071329.783135796
-4690787.959934096,598650.241701071,-4071329.783135796
-4711683.738101077,402380.6022477757,-4071329.783135796
-4690363.5455087405,599636.0510779461,-4071673.6629069783
-4702074.659863385,499567.28862117126,-4071673.6629069783
-4711359.4514196925,402698.02868651575,-4071673.6629069783
-4690069.82313217,599598.5003584141,-4072017.5211451286
-4701342.486457089,503638.89099290175,-4072017.5211451286
-4711064.414226622,402672.8107218786,-4072017.5211451286
-4700827.845599499,505658.51837627066,-4072361.357840177
-4710769.352126181,402647.59062831267,-4072361.357840177
-4689873.686677533,596454.0022275763,-4072705.173006805
-4689917.049638837,596112.9433845242,-4072705.173006805
-4710444.973129944,402964.92264023214,-4072705.173006805
-4689188.507195204,599485.8291756653,-4073048.9666349445
-4689623.2256197855,596075.5968176277,-4073048.9666349445
-4689666.561063331,595734.5561896197,-4073048.9666349445
-4710149.863033353,402939.67682631826,-4073048.9666349445
-4700274.262057062,502487.2711141176,-4073392.7387145264
-4709825.41481377,403256.9381449893,-4073392.7387145264
-4709500.920446747,403574.15227060945,-4073736.489260234
-4709530.256736531,403231.6666047488,-4073736.489260234
-4699171.159971284,507208.81741191226,-4074080.2182620005
-4709205.739301905,403548.85713163234,-4074080.2182620005
-4682744.007445271,639201.247135286,-4074423.925709756
-4698876.582966714,507177.02200607624,-4074423.925709756
-4699170.851386966,504443.24069115944,-4074423.925709756
-4708881.175751355,403866.00037443294,-4074423.925709756
-4708910.53325953,403523.5598590955,-4074423.925709756
-4682310.862266204,640182.7086163571,-4074767.611618181
-4708585.946639441,403840.6794975255,-4074767.611618181
-4716032.855153208,304799.9678854149,-4074767.611618181
-4708261.313892549,404157.75200557424,-4075111.2759772106
-4715759.285999608,304437.91635052965,-4075111.2759772106
-4689616.984180871,579447.7946290417,-4075454.9187767804
-4707936.63503985,404474.7772949536,-4075454.9187767804
-4707966.036829076,404132.4053847654,-4075454.9187767804
-4715330.262059208,306476.3036953873,-4075454.9187767804
-4687271.740781005,595776.7108173567,-4075798.5400315677
-4688645.483118939,584867.3308579565,-4075798.5400315677
-4688688.003476905,584526.3613630307,-4075798.5400315677
-4689742.953025608,576001.1246718111,-4075798.5400315677
-4698138.722071919,502950.10611887404,-4075798.5400315677
-4707641.33491542,404449.40706138354,-4075798.5400315677
-4688223.647940705,585853.4659747448,-4076142.1397315054
-4688266.240013559,585512.5271539357,-4076142.1397315054
-4688308.80729253,585171.585236643,-4076142.1397315054
-4688351.349767182,584830.6403065003,-4076142.1397315054
-4688393.867457713,584489.6922016542,-4076142.1397315054
-4689490.623775411,575623.9625202985,-4076142.1397315054
-4697807.407493945,503260.18996150506,-4076142.1397315054
-4707316.58690624,404766.36142650904,-4076142.1397315054
-4714805.451526833,305409.2515918999,-4076142.1397315054
-4687929.497813987,585816.7081568171,-4076485.717866532
-4687972.087214515,585475.7907273079,-4076485.717866532
-4688014.651822714,585134.8702015092,-4076485.717866532
-4688057.1916281525,584793.9466630495,-4076485.717866532
-4706991.792801368,405083.26863836974,-4076485.717866532
-4707021.238843835,404740.9654374425,-4076485.717866532
-4714509.63359553,305390.0895004975,-4076485.717866532
-4686778.382686238,592597.214439685,-4076829.2744513224
-4687635.322888109,585779.9472399176,-4076829.2744513224
-4687677.909616086,585439.0512035115,-4076829.2744513224
-4687720.471553289,585098.1520710103,-4076829.2744513224
-4687763.008689287,584757.2499260373,-4076829.2744513224
-4697107.987427732,504221.79784228036,-4076829.2744513224
-4706696.421686593,405057.8490281598,-4076829.2744513224
-4714213.790724459,305370.9257935807,-4076829.2744513224
-4679835.280353386,642964.719429346,-4077172.809475813
-4688019.493172287,580288.8188719163,-4077172.809475813
-4696186.286481629,509996.31796023605,-4077172.809475813
-4706371.558443938,405374.6853727818,-4077172.809475813
-4706401.02568047,405032.42727580277,-4077172.809475813
-4713917.922922283,305351.7604717108,-4077172.809475813
-4679494.759851711,643264.6646289747,-4077516.3229299467
-4686233.143128422,592182.0366108385,-4077516.3229299467
-4687471.596993059,582297.7448206319,-4077516.3229299467
-4687598.523099422,581275.0833090687,-4077516.3229299467
-4706046.649136909,405691.47438308154,-4077516.3229299467
-4706076.139404774,405349.23999547417,-4077516.3229299467
-4696843.180645163,498320.64680765313,-4077859.8148283893
-4705721.693744048,406008.2162154105,-4077859.8148283893
-4713214.785867985,307027.2184728441,-4077859.8148283893
-4712918.850271915,307007.94070023316,-4078203.2851610836
-4685350.474174675,592070.4969834408,-4078546.7339179693
-4686461.56950759,583210.5081147962,-4078546.7339179693
-4705101.204147466,406299.39450745354,-4078546.7339179693
-4712578.190219001,307674.081325135,-4078546.7339179693
-4686590.084016267,579765.8475368422,-4078890.161113716
-4704805.6911185365,406273.8760840416,-4078890.161113716
-4695627.158824244,498536.95280087594,-4079233.566738265
-4704480.597559018,406590.47601556993,-4079233.566738265
-4677497.61891653,644723.140333915,-4079576.9507815605
-4684896.828161709,588552.1320428562,-4079576.9507815605
-4684939.616495911,588211.4351480919,-4079576.9507815605
-4684982.38005382,587870.7351425728,-4079576.9507815605
-4685195.826170611,586167.1886802547,-4079576.9507815605
-4685238.441066034,585826.4700480442,-4079576.9507815605
-4685281.031173364,585485.7483994667,-4079576.9507815605
-4685323.5965128215,585145.023572777,-4079576.9507815605
-4704155.4579553325,406907.0287435286,-4079576.9507815605
-4686378.117664804,574204.1237531074,-4079920.3132582647
-4693864.410440824,509398.79648424994,-4079920.3132582647
-4703830.272307267,407223.53417788347,-4079920.3132582647
-4711371.728641485,307939.3966681236,-4079920.3132582647
-4703505.040635906,407539.9922304632,-4080263.654158321
-4703209.410661588,407514.3770697701,-4080606.9734716807
-4702884.109950407,407830.76424236625,-4080950.2712129997
-4702558.763226016,408147.1040985398,-4081293.547372226
-4692352.213580204,509579.94540956727,-4081636.801939308
-4702203.653776867,408805.35155759467,-4081636.801939308
-4702233.370509526,408463.3965501508,-4081636.801939308
-4709846.2512962185,308527.64253079373,-4081636.801939308
-4701848.427461052,409463.5021877841,-4081980.0349289007
-4701878.192049577,409121.57309345127,-4081980.0349289007
-4709550.048655103,308508.2392004727,-4081980.0349289007
-4684856.538523649,569522.7176488036,-4082323.2463309583
-4692020.747242252,507127.4198010975,-4082323.2463309583
-4700891.614124477,416959.1643315137,-4082323.2463309583
-4701522.896752669,409779.6527113794,-4082323.2463309583
-4709208.903417557,309173.76414999744,-4082323.2463309583
-4709253.82110754,308488.8342386065,-4082323.2463309583
-4709276.242597972,308146.3667937455,-4082323.2463309583
-4684561.8208765965,569486.889786433,-4082666.436135424
-4701167.484641315,410437.63546308613,-4082666.436135424
-4700239.450142495,417590.32801661605,-4083009.604356957
-4700841.838998886,410753.66759947845,-4083009.604356957
-4690579.291082741,512148.63573460275,-4083352.750985509
-4699913.299301927,417905.8387531392,-4083352.750985509
-4700426.354045497,412095.13611985516,-4083352.750985509
-4700486.241141666,411411.48240779893,-4083352.750985509
-4700516.147394889,411069.6523692838,-4083352.750985509
-4700546.0287966225,410727.8200747894,-4083352.750985509
-4700100.547582028,412411.0023625536,-4083695.876011022
-4673158.058817328,647934.6970634358,-4084038.979448162
-4689768.018631946,511369.8356913385,-4084382.0612868727
-4707340.931945108,310426.3646537801,-4084382.0612868727
-4707044.538603656,310406.8189465912,-4084725.121517108
-4689214.590850224,510964.42915068154,-4085068.160153522
-4691790.31875776,486746.064915646,-4085068.160153522
-4698826.933179085,413332.28633963334,-4085068.160153522
-4691282.001454927,488762.4127817622,-4085411.1771860616
-4691706.740761283,484668.3113412119,-4085411.1771860616
-4698530.988942503,413306.2536064267,-4085411.1771860616
-4691022.018169671,488390.4852581772,-4085754.1726046894
-4691411.201555532,484637.7811960642,-4085754.1726046894
-4698235.0198648535,413280.2186880757,-4085754.1726046894
-4697939.025933502,413254.181583469,-4086097.1464240486
-4688033.0867736405,510835.6855104973,-4086440.0986340954
-4697673.045529069,412886.51901582466,-4086440.0986340954
-4697377.000023307,412860.4990699579,-4086783.029224789
-4697080.92966838,412834.47694005555,-4087125.9382107686
-4696754.801780494,413150.0113121093,-4087468.825581997
-4696784.834472953,412808.45262687915,-4087468.825581997
-4687331.907000765,506275.7843815372,-4087811.6913284333
-4688026.96323543,499798.7277056274,-4087811.6913284333
-4696428.628003332,413465.498330045,-4087811.6913284333
-4696458.683646723,413123.9632820374,-4087811.6913284333
-4704240.066926162,312283.4753314896,-4087811.6913284333
-4669437.522660045,648803.2954090858,-4088154.5354647166
-4696132.486920457,413439.4265784854,-4088154.5354647166
-4703897.966602126,312947.94128680986,-4088154.5354647166
-4688085.852250395,493599.4283968005,-4088497.357980807
-4695836.321002101,413413.3526404527,-4088497.357980807
-4685890.185376648,511291.82061718917,-4088840.1588666644
-4687030.9248813735,500726.73629924183,-4088840.1588666644
-4687861.887388761,492886.47780915856,-4088840.1588666644
-4695540.130256937,413387.2765167105,-4088840.1588666644
-4695243.914672314,413361.1982061452,-4089182.938136931
-4687840.654205037,487370.06917205703,-4089525.6957815676
-4694947.674256907,413335.1177095202,-4089525.6957815676
-4694651.409019395,413309.0350275999,-4089868.4317905335
-4702231.635506682,315584.9436893091,-4089868.4317905335
-4677989.00416629,569378.3070829994,-4090211.146178467
-4687178.070150679,487990.28512459627,-4090211.146178467
-4694355.118947125,413282.9501592702,-4090211.146178467
-4701888.92022069,316248.8918294232,-4090211.146178467
-4685333.422762447,502613.1796088824,-4090553.838935333
-4686526.114829674,491367.7500517279,-4090553.838935333
-4701569.120532043,316570.8382510352,-4090553.838935333
-4684964.486827876,503262.85499070777,-4090896.5100510926
-4687500.506290718,479066.5377335887,-4090896.5100510926
-4684632.069399978,503571.75634914567,-4091239.1595403855
-4685709.851406084,490593.17719316133,-4091581.7873931704
-4686277.510467662,485140.7754018719,-4091581.7873931704
-4683303.1046580225,510320.2788118328,-4091924.393599415
-4684477.991774457,499420.3656708592,-4091924.393599415
-4685413.908380679,490562.19199909124,-4091924.393599415
-4686682.139077892,478294.1399540018,-4091924.393599415
-4666043.433508386,647294.1031416402,-4092266.978173753
-4682933.0022655185,510969.1533166395,-4092266.978173753
-4684218.387279477,499048.17364811664,-4092266.978173753
-4686142.021616551,480649.4903650747,-4092266.978173753
-4686386.0911551025,478263.9271120779,-4092266.978173753
-4675460.317267009,570450.7629488212,-4092952.082386574
-4675543.23651137,569770.7388065747,-4092952.082386574
-4675584.659048739,569430.7221739069,-4092952.082386574
-4691742.793941791,415803.80804255314,-4092952.082386574
-4684194.210422137,490778.87081927405,-4093294.6020296523
-4684903.064632162,483965.4698375509,-4093294.6020296523
-4685602.008414262,477151.0449942887,-4093294.6020296523
-4685775.1956762085,475447.2805480083,-4093294.6020296523
-4691416.0471253395,416118.7015381031,-4093294.6020296523
-4699170.8911667885,316752.6426182408,-4093294.6020296523
-4682156.580174908,507094.71701133944,-4093637.1000253554
-4682998.200617345,499262.6025557162,-4093637.1000253554
-4664569.2492162995,647089.5978015573,-4093979.5763636525
-4680780.825582666,516935.28722166544,-4093979.5763636525
-4684486.463851319,482200.99368526373,-4093979.5763636525
-4684225.3457770655,481829.86205012497,-4094322.03105917
-4690405.189853001,417404.19377810176,-4094322.03105917
-4683577.535759371,485205.51620056684,-4094664.4641018785
-4697913.498014115,317697.4844062621,-4094664.4641018785
-4682067.402815258,496752.9821269105,-4095006.8754817504
-4681735.120202668,497062.0285003856,-4095349.265213407
-4673095.8712396445,570162.2779764901,-4095691.6332868193
-4673137.322257019,569822.4393202239,-4095691.6332868193
-4680121.685541602,509284.84519724513,-4095691.6332868193
-4680527.586710057,505540.8540073479,-4095691.6332868193
-4682085.55067863,490902.17065189173,-4095691.6332868193
-4689097.103938386,418662.62653954426,-4095691.6332868193
-4672800.20426369,570126.2037847386,-4096033.979691967
-4672841.652658457,569786.3866300787,-4096033.979691967
-4678816.638401952,518440.45118203654,-4096033.979691967
-4684057.316719216,468735.20339094795,-4096033.979691967
-4696609.124570855,319324.86311993026,-4096033.979691967
-4672504.512568554,570090.126577011,-4096376.3044434665
-4672545.958340494,569750.3309257551,-4096376.3044434665
-4683794.985519855,468364.9282484185,-4096376.3044434665
-4696311.926263046,319304.65645455883,-4096376.3044434665
-4672208.796162891,570054.0463543634,-4096718.6075312924
-4672250.2393117845,569714.2722083086,-4096718.6075312924
-4677997.839819757,520416.04639803316,-4096718.6075312924
-4678073.481792132,519735.65363567974,-4096718.6075312924
-4661914.163498072,646721.2726127254,-4097060.888945421
-4671954.495580991,569678.210478795,-4097060.888945421
-4677701.732277795,520383.10514376726,-4097060.888945421
-4679011.0952862,508475.4098895879,-4097060.888945421
-4671658.727135486,569642.145735675,-4097403.148700468
-4677443.428557051,520010.00919977453,-4097403.148700468
-4682837.460819212,468957.0903267917,-4097403.148700468
-4687184.920489149,423302.4428923368,-4097403.148700468
-4671362.933983925,569606.077980004,-4097745.3867864134
-4677147.269138354,519977.08397803886,-4097745.3867864134
-4677185.070574431,519636.95082848216,-4097745.3867864134
-4677222.847266162,519296.81501246104,-4097745.3867864134
-4677260.59923148,518956.6763685082,-4097745.3867864134
-4678750.392356663,505348.900357998,-4097745.3867864134
-4683719.3385724975,457007.55196460255,-4097745.3867864134
-4660934.597861866,647276.3482533586,-4098087.6031932314
-4671067.116134976,569570.0072128387,-4098087.6031932314
-4676204.717263782,525725.6307180645,-4098087.6031932314
-4677639.670471404,512801.2380895071,-4098087.6031932314
-4678747.296382715,502594.9991249375,-4098087.6031932314
-4680260.559279518,488302.256606016,-4098087.6031932314
-4694779.086281156,319886.4291760841,-4098087.6031932314
-4660639.3970470745,647235.3529333455,-4098429.7979355375
-4670729.843545629,569873.6000257386,-4098429.7979355375
-4670771.273576005,569533.9334326386,-4098429.7979355375
-4676099.387327035,523992.09081225924,-4098429.7979355375
-4676931.729589314,516510.2014043607,-4098429.7979355375
-4670433.978909656,569837.5017175791,-4098771.9710033135
-4670475.406315671,569497.8566404599,-4098771.9710033135
-4676748.038709414,515457.18749985774,-4098771.9710033135
-4675163.043106739,526985.7038101107,-4099114.1223865305
-4680737.028926545,474936.0774748678,-4099114.1223865305
-4685137.723916805,422774.06990185654,-4099798.3601331264
-4693222.238259893,320809.0219313131,-4099798.3601331264
-4692924.774218722,320788.688534925,-4100140.4464764623
-4684017.617427757,428511.53476315516,-4100482.51114443
-4684574.524586645,422379.80466931115,-4100482.51114443
-4684605.2285207175,422039.13173428614,-4100482.51114443
-4658276.903361187,646907.2671699292,-4101166.575414176
-4683949.768728104,422666.87206060113,-4101166.575414176
-4684011.193587964,421985.6147408557,-4101166.575414176
-4684041.868864589,421644.9826917035,-4101166.575414176
-4679209.610708347,469281.1823284223,-4101508.5750205475
-4683095.47094415,428770.5902406369,-4101508.5750205475
-4667645.726481285,570530.8172559802,-4101850.552936103
-4672292.450781292,531135.8543253596,-4101850.552936103
-4672523.757740508,529097.1316576089,-4101850.552936103
-4675632.216281788,500884.63686325325,-4101850.552936103
-4682798.430787525,428743.3941084907,-4101850.552936103
-4683722.658799927,418526.1005265074,-4101850.552936103
-4657437.584864168,646445.4818168619,-4102192.5091508306
-4671880.072638298,532121.4191817293,-4102192.5091508306
-4679394.277261589,461395.5090790341,-4102192.5091508306
-4682811.898893911,425310.87153329473,-4102192.5091508306
-4682842.815985807,424970.32677225827,-4102192.5091508306
-4682873.708319924,424629.7796820353,-4102192.5091508306
-4682904.575888673,424289.2303461609,-4102192.5091508306
-4667094.967030638,570119.0289246858,-4102534.4436793285
-4675329.545644603,498101.17250150535,-4102534.4436793285
-4675365.756224185,497761.17159838515,-4102534.4436793285
-4682235.438953096,428348.4943786448,-4102534.4436793285
-4682266.576948648,428007.9915309172,-4102534.4436793285
-4682452.884940918,425964.92664680857,-4102534.4436793285
-4666798.811361742,570082.8513916477,-4102876.3565115873
-4666840.256609759,569743.4707521958,-4102876.3565115873
-4666881.677187152,569404.0870182086,-4102876.3565115873
-4667005.790823776,568385.9178371227,-4102876.3565115873
-4677265.695347101,476645.79963259335,-4102876.3565115873
-4656551.012579447,646322.4268886273,-4103218.2476375937
-4666502.631019602,570046.6708445963,-4103218.2476375937
-4676968.8507197825,476615.5491071858,-4103218.2476375937
-4666164.961317288,570349.821908714,-4103560.117071947
-4681931.291096695,421798.2349727243,-4103560.117071947
-4689236.406992845,322249.6311898097,-4104243.7908256464
-4665648.4288113685,567187.6504478597,-4104585.5951495813
-4665689.6635274,566848.3533927988,-4104585.5951495813
-4673149.309740187,501649.8987993219,-4104585.5951495813
-4673331.4058596175,499950.6606623559,-4104585.5951495813
-4665269.565874005,567830.1691469208,-4104927.377766427
-4665434.543587707,566473.0732896393,-4104927.377766427
-4665475.726338783,566133.7917906416,-4104927.377766427
-4668846.972044908,537623.6368415509,-4104927.377766427
-4672888.974940084,501278.21730756835,-4104927.377766427
-4672925.416567356,500938.3938793734,-4104927.377766427
-4676681.841474865,464562.3498335999,-4104927.377766427
-4654777.203146013,646076.2247500151,-4105269.138666177
-4664931.918225471,568133.3447671294,-4105269.138666177
-4665179.369085425,566097.8302155719,-4105269.138666177
-4665220.524548727,565758.5672743812,-4105269.138666177
-4676721.3536291355,461131.9546771068,-4105269.138666177
-4664262.734168411,571150.1258139862,-4105610.8778634253
-4664882.987153169,566061.8656458327,-4105610.8778634253
-4664924.140001837,565722.6242582413,-4105610.8778634253
-4654232.702083709,645655.6664416983,-4105952.5953481616
-4664586.580550695,566025.8980824773,-4105952.5953481616
-4664627.730784511,565686.6782502789,-4105952.5953481616
-4676127.098493539,461073.3602021459,-4105952.5953481616
-4664166.558438679,567007.5043035931,-4106294.29111038
-4664207.780058031,566668.3150136715,-4106294.29111038
-4664248.9770008465,566329.122808334,-4106294.29111038
-4671335.831608129,504548.05829405057,-4106294.29111038
-4674261.483167131,476683.1041420525,-4106294.29111038
-4663580.886776038,569345.5559791544,-4106635.965164675
-4667481.01109399,536434.5819324248,-4106635.965164675
-4667636.856117839,535076.8440386561,-4106635.965164675
-4667184.308808558,536400.4818758705,-4106977.61750104
-4682012.121979536,386131.24579884246,-4106977.61750104
-4682040.189851219,385790.75930281583,-4106977.61750104
-4682068.232968682,385450.2706848198,-4106977.61750104
-4682096.251325039,385109.78002836666,-4106977.61750104
-4673955.767410408,470814.2716618534,-4107319.248109466
-4681658.245841129,386787.6203516162,-4107319.248109466
-4681686.361453389,386447.15950673854,-4107319.248109466
-4681714.452306561,386106.6966181339,-4107319.248109466
-4681742.518393765,385766.2317693182,-4107319.248109466
-4681770.5597283235,385425.76479866804,-4107319.248109466
-4663145.314710423,565506.9033415116,-4107660.857004545
-4663186.427195822,565167.788403893,-4107660.857004545
-4663227.515029839,564828.6703959972,-4107660.857004545
-4663268.578202389,564489.5494010083,-4107660.857004545
-4663309.616703407,564150.4255021072,-4107660.857004545
-4677495.005184471,431002.04211466364,-4107660.857004545
-4681304.253061607,387443.89800330205,-4107660.857004545
-4681332.4164006645,387103.4628997704,-4107660.857004545
-4681360.554975756,386763.0258307496,-4107660.857004545
-4681388.66880024,386422.58663462935,-4107660.857004545
-4681416.757867211,386082.1453949121,-4107660.857004545
-4681444.822169786,385741.7021951084,-4107660.857004545
-4681472.86172129,385401.2568736051,-4107660.857004545
-4681500.876514836,385060.80951390386,-4107660.857004545
-4681528.86654356,384720.36019952106,-4107660.857004545
-4681556.831820751,384379.9087688365,-4107660.857004545
-4652457.69320863,645409.4293900646,-4108002.4441762725
-4662807.622963262,565810.0298487787,-4108002.4441762725
-4663054.060288093,563775.4424170201,-4108002.4441762725
-4672914.207220743,475172.31674026465,-4108002.4441762725
-4674108.512106603,463276.95355410886,-4108002.4441762725
-4681006.541019451,387419.2581363205,-4108002.4441762725
-4681231.140216894,384695.89353854314,-4108002.4441762725
-4681259.103715605,384355.46375919454,-4108002.4441762725
-4681287.042457488,384015.03194718494,-4108002.4441762725
-4652161.772275945,645368.3779344893,-4108344.009614645
-4662428.705909805,566452.1700652905,-4108344.009614645
-4662757.46537038,563739.5833150689,-4108344.009614645
-4670715.082537069,493487.7064570088,-4108344.009614645
-4680961.350860779,384331.0167174763,-4108344.009614645
-4680989.2878256105,383990.6065587317,-4108344.009614645
-4681017.200028345,383650.19445095217,-4108344.009614645
-4651865.826733217,645327.3230649001,-4108685.5533342515
-4662460.8457865715,563703.721230922,-4108685.5533342515
-4680663.573243558,384306.56764263805,-4108685.5533342515
-4680691.50843119,383966.1791389592,-4108685.5533342515
-4680719.4188583,383625.78868636943,-4108685.5533342515
-4651569.85658911,645286.2647824996,-4109027.075325085
-4662123.198130948,564006.8968502504,-4109027.075325085
-4672503.730145264,470324.7665432586,-4109027.075325085
-4679972.104259197,389047.037774513,-4109027.075325085
-4680365.770872663,384282.11653539573,-4109027.075325085
-4680393.704282948,383941.7496885828,-4109027.075325085
-4651273.861852293,645245.2030884901,-4109368.5755771464
-4661621.158037275,565666.0578453272,-4109368.5755771464
-4661703.381520894,564988.046577722,-4109368.5755771464
-4661744.456287638,564649.0364204348,-4109368.5755771464
-4669679.911104602,494751.8952820459,-4109368.5755771464
-4679560.9422108615,390383.5270521096,-4109368.5755771464
-4679589.319330404,390043.2187179575,-4109368.5755771464
-4679617.671695147,389702.9084027368,-4109368.5755771464
-4679645.999318549,389362.5959449017,-4109368.5755771464
-4680067.943756815,384257.6633964654,-4109368.5755771464
-4650930.909650358,645542.3648739131,-4109710.05410502
-4679234.722544439,390698.96662594,-4109710.05410502
-4679263.122604259,390358.68201431935,-4109710.05410502
-4679291.497917806,390018.39533828764,-4109710.05410502
-4679770.091883296,384233.2082248029,-4109710.05410502
-4684398.6219271775,322943.9921640832,-4109710.05410502
-4678908.457009465,391014.35866803967,-4110051.5108987046
-4678936.879999287,390674.0978639504,-4110051.5108987046
-4678965.278251386,390333.8349121183,-4110051.5108987046
-4679444.262436092,384549.0508546551,-4110051.5108987046
-4663075.040519205,545894.6751765084,-4110392.945948203
-4669467.285418692,488206.0019129708,-4110392.945948203
-4670207.410189944,481074.3972673955,-4110392.945948203
-4671280.067948623,470544.74461539096,-4110392.945948203
-4678553.674933658,391669.93842267024,-4110392.945948203
-4678582.1456063455,391329.7033356658,-4110392.945948203
-4678610.591536362,390989.46617911727,-4110392.945948203
-4678639.0127167385,390649.2270364788,-4110392.945948203
-4679146.362852909,384524.56995574094,-4110392.945948203
-4683778.760140393,323243.49329410674,-4110392.945948203
-4650089.636916901,645080.9221878948,-4110734.359268093
-4662698.698023844,546538.0855708852,-4110734.359268093
-4668238.6035869485,497002.3817984324,-4110734.359268093
-4678198.776398788,392325.42109021737,-4110734.359268093
-4678227.294740463,391985.21181043366,-4110734.359268093
-4678848.438516927,384500.0870226825,-4110734.359268093
-4669472.556507601,482371.4489984193,-4111075.750848375
-4678550.489436872,384475.6020561966,-4111075.750848375
-4682874.652866186,327629.60234061227,-4111075.750848375
-4649544.2702374365,644660.6385450932,-4111417.120679057
-4662065.079414433,546807.5119195364,-4111417.120679057
-4668040.061266806,493205.0751921899,-4111417.120679057
-4678224.545181461,384791.32610917056,-4111417.120679057
-4649248.10035162,644619.5745059937,-4111758.4687747126
-4668277.905023832,488081.64883116604,-4111758.4687747126
-4669608.861821608,475179.3051644288,-4111758.4687747126
-4677898.554995423,385107.00283320155,-4111758.4687747126
-4659942.446794598,559617.4295820789,-4112099.7951253457
-4659983.131003678,559278.5474977924,-4112099.7951253457
-4660023.790568448,558939.6624557604,-4112099.7951253457
-4659604.821204335,559920.6296745519,-4112441.0997209637
-4659645.527453876,559581.7722236147,-4112441.0997209637
-4659686.209070664,559242.911732008,-4112441.0997209637
-4659726.866044712,558904.0482828441,-4112441.0997209637
-4659767.498366058,558565.1819592473,-4112441.0997209637
-4659808.106053987,558226.3126003529,-4112441.0997209637
-4667469.683712536,490056.071230871,-4112441.0997209637
-4677218.372869977,386078.3519097615,-4112441.0997209637
-4658940.438043064,562934.3375016784,-4112782.382576136
-4659348.58346351,559546.1119049485,-4112782.382576136
-4659389.2624877915,559207.2730078141,-4112782.382576136
-4659429.916870903,558868.4311533112,-4112782.382576136
-4659470.546602883,558529.5864245584,-4112782.382576136
-4659511.151703017,558190.7386607014,-4112782.382576136
-4659551.732161338,557851.8879448498,-4112782.382576136
-4660837.294566556,547007.118005669,-4112782.382576136
-4676892.222029575,386393.8626461606,-4112782.382576136
-4647875.51386133,645807.323775167,-4113123.643680874
-4658520.579165674,563914.8032134695,-4113123.643680874
-4658561.575882531,563576.0246002662,-4113123.643680874
-4659051.614832191,559510.4486271243,-4113123.643680874
-4659254.750582117,557816.3326502257,-4113123.643680874
-4659295.30380381,557477.5006627048,-4113123.643680874
-4660540.231050622,546972.2539142094,-4113123.643680874
-4666981.562791842,488975.443508551,-4113123.643680874
-4669104.753325072,468267.75916199025,-4113123.643680874
-4676509.731250339,387389.50077958114,-4113123.643680874
-4676537.890646197,387049.4143436862,-4113123.643680874
-4676566.025310195,386709.32586088136,-4113123.643680874
-4658998.295006178,557441.9640179158,-4113464.883025183
-4659038.821013422,557103.1506000428,-4113464.883025183
-4660163.544788298,547615.1860063625,-4113464.883025183
-4665424.452957974,500820.65638351475,-4113464.883025183
-4668773.055649987,468577.43325442326,-4113464.883025183
-4673636.930495907,417282.27619133994,-4113464.883025183
-4647282.927599164,645724.9858237881,-4113806.100623633
-4658741.784985838,557067.6326073483,-4113806.100623633
-4665127.009815786,500788.72666924994,-4113806.100623633
-4667858.072220065,474658.1760401611,-4113806.100623633
-4675516.716560152,392100.496860642,-4113806.100623633
-4675545.218551965,391760.4826263639,-4113806.100623633
-4675573.695810338,391420.4664018649,-4113806.100623633
-4675602.148348785,391080.4480257346,-4113806.100623633
-4675630.576160323,390740.4275813783,-4113806.100623633
-4675658.979237984,390400.4051521971,-4113806.100623633
-4675687.357595254,390060.38057677774,-4113806.100623633
-4675715.711225161,389720.35393852496,-4113806.100623633
-4675744.040120762,389380.32532084343,-4113806.100623633
-4675772.344295502,389040.294562321,-4113806.100623633
-4675800.62374243,388700.2617463599,-4113806.100623633
-4647033.540765793,645345.8715892717,-4114147.296466233
-4658444.72432051,557032.1116686029,-4114147.296466233
-4659529.473730169,547884.2089524317,-4114147.296466233
-4675161.511739273,392755.4737127682,-4114147.296466233
-4675190.061356441,392415.4853895805,-4114147.296466233
-4675304.012596881,391055.5111171338,-4114147.296466233
-4675332.438595744,390715.51235388883,-4114147.296466233
-4675360.8398623075,390375.51160594553,-4114147.296466233
-4646737.183202471,645304.7156285224,-4114488.470542987
-4657985.418208739,558351.5644498571,-4114488.470542987
-4658026.010366675,558012.8246880639,-4114488.470542987
-4659192.466211145,548188.0959763266,-4114488.470542987
-4674863.360356975,392730.4263241169,-4114488.470542987
-4675317.158306492,387290.71124124806,-4114488.470542987
-4679579.415842137,331845.0189401652,-4114488.470542987
-4679603.535920853,331504.70941736305,-4114488.470542987
-4679627.631245716,331164.39822307526,-4114488.470542987
-4646440.801057777,645263.556254093,-4114829.622868471
-4658735.641250867,549508.3254173564,-4114829.622868471
-4658775.590298695,549169.5312024938,-4114829.622868471
-4658815.514718189,548830.7340020398,-4114829.622868471
-4663722.355275862,505441.35927353986,-4114829.622868471
-4664015.619877721,502728.0301522479,-4114829.622868471
-4665812.754542557,485765.9048473073,-4114829.622868471
-4665848.068101254,485426.5960574424,-4114829.622868471
-4674335.926440067,395424.8620860836,-4114829.622868471
-4674536.613540645,393045.31981958053,-4114829.622868471
-4674565.18424452,392705.3768579106,-4114829.622868471
-4658398.479073369,549812.0408458923,-4115170.753432693
-4663424.846129981,505409.1160532889,-4115170.753432693
-4665726.609754392,483699.1555936256,-4115170.753432693
-4667386.609693245,467409.78353945806,-4115170.753432693
-4674209.820928367,393360.16578830994,-4115170.753432693
-4674238.414529352,393020.24659084086,-4115170.753432693
-4657659.985635996,553502.9991654835,-4115511.8622256587
-4657700.2251874935,553164.283163927,-4115511.8622256587
-4657740.440116415,552825.5641556737,-4115511.8622256587
-4658061.272732954,550115.707233804,-4115511.8622256587
-4663016.945226059,506394.1946888058,-4115511.8622256587
-4664649.144812537,491131.8231183526,-4115511.8622256587
-4673768.269392763,395034.5249434093,-4115511.8622256587
-4673796.984757761,394694.637852045,-4115511.8622256587
-4673825.67539851,394354.74875491613,-4115511.8622256587
-4673911.599028855,393335.0687943092,-4115511.8622256587
-4656878.011045332,557531.7841112327,-4115852.9492619415
-4656918.543580359,557193.124965813,-4115852.9492619415
-4656959.051497013,556854.4627924017,-4115852.9492619415
-4656999.534785351,556515.7976740645,-4115852.9492619415
-4657201.581775424,554822.4281337823,-4115852.9492619415
-4657241.917289378,554483.7453835197,-4115852.9492619415
-4657362.776041849,553467.6796268636,-4115852.9492619415
-4657403.013025623,553128.9852390885,-4115852.9492619415
-4657443.225388392,552790.2878448087,-4115852.9492619415
-4657683.982289913,550758.042312365,-4115852.9492619415
-4662756.205148025,506022.79731783003,-4115852.9492619415
-4663740.789756468,496866.5273627277,-4115852.9492619415
-4663885.125057976,495509.87912929466,-4115852.9492619415
-4666071.850254888,474476.5413702813,-4115852.9492619415
-4670753.6604671655,425928.09637819417,-4115852.9492619415
-4673498.745446765,394669.4520219308,-4115852.9492619415
-4673527.434256738,394329.5846134397,-4115852.9492619415
-4673556.09835766,393989.71503797016,-4115852.9492619415
-4673584.737742492,393649.843378885,-4115852.9492619415
-4678577.578313473,329038.51408948534,-4115852.9492619415
-4655969.903400678,562575.4112665879,-4116194.014531545
-4656783.211261491,555802.9849216371,-4116194.014531545
-4656823.618084659,555464.3325935462,-4116194.014531545
-4656864.000270537,555125.6774091605,-4116194.014531545
-4656944.690778025,554448.3580722808,-4116194.014531545
-4657065.541817256,553432.3571612319,-4116194.014531545
-4657105.776233095,553093.6843890296,-4116194.014531545
-4657145.986029499,552755.0086105143,-4116194.014531545
-4657306.578910311,551400.2763632087,-4116194.014531545
-4663407.005303558,497173.95106781914,-4116194.014531545
-4663443.148485215,496834.81719882414,-4116194.014531545
-4663479.2670042645,496495.6807023151,-4116194.014531545
-4666357.040531963,468677.71977390157,-4116194.014531545
-4673200.481419989,394644.2641046086,-4116194.014531545
-4673229.168399034,394304.41838655283,-4116194.014531545
-4673257.830670605,393964.5705016568,-4116194.014531545
-4678278.99015413,329017.5147573956,-4116194.014531545
-4644911.599583133,645395.4974381248,-4116535.0580244856
-4656929.062615043,552042.4094457969,-4116535.0580244856
-4672873.482818684,394958.89612125914,-4116535.0580244856
-4672902.192686164,394619.07410081587,-4116535.0580244856
-4673471.20013455,387822.198395434,-4116535.0580244856
-4672517.681002887,395613.2766399307,-4116876.0797553305
-4672546.438452306,395273.48057395,-4116876.0797553305
-4672575.171197879,394933.68233601836,-4116876.0797553305
-4672603.879232549,394593.8820094767,-4116876.0797553305
-4672632.562549283,394254.07967768254,-4116876.0797553305
-4672661.221161697,393914.2751793248,-4116876.0797553305
-4673144.636571123,388137.28193117643,-4116876.0797553305
-4673172.850356064,387797.4402099165,-4116876.0797553305
-4665361.069667227,469605.80079901376,-4117217.079714087
-4672190.5680126175,395927.78973512363,-4117217.079714087
-4672219.34834184,395588.01737509255,-4117217.079714087
-4672248.103955144,395248.2430045385,-4117217.079714087
-4672276.834866177,394908.46646217216,-4117217.079714087
-4672305.541067886,394568.68783132924,-4117217.079714087
-4672334.222553236,394228.90719536174,-4117217.079714087
-4672362.879335845,393889.12439296907,-4117217.079714087
-4672391.511408674,393549.3395074927,-4117217.079714087
-4643975.008449279,645609.6040156919,-4117558.057890772
-4655513.233333613,556338.1832612178,-4117558.057890772
-4664479.06064038,475342.7529122716,-4117558.057890772
-4669200.990983649,426471.2718297562,-4117558.057890772
-4669509.894966861,423075.62055186584,-4117558.057890772
-4672007.178200908,394543.491567111,-4117558.057890772
-4672035.857854724,394203.73262876656,-4117558.057890772
-4672064.512807375,393863.9715241354,-4117558.057890772
-4672093.143051824,393524.2083365535,-4117558.057890772
-4676819.765803542,332674.7932863044,-4117558.057890772
-4655175.431388926,556641.1869602262,-4117899.0142999436
-4664628.423478911,470902.7276415059,-4117899.0142999436
-4671794.749979466,393499.07508385985,-4117899.0142999436
-4643334.833054406,645864.8087388729,-4118239.948931621
-4663883.222407987,475282.0328657254,-4118239.948931621
-4664296.208297819,471211.84650036006,-4118239.948931621
-4667408.3486132175,439316.5491070477,-4118239.948931621
-4663273.21596704,478303.8764826973,-4118580.861775819
-4669043.371386832,418241.1757857342,-4118580.861775819
-4675704.911858478,335671.36046504905,-4118580.861775819
-4663218.118065725,475899.54535235366,-4118921.752847095
-4675381.735178066,335989.9169414882,-4118921.752847095
-4667781.616986152,422234.5664802825,-4119603.4696309487
-4668117.886877961,418500.47456924454,-4119603.4696309487
-4674832.965865555,335267.04917320056,-4119603.4696309487
-4653228.869837143,557781.3981684686,-4119944.295348102
-4653633.2694547055,554397.327422259,-4119944.295348102
-4662081.224662848,478181.61599416827,-4119944.295348102
-4667758.571326283,419152.6249931586,-4119944.295348102
-4674436.418200399,336605.3704718054,-4119944.295348102
-4653295.423443499,554700.2819867516,-4120285.099276942
-4661817.924993607,477812.02881959436,-4120285.099276942
-4661415.491970537,478798.45101234573,-4120625.881407491
-4673814.206881982,336902.2187859487,-4120625.881407491
-4673863.1578922765,336222.4364494122,-4120625.881407491
-4640867.060438707,646209.6137348142,-4120966.641754299
-4640914.041848785,645872.1187039043,-4120966.641754299
-4673490.798632136,337220.5400758785,-4120966.641754299
-4660854.061090476,478398.26320784213,-4121307.380307387
-4666043.112155073,424814.2565098964,-4121307.380307387
-4673240.872413947,336519.27942331077,-4121307.380307387
-4672695.980489521,339895.9222251929,-4121648.0970567777
-4639882.467150536,646760.4576001103,-4121988.7920170217
-4659820.188751902,479661.9528629162,-4122329.465178143
-4664961.806056302,426768.2375247849,-4122329.465178143
-4639335.655380719,646340.3027680991,-4122670.1165301604
-4671897.6898040855,338471.6919809541,-4122670.1165301604
-4638425.626550274,650684.3279253524,-4123010.7460876247
-4638472.933388505,650347.0103477082,-4123010.7460876247
-4638520.215696183,650009.6893307056,-4123010.7460876247
-4671549.377178013,339129.4800421826,-4123010.7460876247
-4671598.6521484,338450.0271697775,-4123010.7460876247
-4637891.80087878,652329.1010852006,-4123351.3538405593
-4637939.227329711,651991.8223241108,-4123351.3538405593
-4637986.629241539,651654.540195909,-4123351.3538405593
-4638034.006636764,651317.2545404892,-4123351.3538405593
-4638081.359503757,650979.9654405795,-4123351.3538405593
-4638128.687830912,650642.6729789117,-4123351.3538405593
-4638175.991640695,650305.3769953725,-4123351.3538405593
-4638223.270921495,649968.0775726947,-4123351.3538405593
-4638788.708894433,645920.2172209433,-4123351.3538405593
-4666614.467945684,397847.9864738008,-4123351.3538405593
-4637499.932410017,652961.8386237421,-4123691.9397789887
-4637547.40486457,652624.5884393984,-4123691.9397789887
-4637594.852804861,652287.3347227141,-4123691.9397789887
-4637642.276219242,651950.0775564098,-4123691.9397789887
-4637926.301624702,649926.4623783284,-4123691.9397789887
-4637202.965881377,652920.0256181625,-4124032.5039174627
-4637250.43529599,652582.7970299412,-4124032.5039174627
-4637297.880197909,652245.5649096055,-4124032.5039174627
-4637629.307793123,649884.843745829,-4124032.5039174627
-4664084.387579348,419848.4633422457,-4124032.5039174627
-4666016.869088022,397797.03872487636,-4124032.5039174627
-4636905.974828907,652878.2091596174,-4124373.0462460015
-4636953.441203326,652541.0021693022,-4124373.0462460015
-4637332.289435457,649843.2216764159,-4124373.0462460015
-4670130.088958962,342099.2949417525,-4124373.0462460015
-4636656.4225952765,652499.2038587051,-4124713.566754633
-4636703.861419699,652162.0149364165,-4124713.566754633
-4669806.056311703,342416.98068993207,-4124713.566754633
-4636406.815244454,652120.234775775,-4125054.065457903
-4636690.915012612,650097.1586530255,-4125054.065457903
-4665206.943882911,396702.82050408766,-4125054.065457903
-4636157.152777451,651741.3020007742,-4125394.5423458363
-4636346.540480643,650392.6710506203,-4125394.5423458363
-4636393.826114483,650055.5046691649,-4125394.5423458363
-4656680.0281026475,483788.1621671902,-4125394.5423458363
-4664560.085305482,400748.1510351498,-4125394.5423458363
-4664589.216201476,400408.9335667779,-4125394.5423458363
-4636002.122990266,650688.1332779286,-4125734.997408465
-4664551.347154065,397330.417816422,-4125734.997408465
-4635988.447883063,648623.6594482163,-4126075.430660326
-4663433.71735739,406801.5539737309,-4126075.430660326
-4662388.644855097,408418.6368408546,-4127096.5994761153
-4667536.534482449,344639.46068936214,-4127096.5994761153
-4660949.437334851,417857.8173766852,-4127777.269556234
-4663044.809974382,393786.6339857908,-4127777.269556234
-4660741.489335724,416814.2062272177,-4128117.5718566678
-4661531.732293559,397414.66245295736,-4129138.3477533916
-4661560.62077941,397075.6652214611,-4129138.3477533916
-4661589.484612609,396736.66589003307,-4129138.3477533916
-4661261.412524118,397050.17840992415,-4129478.5627168845
-4661290.274504655,396711.2008376036,-4129478.5627168845
-4661319.11182705,396372.2212486295,-4129478.5627168845
-4661376.71253141,395694.25562112685,-4129478.5627168845
-4661462.92869308,394677.2915710017,-4129478.5627168845
-4661720.245946602,391626.28690276307,-4129478.5627168845
-4659427.48972887,414647.45498432225,-4129818.755833474
-4659487.748478442,413969.76428882324,-4129818.755833474
-4661048.686052124,396007.81585446163,-4129818.755833474
-4661278.28524708,393296.06081181584,-4129818.755833474
-4660778.207272258,395643.44979537826,-4130158.927117697
-4660979.007395645,393270.80919780466,-4130158.927117697
-4651883.911494624,486367.6104736698,-4130499.076559589
-4660507.675493457,395279.12316103437,-4130499.076559589
-4660679.704894636,393245.555503982,-4130499.076559589
-4660850.846968188,391211.91297852877,-4130499.076559589
-4664087.300695574,350523.93645892927,-4130499.076559589
-4664112.779184577,350184.75350522826,-4130499.076559589
-4651585.14925318,486336.3740369411,-4130839.2041491843
-4663711.176166653,351518.8967358582,-4130839.2041491843
-4663787.7547045825,350501.42443607387,-4130839.2041491843
-4651286.362404672,486305.13502747426,-4131179.309901014
-4660081.025957414,393195.04187804257,-4131179.309901014
-4659781.649517186,393169.7819455871,-4131519.393805111
-4659310.263238794,395177.5651122032,-4131859.455851521
-4662607.149881067,354163.8081006108,-4131859.455851521
-4658883.37235057,393093.9896736978,-4132539.514404889
-4661930.504579175,355135.37187439157,-4132539.514404889
-4658112.456724984,395075.9736244378,-4133219.4855304062
-4649001.112374907,485040.88722915226,-4133899.369221853
-4649036.373253287,484702.80101841583,-4133899.369221853
-4649071.609536793,484364.7123254749,-4133899.369221853
-4660654.103671359,356060.8530553299,-4133899.369221853
-4648772.590012893,484333.5589000519,-4134239.2782793823
-4648807.799453504,483995.48930980446,-4134239.2782793823
-4648543.9356716955,483626.304667666,-4134579.1654729997
-4626521.222996787,655533.9808824887,-4135598.695844251
-4626223.435783977,655491.7872714231,-4135938.495556095
-4647417.768647378,482825.8947465519,-4135938.495556095
-4647452.868451132,482487.9236856909,-4135938.495556095
-4656058.479974033,390809.6621618785,-4135938.495556095
-4647118.59258311,482794.8129806965,-4136278.2734031947
-4647153.690127324,482456.8636766168,-4136278.2734031947
-4647188.763086663,482118.9119021731,-4136278.2734031947
-4647223.811477776,481780.957496933,-4136278.2734031947
-4646924.604062811,481749.938454012,-4136618.029375597
-4646344.333035572,484422.1322240207,-4136957.763463359
-4646009.856380593,484728.8026702672,-4137297.4756809827
-4646256.007710665,482363.6683419673,-4137297.4756809827
-4646361.132564691,481350.00105528906,-4137297.4756809827
-4646396.125032818,481012.1069201733,-4137297.4756809827
-4646466.036268321,480336.31085805123,-4137297.4756809827
-4645991.795016178,481994.7333991806,-4137637.166018524
-4646026.834379939,481656.8660402502,-4137637.166018524
-4646061.849173198,481318.9961340828,-4137637.166018524
-4646096.839387375,480981.12376354786,-4137637.166018524
-4646131.805039079,480643.2487682591,-4137637.166018524
-4645516.937531487,483652.87193457433,-4137976.8344660304
-4645552.09747975,483315.0391038771,-4137976.8344660304
-4645587.232851592,482977.2037982495,-4137976.8344660304
-4645622.343663692,482639.3658573165,-4137976.8344660304
-4645692.4915742045,481963.6824010117,-4137976.8344660304
-4645727.5286806645,481625.8368081257,-4137976.8344660304
-4645762.541218205,481287.98866816674,-4137976.8344660304
-4645797.529178247,480950.138063999,-4137976.8344660304
-4645832.492577399,480612.2848352465,-4137976.8344660304
-4645902.345658719,479936.57083546085,-4137976.8344660304
-4645937.235348899,479598.7099869184,-4137976.8344660304
-4645972.100469051,479260.846602017,-4137976.8344660304
-4646111.315229005,477909.3678967636,-4137976.8344660304
-4645358.104148613,482270.45004850905,-4138316.481038009
-4645393.163556321,481932.6288532345,-4138316.481038009
-4645428.198405294,481594.80502818007,-4138316.481038009
-4645498.194392653,480919.14982020354,-4138316.481038009
-4645533.155539067,480581.3183597746,-4138316.481038009
-4645568.092117591,480243.4843577924,-4138316.481038009
-4645603.004119663,479905.647897122,-4138316.481038009
-4645637.891561855,479567.80881739396,-4138316.481038009
-4645672.754435601,479229.9672014706,-4138316.481038009
-4645707.59273236,478892.12313222286,-4138316.481038009
-4645742.406468669,478554.27644927567,-4138316.481038009
-4645163.851588136,481225.9660991404,-4138656.1057245173
-4645198.835039353,480888.1590330682,-4138656.1057245173
-4645233.793932846,480550.34934274945,-4138656.1057245173
-4645268.72826003,480212.53711104125,-4138656.1057245173
-4645303.638012346,479874.7224208032,-4138656.1057245173
-4645338.523206365,479536.9051116764,-4138656.1057245173
-4645373.383833522,479199.0852665176,-4138656.1057245173
-4644794.433827871,481870.5141124915,-4138995.708515603
-4644864.469930592,481194.9509978465,-4138995.708515603
-4644899.451127119,480857.1657035013,-4138995.708515603
-4644934.407767504,480519.3777850787,-4138995.708515603
-4644969.339843165,480181.5873254305,-4138995.708515603
-4645039.130291204,479505.9988706712,-4138995.708515603
-4622862.331781779,657759.2440304861,-4139335.289425776
-4622516.457411103,658052.9994724386,-4139674.8484450844
-4652873.475208884,389179.35819974885,-4139674.8484450844
-4654473.593376482,369550.6970798225,-4139674.8484450844
-4654119.685100748,370203.7872365591,-4140014.385563584
-4654146.594775355,369865.3290963404,-4140014.385563584
-4643958.342092626,475298.99295301124,-4140693.394131732
-4653167.371019954,374555.24701850046,-4140693.394131732
-4652403.171650971,376536.9518904191,-4141372.3150995565
-4651101.3226084635,388690.52845761634,-4141711.7427359843
-4620285.963125299,658763.9201425279,-4142051.1484608417
-4642759.926124523,475176.33769626287,-4142051.1484608417
-4642494.802036827,474808.0570785056,-4142390.532288618
-4650709.707899936,378782.9633993005,-4143069.2342131734
-4618757.098773138,660945.104482788,-4143408.552314505
-4649497.180448308,386173.1956342817,-4143747.848503435
-4640131.0763323195,474225.34171150206,-4145104.8140829536
-4639231.330474304,474133.3869197188,-4146122.3081035195
-4614266.151230438,668865.4453976024,-4147139.6047832905
-4614314.7803008305,668529.8846986465,-4147139.6047832905
-4614016.29589851,668486.6397635762,-4147478.659817383
-4637131.064834297,473918.7379853606,-4148495.6933007776
-4611676.118752188,667805.1842229497,-4150190.310293699
-4635698.996710305,473091.11198939255,-4150190.310293699
-4635398.73359969,473060.46897115704,-4150529.1678578993
-4634360.020151646,474316.62566706125,-4151545.608834839
-4634394.501178369,473979.6042150433,-4151545.608834839
-4634428.957687841,473642.5803372706,-4151545.608834839
-4634463.389696418,473305.5538737534,-4151545.608834839
-4634497.797195647,472968.5249071609,-4151545.608834839
-4633990.63682551,474959.87688443187,-4151884.378588044
-4634025.164623479,474622.8823739069,-4151884.378588044
-4634059.667922705,474285.8852724602,-4151884.378588044
-4634094.146714718,473948.8856627557,-4151884.378588044
-4634128.600991068,473611.88362745376,-4151884.378588044
-4634163.030768111,473274.8790065748,-4151884.378588044
-4634197.436037395,472937.8718827828,-4151884.378588044
-4634231.816790487,472600.86233874183,-4151884.378588044
-4609445.615465856,670562.619635021,-4152223.1263758945
-4633690.264571114,474929.0902946114,-4152223.1263758945
-4633724.790131013,474592.11762785114,-4152223.1263758945
-4633759.291193758,474255.142370337,-4152223.1263758945
-4633793.767750878,473918.1646047277,-4152223.1263758945
-4633828.219793924,473581.18441367813,-4152223.1263758945
-4633862.647339252,473244.2016372192,-4152223.1263758945
-4633897.050378408,472907.2163580094,-4152223.1263758945
-4633931.428902962,472570.2286587075,-4152223.1263758945
-4633355.319970653,475235.2495829736,-4152561.8522128547
-4633389.867804254,474898.3011923914,-4152561.8522128547
-4633424.391125902,474561.3503711783,-4152561.8522128547
-4633458.889951983,474224.3969593794,-4152561.8522128547
-4633493.364274027,473887.44103964785,-4152561.8522128547
-4633527.814083587,473550.4826946333,-4152561.8522128547
-4633562.239397017,473213.521764377,-4152561.8522128547
-4633596.640205865,472876.5583315321,-4152561.8522128547
-4633631.016501699,472539.5924787521,-4152561.8522128547
-4633665.368300838,472202.6240460787,-4152561.8522128547
-4633768.276658537,471191.7038526036,-4152561.8522128547
-4633802.530436079,470854.7254416533,-4152561.8522128547
-4633939.30046951,469506.7870762794,-4152561.8522128547
-4633973.431715986,469169.79623258096,-4152561.8522128547
-4634583.603274156,463103.5389725291,-4152561.8522128547
-4605928.783567577,690244.1683486636,-4152900.5560890054
-4608701.55627987,671481.1511718968,-4152900.5560890054
-4633089.446533726,474867.5095786729,-4152900.5560890054
-4633123.967616938,474530.5806047891,-4152900.5560890054
-4633158.464206172,474193.6490404873,-4152900.5560890054
-4633192.936292959,473856.7149684156,-4152900.5560890054
-4633227.383868852,473519.7784712181,-4152900.5560890054
-4633261.806950201,473182.8393889465,-4152900.5560890054
-4633296.205528557,472845.8978042485,-4152900.5560890054
-4633330.579595489,472508.9537997723,-4152900.5560890054
-4633364.929167316,472172.00721557,-4152900.5560890054
-4633570.512001181,470150.2754957676,-4152900.5560890054
-4633741.157151205,468465.4306975462,-4152900.5560890054
-4633877.232177756,467117.51020514674,-4152900.5560890054
-4634012.915104369,465769.55018715817,-4152900.5560890054
-4634046.774562967,465432.5540808129,-4152900.5560890054
-4634249.416690844,463410.52549138764,-4152900.5560890054
-4634283.10460381,463073.51211151935,-4152900.5560890054
-4634316.768008382,462736.49628268584,-4152900.5560890054
-4605630.09911205,690199.407516855,-4153239.2379944245
-4632823.519612924,474499.80832958495,-4153239.2379944245
-4632858.01396513,474162.8986145617,-4153239.2379944245
-4632892.483816477,473825.98639193113,-4153239.2379944245
-4632926.929158519,473489.07174433203,-4153239.2379944245
-4632961.350007607,473152.15451182646,-4153239.2379944245
-4632995.74635529,472815.2347770568,-4153239.2379944245
-4633030.118193138,472478.31262266584,-4153239.2379944245
-4633064.465537471,472141.38788871607,-4153239.2379944245
-4633813.907742116,464728.4157432558,-4153239.2379944245
-4633948.895703908,463380.4743275517,-4153239.2379944245
-4633982.581432287,463043.48280226754,-4153239.2379944245
-4634016.242653859,462706.4888281769,-4153239.2379944245
-4605331.390292497,690154.6430338552,-4153577.8979435773
-4606528.922448795,682115.7763586502,-4153577.8979435773
-4607663.390037978,674409.9123073064,-4153577.8979435773
-4632488.530495234,474805.9188181323,-4153577.8979435773
-4632523.047101029,474469.0335442518,-4153577.8979435773
-4632557.539216024,474132.14568028937,-4153577.8979435773
-4632592.006831748,473795.2553088822,-4153577.8979435773
-4632626.4499397585,473458.3625126638,-4153577.8979435773
-4632660.868556403,473121.4671317066,-4153577.8979435773
-4632695.26267323,472784.5692486476,-4153577.8979435773
-4632729.632281814,472447.6689461242,-4153577.8979435773
-4632763.977398469,472110.76606420934,-4153577.8979435773
-4632798.298014763,471773.8606855378,-4153577.8979435773
-4632832.594122285,471436.9528927466,-4153577.8979435773
-4633648.350203137,463350.42071240867,-4153577.8979435773
-4633682.03374675,463013.45104349125,-4153577.8979435773
-4633715.692785146,462676.47892592626,-4153577.8979435773
-4606130.859595391,682741.4714509428,-4153916.535926549
-4606180.4977804655,682406.5023304466,-4153916.535926549
-4606230.111593861,682071.5296814386,-4153916.535926549
-4606576.72625155,679726.6198358876,-4153916.535926549
-4607118.994558549,676041.4059314727,-4153916.535926549
-4607217.2720733695,675371.320434024,-4153916.535926549
-4607266.37427124,675036.2724072766,-4153916.535926549
-4607315.452115382,674701.2207301888,-4153916.535926549
-4632153.496850823,475111.98066210205,-4153916.535926549
-4632188.035723233,474775.11967089627,-4153916.535926549
-4632222.550090046,474438.2562496902,-4153916.535926549
-4632257.039967647,474101.39023857017,-4153916.535926549
-4632291.505347568,473764.5217201681,-4153916.535926549
-4632325.946221362,473427.65077711205,-4153916.535926549
-4632429.121870308,472417.02277104405,-4153916.535926549
-4632463.464759105,472080.14174294577,-4153916.535926549
-4632497.78314913,471743.25821825274,-4153916.535926549
-4632532.077031973,471406.37227959675,-4153916.535926549
-4605732.687835629,683367.061568702,-4154255.1519334186
-4605782.371504037,683032.1214828069,-4154255.1519334186
-4605832.030826701,682697.1777043112,-4154255.1519334186
-4606079.962042024,681022.4048514094,-4154255.1519334186
-4606129.475213173,680687.4394368337,-4154255.1519334186
-4606524.703582707,678007.5869169194,-4154255.1519334186
-4606573.997508915,677672.5891677956,-4154255.1519334186
-4606672.512263687,677002.5830001086,-4154255.1519334186
-4606721.733103552,676667.5745046888,-4154255.1519334186
-4606770.929580779,676332.5624307141,-4154255.1519334186
-4631818.41870228,475417.9937749076,-4154255.1519334186
-4631852.979829479,475081.157150461,-4154255.1519334186
-4631887.516461134,474744.318013553,-4154255.1519334186
-4632162.927628187,472049.51492582314,-4154255.1519334186
-4632979.753850892,463964.1506004279,-4154255.1519334186
-4604334.7096303925,690690.0083017559,-4154593.745978651
-4604685.711807689,688346.0622021391,-4154593.745978651
-4604735.757561951,688011.1982413091,-4154593.745978651
-4605334.407167445,683992.5467684224,-4154593.745978651
-4605384.136335397,683657.6355642778,-4154593.745978651
-4605433.841147787,683322.720744609,-4154593.745978651
-4605781.092821014,680978.2161622626,-4154593.745978651
-4631552.438305381,475050.3311256147,-4154593.745978651
-4603985.672601791,690979.9989013947,-4154932.3180523254
-4604586.913259885,686962.0008706003,-4154932.3180523254
-4604636.858374628,686627.144017897,-4154932.3180523254
-4604786.547596164,685622.5517598859,-4154932.3180523254
-4604836.395302882,685287.6803929044,-4154932.3180523254
-4604985.792294042,684283.0446345637,-4154932.3180523254
-4605432.668152674,681268.9421340709,-4154932.3180523254
-4605482.199242349,680934.023871765,-4154932.3180523254
-4605531.705987832,680599.101927964,-4154932.3180523254
-4632344.751781236,464240.81364004343,-4154932.3180523254
-4603636.593418695,691269.9386533117,-4155270.8681445257
-4603287.472050019,691559.8277099262,-4155609.3962697177
-4631709.636000727,464517.37686855375,-4155609.3962697177
-4602639.424485376,691804.7418944505,-4156286.3865794037
-4631006.756006803,465467.3979497097,-4156286.3865794037
-4602041.583375471,691714.8827339584,-4156963.2889751787
-4630371.372643615,465743.66932374483,-4156963.2889751787
-4601742.626320075,691669.9476674735,-4157301.7071897113
-4601443.644921206,691625.0089420162,-4157640.103426486
-4629367.207066347,466662.8775950347,-4157978.4776755944
-4600845.609128061,691535.1205194471,-4158316.829927128
-4600546.5547297755,691490.170821733,-4158655.160195532
-4628663.547101216,467612.04680318345,-4158655.160195532
-4600247.476001511,691445.2174670747,-4158993.4684709026
-4599948.372952029,691400.2604567893,-4159331.7547433325
-4599649.2455685595,691355.2997889572,-4159670.0190272667
-4599350.093859856,691310.3354648944,-4160008.261312801
-4598801.97228969,690885.9633335908,-4160684.679873384
-4626721.574893361,468775.4932621993,-4160684.679873384
-4626386.429992098,469081.4331834902,-4161022.856152979
-4598253.716039846,690461.6599718939,-4161361.0104189
-4597954.436189432,690416.7208982642,-4161699.1426855945
-4597655.132022754,690371.7781733684,-4162037.252943151
-4623772.201531214,470854.7020882837,-4163727.474015146
-4622429.9323144965,472076.6085283593,-4165079.2545308634
-4594311.0003611855,690211.2768639787,-4165755.012629763
-4620346.220179848,474580.01055119,-4167106.2644543895
-4620010.231112209,474885.0232347869,-4167444.022314614
-4618260.280737721,477081.05712424585,-4169132.4810197093
-4616647.90185259,477932.46086245537,-4170820.388505604
-4615638.3391440995,478845.73819723027,-4171832.8683245988
-4614930.196890742,479789.95345443767,-4172507.7445572433
-4614593.476814596,480094.158863292,-4172845.1495790654
-4613919.903935922,480702.42290489696,-4173519.893408595
-4613583.051157172,481006.481362958,-4173857.2322208267
-4612165.012735761,482893.04269622796,-4175206.366709521
-4611490.732565892,483500.52258860605,-4175880.8014735566
-4610816.275724264,484107.8062346453,-4176555.1479010675
-4610514.196259143,484076.0897188652,-4176892.287988213
-4610212.092411335,484044.3706430504,-4177229.405985872
-4609874.753604039,484347.88986770064,-4177566.5018841783
-4582453.44157404,695587.6421990551,-4177903.575697529
-4607814.426714874,486503.0653704534,-4179588.6132900007
-4578738.28943592,699793.5083372799,-4181273.098297028
-4606161.1149305515,487683.36116716865,-4181273.098297028
-4578335.874296846,700413.4665610722,-4181609.9289611457
-4578386.79769927,700080.5187023776,-4181609.9289611457
-4577933.351477214,701033.318742779,-4181946.737518914
-4577984.319957629,700700.4001547312,-4181946.737518914
-4578035.26421516,700367.477940932,-4181946.737518914
-4577734.629922551,700321.485616901,-4182283.523960467
-4577281.086082122,701274.1140932607,-4182620.288275949
-4577840.600530607,697612.3280418696,-4182620.288275949
-4577133.288718126,700229.4898592411,-4182957.0304797366
-4576628.713056691,701514.8033607088,-4183293.750561971
-4576327.995339152,701468.7087474656,-4183630.4485127865
-4576378.995474032,701135.9069829428,-4183630.4485127865
-4576429.971418985,700803.1014305911,-4183630.4485127865
-4603901.862597326,488798.4347863461,-4183630.4485127865
-4576027.253412502,701422.6104234012,-4183967.1243465645
-4576078.250195812,701089.8305295669,-4183967.1243465645
-4602762.526038345,488000.4905141159,-4184977.0190713233
-4601818.991339955,488238.87195256,-4185986.7146059377
-4601551.755851709,487872.12055332924,-4186323.235514052
-4601106.900887893,489178.45006133214,-4186659.734274736
-4601213.5135711115,488174.63261950295,-4186659.734274736
-4573726.542958795,698346.7907304349,-4186996.2109023565
-4600875.22728823,488477.09548635496,-4186996.2109023565
-4572874.2015612405,697876.3517916166,-4188005.5079125273
-4568592.987821339,703683.8860394837,-4191704.557833015
-4568746.399104475,702687.1569281938,-4191704.557833015
-4568240.517149373,703969.6933528641,-4192040.7021301105
-4567888.004924439,704255.4493187153,-4192376.824257611
-4568143.777456563,702594.4718773103,-4192376.824257611
-4567586.674741561,704208.9916509467,-4192712.9242056734
-4567637.874178519,703876.8255658462,-4192712.9242056734
-4567689.049471824,703544.6556785778,-4192712.9242056734
-4567740.2006089175,703212.4820706133,-4192712.9242056734
-4589578.295867277,499432.02954581054,-4198087.506706808
-4589129.318426765,500733.9462603178,-4198423.22947776
-4588789.365651692,501034.5348515528,-4198758.930037306
-4561461.467243445,699868.9781746905,-4200101.510230674
-4560402.87154821,700724.9381659336,-4201108.21215155
-4584025.439945248,505237.5798620163,-4203456.40560598
-4557127.0494893575,701917.8289483737,-4204462.440814144
-4556522.614272888,701824.7299738933,-4205133.019776763
-4556169.313713631,702109.5107838513,-4205468.275904733
-4555815.971757934,702394.2401269176,-4205803.50978405
-4555257.994628875,704004.0187847287,-4206138.721429035
-4580156.854513174,506834.04078265425,-4207479.345541689
-4579585.406733209,506433.69290237385,-4208149.524093635
-4579428.335628364,505067.9744457701,-4208484.579992337
-4579465.053101707,504734.9476575814,-4208484.579992337
-4552736.514872436,704292.33000265,-4208819.61362644
-4578414.440438109,508663.4981425181,-4209154.625010255
-4578929.942226991,504001.91163517867,-4209154.625010255
-4551777.758760969,704482.9537753992,-4209824.58098777
-4577583.586341808,510593.28958107636,-4209824.58098777
-4551475.201783863,704436.126745563,-4210159.525585966
-4577093.366842557,512223.66240112024,-4210159.525585966
-4577759.94449488,506231.82406480366,-4210159.525585966
-4549808.314578359,705194.5666897713,-4211833.914544216
-4549454.331624586,705478.4987405861,-4212168.725523353
-4574514.336294446,515977.4507344717,-4212503.514226444
-4548797.5749349035,705715.4124783063,-4212838.280643695
-4548494.818440243,705668.4418402442,-4213173.024789395
-4571777.472209027,518362.5170617122,-4215181.021677181
-4545917.921519605,706284.3246518439,-4215850.175653537
-4545209.212875868,706851.261619936,-4216519.240455881
-4570175.179712509,516161.1929572061,-4217188.216054003
-4544197.2942354875,707370.8190832635,-4217522.6704040775
-4568503.950773406,520010.4672614235,-4218525.899613078
-4542527.327262164,708125.9385174089,-4219194.607537712
-4567702.724465797,518909.86344688747,-4219528.928035128
-4567393.969136245,516183.4694907139,-4220197.502075275
-4541159.911325753,708927.6123484082,-4220531.755622491
-4566787.940789903,518805.9402493906,-4220531.755622491
-4566482.964597781,518771.29369646136,-4220865.986841416
-4566177.964248509,518736.6443991802,-4221200.195746326
-4565797.4493144015,519366.0661435719,-4221534.382327432
-4539333.6907323105,710671.584755864,-4222202.688503143
-4536699.29865632,711611.2279362625,-4224875.019908435
-4535988.656388993,712175.7393556288,-4225542.879368714
-4561943.100802354,517919.51375351,-4225876.775571566
-4531565.138711514,716547.1155150264,-4229548.158475276
-4531157.061424123,717158.1122485454,-4229881.786379189
-4557519.630801439,524132.5100746027,-4229881.786379189
-4530748.878302338,717769.0016387167,-4230215.391921394
-4530340.589365658,718379.7837446708,-4230548.975092119
-4556564.627596798,524358.4290404974,-4230882.535881589
-4529680.579010678,718612.8197328692,-4231216.07430406
-4556220.812427651,524654.5920432361,-4231216.07430406
-4556522.455856033,519317.98899183155,-4231549.590349756
-4556560.209671269,518986.62800820416,-4231549.590349756
-4556597.939398212,518655.26420038944,-4231549.590349756
-4555533.05289856,525246.7679367138,-4231883.084008911
-4556216.696222803,519283.14081992366,-4231883.084008911
-4528559.579327464,719785.4996885271,-4232216.555295771
-4528098.477350854,720725.0802869963,-4232550.004200562
-4527794.492041155,720676.6957746376,-4232883.430713528
-4527490.482778936,720628.3074498216,-4233216.834848903
-4554271.758139691,525436.9440408994,-4233216.834848903
-4553965.926498927,525401.6595319267,-4233550.216596925
-4553315.975777866,525662.2100773592,-4234216.912915852
-4552971.837758815,525957.9977803187,-4234550.227491232
-4525351.186958052,722312.5231272893,-4235216.789449016
-4551709.751501433,526147.6317172216,-4235883.261815077
-4551403.734946905,526112.2582214978,-4236216.464400803
-4550982.81384375,527069.7649076747,-4236549.644583312
-4551097.694322293,526076.8819434309,-4236549.644583312
-4523210.422196495,723994.8712759049,-4237215.937723635
-4549643.375474197,527920.5556218342,-4237882.141229944
-4521782.430409018,725115.3985854635,-4238548.255096143
-4520102.143851707,725857.4745782346,-4240213.147442723
-4519744.881234472,726137.2687236244,-4240546.058649215
-4547001.383526906,529289.6585793147,-4240546.058649215
-4547039.8625274785,528958.9899611269,-4240546.058649215
-4546656.558109087,529584.6447168324,-4240878.947421604
-4519083.068847766,726368.0661733465,-4241211.813774106
-4546350.21169555,529548.9621543824,-4241211.813774106
-4518421.151203302,726598.7558345089,-4241877.47918046
-4545698.930027439,529808.1626107931,-4241877.47918046
-4518063.725868878,726878.3420856104,-4242210.278238775
-4544970.395313122,530728.3046607117,-4242543.054862172
-4544318.856394493,530987.2039805009,-4243208.540789201
-4543551.199692508,532237.2619452961,-4243873.936955449
-4515454.558048103,729490.7441657519,-4244539.243354822
-4542631.509693392,532129.5283102043,-4244871.862876558
-4514434.162244585,729999.6456896594,-4245537.034587261
-4542056.943221294,531727.385493011,-4245537.034587261
-4541750.281189552,531691.485326543,-4245869.5867567435
-4511303.342186424,733870.4970414154,-4248196.823165069
-4537490.479463795,533534.4257367767,-4250190.721053486
-4537606.770633626,532544.4861893938,-4250190.721053486
-4537144.690546928,533828.2818573104,-4250522.958711209
-4537261.045834449,532838.4177423726,-4250522.958711209
-4537299.782943078,532508.4573728406,-4250522.958711209
-4507737.753311923,740358.4524041818,-4250855.173882082
-4536837.689362419,533792.1609208995,-4250855.173882082
-4536954.03677688,532802.3637840891,-4250855.173882082
-4536569.468019224,533426.1299035623,-4251187.366580293
-4535220.1658790335,536945.8957582304,-4252183.809765583
-4505799.375803325,740713.126169632,-4252847.992784409
-4532874.552699887,538339.5627431785,-4254508.056717168
-4531937.891189407,543576.5886643431,-4254840.002004511
-4530471.277695986,545406.0129678337,-4256167.558143151
-4500268.871096668,753254.9521914708,-4256499.390912367
-4500323.637433957,752927.6814647232,-4256499.390912367
-4500378.379984443,752600.4066775757,-4256499.390912367
-4500433.098734688,752273.1279103006,-4256499.390912367
-4500487.793671278,751945.8452431804,-4256499.390912367
-4500542.46482018,751618.5585208457,-4256499.390912367
-4499469.630310199,756148.907768961,-4256831.201163137
-4528775.69607749,546538.3951124195,-4257826.496850922
-4528348.940808173,547489.2408528166,-4258158.217050172
-4497557.53669844,758181.9374190709,-4258489.914730166
-4528001.681733172,547781.358174077,-4258489.914730166
-4528160.833301544,546464.1926927521,-4258489.914730166
-4528319.601715272,545146.980971843,-4258489.914730166
-4527893.091328897,546097.8108891253,-4258821.58988119
-4527972.470140929,545439.2497865332,-4258821.58988119
-4527346.90245031,548036.204668139,-4259153.242517406
-4526372.265488485,550924.3770038714,-4259816.480206575
-4526692.014270932,548290.9473046521,-4259816.480206575
-4526384.467413672,548253.6960056514,-4260148.0652639745
-4495227.854537447,760815.2712475216,-4260479.6277915975
-4525516.407030904,552824.1952618177,-4260479.6277915975
-4526037.017222731,548545.5859838191,-4260479.6277915975
-4526076.896618639,548216.4418072123,-4260479.6277915975
-4494867.020154063,761090.4438073734,-4260811.167779725
-4525088.143373923,553773.8592785926,-4260811.167779725
-4525569.679144647,549824.7645661173,-4260811.167779725
-4525729.4252091665,548508.3065182109,-4260811.167779725
-4525769.301894848,548179.184710427,-4260811.167779725
-4494506.145758226,761365.5638033921,-4261142.685242526
-4494089.831380579,761967.4528637357,-4261474.180170288
-4524432.696646847,554027.6033330018,-4261474.180170288
-4523105.758269557,557204.031458659,-4262468.529717844
-4522798.096499951,557166.1304261578,-4262799.934479961
-4492506.4165641945,762035.0868878323,-4263131.316706229
-4490863.9940868765,769822.4429500512,-4263462.676386939
-4490919.965270769,769495.8561213398,-4263462.676386939
-4490975.912717877,769169.2651447734,-4263462.676386939
-4491031.8364144685,768842.6701004574,-4263462.676386939
-4491087.736346837,768516.0710685002,-4263462.676386939
-4491143.612541515,768189.4678938668,-4263462.676386939
-4491589.76698357,765576.4966246049,-4263462.676386939
-4491645.429405018,765249.8569490395,-4263462.676386939
-4492145.322190313,762309.9181954885,-4263462.676386939
-4490390.347156059,770749.7262429635,-4263794.01351239
-4491451.019934705,764544.5349117402,-4263794.01351239
-4491506.607310141,764217.9053288765,-4263794.01351239
-4490028.673983014,771023.7954138159,-4264125.328096727
-4489666.960952047,771297.8119785351,-4264456.620130251
-4489361.306494686,771245.3023789958,-4264787.889603263
-4520177.775558817,563184.8133938629,-4264787.889603263
-4519788.044928949,563803.8489791782,-4265119.136529905
-4519910.940283744,562817.7707835089,-4265119.136529905
-4488693.835577638,771466.6999561945,-4265450.360900478
-4519316.066198847,565080.0938725094,-4265450.360900478
-4488388.113719514,771414.1558884475,-4265781.562705281
-4519131.424091784,564055.6985527754,-4265781.562705281
-4519254.374407257,563069.7636035557,-4265781.562705281
-4488026.261246103,771687.9882860692,-4266112.74195846
-4518700.427258205,565003.1164482102,-4266112.74195846
-4518782.5558325825,564345.8921643929,-4266112.74195846
-4487664.368949212,771961.7680514844,-4266443.898650315
-4487302.436857312,772235.4951018424,-4266775.03277115
-4517589.981385186,568868.6841521052,-4266775.03277115
-4517364.797164208,568172.8982617712,-4267106.144335102
-4517406.103921588,567844.3846949564,-4267106.144335102
-4486522.243009993,773109.062515928,-4267437.233332476
-4516850.020230851,569776.582800864,-4267437.233332476
-4485854.310422203,773329.8770387075,-4268099.343612546
-4485492.179345234,773603.340889299,-4268430.364899686
-4485548.42551144,773277.144621634,-4268430.364899686
-4485660.846664632,772624.7398978928,-4268430.364899686
-4485717.021664513,772298.5313669789,-4268430.364899686
-4485773.172941691,771972.3187517661,-4268430.364899686
-4485829.3004824,771646.1021322731,-4268430.364899686
-4485885.404313284,771319.8813536387,-4268430.364899686
-4485941.484420573,770993.6564958829,-4268430.364899686
-4485997.540790521,770667.4276390215,-4268430.364899686
-4486053.573449736,770341.1946281955,-4268430.364899686
-4486109.582384468,770014.9575434218,-4268430.364899686
-4485130.008519242,773876.7519901519,-4268761.363605298
-4485186.2745559225,773550.5821378524,-4268761.363605298
-4485242.516886212,773224.4081163527,-4268761.363605298
-4484767.797910195,774150.1104895172,-4269092.339743521
-4484824.083840527,773823.9668989131,-4269092.339743521
-4484880.346039376,773497.8192942201,-4269092.339743521
-4484992.799308952,772845.5116580836,-4269092.339743521
-4485273.517370474,771214.6712286371,-4269092.339743521
-4485329.5898282835,770888.4908688372,-4269092.339743521
-4515102.833391805,571224.1229504275,-4269092.339743521
-4484461.853353245,774097.2990568547,-4269423.293304666
-4484518.13544383,773771.177715308,-4269423.293304666
-4484574.393804551,773445.0523599462,-4269423.293304666
-4484686.839402722,772792.7892233201,-4269423.293304666
-4484855.329906345,771814.3639491203,-4269423.293304666
-4484911.445962685,771488.2140774633,-4269423.293304666
-4484967.538314052,771162.0600475159,-4269423.293304666
-4514753.269733183,571513.4784246746,-4269423.293304666
-4484099.58312259,774370.5785288815,-4269754.224279035
-4484155.885087579,774044.483531649,-4269754.224279035
-4484212.163338118,773718.3844408839,-4269754.224279035
-4484380.855786587,772740.0627029102,-4269754.224279035
-4484437.039162884,772413.9473335317,-4269754.224279035
-4484493.198836733,772087.8278009752,-4269754.224279035
-4484605.447021973,771435.5765663052,-4269754.224279035
-4484661.535546241,771109.4447893697,-4269754.224279035
-4514403.663990625,571802.7831336246,-4269754.224279035
-4483793.594977093,774317.7366566486,-4270085.132680766
-4483906.167510319,773665.587073385,-4270085.132680766
-4483962.418193892,773339.5062218593,-4270085.132680766
-4484018.645177542,773013.4212022709,-4270085.132680766
-4484243.315958481,771709.0403386242,-4270085.132680766
-4484299.424357092,771382.9349741488,-4270085.132680766
-4483431.265140906,774590.9370075425,-4270416.018500163
-4483487.58311907,774264.890689439,-4270416.018500163
-4483656.394813949,773286.7270173377,-4270416.018500163
-4483712.617960197,772960.6642525389,-4270416.018500163
-4483768.817394341,772634.5973999373,-4270416.018500163
-4483881.145111655,771982.4515164898,-4270416.018500163
-4483125.233423493,774538.0646915134,-4270746.881727537
-4483350.347729552,773233.9437245588,-4270746.881727537
-4482762.843979328,774811.1860660489,-4271077.722377023
-4482931.774874616,773833.1804944979,-4271077.722377023
-4482988.037762002,773507.1704241054,-4271077.722377023
-4482513.098848608,774432.3077687696,-4271408.540438925
-4482569.4052933585,774106.3282220119,-4271408.540438925
-4482625.688045567,773780.3445031588,-4271408.540438925
-4482681.947091419,773454.3566921701,-4271408.540438925
-4512696.680177934,572920.372631722,-4271408.540438925
-4482150.669691733,774705.3764342752,-4271739.33590356
-4482206.996009068,774379.4231651527,-4271739.33590356
-4482319.57751751,773727.5044209526,-4271739.33590356
-4481731.830954149,775304.3151161028,-4272070.10878505
-4481788.20081512,774978.3923824328,-4272070.10878505
-4482013.443277374,773674.660245623,-4272070.10878505
-4481199.9911678545,776554.9166307836,-4272400.85907371
-4481256.451990073,776229.0324920691,-4272400.85907371
-4480724.331124636,777479.4247903081,-4272731.586759858
-4481232.230481919,774546.6312589775,-4272731.586759858
-4480813.343742582,775145.4240611786,-4273062.291857613
-4480869.702051098,774819.568122193,-4273062.291857613
-4479942.286090982,778350.5636971396,-4273392.974357291
-4480507.133940583,775092.4521766985,-4273392.974357291
-4480426.16073525,773736.2058601808,-4273723.63424921
-4479046.59896231,779872.8410393894,-4274054.271547487
-4478683.6541353045,780145.2239445029,-4274384.886242443
-4477708.120992387,780310.8078480783,-4275376.594681959
-4477345.057371455,780583.0322858386,-4275707.118938206
-4476505.153618426,781778.4124074316,-4276368.09962863
-4476141.931671525,782050.4256554145,-4276698.556043446
-4507429.48299994,574916.4430756809,-4276698.556043446
-4475721.766243104,782647.8717596598,-4277028.989848887
-4475778.670172042,782322.3859926263,-4277028.989848887
-4507120.960187233,574877.0914144383,-4277028.989848887
-4475130.513950591,784221.5487242922,-4277359.401035269
-4475187.532308439,783896.1060282852,-4277359.401035269
-4475244.527012955,783570.6591085421,-4277359.401035269
-4474652.927279142,785144.0914919174,-4277689.789592923
-4506027.867477472,576069.7929457193,-4278020.155535957
-4506069.748543262,575742.1038028784,-4278020.155535957
-4473982.975826052,785361.9171875175,-4278350.498854694
-4505719.260794505,576030.339353068,-4278350.498854694
-4505368.731144758,576318.5238461413,-4278680.819539461
-4505060.079676865,576279.0417151607,-4279011.117604363
-4472221.892501893,786393.8489102426,-4280001.8760069385
-4471244.955534316,786557.2807672629,-4280992.430696525
-4502323.014990804,575596.1488255189,-4281982.781625979
-4502014.122473801,575556.6586906273,-4282312.853316924
-4501705.206155322,575517.1655128535,-4282642.902352952
-4501396.266022176,575477.6692905113,-4282972.928748158
-4500021.263487945,581289.6781058745,-4283632.913577437
-4499670.02235243,581576.9950160038,-4283962.872015938
-4499712.303919954,581249.7682927181,-4283962.872015938
-4499881.192251116,579940.8304418974,-4283962.872015938
-4499361.041891083,581537.0596591142,-4284292.807798717
-4499403.320555245,581209.8554056237,-4284292.807798717
-4499445.5754344715,580882.6479998741,-4284292.807798717
-4499009.738078355,581824.3000129691,-4284622.720916108
-4499052.037642298,581497.1212277263,-4284622.720916108
-4499094.3134028725,581169.9394457609,-4284622.720916108
-4499473.724577065,578225.1648363722,-4284622.720916108
-4498700.712934375,581784.3360323267,-4284952.611382204
-4498869.756807788,580475.692418783,-4284952.611382204
-4498911.958288456,580148.5238953505,-4284952.611382204
-4499164.667563072,578185.4480708573,-4284952.611382204
-4498813.530922131,578472.8926768862,-4285282.47918734
-4498855.586755265,578145.7282476107,-4285282.47918734
-4498897.618806306,577818.5606822966,-4285282.47918734
-4499023.5721940175,576837.0397370427,-4285282.47918734
-4499065.509074094,576509.8599589402,-4285282.47918734
-4498504.429219105,578433.1473184596,-4285612.324321854
-4498546.482162693,578106.0053677959,-4285612.324321854
-4498714.456059606,576797.4067737901,-4285612.324321854
-4498756.390058309,576470.2494753539,-4285612.324321854
-4498447.247243441,576430.6359421553,-4285942.14679984
-4498305.555673498,575082.5397167533,-4286271.9466116335
-4497996.353775835,575043.0100293204,-4286601.7237475775
-4497435.807345773,576965.9087290221,-4286931.4782217555
-4497477.753601666,576638.8444161083,-4286931.4782217555
-4497645.300763972,575330.5567647096,-4286931.4782217555
-4497687.128083115,575003.4772998262,-4286931.4782217555
-4462704.03908544,800789.5956802273,-4287261.210024507
-4497084.608002478,577253.2767220972,-4287261.210024507
-4497126.575147223,576926.2380268514,-4287261.210024507
-4497168.518518998,576599.1962020444,-4287261.210024507
-4497294.205923799,575618.0525169659,-4287261.210024507
-4462222.350891641,801708.0523845812,-4287590.919146181
-4462280.640951836,801383.5482724129,-4287590.919146181
-4496775.35491428,577213.580480185,-4287590.919146181
-4496817.31917305,576886.5642745598,-4287590.919146181
-4496859.259660486,576559.5449395884,-4287590.919146181
-4496984.938422085,575578.4687252697,-4287590.919146181
-4461798.807604902,802301.8637140659,-4287920.605600855
-4496424.092875287,577500.8719251003,-4287920.605600855
-4496466.07803748,577173.8811847282,-4287920.605600855
-4496633.780868425,575865.887873672,-4287920.605600855
-4461433.538796901,802571.1221257398,-4288250.269378874
-4496198.735867287,576807.207615694,-4288250.269378874
-4461068.230852092,802840.3273318358,-4288579.910470587
-4495889.408553811,576767.5247114437,-4288579.910470587
-4496015.132712636,575786.660080866,-4288579.910470587
-4495580.057456416,576727.8387560082,-4288909.528890064
-4495705.772964471,575747.0416163143,-4288909.528890064
-4495438.244182182,575380.5041080029,-4289239.124627659
-4495480.07514947,575053.5850661852,-4289239.124627659
-4495170.662099426,575014.0055150094,-4289568.697673718
-4459606.607581486,803916.6169815358,-4289898.248042314
-4494651.861529028,576608.7625913525,-4289898.248042314
-4459182.610134394,804509.8395190962,-4290227.775723799
-4494342.415342001,576569.0644370823,-4290227.775723799
-4494635.338008013,574281.1251796695,-4290227.775723799
-4494325.847890128,574241.5815193357,-4290557.280708514
-4494016.333996587,574202.034821178,-4290886.763010542
-4458144.358398331,804992.0561111785,-4291216.22262023
-4493706.796336453,574162.4850863542,-4291216.22262023
-4493397.2349187955,574122.9323160234,-4291545.659527926
-4493087.649730389,574083.3765084959,-4291875.073747704
-4456374.294068433,806011.0837893301,-4292863.1802067505
-4456008.4582234705,806279.571272956,-4293192.503625803
-4455642.583339827,806548.005546408,-4293521.804332418
-4455276.669424583,806816.3865235776,-4293851.082340657
-4454910.71646469,807084.71435565,-4294180.337640879
-4454237.413590006,807297.2911533376,-4294838.780102404
-4453812.623500471,807889.37838151,-4295167.967268124
-4453505.273603108,807833.6273343698,-4295497.131710962
-4453139.145101461,808101.715593323,-4295826.273444977
-4452465.565190182,808313.9419456432,-4296484.488747977
-4452099.339233106,808581.8970587973,-4296813.562321378
-4451733.074307416,808849.7989037079,-4297142.613171091
-4451059.276008164,809061.754638671,-4297800.646684613
-4450692.913694832,809329.5232881848,-4298129.629352833
-4449121.524187662,812721.0407563539,-4299116.440958767
-4449180.615155497,812397.4894117952,-4299116.440958767
-4449239.682608035,812073.933693221,-4299116.440958767
-4449298.726530779,811750.3736799976,-4299116.440958767
-4449357.746909256,811426.8094514895,-4299116.440958767
-4449416.743771481,811103.2408540964,-4299116.440958767
-4449593.59315839,810132.5094093174,-4299116.440958767
-4486603.489036498,570602.2776361455,-4299116.440958767
-4485918.941383899,573498.9821935944,-4299445.332686074
-4485960.6355482135,573172.7554200395,-4299445.332686074
-4485362.729530191,570444.4789356302,-4300431.871451207
-4446980.106990156,814000.9022942883,-4301089.450255355
-4484721.656763312,568043.2047696096,-4301418.205530961
-4445414.704076505,819061.2856292212,-4301746.938066419
-4484452.610928303,567677.7793559723,-4301746.938066419
-4445820.062589433,815125.1997302154,-4302075.647852099
-4482735.27571628,568785.3046181493,-4303390.259446536
-4482960.483277306,564508.0323216713,-4303718.855457267
-4483247.26768739,562225.8887272486,-4303718.855457267
-4441577.301344565,826037.8356744815,-4304375.979188498
-4441757.409141164,825068.8141752973,-4304375.979188498
-4442415.9955928875,821515.3996642499,-4304375.979188498
-4481264.169336207,572903.8963111752,-4304375.979188498
-4482952.420318065,559540.0137161411,-4304375.979188498
-4482993.099355549,559214.0027892583,-4304375.979188498
-4442048.429701054,821781.5137552156,-4304704.506913406
-4480535.878108589,576122.6893128835,-4304704.506913406
-4481534.577135824,568301.8054655812,-4304704.506913406
-4482804.358199338,558197.2718210163,-4304704.506913406
-4480183.469799158,576408.5735161755,-4305033.011872896
-4480392.761695008,574779.4947939209,-4305033.011872896
-4480434.548995446,574453.6698921415,-4305033.011872896
-4480684.77518024,572498.6569002353,-4305033.011872896
-4481017.083100899,569891.8034526252,-4305033.011872896
-4479872.946478978,576368.6224058615,-4305361.494057351
-4480040.41578171,575065.4557967334,-4305361.494057351
-4481571.534061362,563008.8725581098,-4305361.494057351
-4482547.343594836,555186.2011245779,-4305361.494057351
-4479604.299421265,576002.9037262376,-4305689.953480797
-4479729.857153227,575025.5919734939,-4305689.953480797
-4482074.93563481,556451.5215620832,-4305689.953480797
-4438650.908887199,833176.8917018395,-4306018.3901336165
-4479335.599164719,575637.2242017941,-4306018.3901336165
-4480126.691944441,569447.4935918613,-4306018.3901336165
-4481723.715384481,556738.8640928742,-4306018.3901336165
-4483046.885956591,545981.9064273166,-4306018.3901336165
-4483086.579030122,545655.8885883068,-4306018.3901336165
-4480598.522187281,563217.6192191045,-4306346.804006188
-4482736.028414089,545944.0476678612,-4306346.804006188
-4482815.385339795,545292.0543951797,-4306346.804006188
-4482855.028246478,544966.0533931953,-4306346.804006188
-4482425.147157191,545906.186020274,-4306675.195112539
-4482464.834725822,545580.2133955894,-4306675.195112539
-4482504.498579432,545254.2379638369,-4306675.195112539
-4482544.138736849,544928.2595702774,-4306675.195112539
-4482623.347924201,544276.2942175608,-4306675.195112539
-4482114.242195002,545868.3214856634,-4307003.563443053
-4482351.9955091085,543912.5783104872,-4307003.563443053
-4482391.538098678,543586.6110108105,-4307003.563443053
-4482588.8954466665,541956.7315820337,-4307003.563443053
-4481604.54771538,547460.047592208,-4307331.908988111
-4482041.050357552,543874.8465617835,-4307331.908988111
-4482317.331483632,541593.1736038447,-4307331.908988111
-4481769.618598417,543511.1898632837,-4307660.231761739
-4482006.34345267,541555.5972828959,-4307660.231761739
-4481537.620899996,542821.6675219176,-4307988.531754317
-4481655.939563235,541843.9347735178,-4307988.531754317
-4480638.6802697955,545027.2788295131,-4308645.063381508
-4434170.454737489,838346.1779302629,-4309629.689924977
-4478101.410851279,557942.3714407525,-4309629.689924977
-4479745.066603471,544587.9855074137,-4309629.689924977
-4478469.093825548,539476.076508114,-4311598.327595554
-4471621.141220797,591181.4327058517,-4311926.354080167
-4471664.121327108,590856.2456509937,-4311926.354080167
-4471707.077774727,590531.055549437,-4311926.354080167
-4471095.0220279535,592766.107359813,-4312254.357753302
-4471138.117366118,592440.9586392704,-4312254.357753302
-4471267.261526793,591465.4935297125,-4312254.357753302
-4471310.262291528,591140.3322089628,-4312254.357753302
-4471353.239409748,590815.1677619689,-4312254.357753302
-4471396.192870921,590490.0002684882,-4312254.357753302
-4470481.825956268,595000.6859998143,-4312582.338628964
-4470611.528578437,594025.3640099128,-4312582.338628964
-4470741.01841527,593050.013746504,-4312582.338628964
-4470784.134410968,592724.8906910464,-4312582.338628964
-4470827.226752594,592399.7645789946,-4312582.338628964
-4470870.295460606,592074.6352560048,-4312582.338628964
-4470913.34052443,591749.5028018336,-4312582.338628964
-4470956.361933518,591424.3672962268,-4312582.338628964
-4470999.359708291,591099.228584844,-4312582.338628964
-4471042.333838193,590774.0867474345,-4312582.338628964
-4471085.284312693,590448.94186375,-4312582.338628964
-4470127.657233461,595284.3863875134,-4312910.296697549
-4470170.935718956,594959.3079310351,-4312910.296697549
-4470214.190563964,594634.2263281116,-4312910.296697549
-4470257.421757881,594309.1416584906,-4312910.296697549
-4470300.62932123,593984.0537678458,-4312910.296697549
-4470343.813243404,593658.9627359196,-4312910.296697549
-4470386.973513819,593333.8686424518,-4312910.296697549
-4470430.110152965,593008.7713331155,-4312910.296697549
-4470473.223150251,592683.6708876556,-4312910.296697549
-4470516.3124951115,592358.5673858142,-4312910.296697549
-4470559.378208001,592033.4606732579,-4312910.296697549
-4470602.420278347,591708.3508297381,-4312910.296697549
-4470645.438695601,591383.2379349947,-4312910.296697549
-4470688.4334801845,591058.1218346985,-4312910.296697549
-4470731.4046215415,590733.0026085929,-4312910.296697549
-4470774.352109142,590407.880336424,-4312910.296697549
-4470817.275963372,590082.7548638581,-4312910.296697549
-4470860.176173695,589757.6262706369,-4312910.296697549
-4470903.052729597,589432.4946365192,-4312910.296697549
-4470945.905651432,589107.3598071585,-4312910.296697549
-4469773.447269709,595568.0351834384,-4313238.231949449
-4469816.746373276,595242.9825630999,-4313238.231949449
-4469860.021848623,594917.9267168086,-4313238.231949449
-4469903.273685126,594592.8677242912,-4313238.231949449
-4469946.501872182,594267.8056652894,-4313238.231949449
-4469989.706430315,593942.7403854878,-4313238.231949449
-4470032.887348917,593617.6719646233,-4313238.231949449
-4470076.044617406,593292.6004824301,-4313238.231949449
-4470119.178256269,592967.5257845921,-4313238.231949449
-4470162.288254916,592642.4479508487,-4313238.231949449
-4470205.374602782,592317.3670609364,-4313238.231949449
-4470248.437320321,591992.2829605325,-4313238.231949449
-4470291.476396961,591667.1957293827,-4313238.231949449
-4470334.491822155,591342.1054472218,-4313238.231949449
-4470377.483616321,591017.0119597309,-4313238.231949449
-4470420.451768906,590691.9153466478,-4313238.231949449
-4470463.396269378,590366.8156877137,-4313238.231949449
-4470506.317138125,590041.7128286049,-4313238.231949449
-4470549.21436461,589716.606849058,-4313238.231949449
-4470592.087938318,589391.497828826,-4313238.231949449
-4470634.937879602,589066.3856135732,-4313238.231949449
-4470677.764177945,588741.2702830422,-4313238.231949449
-4470720.566822848,588416.1519169845,-4313238.231949449
-4469419.196036798,595851.6325356327,-4313566.14439867
-4469462.515775474,595526.6055984085,-4313566.14439867
-4469505.81186702,595201.5755897523,-4313566.14439867
-4469549.084331988,594876.5423553676,-4313566.14439867
-4469592.333159757,594551.5059749756,-4313566.14439867
-4469635.558339725,594226.4665283128,-4313566.14439867
-4469678.759892413,593901.423861074,-4313566.14439867
-4469721.937807214,593576.3780529909,-4313566.14439867
-4469765.092073549,593251.3291837921,-4313566.14439867
-4469808.222711899,592926.2770991722,-4313566.14439867
-4469851.329711679,592601.221878865,-4313566.14439867
-4469894.413062324,592276.1636026014,-4313566.14439867
-4469937.472784285,591951.1021160695,-4313566.14439867
-4469980.508866992,591626.0374990097,-4313566.14439867
-4470023.521299897,591300.969831151,-4313566.14439867
-4470066.5101034185,590975.8989581851,-4313566.14439867
-4470109.475267003,590650.8249598446,-4313566.14439867
-4470152.416780122,590325.7479158648,-4313566.14439867
-4470195.334663158,590000.6676719331,-4313566.14439867
-4470238.228905577,589675.5843077803,-4313566.14439867
-4470281.099496865,589350.4979031539,-4313566.14439867
-4470323.946457373,589025.408303729,-4313566.14439867
-4470366.769776583,588700.3155892426,-4313566.14439867
-4470409.569444,588375.2198394405,-4313566.14439867
-4470452.345479939,588050.1208999957,-4313566.14439867
-4469064.903560067,596135.178361068,-4313894.034035614
-4469108.243919716,595810.1771879741,-4313894.034035614
-4469151.560644496,595485.1728639374,-4313894.034035614
-4469194.853723791,595160.1654686824,-4313894.034035614
-4469238.123178152,594835.1548479233,-4313894.034035614
-4469281.368996959,594510.1410813759,-4313894.034035614
-4469324.59116961,594185.1242487708,-4313894.034035614
-4469367.789716625,593860.104195814,-4313894.034035614
-4469410.964627397,593535.0810022312,-4313894.034035614
-4469454.115891348,593210.0547477457,-4313894.034035614
-4469497.243528959,592885.0252780629,-4313894.034035614
-4469540.347529644,592559.9926729109,-4313894.034035614
-4469583.427882839,592234.9570120152,-4313894.034035614
-4469626.484608995,591909.9181410745,-4313894.034035614
-4469669.51769754,591584.8761398237,-4313894.034035614
-4469712.52713793,591259.8310879861,-4313894.034035614
-4469755.51295058,590934.7828312645,-4313894.034035614
-4469798.4751249375,590609.7314493858,-4313894.034035614
-4469841.4136504745,590284.6770220796,-4313894.034035614
-4469884.328547573,589959.619395044,-4313894.034035614
-4469927.219805699,589634.5586480045,-4313894.034035614
-4469970.087414339,589309.4948607029,-4313894.034035614
-4470012.931393844,588984.4278788251,-4313894.034035614
-4470055.751733696,588659.3577821025,-4313894.034035614
-4470098.548423399,588334.2846502756,-4313894.034035614
-4470141.32148327,588009.2083290275,-4313894.034035614
-4470184.07090281,587684.1288980922,-4313894.034035614
-4470226.7966715405,587359.0464372123,-4313894.034035614
-4428080.712700133,846871.0598630091,-4314221.900850671
-4468753.930831356,596093.6972487781,-4314221.900850671
-4468797.268175236,595768.7186903707,-4314221.900850671
-4468840.581885891,595443.7369812398,-4314221.900850671
-4468883.871952707,595118.7522011042,-4314221.900850671
-4468927.138396232,594793.764195689,-4314221.900850671
-4468970.3812058475,594468.7730447043,-4314221.900850671
-4469013.600370953,594143.7788278753,-4314221.900850671
-4469056.7959120665,593818.7813909187,-4314221.900850671
-4469099.9678185815,593493.7808135547,-4314221.900850671
-4469143.11607992,593168.777175501,-4314221.900850671
-4469186.240716564,592843.7703224736,-4314221.900850671
-4469229.341717926,592518.7603341952,-4314221.900850671
-4469272.419073443,592193.7472903857,-4314221.900850671
-4469315.472803566,591868.7310367547,-4314221.900850671
-4469358.502897723,591543.7116530313,-4314221.900850671
-4469401.5093453685,591218.6892189335,-4314221.900850671
-4469444.49216692,590893.6635801746,-4314221.900850671
-4469487.451351823,590568.6348164759,-4314221.900850671
-4469530.386889552,590243.6030075618,-4314221.900850671
-4469573.298800486,589918.567999141,-4314221.900850671
-4469616.187074092,589593.5298709333,-4314221.900850671
-4469659.051699859,589268.4887026751,-4314221.900850671
-4469701.892698133,588943.444340063,-4314221.900850671
-4469744.7100584,588618.3968628228,-4314221.900850671
-4469787.503770165,588293.3463506894,-4314221.900850671
-4469830.273853742,587968.292649357,-4314221.900850671
-4469873.020298632,587643.2358385536,-4314221.900850671
-4469915.743094357,587318.1759980164,-4314221.900850671
-4468399.576513366,596377.1656948461,-4314549.744857851
-4468442.934462189,596052.2129830527,-4314549.744857851
-4468486.268790069,595727.2570410509,-4314549.744857851
-4468529.579486371,595402.297948545,-4314549.744857851
-4468572.866540478,595077.335785248,-4314549.744857851
-4468616.129972938,594752.3703968959,-4314549.744857851
-4468659.369773134,594427.4018631933,-4314549.744857851
-4468702.585930465,594102.4302638597,-4314549.744857851
-4468745.778465448,593777.4554446226,-4314549.744857851
-4468788.947367477,593452.4774851965,-4314549.744857851
-4468832.092625976,593127.4964652939,-4314549.744857851
-4468875.214261424,592802.5122306413,-4314549.744857851
-4468918.312263235,592477.5248609559,-4314549.744857851
-4468961.3866208475,592152.534435952,-4314549.744857851
-4469004.437354708,591827.54080135,-4314549.744857851
-4469047.4644542495,591502.5440368735,-4314549.744857851
-4469090.467908925,591177.5442222347,-4314549.744857851
-4469133.447739149,590852.541203158,-4314549.744857851
-4469176.403934372,590527.535059359,-4314549.744857851
-4469219.336484064,590202.5258705565,-4314549.744857851
-4469262.245408608,589877.51348247,-4314549.744857851
-4469305.130697467,589552.4979748136,-4314549.744857851
-4469347.992340133,589227.4794273182,-4314549.744857851
-4469390.830356952,588902.4576856914,-4314549.744857851
-4469433.644737408,588577.4328296531,-4314549.744857851
-4469476.435471006,588252.404938933,-4314549.744857851
-4469519.202578061,587927.3738592357,-4314549.744857851
-4469561.946048075,587602.3396702837,-4314549.744857851
-4469604.665870571,587277.3024518089,-4314549.744857851
-4469647.3620658275,586952.2620495075,-4314549.744857851
-4469690.034623365,586627.2185431143,-4314549.744857851
-4468045.180959897,596660.5826771605,-4314877.5660475455
-4468088.559530726,596335.6556590013,-4314877.5660475455
-4468131.914461676,596010.7255651072,-4314877.5660475455
-4468175.2457733285,595685.7922412297,-4314877.5660475455
-4468218.553455047,595360.8557670672,-4314877.5660475455
-4468261.837496216,595035.9162223274,-4314877.5660475455
-4468305.097917384,594710.973452757,-4314877.5660475455
-4468348.334707931,594386.027538055,-4314877.5660475455
-4468391.5478572585,594061.0785579354,-4314877.5660475455
-4468434.737385883,593736.1263581364,-4314877.5660475455
-4468477.903283199,593411.1710183672,-4314877.5660475455
-4468521.045538629,593086.2126183341,-4314877.5660475455
-4468564.164172654,592761.251003775,-4314877.5660475455
-4468607.259174686,592436.2862544013,-4314877.5660475455
-4468650.330534165,592111.3184499218,-4314877.5660475455
-4468693.378271537,591786.3474360675,-4314877.5660475455
-4468736.4023762345,591461.3732925566,-4314877.5660475455
-4468779.402837712,591136.3960990957,-4314877.5660475455
-4468822.379676383,590811.4157014199,-4314877.5660475455
-4468865.3328816965,590486.4321792393,-4314877.5660475455
-4468908.262443126,590161.4456122671,-4314877.5660475455
-4468951.168381051,589836.4558462336,-4314877.5660475455
-4468994.050684937,589511.4629608474,-4314877.5660475455
-4469036.909344276,589186.4670358339,-4314877.5660475455
-4469079.744379411,588861.4679169111,-4314877.5660475455
-4469122.55577983,588536.4656837938,-4314877.5660475455
-4469165.343535037,588211.4604162057,-4314877.5660475455
-4469208.107665344,587886.4519598624,-4314877.5660475455
-4469250.848160257,587561.4403944811,-4314877.5660475455
-4469293.565009295,587236.4257997875,-4314877.5660475455
-4469336.258232741,586911.4080214889,-4314877.5660475455
-4469378.927820112,586586.3871393148,-4314877.5660475455
-4469421.57376095,586261.3632329854,-4314877.5660475455
-4469719.433562763,583986.1087825465,-4314877.5660475455
-4469761.89041534,583661.060042809,-4314877.5660475455
-4469973.820078538,582035.770234174,-4314877.5660475455
-4470016.135097809,581710.7030000808,-4314877.5660475455
-4467690.744196313,596943.9481127274,-4315205.3644101545
-4467734.143374997,596619.0468691898,-4315205.3644101545
-4467777.518926079,596294.1424704337,-4315205.3644101545
-4467820.870838928,595969.2349961569,-4315205.3644101545
-4467864.199134124,595644.3242921213,-4315205.3644101545
-4467907.50380103,595319.4104380202,-4315205.3644101545
-4467950.784829034,594994.4935135556,-4315205.3644101545
-4467994.042238678,594669.5733644848,-4315205.3644101545
-4468037.276019348,594344.6500705014,-4315205.3644101545
-4468080.486160445,594019.7237113137,-4315205.3644101545
-4468123.672682482,593694.7941326709,-4315205.3644101545
-4468166.835574856,593369.8614142762,-4315205.3644101545
-4468209.974826991,593044.925635831,-4315205.3644101545
-4468253.090459363,592719.9866430833,-4315205.3644101545
-4468296.182461388,592395.0445157393,-4315205.3644101545
-4468339.250822507,592070.0993335021,-4315205.3644101545
-4468382.295563162,591745.1509421136,-4315205.3644101545
-4468425.316672788,591420.1994212864,-4315205.3644101545
-4468468.314140841,591095.2448507216,-4315205.3644101545
-4468511.287987731,590770.2870761647,-4315205.3644101545
-4468554.238202909,590445.3261773208,-4315205.3644101545
-4468597.164775849,590120.3622338971,-4315205.3644101545
-4468640.067726928,589795.3950916348,-4315205.3644101545
-4468682.947045615,589470.4248302369,-4315205.3644101545
-4468725.8027214,589145.4515294234,-4315205.3644101545
-4468768.634774625,588820.475034923,-4315205.3644101545
-4468811.44319478,588495.4954264447,-4315205.3644101545
-4468854.2279713685,588170.5127837069,-4315205.3644101545
-4468896.989124703,587845.526952436,-4315205.3644101545
-4468939.726644287,587520.5380123432,-4315205.3644101545
-4468982.440519644,587195.5460431494,-4315205.3644101545
-4469025.130771052,586870.5508905721,-4315205.3644101545
-4469067.79738803,586545.5526343352,-4315205.3644101545
-4469110.440360123,586220.5513541537,-4315205.3644101545
-4469153.059707573,585895.5468957446,-4315205.3644101545
-4469535.570197328,582970.3677775293,-4315205.3644101545
-4469577.953183615,582645.3324113999,-4315205.3644101545
-4469620.312522385,582320.2940419591,-4315205.3644101545
-4469662.648233749,581995.2525149104,-4315205.3644101545
-4469704.960307311,581670.2079099814,-4315205.3644101545
-4467292.822817322,597552.1342230709,-4315533.139959685
-4467336.266225603,597227.2619155885,-4315533.139959685
-4467379.685997969,596902.3865276391,-4315533.139959685
-4467423.082155031,596577.5079050038,-4315533.139959685
-4467466.454686136,596252.6261273696,-4315533.139959685
-4467509.803580655,595927.7412744288,-4315533.139959685
-4467553.128859164,595602.8531919542,-4315533.139959685
-4467596.430511029,595277.9619596333,-4315533.139959685
-4467639.708525637,594953.0676571626,-4315533.139959685
-4467682.962923531,594628.1701303103,-4315533.139959685
-4467726.193694095,594303.2694587643,-4315533.139959685
-4467769.400826732,593978.3657222275,-4315533.139959685
-4467812.5843419535,593653.4587664596,-4315533.139959685
-4467855.744229157,593328.5486711586,-4315533.139959685
-4467898.880477767,593003.63551602,-4315533.139959685
-4467941.9931082595,592678.7191468029,-4315533.139959685
-4467985.082110051,592353.7996432076,-4315533.139959685
-4468028.147472581,592028.8770849318,-4315533.139959685
-4468071.189216292,591703.9513177281,-4315533.139959685
-4468114.207330619,591379.0224213037,-4315533.139959685
-4468157.201805019,591054.0904753539,-4315533.139959685
-4468200.172659901,590729.1553256352,-4315533.139959685
-4468243.119884715,590404.2170518469,-4315533.139959685
-4468286.043468939,590079.2757336908,-4315533.139959685
-4468328.943432946,589754.3312169188,-4315533.139959685
-4468371.819766206,589429.3835812286,-4315533.139959685
-4468414.67245821,589104.432906334,-4315533.139959685
-4468457.5015293,588779.4790379751,-4315533.139959685
-4468500.306968964,588454.5220558551,-4315533.139959685
-4468543.088766708,588129.562039687,-4315533.139959685
-4468585.846942843,587804.5988352075,-4315533.139959685
-4468628.581486872,587479.6325221228,-4315533.139959685
-4468671.292388321,587154.6631801479,-4315533.139959685
-4468713.979667466,586829.6906550111,-4315533.139959685
-4468756.643313828,586504.7150264309,-4315533.139959685
-4468799.283316949,586179.7363741164,-4315533.139959685
-4468841.899697072,585854.7545437958,-4315533.139959685
-4469139.55258807,583579.7952316458,-4315533.139959685
-4469181.979884043,583254.7887411199,-4315533.139959685
-4469224.383554942,582929.7790880537,-4315533.139959685
-4469266.763590359,582604.7663521647,-4315533.139959685
-4469309.119979906,582279.7506131732,-4315533.139959685
-4469351.45274369,581954.731716794,-4315533.139959685
-4469393.76187132,581629.7097427484,-4315533.139959685
-4469604.952939069,580004.553923713,-4315533.139959685
-4472863.32461487,554317.0547844565,-4315533.139959685
-4466981.747041893,597510.524236691,-4315860.892686527
-4467025.187425033,597185.6745513892,-4315860.892686527
-4467068.604173903,596860.821785835,-4315860.892686527
-4467111.997309115,596535.9657858199,-4315860.892686527
-4467155.366820014,596211.1066310258,-4315860.892686527
-4467198.712695973,595886.2444011391,-4315860.892686527
-4467242.034957567,595561.3789419435,-4315860.892686527
-4467285.333594161,595236.5103331209,-4315860.892686527
-4467328.608595145,594911.6386543625,-4315860.892686527
-4467371.859981059,594586.763751447,-4315860.892686527
-4467415.087741289,594261.8857040567,-4315860.892686527
-4467458.291865237,593937.004591889,-4315860.892686527
-4467501.472373415,593612.1202607144,-4315860.892686527
-4467544.62925522,593287.2327902253,-4315860.892686527
-4467587.7625000775,592962.3422601117,-4315860.892686527
-4467630.872128462,592637.4485161433,-4315860.892686527
-4467673.958129791,592312.5516380151,-4315860.892686527
-4467717.020493505,591987.6517054191,-4315860.892686527
-4467760.059240044,591662.7485641186,-4315860.892686527
-4467803.074358844,591337.8422938151,-4315860.892686527
-4467846.065839364,591012.9329741988,-4315860.892686527
-4467889.03370201,590688.0204510367,-4315860.892686527
-4467931.977936236,590363.1048040225,-4315860.892686527
-4467974.898531515,590038.1861128525,-4315860.892686527
-4468017.795508224,589713.2642232893,-4315860.892686527
-4468060.668855829,589388.339215025,-4315860.892686527
-4468103.518563826,589063.4111677682,-4315860.892686527
-4468146.344652554,588738.4799272692,-4315860.892686527
-4468189.147111501,588413.5455732261,-4315860.892686527
-4468231.925930174,588088.6081853459,-4315860.892686527
-4468274.681128883,587763.6676093766,-4315860.892686527
-4468317.412697133,587438.7239250186,-4315860.892686527
-4468360.120624447,587113.7772119811,-4315860.892686527
-4468402.804931104,586788.8273160034,-4315860.892686527
-4468445.4656066215,586463.8743167985,-4315860.892686527
-4468488.102640546,586138.9182940698,-4315860.892686527
-4468530.716053117,585813.9590935564,-4315860.892686527
-4468658.414488834,584839.0629884319,-4315860.892686527
-4468700.933372802,584514.0914059276,-4315860.892686527
-4468743.428613859,584189.1168102154,-4315860.892686527
-4468785.900232178,583864.1390470294,-4315860.892686527
-4468870.772558922,583214.1743370778,-4315860.892686527
-4468955.550361403,582564.1972118263,-4315860.892686527
-4468997.903801503,582239.2041050032,-4315860.892686527
-4469040.233617484,581914.207841012,-4315860.892686527
-4469082.539798956,581589.208499569,-4315860.892686527
-4469167.08124734,580939.2006692069,-4315860.892686527
-4469209.31652395,580614.1921057213,-4315860.892686527
-4469251.528155028,580289.1805496633,-4315860.892686527
-4469293.716160612,579964.1658467456,-4315860.892686527
-4469335.880530348,579639.1480766847,-4315860.892686527
-4469378.021253901,579314.1273192123,-4315860.892686527
-4469420.138351274,578989.1034200323,-4315860.892686527
-4425676.374532616,849414.152345832,-4316188.622581091
-4466627.186670562,597793.7349930676,-4316188.622581091
-4466670.647650309,597468.9110913768,-4316188.622581091
-4466714.085008078,597144.084029973,-4316188.622581091
-4466757.498733223,596819.2538885314,-4316188.622581091
-4466800.888846354,596494.4205128541,-4316188.622581091
-4466844.255336818,596169.5839826174,-4316188.622581091
-4466887.598193988,595844.7443775024,-4316188.622581091
-4466930.917438437,595519.9015433034,-4316188.622581091
-4466974.213059533,595195.0555596969,-4316188.622581091
-4467017.485046663,594870.2065063681,-4316188.622581091
-4467060.733420369,594545.3542291068,-4316188.622581091
-4467103.958170036,594220.4988075898,-4316188.622581091
-4467147.159285068,593895.6403215087,-4316188.622581091
-4467190.336785973,593570.778616645,-4316188.622581091
-4467233.490662152,593245.9137726855,-4316188.622581091
-4467276.620903028,592921.0458693145,-4316188.622581091
-4467319.727529078,592596.1747523126,-4316188.622581091
-4467362.810529715,592271.300501369,-4316188.622581091
-4467405.869894384,591946.4231961705,-4316188.622581091
-4467448.9056435255,591621.5426824909,-4316188.622581091
-4467491.917766572,591296.6590400264,-4316188.622581091
-4467534.906252985,590971.7723484612,-4316188.622581091
-4467577.871123169,590646.8824535734,-4316188.622581091
-4467620.812366576,590321.989435051,-4316188.622581091
-4467663.729972685,589997.0933725849,-4316188.622581091
-4467706.623961867,589672.1941119484,-4316188.622581091
-4467749.494323594,589347.2917328278,-4316188.622581091
-4467792.341047356,589022.3863149264,-4316188.622581091
-4467835.164153495,588697.4777040053,-4316188.622581091
-4467877.963631498,588372.5659797569,-4316188.622581091
-4467920.739470875,588047.6512218828,-4316188.622581091
-4467963.491691932,587722.7332761415,-4316188.622581091
-4468006.220284176,587397.8122222279,-4316188.622581091
-4468048.925237131,587072.8881398458,-4316188.622581091
-4468091.606571073,586747.9608747453,-4316188.622581091
-4468134.264275522,586423.0305066337,-4316188.622581091
-4468176.898340024,586098.0971152087,-4316188.622581091
-4468219.5087848175,585773.1605462204,-4316188.622581091
-4468262.095599442,585448.2208793741,-4316188.622581091
-4468304.658773461,585123.2781943722,-4316188.622581091
-4468347.198327079,584798.3323369599,-4316188.622581091
-4468389.714249853,584473.383386843,-4316188.622581091
-4468432.206531363,584148.4314237281,-4316188.622581091
-4468474.67519178,583823.4762933601,-4316188.622581091
-4468517.120220678,583498.518075443,-4316188.622581091
-4468559.541607657,583173.5568496838,-4316188.622581091
-4468601.9393728515,582848.5924618248,-4316188.622581091
-4468644.313505855,582523.6249915723,-4316188.622581091
-4468686.663996284,582198.6545186357,-4316188.622581091
-4468728.990864239,581873.6808887509,-4316188.622581091
-4468771.294099331,581548.7041816285,-4316188.622581091
-4468813.573691192,581223.724476984,-4316188.622581091
-4468855.829659893,580898.7416205449,-4316188.622581091
-4468898.06199506,580573.7556920223,-4316188.622581091
-4468940.270686342,580248.7667711356,-4316188.622581091
-4468982.455753777,579923.7747036085,-4316188.622581091
-4469024.617187009,579598.7795691517,-4316188.622581091
-4469066.754975704,579273.7814474915,-4316188.622581091
-4469108.869139865,578948.7801843424,-4316188.622581091
-4466316.066676785,597752.0960616461,-4316516.329657368
-4466359.524629286,597427.2947853517,-4316516.329657368
-4466402.958961454,597102.4903495644,-4316516.329657368
-4466446.369662645,596777.6828339535,-4316516.329657368
-4466489.756753466,596452.8720843325,-4316516.329657368
-4466533.120223266,596128.0581803718,-4316516.329657368
-4466576.460061417,595803.241201747,-4316516.329657368
-4466619.776288493,595478.420994263,-4316516.329657368
-4466663.06889386,595153.5976375908,-4316516.329657368
-4466706.337866909,594828.7712114103,-4316516.329657368
-4466749.583228177,594503.9415615218,-4316516.329657368
-4466792.804967052,594179.1087675965,-4316516.329657368
-4466836.003072939,593854.2729093209,-4316516.329657368
-4466879.177566344,593529.4338324866,-4316516.329657368
-4466922.328436667,593204.5916167751,-4316516.329657368
-4466965.455673335,592879.7463418654,-4316516.329657368
-4467008.55929682,592554.8978535485,-4316516.329657368
-4467051.639296541,592230.0462315084,-4316516.329657368
-4467094.695661938,591905.1915554259,-4316516.329657368
-4467137.728413451,591580.3336710859,-4316516.329657368
-4467180.737540517,591255.4726581788,-4316516.329657368
-4467223.723032595,590930.6085963836,-4316516.329657368
-4467266.684910088,590605.7413314888,-4316516.329657368
-4467309.623162452,590280.870943177,-4316516.329657368
-4467352.537779163,589955.9975111336,-4316516.329657368
-4467395.428780592,589631.1208811423,-4316516.329657368
-4467438.296156212,589306.2411328845,-4316516.329657368
-4467481.139895514,588981.3583460574,-4316516.329657368
-4467523.960018837,588656.4723664329,-4316516.329657368
-4467566.756515671,588331.583273698,-4316516.329657368
-4467609.529375525,588006.6911475487,-4316516.329657368
-4467652.278618704,587681.7958337544,-4316516.329657368
-4467695.004234715,587356.8974120042,-4316516.329657368
-4467737.706213085,587031.9959619964,-4316516.329657368
-4467780.384574086,586707.0913294919,-4316516.329657368
-4467823.03930724,586382.1835941924,-4316516.329657368
-4467865.670402096,586057.2728357902,-4316516.329657368
-4467908.277878886,585732.358900046,-4316516.329657368
-4467950.861727154,585407.4418666596,-4316516.329657368
-4467993.421936463,585082.5218153277,-4316516.329657368
-4468035.9585270155,584757.5985918065,-4316516.329657368
-4468078.471488371,584432.6722757961,-4316516.329657368
-4468120.960810109,584107.7429469975,-4316516.329657368
-4468163.4265124,583782.8104511665,-4316516.329657368
-4468205.868584817,583457.8748680013,-4316516.329657368
-4468248.287016962,583132.9362772037,-4316516.329657368
-4468290.681828968,582807.9945245265,-4316516.329657368
-4468333.053010429,582483.0496896704,-4316516.329657368
-4468375.4005509615,582158.1018523396,-4316516.329657368
-4468417.724470667,581833.1508582802,-4316516.329657368
-4468460.024759155,581508.1967871977,-4316516.329657368
-4468502.3014060585,581183.2397188018,-4316516.329657368
-4468544.554431448,580858.279498831,-4316516.329657368
-4468586.783824949,580533.3162069906,-4316516.329657368
-4468628.989576212,580208.3499229945,-4316516.329657368
-4468671.171705274,579883.3804925772,-4316516.329657368
-4468713.330201779,579558.4079954438,-4316516.329657368
-4468755.465055393,579233.432511315,-4316516.329657368
-4468797.57628612,578908.4538859163,-4316516.329657368
-4468839.663883621,578583.4721989637,-4316516.329657368
-4468881.727837581,578258.4875301698,-4316516.329657368
-4468923.768167969,577933.4997252598,-4316516.329657368
-4468965.784864463,577608.5088639518,-4316516.329657368
-4424874.423034272,850261.1951530749,-4316844.01390576
-4465917.9423681665,598360.0017047446,-4316844.01390576
-4465961.444529869,598035.2293792617,-4316844.01390576
-4466004.923062912,597710.4539690149,-4316844.01390576
-4466048.377987937,597385.6753198345,-4316844.01390576
-4466091.809294275,597060.8935113813,-4316844.01390576
-4466135.216971281,596736.1086233192,-4316844.01390576
-4466178.601039563,596411.3205014721,-4316844.01390576
-4466221.961488469,596086.5292255051,-4316844.01390576
-4466265.298307372,595761.7348750882,-4316844.01390576
-4466308.611516845,595436.9372960371,-4316844.01390576
-4466351.901106256,595112.1365680171,-4316844.01390576
-4466395.167064994,594787.3327707028,-4316844.01390576
-4466438.409413597,594462.5257499049,-4316844.01390576
-4466481.628141452,594137.7155852893,-4316844.01390576
-4466524.823237964,593812.9023565367,-4316844.01390576
-4466567.994723639,593488.0859094498,-4316844.01390576
-4466611.142587881,593163.2663237045,-4316844.01390576
-4466654.266820111,592838.4436789738,-4316844.01390576
-4466697.367440805,592513.61782106,-4316844.01390576
-4466740.444439379,592188.7888296412,-4316844.01390576
-4466783.497805277,591863.9567843927,-4316844.01390576
-4466826.527558936,591539.1215311104,-4316844.01390576
-4466869.533689792,591214.2831494788,-4316844.01390576
-4466912.516187307,590889.4417191716,-4316844.01390576
-4466955.475071885,590564.5970859879,-4316844.01390576
-4466998.410332977,590239.7493296048,-4316844.01390576
-4467041.321960063,589914.898529702,-4316844.01390576
-4467084.209973513,589590.0445320744,-4316844.01390576
-4467127.074362799,589265.1874163972,-4316844.01390576
-4467169.915117414,588940.3272623625,-4316844.01390576
-4467212.732257695,588615.4639157528,-4316844.01390576
-4467255.525773133,588290.5974562496,-4316844.01390576
-4467298.295653237,587965.7279635434,-4316844.01390576
-4467341.041918312,587640.8552834141,-4316844.01390576
-4467383.764557865,587315.9794955455,-4316844.01390576
-4467426.463561424,586991.1006796304,-4316844.01390576
-4467469.138949259,586666.2186814401,-4316844.01390576
-4467511.790710893,586341.333580671,-4316844.01390576
-4467554.418835875,586016.44545701,-4316844.01390576
-4467597.023344438,585691.554156228,-4316844.01390576
-4467639.604226124,585366.6597580198,-4316844.01390576
-4467682.161470497,585041.7623420764,-4316844.01390576
-4467724.695097761,584716.8617541646,-4316844.01390576
-4467767.205097472,584391.958073979,-4316844.01390576
-4467809.691459213,584067.0513812152,-4316844.01390576
-4467852.154203152,583742.1415216395,-4316844.01390576
-4467894.593318865,583417.2285749448,-4316844.01390576
-4467937.0087959515,583092.3126208271,-4316844.01390576
-4467979.400654545,582767.3935050501,-4316844.01390576
-4468021.76888424,582442.4713073091,-4316844.01390576
-4468064.113474652,582117.5461073023,-4316844.01390576
-4468106.434445883,581792.6177507871,-4316844.01390576
-4468148.731787544,581467.6863174629,-4316844.01390576
-4468191.0054892665,581142.7518870342,-4316844.01390576
-4468233.2555711195,580817.8143052502,-4316844.01390576
-4468275.4820227325,580492.8736518105,-4316844.01390576
-4468317.684833754,580167.9300064236,-4316844.01390576
-4468359.864024219,579842.9832148347,-4316844.01390576
-4468402.019583774,579518.0333567433,-4316844.01390576
-4468444.151502086,579193.0805118646,-4316844.01390576
-4468486.259799155,578868.1245259349,-4316844.01390576
-4468528.344464646,578543.1654786646,-4316844.01390576
-4468570.405488241,578218.2034497606,-4316844.01390576
-4468612.442889911,577893.2382849591,-4316844.01390576
-4468654.456659334,577568.2700639724,-4316844.01390576
-4468696.446786213,577243.2988665102,-4316844.01390576
-4465563.258456593,598643.0577280138,-4317171.675316675
-4465606.78120365,598318.3111951265,-4317171.675316675
-4465650.280334356,597993.561498034,-4317171.675316675
-4465693.75583805,597668.8087163926,-4317171.675316675
-4465737.207735368,597344.0526960434,-4317171.675316675
-4465780.636015646,597019.2935166412,-4317171.675316675
-4465824.040668239,596694.5312578449,-4317171.675316675
-4465867.421713752,596369.765765489,-4317171.675316675
-4465910.779141534,596044.9971192328,-4317171.675316675
-4465954.1129409615,595720.2253987408,-4317171.675316675
-4465997.423132603,595395.4504498398,-4317171.675316675
-4466040.709705827,595070.6723521892,-4317171.675316675
-4466083.972650025,594745.891185458,-4317171.675316675
-4466127.211985734,594421.1067954681,-4317171.675316675
-4466170.42770234,594096.3192618794,-4317171.675316675
-4466213.61978925,593771.5286643673,-4317171.675316675
-4466256.788266969,593446.734848745,-4317171.675316675
-4466299.933124898,593121.9378946829,-4317171.675316675
-4466343.054352464,592797.1378818487,-4317171.675316675
-4466386.151970139,592472.3346560552,-4317171.675316675
-4466429.225967338,592147.528296975,-4317171.675316675
-4466472.276333509,591822.718884278,-4317171.675316675
-4466515.303089086,591497.9062637707,-4317171.675316675
-4466558.306223507,591173.090515132,-4317171.675316675
-4466601.285726232,590848.27171803,-4317171.675316675
-4466644.241617665,590523.4497182748,-4317171.675316675
-4466687.173887259,590198.6245955378,-4317171.675316675
-4466730.082524493,589873.7964294931,-4317171.675316675
-4466772.967549738,589548.9650659465,-4317171.675316675
-4466815.828952462,589224.1305845674,-4317171.675316675
-4466858.666722164,588899.2930650427,-4317171.675316675
-4466901.480879177,588574.4523531654,-4317171.675316675
-4466944.271412993,588249.6085286114,-4317171.675316675
-4466987.038313122,587924.7616710657,-4317171.675316675
-4467029.781599867,587599.911626319,-4317171.675316675
-4467072.5012627365,587275.0584740496,-4317171.675316675
-4467115.197291258,586950.2022939447,-4317171.675316675
-4467157.869705701,586625.3429317862,-4317171.675316675
-4467200.5184955895,586300.4804672652,-4317171.675316675
-4467243.143650472,585975.6149800627,-4317171.675316675
-4467285.745190582,585650.7463159609,-4317171.675316675
-4467328.323105461,585325.8745546485,-4317171.675316675
-4467370.877384675,585000.9997758111,-4317171.675316675
-4467413.408048423,584676.1218252265,-4317171.675316675
-4467455.915086267,584351.2407825834,-4317171.675316675
-4467498.398487786,584026.3567275722,-4317171.675316675
-4467540.8582731495,583701.4695059696,-4317171.675316675
-4467583.294431932,583376.579197463,-4317171.675316675
-4467625.706953737,583051.6858817431,-4317171.675316675
-4467668.095858693,582726.7894045841,-4317171.675316675
-4467710.461136397,582401.8898456759,-4317171.675316675
-4467752.802776466,582076.987284711,-4317171.675316675
-4467795.120798999,581752.0815674576,-4317171.675316675
-4467837.415193608,581427.1727736098,-4317171.675316675
-4467879.685949926,581102.260982866,-4317171.675316675
-4467921.933088021,580777.3460409867,-4317171.675316675
-4467964.156597522,580452.4280276656,-4317171.675316675
-4468006.356468078,580127.5070226059,-4317171.675316675
-4468048.532719724,579802.5828715633,-4317171.675316675
-4468090.685342106,579477.6556542319,-4317171.675316675
-4468132.814324892,579152.7254503213,-4317171.675316675
-4468174.919688081,578827.7921055786,-4317171.675316675
-4468217.001421338,578502.8556997085,-4317171.675316675
-4468259.059514348,578177.9163124124,-4317171.675316675
-4468301.093987078,577852.9737894374,-4317171.675316675
-4468343.104829207,577528.0282104901,-4317171.675316675
-4468385.0920304395,577203.0796552747,-4317171.675316675
-4424195.960856252,850464.446276755,-4317499.313904103
-4465164.966440032,599250.7796525517,-4317499.313904103
-4465208.533382931,598926.0620826705,-4317499.313904103
-4465252.076701138,598601.341423303,-4317499.313904103
-4465295.596415322,598276.6175203036,-4317499.313904103
-4465339.092514801,597951.8904533196,-4317499.313904103
-4465382.564988913,597627.1603020016,-4317499.313904103
-4465426.013858297,597302.4269122015,-4317499.313904103
-4465469.439112285,596977.6903635686,-4317499.313904103
-4465512.840740235,596652.950735756,-4317499.313904103
-4465556.218762749,596328.2078746092,-4317499.313904103
-4465599.573169179,596003.461859782,-4317499.313904103
-4465642.9039489,595678.7127709332,-4317499.313904103
-4465686.211122481,595353.9604539003,-4317499.313904103
-4465729.494679291,595029.2049883372,-4317499.313904103
-4465772.754608721,594704.4464539074,-4317499.313904103
-4465815.990931305,594379.6846964435,-4317499.313904103
-4465859.203636434,594054.9197955999,-4317499.313904103
-4465902.392713513,593730.1518310463,-4317499.313904103
-4465945.558183047,593405.3806486069,-4317499.313904103
-4465988.700034437,593080.6063279463,-4317499.313904103
-4466031.81825711,592755.8289487269,-4317499.313904103
-4466074.912871536,592431.0483567719,-4317499.313904103
-4466117.983867135,592106.2646317487,-4317499.313904103
-4466161.03123335,591781.4778533214,-4317499.313904103
-4466204.054990618,591456.6878673072,-4317499.313904103
-4466247.055128375,591131.8947533799,-4317499.313904103
-4466290.0316360835,590807.0985912015,-4317499.313904103
-4466332.984534144,590482.2992265931,-4317499.313904103
-4466375.913812013,590157.4967392206,-4317499.313904103
-4466418.819459169,589832.6912087525,-4317499.313904103
-4466461.70149598,589507.8824810052,-4317499.313904103
-4466504.559911918,589183.0706356427,-4317499.313904103
-4466547.39469648,588858.2557523464,-4317499.313904103
-4466590.205869998,588533.4376769199,-4317499.313904103
-4466632.993421964,588208.6164890336,-4317499.313904103
-4466675.757341892,587883.7922683669,-4317499.313904103
-4466718.497650081,587558.9648607214,-4317499.313904103
-4466761.21433604,587234.1343457696,-4317499.313904103
-4466803.907389299,586909.3008031934,-4317499.313904103
-4466846.576830125,586584.4640787854,-4317499.313904103
-4466889.222648042,586259.624252231,-4317499.313904103
-4466931.844832601,585934.7814032058,-4317499.313904103
-4466974.443404032,585609.9353775026,-4317499.313904103
-4467017.018351879,585285.0862548046,-4317499.313904103
-4467059.569665707,584960.2341147921,-4317499.313904103
-4467102.0973657165,584635.3788032532,-4317499.313904103
-4467144.601441466,584310.5203998713,-4317499.313904103
-4467187.081882539,583985.6589843312,-4317499.313904103
-4467229.538709102,583660.7944024204,-4317499.313904103
-4467271.971910732,583335.9267338208,-4317499.313904103
-4467314.381477028,583011.0560582174,-4317499.313904103
-4467356.767428123,582686.1822213952,-4317499.313904103
-4467399.129753614,582361.3053030384,-4317499.313904103
-4467441.468443115,582036.4253828343,-4317499.313904103
-4467483.783516726,581711.5423065616,-4317499.313904103
-4467526.0749640595,581386.6561539088,-4317499.313904103
-4467568.342774751,581061.7670045691,-4317499.313904103
-4467610.586968863,580736.8747043131,-4317499.313904103
-4467652.807536027,580411.9793328297,-4317499.313904103
-4467695.004465896,580087.0809698158,-4317499.313904103
-4467737.177778499,579762.1794610386,-4317499.313904103
-4467779.327463485,579437.2748861861,-4317499.313904103
-4467821.453510523,579112.3673249625,-4317499.313904103
-4467863.55593961,578787.4566231256,-4317499.313904103
-4467905.63474041,578462.5428603747,-4317499.313904103
-4467947.689902612,578137.6261164056,-4317499.313904103
-4467989.721446179,577812.7062369761,-4317499.313904103
-4468031.729360792,577487.7833017873,-4317499.313904103
-4468073.713636156,577162.8573905377,-4317499.313904103
-4468115.674292202,576837.9283489784,-4317499.313904103
-4468157.611318628,576512.996256817,-4317499.313904103
-4468199.524705157,576188.0611937501,-4317499.313904103
-4470792.421129138,555711.0774600991,-4317499.313904103
-4470994.187833811,554085.4147095712,-4317499.313904103
-4471235.527589648,552134.5227910717,-4317499.313904103
-4472783.484499019,539451.1796543043,-4317499.313904103
-4472822.702662389,539125.9082863014,-4317499.313904103
-4472861.897180661,538800.6339890702,-4317499.313904103
-4423825.761976761,850726.8851911438,-4317826.929658449
-4464897.331047751,598884.3199808791,-4317826.929658449
-4464940.87133121,598559.6219528908,-4317826.929658449
-4464984.388012291,598234.9206814966,-4317826.929658449
-4465027.881080313,597910.2162463384,-4317826.929658449
-4465071.3505246155,597585.5087270612,-4317826.929658449
-4465114.796365833,597260.7979695274,-4317826.929658449
-4465158.218593301,596936.0840533811,-4317826.929658449
-4465201.617196378,596611.3670582698,-4317826.929658449
-4465244.992195665,596286.6468300495,-4317826.929658449
-4465288.343580514,595961.9234483686,-4317826.929658449
-4465331.6713403,595637.1969928803,-4317826.929658449
-4465374.975495591,595312.467309433,-4317826.929658449
-4465418.256035756,594987.7344776749,-4317826.929658449
-4465461.5129501885,594662.9985772641,-4317826.929658449
-4465504.746259422,594338.2594540437,-4317826.929658449
-4465547.955952845,594013.5171876627,-4317826.929658449
-4465591.142019865,593688.7718577852,-4317826.929658449
-4465634.304480985,593364.0233102462,-4317826.929658449
-4465677.443325607,593039.2716247047,-4317826.929658449
-4465720.55854316,592714.5168808175,-4317826.929658449
-4465763.65015411,592389.7589244187,-4317826.929658449
-4465806.7181478795,592064.99783517,-4317826.929658449
-4465849.762513912,591740.2336927301,-4317826.929658449
-4465892.783272643,591415.4663429268,-4317826.929658449
-4465935.780413508,591090.6958654283,-4317826.929658449
-4465978.753925974,590765.9223398914,-4317826.929658449
-4466021.703830436,590441.1456121475,-4317826.929658449
-4466064.630116352,590116.3657618572,-4317826.929658449
-4466107.532773202,589791.5828686834,-4317826.929658449
-4466150.411821353,589466.7967784532,-4317826.929658449
-4466193.267250277,589142.0075708252,-4317826.929658449
-4466236.099049472,588817.2153254749,-4317826.929658449
-4466278.907239269,588492.419888217,-4317826.929658449
-4466321.691809162,588167.6213387162,-4317826.929658449
-4466364.452748661,587842.8197566464,-4317826.929658449
-4466407.190078068,587518.01498782,-4317826.929658449
-4466449.903786891,587193.2071119037,-4317826.929658449
-4466492.593864661,586868.3962085741,-4317826.929658449
-4466535.260331644,586543.5821236344,-4317826.929658449
-4466577.903177365,586218.7649367645,-4317826.929658449
-4466620.522391373,585893.9447276345,-4317826.929658449
-4466663.117993901,585569.1213420478,-4317826.929658449
-4466705.68997449,585244.2948596823,-4317826.929658449
-4466748.238322708,584919.4653602125,-4317826.929658449
-4466790.763058753,584594.6326894374,-4317826.929658449
-4466833.264172184,584269.7969270347,-4317826.929658449
-4466875.741652587,583944.9581526838,-4317826.929658449
-4466918.195520125,583620.1162121829,-4317826.929658449
-4466960.625764376,583295.2711852083,-4317826.929658449
-4467003.032374942,582970.4231514394,-4317826.929658449
-4467045.415371952,582645.5719566721,-4317826.929658449
-4467087.774745002,582320.717680585,-4317826.929658449
-4467130.1104837125,581995.8604028597,-4317826.929658449
-4467172.422608178,581670.9999692859,-4317826.929658449
-4467214.711108013,581346.1364595463,-4317826.929658449
-4467256.975972852,581021.2699533287,-4317826.929658449
-4467299.2172227595,580696.4002964144,-4317826.929658449
-4467341.434847365,580371.5275684866,-4317826.929658449
-4467383.628836322,580046.651849237,-4317826.929658449
-4467425.799209659,579721.7729844432,-4317826.929658449
-4467467.945957026,579396.8910537879,-4317826.929658449
-4467510.069068093,579072.0061369697,-4317826.929658449
-4467552.168562855,578747.118079757,-4317826.929658449
-4467594.244430977,578422.2269618436,-4317826.929658449
-4467636.296662147,578097.3328629198,-4317826.929658449
-4467678.325276329,577772.4356287541,-4317826.929658449
-4467720.330263205,577447.5353390421,-4317826.929658449
-4467762.311612478,577122.6320734767,-4317826.929658449
-4467804.269344079,576797.7256778197,-4317826.929658449
-4467846.203447708,576472.8162317734,-4317826.929658449
-4467888.113913086,576147.9038150285,-4317826.929658449
-4467930.00076011,575822.9882733508,-4317826.929658449
-4423145.804101763,852597.6277612871,-4318154.522570121
-4464586.105107442,598842.5747128914,-4318154.522570121
-4464629.642355923,598517.8993179989,-4318154.522570121
-4464673.156003671,598193.2206799266,-4318154.522570121
-4464716.646040006,597868.5388783108,-4318154.522570121
-4464760.112454268,597543.8539927909,-4318154.522570121
-4464803.555267091,597219.1658692403,-4318154.522570121
-4464846.97446781,596894.4745872973,-4318154.522570121
-4464890.370045785,596569.7802266038,-4318154.522570121
-4464933.742021615,596245.0826330269,-4318154.522570121
-4464977.090384653,595920.381886209,-4318154.522570121
-4465020.415124274,595595.6780657982,-4318154.522570121
-4465063.716261046,595270.9710176531,-4318154.522570121
-4465106.993784339,594946.260821417,-4318154.522570121
-4465150.247683546,594621.5475567419,-4318154.522570121
-4465193.477979199,594296.8310694817,-4318154.522570121
-4465236.684660687,593972.1114392801,-4318154.522570121
-4465279.86771742,593647.3887457957,-4318154.522570121
-4465323.027169898,593322.6628348739,-4318154.522570121
-4465366.163007524,592997.9337861685,-4318154.522570121
-4465409.275219727,592673.2016793306,-4318154.522570121
-4465452.363826975,592348.4663602049,-4318154.522570121
-4465495.428818687,592023.7279084476,-4318154.522570121
-4465538.470184309,591698.9864037121,-4318154.522570121
-4465581.487944275,591374.2416918367,-4318154.522570121
-4465624.482088023,591049.493852484,-4318154.522570121
-4465667.4526050165,590724.7429653055,-4318154.522570121
-4465710.399515653,590399.9888761432,-4318154.522570121
-4465753.322809391,590075.2316646521,-4318154.522570121
-4465796.222475708,589750.4714104896,-4318154.522570121
-4465839.098534972,589425.7079594936,-4318154.522570121
-4465881.950976657,589100.9413913172,-4318154.522570121
-4465924.779790258,588776.17178563,-4318154.522570121
-4465967.584996108,588451.3989882579,-4318154.522570121
-4466010.366583698,588126.6230788598,-4318154.522570121
-4466053.124542545,587801.844137104,-4318154.522570121
-4466095.858892943,587477.0620088137,-4318154.522570121
-4466138.569624404,587152.2767736503,-4318154.522570121
-4466181.25672646,586827.4885112845,-4318154.522570121
-4466223.920219374,586502.6970675304,-4318154.522570121
-4466266.560092673,586177.9025220623,-4318154.522570121
-4466309.176335907,585853.1049545447,-4318154.522570121
-4466351.768969305,585528.304210792,-4318154.522570121
-4466394.3379824115,585203.5003704762,-4318154.522570121
-4466436.883364795,584878.6935132664,-4318154.522570121
-4466479.40513665,584553.8834849723,-4318154.522570121
-4466521.903287539,584229.0703652663,-4318154.522570121
-4466564.377807046,583904.2542338219,-4318154.522570121
-4466606.828715335,583579.4349364482,-4318154.522570121
-4466649.256001983,583254.612552816,-4318154.522570121
-4466691.659656594,582929.787162599,-4318154.522570121
-4466734.039699294,582604.9586116041,-4318154.522570121
-4466776.396119682,582280.1269795041,-4318154.522570121
-4466818.7289073765,581955.2923459751,-4318154.522570121
-4466861.038082474,581630.4545568175,-4318154.522570121
-4466903.323634585,581305.6136917088,-4318154.522570121
-4466945.58555335,580980.7698303306,-4318154.522570121
-4466987.823858828,580655.9228184756,-4318154.522570121
-4467030.038540652,580331.0727358211,-4318154.522570121
-4467072.229588473,580006.2196620534,-4318154.522570121
-4467114.397022323,579681.3634429605,-4318154.522570121
-4467156.540831849,579356.50415822,-4318154.522570121
-4467198.661006721,579031.6418875247,-4318154.522570121
-4467240.757566934,578706.7764766538,-4318154.522570121
-4467282.830502156,578381.9080052956,-4318154.522570121
-4467324.879802073,578057.0365531347,-4318154.522570121
-4467366.905486648,577732.1619659505,-4318154.522570121
-4467408.907545564,577407.284323433,-4318154.522570121
-4467450.885968524,577082.4037052694,-4318154.522570121
-4467492.84077546,576757.5199572325,-4318154.522570121
-4467534.771956068,576432.6331590189,-4318154.522570121
-4467576.679500076,576107.7433903138,-4318154.522570121
-4467618.563427375,575782.8504968937,-4318154.522570121
-4467660.423727682,575457.9545584474,-4318154.522570121
-4468781.719938601,566684.6201811025,-4318154.522570121
-4468822.9185839165,566359.6397575741,-4318154.522570121
-4422713.400134141,853181.4553237589,-4318482.092653105
-4464274.855548719,598800.8262769253,-4318482.092653105
-4464318.389761991,598476.1735168461,-4318482.092653105
-4464361.9003761755,598151.5175138135,-4318482.092653105
-4464405.387380593,597826.8583474577,-4318482.092653105
-4464448.850764586,597502.1960974128,-4318482.092653105
-4464492.290548784,597177.530609563,-4318482.092653105
-4464535.706722525,596852.861963541,-4318482.092653105
-4464579.099275167,596528.1902389831,-4318482.092653105
-4464622.468227311,596203.5152817671,-4318482.092653105
-4464665.813568308,595878.8371715301,-4318482.092653105
-4464709.135287536,595554.1559879143,-4318482.092653105
-4464752.433405561,595229.4715767894,-4318482.092653105
-4464795.707911752,594904.7840177928,-4318482.092653105
-4464838.958795505,594580.0933905711,-4318482.092653105
-4464882.186077348,594255.3995409892,-4318482.092653105
-4464925.389746673,593930.7025486849,-4318482.092653105
-4464968.569792891,593606.0024933112,-4318482.092653105
-4465011.726236498,593281.2992207246,-4318482.092653105
-4465054.8590669,592956.592810573,-4318482.092653105
-4465097.968273527,592631.8833425022,-4318482.092653105
-4465141.053876842,592307.1706623676,-4318482.092653105
-4465184.11586627,591982.4548498198,-4318482.092653105
-4465227.154231255,591657.7359845064,-4318482.092653105
-4465270.168992228,591333.013912277,-4318482.092653105
-4465313.16013863,591008.2887127881,-4318482.092653105
-4465356.127659925,590683.560465686,-4318482.092653105
-4465399.071576509,590358.8290168233,-4318482.092653105
-4465441.99187784,590034.0944458494,-4318482.092653105
-4465484.888553399,589709.3568324164,-4318482.092653105
-4465527.761623548,589384.6160223725,-4318482.092653105
-4465570.611077766,589059.8720953657,-4318482.092653105
-4465613.436905548,588735.1251310599,-4318482.092653105
-4465656.239127223,588410.3749752915,-4318482.092653105
-4465699.017732287,588085.6217077143,-4318482.092653105
-4465741.772710253,587760.8654079906,-4318482.092653105
-4465784.504081417,587436.1059219547,-4318482.092653105
-4465827.211835291,587111.3433292622,-4318482.092653105
-4465869.895961406,586786.5777095783,-4318482.092653105
-4465912.556480026,586461.8089087281,-4318482.092653105
-4465955.193380677,586137.0370063799,-4318482.092653105
-4465997.80665291,585812.262082193,-4318482.092653105
-4466040.396316954,585487.4839819924,-4318482.092653105
-4466082.962362354,585162.7027854447,-4318482.092653105
-4466125.504778676,584837.9185722132,-4318482.092653105
-4466168.023586117,584513.1311881185,-4318482.092653105
-4466210.518774238,584188.3407128274,-4318482.092653105
-4466252.990332626,583863.5472260079,-4318482.092653105
-4466295.43828144,583538.7505734798,-4318482.092653105
-4466337.862610261,583213.9508349083,-4318482.092653105
-4466380.263308692,582889.1480899617,-4318482.092653105
-4466422.640396859,582564.3421844575,-4318482.092653105
-4466464.99386436,582239.533198063,-4318482.092653105
-4466507.323700816,581914.7212104488,-4318482.092653105
-4466549.629926319,581589.906067426,-4318482.092653105
-4466591.912530486,581265.0878486664,-4318482.092653105
-4466634.1715029515,580940.2666338463,-4318482.092653105
-4466676.406863777,580615.4422687689,-4318482.092653105
-4466718.618602595,580290.6148331063,-4318482.092653105
-4466760.8067090595,579965.7844065388,-4318482.092653105
-4466802.971203198,579640.9508348656,-4318482.092653105
-4466845.112074658,579316.1141977584,-4318482.092653105
-4466887.229313114,578991.2745749046,-4318482.092653105
-4466929.322938558,578666.4318120941,-4318482.092653105
-4466971.392940655,578341.5859890096,-4318482.092653105
-4467013.439309097,578016.7371853302,-4318482.092653105
-4467055.4620638415,577691.8852468462,-4318482.092653105
-4467097.461194575,577367.0302532418,-4318482.092653105
-4467139.436691001,577042.1722841989,-4318482.092653105
-4467181.388573049,576717.3111855008,-4318482.092653105
-4467223.316830416,576392.4470368386,-4318482.092653105
-4467265.22145283,576067.579917892,-4318482.092653105
-4467307.102460181,575742.7096744482,-4318482.092653105
-4467348.95984219,575417.8363861905,-4318482.092653105
-4468346.448754438,567619.9691149514,-4318482.092653105
-4468387.715421388,567295.0203427564,-4318482.092653105
-4468428.958467186,566970.0684924361,-4318482.092653105
-4422342.972374488,853443.5710787929,-4318809.63989781
-4464137.565464677,597460.535042146,-4318809.63989781
-4464181.002220021,597135.8921917138,-4318809.63989781
-4464224.415366554,596811.2461833298,-4318809.63989781
-4464267.804893635,596486.5970966246,-4318809.63989781
-4464311.170821862,596161.9447774866,-4318809.63989781
-4464354.513140591,595837.2893055475,-4318809.63989781
-4464397.831839196,595512.6307604439,-4318809.63989781
-4464441.126938244,595187.9689880562,-4318809.63989781
-4464484.398427105,594863.3040680162,-4318809.63989781
-4464527.646295174,594538.6360799652,-4318809.63989781
-4464570.87056298,594213.9648697786,-4318809.63989781
-4464614.071219914,593889.2905170887,-4318809.63989781
-4464657.248255386,593564.613101543,-4318809.63989781
-4464700.401689895,593239.9324690088,-4318809.63989781
-4464743.531512845,592915.2486991283,-4318809.63989781
-4464786.637713667,592590.5618715417,-4318809.63989781
-4464829.7203128245,592265.8718321153,-4318809.63989781
-4464872.779299739,591941.1786604943,-4318809.63989781
-4464915.814663858,591616.4824363204,-4318809.63989781
-4464958.826425612,591291.7830054541,-4318809.63989781
-4465001.814574441,590967.0804475466,-4318809.63989781
-4465044.77909981,590642.374842238,-4318809.63989781
-4465087.720022113,590317.6660353923,-4318809.63989781
-4465130.637330811,589992.954106653,-4318809.63989781
-4465173.531015383,589668.2391356666,-4318809.63989781
-4465216.401096193,589343.5209682925,-4318809.63989781
-4465259.247562717,589018.7996841726,-4318809.63989781
-4465302.070404452,588694.0753629656,-4318809.63989781
-4465344.869641728,588369.3478505185,-4318809.63989781
-4465387.645264038,588044.6172264795,-4318809.63989781
-4465430.397260898,587719.8835705055,-4318809.63989781
-4465473.125652602,587395.1467284414,-4318809.63989781
-4465515.830428663,587070.4067799373,-4318809.63989781
-4465558.511578611,586745.663804653,-4318809.63989781
-4465601.169122711,586420.9176484239,-4318809.63989781
-4465643.803050489,586096.1683909134,-4318809.63989781
-4465686.413351497,585771.4161117749,-4318809.63989781
-4465729.000045961,585446.6606568439,-4318809.63989781
-4465771.563123427,585121.9021057817,-4318809.63989781
-4465814.102573465,584797.1405382461,-4318809.63989781
-4465856.6184162665,584472.3758000685,-4318809.63989781
-4465899.110641396,584147.60797091,-4318809.63989781
-4465941.579238438,583822.8371304331,-4318809.63989781
-4465984.024227555,583498.0631244682,-4318809.63989781
-4466026.445598324,583173.2860326752,-4318809.63989781
-4466068.84334035,582848.5059347167,-4318809.63989781
-4466111.217473759,582523.7226764208,-4318809.63989781
-4466153.567988151,582198.9363374496,-4318809.63989781
-4466195.894873143,581874.146997468,-4318809.63989781
-4466238.19814883,581549.3545022977,-4318809.63989781
-4466280.477804826,581224.558931605,-4318809.63989781
-4466322.73383077,580899.7603650609,-4318809.63989781
-4466364.9662467195,580574.9586484791,-4318809.63989781
-4466407.17504231,580250.153861526,-4318809.63989781
-4466449.360207193,579925.3460838768,-4318809.63989781
-4466491.521761396,579600.5351613411,-4318809.63989781
-4466533.65969457,579275.721173585,-4318809.63989781
-4466575.773996386,578950.9042002906,-4318809.63989781
-4466617.864686836,578626.0840872584,-4318809.63989781
-4466659.931755587,578301.2609141656,-4318809.63989781
-4466701.975192331,577976.4347606859,-4318809.63989781
-4466743.995017025,577651.60547262,-4318809.63989781
-4466785.991219353,577326.7731296467,-4318809.63989781
-4466827.9637890225,577001.9378114423,-4318809.63989781
-4466869.91274596,576677.0993638011,-4318809.63989781
-4466911.838079865,576352.2578664083,-4318809.63989781
-4466953.739780464,576027.4133989384,-4318809.63989781
-4466995.617867648,575702.565807189,-4318809.63989781
-4467037.472331135,575377.7151708379,-4318809.63989781
-4467079.303160668,575052.8615695658,-4318809.63989781
-4467162.893967182,574403.1450893166,-4318809.63989781
-4467952.293206719,568230.2349880453,-4318809.63989781
-4467993.604264402,567905.3148000535,-4318809.63989781
-4468034.891693111,567580.3916086957,-4318809.63989781
-4421972.506517863,853705.6328787644,-4319137.164294646
-4463739.318301005,598068.1016928405,-4319137.164294646
-4463782.799240899,597743.487802155,-4319137.164294646
-4463826.256563661,597418.8708282105,-4319137.164294646
-4463869.69028992,597094.2506169125,-4319137.164294646
-4463913.100409015,596769.6272478828,-4319137.164294646
-4463956.486910306,596445.0008007466,-4319137.164294646
-4463999.849814388,596120.371121403,-4319137.164294646
-4464043.189110618,595795.7382894781,-4319137.164294646
-4464086.504788373,595471.1023846031,-4319137.164294646
-4464129.796868214,595146.463252669,-4319137.164294646
-4464173.065339516,594821.8209733022,-4319137.164294646
-4464216.310191672,594497.1756261382,-4319137.164294646
-4464259.531445212,594172.5270570634,-4319137.164294646
-4464302.729089526,593847.8753457045,-4319137.164294646
-4464345.903114026,593523.2205717034,-4319137.164294646
-4464389.053539209,593198.562580938,-4319137.164294646
-4464432.180354479,592873.9014530452,-4319137.164294646
-4464475.283549268,592549.2372676594,-4319137.164294646
-4464518.363144037,592224.5698706579,-4319137.164294646
-4464561.419128211,591899.89934168,-4319137.164294646
-4464604.451491239,591575.2257603623,-4319137.164294646
-4464647.460253545,591250.5489725758,-4319137.164294646
-4464690.445404573,590925.869057966,-4319137.164294646
-4464733.406933789,590601.1860961679,-4319137.164294646
-4464776.344861586,590276.4999330557,-4319137.164294646
-4464819.259177423,589951.8106482679,-4319137.164294646
-4464862.149870783,589627.118321445,-4319137.164294646
-4464905.016962026,589302.4227984571,-4319137.164294646
-4464947.86044063,588977.724158941,-4319137.164294646
-4464990.680296092,588653.0224825494,-4319137.164294646
-4465033.476548742,588328.3176151403,-4319137.164294646
-4465076.249188072,588003.6096363564,-4319137.164294646
-4465118.998203599,587678.8986258489,-4319137.164294646
-4465161.7236156175,587354.1844294735,-4319137.164294646
-4465204.425413638,587029.4671268747,-4319137.164294646
-4465247.103587195,586704.7467977067,-4319137.164294646
-4465289.75815655,586380.0232878159,-4319137.164294646
-4465332.389111229,586055.2966768598,-4319137.164294646
-4465374.996440786,585730.5670444864,-4319137.164294646
-4465417.580165445,585405.834236542,-4319137.164294646
-4465460.140274754,585081.0983326824,-4319137.164294646
-4465502.676758281,584756.3594125598,-4319137.164294646
-4465545.189636219,584431.617322016,-4319137.164294646
-4465587.6788981315,584106.8721407072,-4319137.164294646
-4465630.144533605,583782.1239482898,-4319137.164294646
-4465672.586562798,583457.3725906052,-4319137.164294646
-4465715.004975291,583132.6181473077,-4319137.164294646
-4465757.3997606905,582807.8606980543,-4319137.164294646
-4465799.770939117,582483.100088684,-4319137.164294646
-4465842.118500174,582158.3363988531,-4319137.164294646
-4465884.442433479,581833.569708221,-4319137.164294646
-4465926.742759126,581508.7998626204,-4319137.164294646
-4465969.019466729,581184.0269417119,-4319137.164294646
-4466011.272545927,580859.2510251608,-4319137.164294646
-4466053.502016778,580534.4719587917,-4319137.164294646
-4466095.707868916,580209.6898222655,-4319137.164294646
-4466137.890091996,579884.9046952517,-4319137.164294646
-4466180.048706042,579560.1164235707,-4319137.164294646
-4466222.183700705,579235.325086883,-4319137.164294646
-4466264.295065659,578910.5307648652,-4319137.164294646
-4466306.382820893,578585.7333033286,-4319137.164294646
-4466348.446956077,578260.9327819449,-4319137.164294646
-4466390.487460899,577936.129280382,-4319137.164294646
-4466432.504355319,577611.3226444515,-4319137.164294646
-4466474.497629021,577286.5129538267,-4319137.164294646
-4466558.4133033175,576636.8844933112,-4319137.164294646
-4466600.335713538,576312.0656489052,-4319137.164294646
-4466642.234492101,575987.2438346292,-4319137.164294646
-4466684.109658894,575662.4188962918,-4319137.164294646
-4466725.961203639,575337.5909135649,-4319137.164294646
-4466767.789116079,575012.7599661236,-4319137.164294646
-4466809.593416069,574687.9258997724,-4319137.164294646
-4466851.374093345,574363.0887941833,-4319137.164294646
-4467516.652001381,569165.2836383943,-4319137.164294646
-4467558.031058878,568840.395128655,-4319137.164294646
-4467599.386489704,568515.5036106047,-4319137.164294646
-4421602.002527506,853967.6408696406,-4319464.665857597
-4463471.469756441,597701.7977871464,-4319464.665857597
-4463514.924048243,597377.2034538275,-4319464.665857597
-4463558.354745189,597052.6058833809,-4319464.665857597
-4463601.761836616,596728.0051554228,-4319464.665857597
-4463645.145311886,596403.4013495729,-4319464.665857597
-4463688.505191594,596078.7943117411,-4319464.665857597
-4463731.841465096,595754.1841215478,-4319464.665857597
-4463775.1541217705,595429.5708586188,-4319464.665857597
-4463818.443182177,595104.9543688558,-4319464.665857597
-4463861.708635691,594780.3347318795,-4319464.665857597
-4463904.950471707,594455.71202732,-4319464.665857597
-4463948.168710751,594131.0861010745,-4319464.665857597
-4463991.363342217,593806.4570327639,-4319464.665857597
-4464034.534355517,593481.8249020248,-4319464.665857597
-4464077.681771144,593157.1895547457,-4319464.665857597
-4464120.805578506,592832.551070558,-4319464.665857597
-4464163.905767034,592507.9095290907,-4319464.665857597
-4464206.982357189,592183.2647762316,-4319464.665857597
-4464250.035338394,591858.6168916146,-4319464.665857597
-4464293.064700101,591533.9659548707,-4319464.665857597
-4464336.070462733,591209.3118118814,-4319464.665857597
-4464379.052615733,590884.6545422872,-4319464.665857597
-4464422.011148569,590559.9942257169,-4319464.665857597
-4464464.946081632,590235.3307080561,-4319464.665857597
-4464507.857404381,589910.6640689371,-4319464.665857597
-4464550.745106301,589585.9943879953,-4319464.665857597
-4464593.609207751,589261.3215111116,-4319464.665857597
-4464636.449698208,588936.6455179169,-4319464.665857597
-4464679.266567172,588611.9664880586,-4319464.665857597
-4464722.059834967,588287.2842674053,-4319464.665857597
-4464764.829491092,587962.5989355941,-4319464.665857597
-4464807.57552506,587637.910572271,-4319464.665857597
-4464850.297957166,587313.2190233018,-4319464.665857597
-4464892.996776923,586988.5243683263,-4319464.665857597
-4464935.671973863,586663.8266869923,-4319464.665857597
-4464978.323568245,586339.1258251576,-4319464.665857597
-4465020.951549601,586014.4218624738,-4319464.665857597
-4465063.555907481,585689.7148785834,-4319464.665857597
-4465106.136662111,585365.0047193436,-4319464.665857597
-4465148.693803036,585040.2914644046,-4319464.665857597
-4465191.227319827,584715.5751934126,-4319464.665857597
-4465233.737232677,584390.855752221,-4319464.665857597
-4465276.223531147,584066.1332204795,-4319464.665857597
-4465318.686204827,583741.4076778396,-4319464.665857597
-4465361.125273873,583416.6789701533,-4319464.665857597
-4465403.540727866,583091.9471770694,-4319464.665857597
-4465445.932556413,582767.2123782391,-4319464.665857597
-4465488.300779634,582442.4744195123,-4319464.665857597
-4465530.645387132,582117.7333805399,-4319464.665857597
-4465572.966368527,581792.9893409755,-4319464.665857597
-4465615.263743909,581468.2421466627,-4319464.665857597
-4465657.537502895,581143.4918772563,-4319464.665857597
-4465699.787635124,580818.7386124164,-4319464.665857597
-4465742.014160653,580493.9821979782,-4319464.665857597
-4465784.2170691155,580169.222713597,-4319464.665857597
-4465826.396350168,579844.4602389367,-4319464.665857597
-4465868.552023834,579519.6946198285,-4319464.665857597
-4465910.684079764,579194.9259359275,-4319464.665857597
-4465952.792507633,578870.1542669047,-4319464.665857597
-4465994.877327429,578545.3794585819,-4319464.665857597
-4466036.938528822,578220.6015906254,-4319464.665857597
-4466078.976101502,577895.8207426976,-4319464.665857597
-4466162.980410278,577246.2497240626,-4319464.665857597
-4466204.947125769,576921.4597126886,-4319464.665857597
-4466288.809718135,576271.8703826133,-4319464.665857597
-4466414.426446403,575297.463612658,-4319464.665857597
-4466456.251441527,574972.655320766,-4319464.665857597
-4466498.052825849,574647.8439101817,-4319464.665857597
-4466539.830589104,574323.0294605714,-4319464.665857597
-4467122.238889669,569775.3094203547,-4319464.665857597
-4467163.66231054,569450.4495915334,-4319464.665857597
-4469325.291271156,552228.6131772905,-4319464.665857597
-4421231.460433552,854229.5949701192,-4319792.144577072
-4463073.143314847,598309.2386650485,-4319792.144577072
-4463116.641792479,597984.6732193414,-4319792.144577072
-4463160.116666929,597660.1046111938,-4319792.144577072
-4463203.567927541,597335.5329202171,-4319792.144577072
-4463246.995594943,597010.9579923385,-4319792.144577072
-4463290.399658473,596686.3799071687,-4319792.144577072
-4463333.7801074935,596361.7987443218,-4319792.144577072
-4463377.136962598,596037.2143497184,-4319792.144577072
-4463420.470213143,595712.6268029734,-4319792.144577072
-4463463.779848508,595388.0361837071,-4319792.144577072
-4463507.0658892505,595063.4423378318,-4319792.144577072
-4463550.328324747,594738.8453449629,-4319792.144577072
-4463593.567144393,594414.2452847247,-4319792.144577072
-4463636.782368715,594089.6420030252,-4319792.144577072
-4463679.973987104,593765.0355794798,-4319792.144577072
-4463723.141988974,593440.4260937194,-4319792.144577072
-4463766.286394819,593115.8133916436,-4319792.144577072
-4463809.4071940435,592791.197552878,-4319792.144577072
-4463852.504376083,592466.5786570458,-4319792.144577072
-4463895.5779613955,592141.956550046,-4319792.144577072
-4463938.627939406,591817.3313115067,-4319792.144577072
-4463981.654299563,591492.7030210535,-4319792.144577072
-4464024.657062293,591168.0715245785,-4319792.144577072
-4464067.636217039,590843.4369017166,-4319792.144577072
-4464110.591753267,590518.7992320913,-4319792.144577072
-4464153.523691368,590194.1583615987,-4319792.144577072
-4464196.432020804,589869.5143698658,-4319792.144577072
-4464239.316731057,589544.8673365221,-4319792.144577072
-4464282.177842487,589220.2171074594,-4319792.144577072
-4464325.015344569,588895.5637623032,-4319792.144577072
-4464367.829226808,588570.9073806952,-4319792.144577072
-4464410.619509525,588246.2478085149,-4319792.144577072
-4464453.386182217,587921.5851253935,-4319792.144577072
-4464496.1292344015,587596.9194109717,-4319792.144577072
-4464538.848686369,587272.2505111262,-4319792.144577072
-4464581.544527634,586947.5785054908,-4319792.144577072
-4464624.216747731,586622.9034737083,-4319792.144577072
-4464666.865366918,586298.2252616468,-4319792.144577072
-4464709.490374723,585973.5439489525,-4319792.144577072
-4464752.0917607015,585648.8596152624,-4319792.144577072
-4464794.669545076,585324.1721064443,-4319792.144577072
-4464837.223717393,584999.4815021429,-4319792.144577072
-4464879.754267225,584674.787881999,-4319792.144577072
-4464922.261214761,584350.0910918766,-4319792.144577072
-4464964.744549565,584025.39121142,-4319792.144577072
-4465007.204261227,583700.6883202749,-4319792.144577072
-4465049.6403699005,583375.9822643043,-4319792.144577072
-4465092.052865169,583051.2731231512,-4319792.144577072
-4465134.441736639,582726.5609764614,-4319792.144577072
-4465176.80700443,582401.8456700955,-4319792.144577072
-4465219.148658145,582077.1272836989,-4319792.144577072
-4465261.4666874055,581752.4058969195,-4319792.144577072
-4465303.7611123,581427.6813556119,-4319792.144577072
-4465346.031922446,581102.9537394253,-4319792.144577072
-4465388.279107482,580778.223128014,-4319792.144577072
-4465430.502687465,580453.489367224,-4319792.144577072
-4465472.70265203,580128.7525367053,-4319792.144577072
-4465514.878990832,579804.012716116,-4319792.144577072
-4465683.348215565,578505.0225541997,-4319792.144577072
-4466810.631137781,569735.5642793544,-4319792.144577072
-4420860.880266155,854491.4950989335,-4320119.6004434815
-4462718.253663401,598592.036602169,-4320119.6004434815
-4462761.772697179,598267.4970419074,-4320119.6004434815
-4462805.268140097,597942.9542398228,-4320119.6004434815
-4462848.739981481,597618.4082755182,-4320119.6004434815
-4462892.188210674,597293.8592285997,-4320119.6004434815
-4462935.612848302,596969.3069450051,-4320119.6004434815
-4462979.013883706,596644.7515043396,-4320119.6004434815
-4463022.391306248,596320.1929862116,-4320119.6004434815
-4463065.745136519,595995.6312365527,-4320119.6004434815
-4463109.075363878,595671.0663349722,-4320119.6004434815
-4463152.381977703,595346.4983610845,-4320119.6004434815
-4463195.664998555,595021.927160813,-4320119.6004434815
-4463238.924415804,594697.3528137675,-4320119.6004434815
-4463282.160218853,594372.7753995667,-4320119.6004434815
-4463325.372428223,594048.1947641292,-4320119.6004434815
-4463368.561033307,593723.6109870652,-4320119.6004434815
-4463411.726023519,593399.0241479998,-4320119.6004434815
-4463454.867419353,593074.4340928433,-4320119.6004434815
-4463497.985210214,592749.8409012159,-4320119.6004434815
-4463541.079385536,592425.2446527353,-4320119.6004434815
-4463584.149965778,592100.6451933109,-4320119.6004434815
-4463627.196940365,591776.0426025656,-4320119.6004434815
-4463670.220298747,591451.4369601193,-4320119.6004434815
-4463713.220061348,591126.8281118749,-4320119.6004434815
-4463756.1962176105,590802.2161374617,-4320119.6004434815
-4463799.148757004,590477.6011164977,-4320119.6004434815
-4463842.077699917,590152.9828948895,-4320119.6004434815
-4463884.983035812,589828.3615522588,-4320119.6004434815
-4463927.864754172,589503.7371682298,-4320119.6004434815
-4463970.722875355,589179.1095887045,-4320119.6004434815
-4464013.557388837,588854.4788933031,-4320119.6004434815
-4464056.368284124,588529.8451616619,-4320119.6004434815
-4464099.155581536,588205.2082396708,-4320119.6004434815
-4464141.919270569,587880.5682069558,-4320119.6004434815
-4464184.659340743,587555.9251431518,-4320119.6004434815
-4464227.375812347,587231.2788941464,-4320119.6004434815
-4464270.068674896,586906.6295395677,-4320119.6004434815
-4464312.737917923,586581.977159053,-4320119.6004434815
-4464355.3835616885,586257.3215984812,-4320119.6004434815
-4464398.0055957185,585932.662937493,-4320119.6004434815
-4464440.604009571,585608.0012557196,-4320119.6004434815
-4464483.178823464,585283.33639904,-4320119.6004434815
-4464525.730026948,584958.6684470928,-4320119.6004434815
-4464568.257609596,584633.9974795136,-4320119.6004434815
-4464610.761591593,584309.323342177,-4320119.6004434815
-4464653.241962506,583984.6461147218,-4320119.6004434815
-4464695.698711924,583659.9658767883,-4320119.6004434815
-4464738.131860002,583335.2824742498,-4320119.6004434815
-4464780.541396322,583010.5959867443,-4320119.6004434815
-4464822.927310491,582685.9064939118,-4320119.6004434815
-4464865.289622629,582361.2138416235,-4320119.6004434815
-4420490.261988525,854753.3414020066,-4320447.03347081
-4462450.378470737,598225.7522538287,-4320447.03347081
-4462493.870878711,597901.2320970834,-4320447.03347081
-4462537.339686798,597576.7087783389,-4320447.03347081
-4462580.784884342,597252.1823771955,-4320447.03347081
-4462624.206491968,596927.6527396018,-4320447.03347081
-4462667.604499015,596603.1199451574,-4320447.03347081
-4462710.978894848,596278.5840734656,-4320447.03347081
-4462754.329700057,595954.044970468,-4320447.03347081
-4462797.656904001,595629.5027157689,-4320447.03347081
-4462840.960496059,595304.9573889769,-4320447.03347081
-4462884.240496788,594980.4088360263,-4320447.03347081
-4462927.496895564,594655.8571365213,-4320447.03347081
-4462970.729681785,594331.3023700749,-4320447.03347081
-4463013.938875974,594006.7443826166,-4320447.03347081
-4463057.124467525,593682.183253751,-4320447.03347081
-4463100.286445851,593357.6190630978,-4320447.03347081
-4463143.424831445,593033.0516565777,-4320447.03347081
-4463186.539613714,592708.4811138057,-4320447.03347081
-4463229.630782092,592383.9075143937,-4320447.03347081
-4463272.698357036,592059.330704262,-4320447.03347081
-4463315.742327971,591734.7507630279,-4320447.03347081
-4463358.762684351,591410.1677703056,-4320447.03347081
-4463401.759446594,591085.581572009,-4320447.03347081
-4463444.732604148,590760.9922477618,-4320447.03347081
-4463487.682146479,590436.3998771763,-4320447.03347081
-4463530.608093978,590111.80430617,-4320447.03347081
-4463573.510436104,589787.2056143589,-4320447.03347081
-4463616.389162344,589462.6038813617,-4320447.03347081
-4463659.244293053,589137.9989530912,-4320447.03347081
-4463702.07581771,588813.390909162,-4320447.03347081
-4463744.883725817,588488.7798292048,-4320447.03347081
-4463787.668037697,588164.1655591204,-4320447.03347081
-4463830.428742846,587839.5481785291,-4320447.03347081
-4463873.165830784,587514.9277670603,-4320447.03347081
-4463915.879321798,587190.3041706125,-4320447.03347081
-4463958.569205403,586865.677468808,-4320447.03347081
-4464001.235471137,586541.0477412785,-4320447.03347081
-4464043.878139254,586216.4148339139,-4320447.03347081
-4464086.497199284,585891.7788263493,-4320447.03347081
-4464129.092640783,585567.1397982102,-4320447.03347081
-4464171.664483971,585242.4975953863,-4320447.03347081
-4464214.212718397,584917.8522975111,-4320447.03347081
-4464256.737333634,584593.2039842142,-4320447.03347081
-4420057.415497763,855336.5716540173,-4320774.44364947
-4462182.450017438,597859.506792345,-4320774.44364947
-4462225.915791998,597535.0061208765,-4320774.44364947
-4462269.357957664,597210.5023672245,-4320774.44364947
-4462312.7765350565,596885.995377348,-4320774.44364947
-4462356.171513518,596561.4852308413,-4320774.44364947
-4462399.542882414,596236.9720073016,-4320774.44364947
-4462442.890662331,595912.4555526819,-4320774.44364947
-4462486.21484263,595587.9359465805,-4320774.44364947
-4462529.515412691,595263.4132686006,-4320774.44364947
-4462572.79239307,594938.8873646873,-4320774.44364947
-4462616.045773143,594614.358314439,-4320774.44364947
-4462659.275542309,594289.8261974636,-4320774.44364947
-4462702.481721088,593965.2908597009,-4320774.44364947
-4462745.664298877,593640.7523807503,-4320774.44364947
-4462788.82326509,593316.2108402255,-4320774.44364947
-4462831.958640216,592991.6660840585,-4320774.44364947
-4462875.070413664,592667.1181918582,-4320774.44364947
-4462918.15857487,592342.5672432312,-4320774.44364947
-4462961.223144288,592018.0130841088,-4320774.44364947
-4463004.264111345,591693.4557941024,-4320774.44364947
-4463047.281465492,591368.8954528208,-4320774.44364947
-4463090.275227153,591044.3319061886,-4320774.44364947
-4463133.245385769,590719.7652338239,-4320774.44364947
-4463176.191930812,590395.1955153334,-4320774.44364947
-4463219.114882668,590070.6225966457,-4320774.44364947
-4463262.014230798,589746.0465573708,-4320774.44364947
-4463304.889964691,589421.4674771221,-4320774.44364947
-4463347.7421047,589096.8852018231,-4320774.44364947
-4463390.570640304,588772.2998110828,-4320774.44364947
-4463433.375561007,588447.7113845263,-4320774.44364947
-4463476.156887129,588123.1197680654,-4320774.44364947
-4463518.9146081675,587798.5250413145,-4320774.44364947
-4463561.648713642,587473.9272838978,-4320774.44364947
-4463604.359223841,587149.3263417241,-4320774.44364947
-4463647.046128278,586824.7222944106,-4320774.44364947
-4463689.709416491,586500.1152215833,-4320774.44364947
-4463732.349108734,586175.5049691427,-4320774.44364947
-4463774.965194539,585850.8916167184,-4320774.44364947
-4467675.442416083,555323.6428767206,-4320774.44364947
-4419624.469487383,855919.6896305259,-4321101.830969869
-4461827.519228005,598142.2531877486,-4321101.830969869
-4461871.005565403,597817.77832683,-4321101.830969869
-4461914.468306207,597493.3003043535,-4321101.830969869
-4461957.907439764,597168.8191999084,-4321101.830969869
-4462001.322986694,596844.3348594648,-4321101.830969869
-4462044.714936341,596519.8473626111,-4321101.830969869
-4462088.083278069,596195.3567889393,-4321101.830969869
-4462131.428032466,595870.862984413,-4321101.830969869
-4462174.749188892,595546.3660286249,-4321101.830969869
-4462218.046736727,595221.8660011729,-4321101.830969869
-4462261.320696526,594897.3627480125,-4321101.830969869
-4462304.571057667,594572.8563487368,-4321101.830969869
-4462347.79780955,594248.346882948,-4321101.830969869
-4462391.000972692,593923.8341965968,-4321101.830969869
-4462434.18053649,593599.3183692767,-4321101.830969869
-4462477.336490361,593274.7994805963,-4321101.830969869
-4462520.4688547915,592950.277376498,-4321101.830969869
-4462563.577619191,592625.7521365854,-4321101.830969869
-4462606.662772996,592301.2238404595,-4321101.830969869
-4462649.7243366605,591976.6923340622,-4321101.830969869
-4462692.762299611,591652.1576969994,-4321101.830969869
-4462735.7766513005,591327.6200088743,-4321101.830969869
-4462778.767412149,591003.0791156223,-4321101.830969869
-4462821.734571601,590678.5350968561,-4321101.830969869
-4462864.678119129,590353.9880321767,-4321101.830969869
-4462907.598075115,590029.4377675233,-4321101.830969869
-4462950.494429024,589704.8843825008,-4321101.830969869
-4462993.367170343,589380.3279567164,-4321101.830969869
-4463036.216319425,589055.768336105,-4321101.830969869
-4463079.04186575,588731.2056002696,-4321101.830969869
-4463121.843798822,588406.6398288299,-4321101.830969869
-4467565.226535485,553660.4672900069,-4321101.830969869
-4467605.4780410435,553335.575366798,-4321101.830969869
-4419253.698951424,856181.3201951868,-4321429.195445991
-4461516.054207538,598100.498909187,-4321429.195445991
-4461559.537509303,597776.0466987562,-4321429.195445991
-4461602.99721612,597451.5913269881,-4321429.195445991
-4461646.433317339,597127.1328734665,-4321429.195445991
-4461689.845833578,596802.6711841722,-4321429.195445991
-4461733.234754181,596478.2063386884,-4321429.195445991
-4461776.600068511,596153.7384166011,-4321429.195445991
-4461819.941797159,595829.2672638848,-4321429.195445991
-4461863.259929481,595504.7929601268,-4321429.195445991
-4461906.554454861,595180.3155849192,-4321429.195445991
-4461949.825393853,594855.8349842285,-4321429.195445991
-4461993.072735833,594531.351237642,-4321429.195445991
-4462036.2964702025,594206.8644247565,-4321429.195445991
-4462079.496617478,593882.3743915334,-4321429.195445991
-4462122.673167059,593557.8812175607,-4321429.195445991
-4462165.826108359,593233.3849824414,-4321429.195445991
-4462208.955461865,592908.8855321286,-4321429.195445991
-4462252.061216989,592584.3829462205,-4321429.195445991
-4462295.143363166,592259.8773043124,-4321429.195445991
-4462338.201920848,591935.368452357,-4321429.195445991
-4462381.236879465,591610.8564699546,-4321429.195445991
-4462424.248228469,591286.341436703,-4321429.195445991
-4462467.235988279,590961.8231985482,-4321429.195445991
-4462510.200148339,590637.3018350973,-4321429.195445991
-4462553.140698124,590312.7774259459,-4321429.195445991
-4462596.057658013,589988.2498170438,-4321429.195445991
-4467132.473129158,554596.408446716,-4321429.195445991
-4418820.596377234,856764.244900665,-4321756.537068248
-4418882.890351814,856442.8969078201,-4321756.537068248
-4461117.534292022,598707.5910159582,-4321756.537068248
-4461161.0617438285,598383.1677851084,-4321756.537068248
-4461204.565592356,598058.7414675727,-4321756.537068248
-4461248.045858257,597734.3119093454,-4321756.537068248
-4461291.502530859,597409.8791900015,-4321756.537068248
-4461334.93559951,597085.4433891193,-4321756.537068248
-4461378.345084826,596761.0043526904,-4321756.537068248
-4461421.730976155,596436.5621602922,-4321756.537068248
-4461465.093262861,596112.1168915054,-4321756.537068248
-4461508.431965529,595787.6683923152,-4321756.537068248
-4461551.747073519,595463.2167423032,-4321756.537068248
-4461595.0385762155,595138.762021056,-4321756.537068248
-4461638.306494171,594814.304074551,-4321756.537068248
-4461681.550816761,594489.8429823697,-4321756.537068248
-4461724.771533389,594165.3788241036,-4321756.537068248
-4461767.968664571,593840.9114457247,-4321756.537068248
-4461811.1421997035,593516.4409268155,-4321756.537068248
-4461854.292128205,593191.9673469734,-4321756.537068248
-4461897.41847056,592867.4905521623,-4321756.537068248
-4461940.521216179,592543.0106219747,-4321756.537068248
-4461983.6003545,592218.5276360007,-4321756.537068248
-4418449.730741627,857025.7406335042,-4322083.855827053
-4460806.02816838,598665.7851053453,-4322083.855827053
-4460849.552580798,598341.3845279724,-4322083.855827053
-4460893.053391587,598016.9808641293,-4322083.855827053
-4460936.5306213945,597692.5739598207,-4322083.855827053
-4460979.98425955,597368.1638946162,-4322083.855827053
-4461023.414295403,597043.7507480886,-4322083.855827053
-4461066.82074957,596719.3343662403,-4322083.855827053
-4461110.203611394,596394.9148286431,-4322083.855827053
-4461153.5628702445,596070.4922148719,-4322083.855827053
-4461196.898546704,595746.0663709231,-4322083.855827053
-4461240.210630134,595421.6373763724,-4322083.855827053
-4461283.499109918,595097.205310801,-4322083.855827053
-4461326.764006607,594772.7700201969,-4322083.855827053
-4461370.00530958,594448.3315841364,-4322083.855827053
-4461413.223008238,594123.890082205,-4322083.855827053
-4461456.417123096,593799.4453603857,-4322083.855827053
-4461499.587643554,593474.9974982555,-4322083.855827053
-4461542.734559028,593150.5465754059,-4322083.855827053
-4463080.307827657,581468.2356587894,-4322083.855827053
-4418078.827054557,857287.1824990344,-4322411.151736389
-4418265.752960213,856323.2868279498,-4322411.151736389
-4418328.014868882,856001.979185626,-4322411.151736389
-4460581.517591917,597975.2170970719,-4322411.151736389
-4460624.9917854015,597650.8328483982,-4322411.151736389
-4460668.442388882,597326.4454390495,-4322411.151736389
-4460711.869391708,597002.0549485928,-4322411.151736389
-4460755.272814493,596677.6612230412,-4322411.151736389
-4460798.652646585,596353.2643419611,-4322411.151736389
-4460842.008877351,596028.8643849221,-4322411.151736389
-4460885.341527373,595704.4611979307,-4322411.151736389
-4460928.650586012,595380.0548605577,-4322411.151736389
-4460971.936042655,595055.6454523784,-4322411.151736389
-4461015.19791785,594731.2328193916,-4322411.151736389
-4461058.436200975,594406.8170411681,-4322411.151736389
-4461101.650881435,594082.3981972878,-4322411.151736389
-4417707.885346236,857548.5704160441,-4322738.424786665
-4460356.876927985,597284.7238245241,-4322738.424786665
-4460400.300897554,596960.3559918538,-4322738.424786665
-4460443.70128873,596635.9849243145,-4322738.424786665
-4460487.07809086,596311.6107014671,-4322738.424786665
-4460530.4312933115,595987.2334028757,-4322738.424786665
-4460573.760916666,595662.8528745576,-4322738.424786665
-4460617.066950287,595338.4691960778,-4322738.424786665
-4460660.349383559,595014.0824470063,-4322738.424786665
-4415644.085812522,866481.6658993926,-4323065.674968298
-4415707.086451237,866160.5489603055,-4323065.674968298
-4460088.708822063,596918.6538790924,-4323065.674968298
-4460132.1061814,596594.3054712804,-4323065.674968298
-4460175.479953337,596269.9539083807,-4323065.674968298
-4460218.830127247,595945.5992699518,-4323065.674968298
-4460262.156723706,595621.2414020217,-4323065.674968298
-4463319.667830856,572259.305442164,-4323065.674968298
-4467008.951410014,542710.0495971058,-4323065.674968298
-4416965.887919599,858071.1843067233,-4323392.902295265
-4459777.093151931,596876.9486085279,-4323392.902295265
-4459820.487479198,596552.6228621589,-4323392.902295265
-4460037.105303926,594930.9469972887,-4323392.902295265
-4460080.358113264,594606.6023474468,-4323392.902295265
-4462966.2016533315,572543.8806615203,-4323392.902295265
-4463049.4275868405,571894.762434219,-4323392.902295265
-4416407.468005961,859295.9414299112,-4323720.106757983
-4416469.946097104,858974.768918031,-4323720.106757983
-4459378.600565383,597483.8367991741,-4323720.106757983
-4462820.685370963,571205.7148189142,-4323720.106757983
-4463152.244111634,568609.2544955888,-4323720.106757983
-4415973.796910037,859878.1734315784,-4324047.28834687
-4416036.317343436,859557.0324556134,-4324047.28834687
-4458892.966291818,598739.1446142779,-4324047.28834687
-4462342.453853233,572463.8614613098,-4324047.28834687
-4462467.239896754,571490.3157432629,-4324047.28834687
-4462508.788048722,571165.7944310113,-4324047.28834687
-4462674.744644779,569867.6790709788,-4324047.28834687
-4415602.5892727,860139.1835541851,-4324374.447075896
-4458537.747822811,599021.5294262279,-4324374.447075896
-4458581.298101237,598697.2938797474,-4324374.447075896
-4458624.82481092,598373.05508924,-4324374.447075896
-4462362.812115038,569827.8463973198,-4324374.447075896
-4462404.239359151,569503.3327615543,-4324374.447075896
-4462858.381514682,565933.4837427337,-4324374.447075896
-4415168.761948166,860721.222041399,-4324701.582935481
-4457745.483389018,602545.7857127229,-4324701.582935481
-4457789.289971157,602221.607694207,-4324701.582935481
-4457833.072978288,601897.4264908417,-4324701.582935481
-4457876.83239968,601573.242182149,-4324701.582935481
-4457920.568256105,601249.0546142345,-4324701.582935481
-4457964.280536829,600924.8638666137,-4324701.582935481
-4458007.969231134,600600.6700188114,-4324701.582935481
-4458051.634359765,600276.4729169243,-4324701.582935481
-4458095.275911998,599952.2726404805,-4324701.582935481
-4458138.893877139,599628.069268999,-4324701.582935481
-4458182.488275894,599303.862648576,-4324701.582935481
-4458226.059097561,598979.6528587379,-4324701.582935481
-4458269.606331462,598655.4399790082,-4324701.582935481
-4458313.129998269,598331.2238554783,-4324701.582935481
-4458356.630087296,598007.0045676753,-4324701.582935481
-4458400.106587882,597682.7821951268,-4324701.582935481
-4462092.280334111,569463.519760554,-4324701.582935481
-4414672.187977024,861624.1943010374,-4325028.695916045
-4414734.835388095,861303.1479761355,-4325028.695916045
-4457696.272184557,600558.6769456026,-4325028.695916045
-4457739.9342601895,600234.5025110773,-4325028.695916045
-4457783.572761073,599910.3249022173,-4325028.695916045
-4457827.187676513,599586.1441985358,-4325028.695916045
-4457870.779027215,599261.96024614,-4325028.695916045
-4457914.346802477,598937.7731245507,-4325028.695916045
-4457957.890991623,598613.5829132858,-4325028.695916045
-4458001.4116153205,598289.3894584478,-4325028.695916045
-4458044.908662889,597965.1928395575,-4325028.695916045
-4458088.382123666,597640.9931361376,-4325028.695916045
-4461821.695584305,569099.232397967,-4325028.695916045
-4461863.069853478,568774.7580373507,-4325028.695916045
-4414175.4068176625,862526.9862963331,-4325355.786031559
-4414238.119882939,862205.9760959942,-4325355.786031559
-4456858.80471182,604406.2533644437,-4325355.786031559
-4456902.74659334,604082.1398221065,-4325355.786031559
-4457471.846027692,599868.3739903233,-4325355.786031559
-4457515.4578932,599544.215956157,-4325355.786031559
-4457559.046195619,599220.0546735034,-4325355.786031559
-4457602.610924246,598895.890221878,-4325355.786031559
-4457646.152068405,598571.722680793,-4325355.786031559
-4457689.669648766,598247.5518963616,-4325355.786031559
-4457733.163654645,597923.3779480994,-4325355.786031559
-4457776.634075382,597599.2009155231,-4325355.786031559
-4461592.405617528,568410.5297927876,-4325355.786031559
-4462332.630640149,562569.833680656,-4325355.786031559
-4413741.197241511,863108.6239158199,-4325682.853272442
-4413803.952590762,862787.6453675898,-4325682.853272442
-4456459.148969417,605012.1539866491,-4325682.853272442
-4456503.134914334,604688.0695064977,-4325682.853272442
-4461321.688419503,568046.3408407249,-4325682.853272442
-4461774.665401789,564477.3583444558,-4325682.853272442
-4413306.888508717,863690.1489865584,-4326009.897629118
-4413369.686163874,863369.2019435827,-4326009.897629118
-4412809.617385202,864592.4722147682,-4326336.91911555
-4412872.480660477,864271.5613319858,-4326336.91911555
-4455482.989108744,607519.7083719874,-4326336.91911555
-4455527.157400161,607195.6949513223,-4326336.91911555
-4455571.302139135,606871.67824174,-4326336.91911555
-4455615.42331483,606547.6583227201,-4326336.91911555
-4412375.06816758,865173.7402939785,-4326663.917722161
-4412437.973715015,864852.8610109726,-4326663.917722161
-4454861.425647861,609745.0461921232,-4326663.917722161
-4454950.062347079,609097.1064410753,-4326663.917722161
-4454994.345362135,608773.1316940071,-4326663.917722161
-4455038.604816965,608449.1537274416,-4326663.917722161
-4455082.8407007195,608125.1726208513,-4326663.917722161
-4455127.053034397,607801.188220438,-4326663.917722161
-4455171.241807146,607477.2006056654,-4326663.917722161
-4455215.407008136,607153.2098560127,-4326663.917722161
-4456789.66080503,595487.415838923,-4326663.917722161
-4456832.954090514,595163.3073484546,-4326663.917722161
-4456876.223806047,594839.1957104664,-4326663.917722161
-4460467.977191226,567278.3862732158,-4326663.917722161
-4454505.3258829,610026.3189187542,-4326990.8934393795
-4454549.676473376,609702.3765113779,-4326990.8934393795
-4454594.003505977,609378.4308795918,-4326990.8934393795
-4454638.306969837,609054.4821028588,-4326990.8934393795
-4454682.586885989,608730.5300273959,-4326990.8934393795
-4454726.843243563,608406.574732661,-4326990.8934393795
-4454771.076031709,608082.616298121,-4326990.8934393795
-4454815.2852714285,607758.6545699886,-4326990.8934393795
-4456477.776693526,595445.743900659,-4326990.8934393795
-4456521.066949366,595121.6580911552,-4326990.8934393795
-4456564.333636904,594797.5691343519,-4326990.8934393795
-4456607.576745537,594473.4771097467,-4326990.8934393795
-4462028.411592346,552315.3648373062,-4326990.8934393795
-4410050.462668264,873713.4392785525,-4327317.846281166
-4411316.562394592,867298.3590435834,-4327317.846281166
-4411379.622451473,866977.5567316776,-4327317.846281166
-4411442.659178784,866656.749834761,-4327317.846281166
-4411505.672561069,866335.9384315287,-4327317.846281166
-4411568.662628244,866015.1223696833,-4327317.846281166
-4454193.556247148,609983.6233399337,-4327317.846281166
-4456209.156232437,595080.0056855575,-4327317.846281166
-4456252.419891751,594755.9394116536,-4327317.846281166
-4456295.65997381,594431.8700701625,-4327317.846281166
-4456338.876499141,594107.7975072442,-4327317.846281166
-4461756.266318729,551952.2417945943,-4327317.846281166
-4409741.759489535,873652.2794078691,-4327644.776237945
-4409805.281620746,873331.5916020679,-4327644.776237945
-4411007.770588983,867237.648228002,-4327644.776237945
-4411070.826231665,866916.8683722323,-4327644.776237945
-4453704.1500073755,611236.4803474235,-4327644.776237945
-4453748.588594737,610912.5962777375,-4327644.776237945
-4453793.003639129,610588.7088995124,-4327644.776237945
-4453837.395129645,610264.8182921904,-4327644.776237945
-4455940.482579721,594714.3065435903,-4327644.776237945
-4455983.719634978,594390.2598869271,-4327644.776237945
-4456026.933135155,594066.2100090623,-4327644.776237945
-4456070.123069644,593742.1569894776,-4327644.776237945
-4460024.723577802,563267.3927853227,-4327644.776237945
-4461484.068224259,551589.1584155172,-4327644.776237945
-4410635.8809242025,867497.6855623889,-4327971.683300145
-4453214.368251481,612489.101087258,-4327971.683300145
-4455628.52170995,594672.6705313814,-4327971.683300145
-4455671.7557381755,594348.6465612593,-4327971.683300145
-4455714.96621297,594024.619370161,-4327971.683300145
-4455758.153123727,593700.589037563,-4327971.683300145
-4410263.953419903,867757.6688803908,-4328298.567481721
-4452724.211073832,613741.4853605732,-4328298.567481721
-4452768.831843567,613417.6724697073,-4328298.567481721
-4452813.429064845,613093.8563347853,-4328298.567481721
-4455359.768270083,594307.0300913821,-4328298.567481721
-4455402.9757192675,593983.0255887646,-4328298.567481721
-4455446.159606064,593659.0179448673,-4328298.567481721
-4459318.2467558095,563837.1084687285,-4328298.567481721
-4409955.1004716875,867696.8993851404,-4328625.428773108
-4452278.390410415,614669.8558277226,-4328625.428773108
-4455047.75723983,594265.4104785136,-4328625.428773108
-4455090.961663175,593941.4286660904,-4328625.428773108
-4455134.142525783,593617.4437126073,-4328625.428773108
-4459046.947244017,563473.3530990141,-4328625.428773108
-4459128.853954299,562824.8050779685,-4328625.428773108
-4409583.116264091,867956.8015564133,-4328952.267164727
-4451921.841108078,614950.5583981792,-4328952.267164727
-4458775.594826687,563109.6372708356,-4328952.267164727
-4458816.533528232,562785.3844447731,-4328952.267164727
-4451565.250964756,615231.2091843421,-4329279.082670539
-4408902.180201351,868155.8213525153,-4329605.875280973
-4450984.519353102,617130.2724802245,-4329605.875280973
-4451119.050366061,616159.2036160898,-4329605.875280973
-4451163.846961488,615835.5074494209,-4329605.875280973
-4408403.748964347,869056.7737482424,-4329932.6449864535
-4408466.936889305,868736.1833344135,-4329932.6449864535
-4450627.745608149,617410.6898196213,-4329932.6449864535
-4450672.633215527,617087.0293783383,-4329932.6449864535
-4450717.497285533,616763.3656735877,-4329932.6449864535
-4450762.337807171,616439.6987847694,-4329932.6449864535
-4450807.154801727,616116.028558232,-4329932.6449864535
-4407905.111155352,869957.545383811,-4330259.391800946
-4450091.063757643,618985.5604002962,-4330259.391800946
-4450136.065894269,618661.9389834573,-4330259.391800946
-4450360.723533094,617043.7830119507,-4330259.391800946
-4450405.58445896,616720.1419900284,-4330259.391800946
-4407532.881398575,870217.0957686076,-4330586.115714872
-4449689.080888805,619589.3622364089,-4330586.115714872
-4449734.126925399,619265.7701286547,-4330586.115714872
-4449779.149440398,618942.1746682537,-4330586.115714872
-4450048.790314944,617000.5333823294,-4330586.115714872
-4407160.613903078,870476.5920134982,-4330912.816718667
-4449332.0829402665,619869.4940876039,-4330912.816718667
-4406724.975308154,871056.5024453314,-4331239.494826285
-4406788.308677099,870736.0340331502,-4331239.494826285
-4448929.933937879,620473.1109149174,-4331239.494826285
-4448975.044244488,620149.5740115438,-4331239.494826285
-4403348.778909187,886371.3777019499,-4331566.150028152
-4406352.613474361,871315.8633113181,-4331566.150028152
-4448346.827875642,622370.6185698292,-4331566.150028152
-4448392.07617442,622047.1240661007,-4331566.150028152
-4405980.213944624,871575.1699412953,-4331892.782314711
-4405607.776681572,871834.4224806431,-4332219.391699905
-4402808.507676108,884263.8699741804,-4332545.97817417
-4405171.8696395885,872413.9762422885,-4332545.97817417
-4401079.337772924,891244.1863867982,-4332872.541727943
-4402177.797057528,885802.5627834683,-4332872.541727943
-4404290.892117139,875235.5538676641,-4332872.541727943
-4404354.52938647,874915.2625328412,-4332872.541727943
-4404418.143378658,874594.96649416,-4332872.541727943
-4404481.734078091,874274.6658301854,-4332872.541727943
-4404545.301469178,873954.3606194863,-4332872.541727943
-4404608.845582097,873634.0507100096,-4332872.541727943
-4404672.366401251,873313.7361803192,-4332872.541727943
-4404735.86391107,872993.4171089897,-4332872.541727943
-4446690.6134685865,625106.491112027,-4332872.541727943
-4403408.08503009,878056.3473915795,-4333199.082375167
-4403471.927435616,877736.1202488282,-4333199.082375167
-4403535.746568715,877415.8883873203,-4333199.082375167
-4446242.10108113,626032.6597524015,-4333199.082375167
-4446287.615696581,625709.3182990148,-4333199.082375167
-4401753.063145108,884717.946193101,-4333525.600106283
-4402395.284191685,881516.6674262562,-4333525.600106283
-4402459.3782568015,881196.513850464,-4333525.600106283
-4402971.2925370205,878635.1178494754,-4333525.600106283
-4403035.177048399,878314.9223927885,-4333525.600106283
-4445793.372724789,626958.6591313848,-4333525.600106283
-4399568.615312182,893936.2497344346,-4333852.094911728
-4402086.26355671,881454.7904654829,-4333852.094911728
-4402150.353122824,881134.6593624706,-4333852.094911728
-4402470.45170449,879533.9341367611,-4333852.094911728
-4402534.401580964,879213.7750998714,-4333852.094911728
-4402598.328174644,878893.6114132656,-4333852.094911728
-4398543.293197047,897392.3606291637,-4334178.566805444
-4401456.445155811,882993.3818781913,-4334178.566805444
-4401520.646613124,882673.2965728007,-4334178.566805444
-4401584.824777606,882353.2066762141,-4334178.566805444
-4401713.111303728,881713.0127321243,-4334178.566805444
-4401777.219633901,881392.9088416538,-4334178.566805444
-4401841.304700673,881072.8002131153,-4334178.566805444
-4401905.366488319,880752.6869250233,-4334178.566805444
-4401969.404981131,880432.5690559029,-4334178.566805444
-4445032.347644306,627840.4092124512,-4334178.566805444
-4401468.152432307,881331.0225565811,-4334505.01577787
-4444628.887026041,628442.7776736247,-4334505.01577787
-4401159.06196098,881269.1316120775,-4334831.441819445
-4444225.321736204,629045.0386516727,-4334831.441819445
-4444271.055434302,628721.8437770631,-4334831.441819445
-4443684.1783118,630616.6686989127,-4335157.844944111
-4443867.429251725,629324.0267582312,-4335157.844944111
-4395669.47969516,905133.3375910278,-4335484.225142309
-4443372.0323997475,630572.3711279542,-4335484.225142309
-4443013.997949026,630851.1770127072,-4335810.582404482
-4443059.862996425,630528.0702232782,-4335810.582404482
-4442564.081830481,631776.0822274308,-4336136.916744564
-4442610.01414008,631453.0081543862,-4336136.916744564
-4442655.922943931,631129.9308194402,-4336136.916744564
-4441709.669733445,633302.3751173441,-4336789.516620231
-4441305.284809156,633903.8249318368,-4337115.782160196
-4440900.795420415,634505.1670800089,-4337442.024763339
-4440946.926199079,634182.2139573587,-4337442.024763339
-4440403.782132637,635752.2389443145,-4337768.244420104
-4440450.003602249,635429.3219621938,-4337768.244420104
-4440496.20158855,635106.4016196065,-4337768.244420104
-4440542.376080217,634783.4779957639,-4337768.244420104
-4439906.395646869,636999.0719034766,-4338094.441144422
-4439547.774000566,637277.1220946852,-4338420.614926742
-4439189.11192479,637555.1201246215,-4338746.765757512
-4439235.464506842,637232.2914710507,-4338746.765757512
-4438737.5934077045,638478.6609239775,-4339072.893650659
-4438784.013152738,638155.8651033224,-4339072.893650659
-4439062.038627666,636219.0195214842,-4339072.893650659
-4438285.85975102,639402.031677015,-4339398.998596632
-4437973.50269845,639357.0319315428,-4339725.080585881
-4437428.368406521,640925.5655980033,-4340051.139632334
-4437474.96609896,640602.8649804142,-4340051.139632334
-4437521.540312648,640280.1610524452,-4340051.139632334
-4437568.091069694,639957.45366091,-4340051.139632334
-4387860.259818469,910179.783052266,-4342332.910179589
-4385673.53372213,911389.6042497748,-4344287.81791385
-4432632.786457239,643194.86480657,-4344613.555462763
-4384988.5726732565,911579.9236287388,-4344939.270043021
-4384303.514381854,911770.1289144147,-4345590.630259403
-4429778.473880319,653968.1912867746,-4345916.2758999
-4382734.00158268,913106.3830140537,-4346893.074906496
-4381716.236823337,914889.3937953172,-4347544.159301843
-4380764.308599079,916353.095108206,-4348195.151737102
-4425960.384944011,660312.5663801637,-4348846.05218289
-4379435.505117284,918069.8226257348,-4349171.467912259
-4379059.170674694,918323.3848005014,-4349496.860633239
-4378239.56036234,919148.7418715602,-4350147.577082196
-4376800.389922256,919843.6079978938,-4351448.733881832
-4374137.847021209,923270.5249710599,-4353399.77867601
-4373626.556263178,924159.3386327389,-4353724.872240711
-4419962.158976334,668292.0394931192,-4353724.872240711
-4373115.062766458,925047.9682568138,-4354049.94278075
-4372603.366597156,925936.4137940102,-4354374.990286608
-4372226.222734396,926188.7704874085,-4354700.014772169
-4371916.403312898,926123.1400157786,-4355025.016227912
-4371673.894025842,925739.58997368,-4355349.994644322
-4371364.023591573,925673.9722410404,-4355674.950035274
-4371431.328948824,925356.075205614,-4355674.950035274
-4371767.5089211445,923766.5168085619,-4355674.950035274
-4371834.675563243,923448.5904358976,-4355674.950035274
-4371013.257926995,924271.2849713092,-4356324.791702741
-4370837.673106943,923570.0399397587,-4356649.677983617
-4370904.825463299,923252.1811871879,-4356649.677983617
-4416510.364153286,672041.506643641,-4356649.677983617
-4416559.224704581,671720.3272211733,-4356649.677983617
-4370930.220415458,921597.4475776372,-4356974.541224364
-4370687.181401694,921214.2329812634,-4357299.381415472
-4369580.659508445,920317.2678030058,-4358598.511750462
-4369270.486521772,920251.9394390538,-4358923.236714368
-4367037.503654717,927744.5955783516,-4359572.617476205
-4367602.439445565,923550.0513820682,-4359897.273278503
-4367761.764322551,921261.1467020316,-4360221.906015704
-4364906.450955929,928618.9550820924,-4361520.206380518
-4364353.443553761,928169.5598248612,-4362169.218170582
-4364043.145457064,928103.5685499678,-4362493.689466385
-4363800.301544429,927720.2302816425,-4362818.137691156
-4363489.952499445,927654.2517611822,-4363142.562835393
-4363112.112705602,927905.5652786281,-4363466.964912947
-4362328.836261259,930060.3373448085,-4363791.34391432
-4362464.061924012,929425.8524486504,-4363791.34391432
-4362666.727369435,928474.0883202457,-4363791.34391432
-4362734.236363688,928156.8238388399,-4363791.34391432
-4361883.148138834,930628.5835281766,-4364115.699830011
-4361234.1045318525,932148.2106735588,-4364440.032673875
-4407858.070600039,678270.1752544962,-4364440.032673875
-4407544.360103451,678221.9022679136,-4364764.3424364105
-4408085.488415927,674695.9032131179,-4364764.3424364105
-4408134.542022633,674375.3364577837,-4364764.3424364105
-4408183.572328706,674054.7660590841,-4364764.3424364105
-4407722.642662202,674968.4180714651,-4365088.6291081235
-4361612.198093968,924271.7766649849,-4365737.13321112
-4361368.796886815,923888.7920818671,-4366061.350623416
-4406123.265570142,677019.2326823861,-4366385.54495359
-4405809.404713976,676971.0066516551,-4366709.71619215
-4360504.00588482,923374.2699799236,-4367033.864329596
-4360571.144031705,923057.1627134148,-4367033.864329596
-4360193.304237889,923308.4762308459,-4367357.989379775
-4360260.4376009405,922991.3915593742,-4367357.989379775
-4359815.427895997,923559.734791044,-4367682.091333199
-4359882.579532085,923242.677598853,-4367682.091333199
-4359949.708110946,922925.6155240954,-4367682.091333199
-4356867.978433784,935854.4308622653,-4368006.170180369
-4359504.684926616,923493.9086800228,-4368006.170180369
-4359571.8317765165,923176.8740858741,-4368006.170180369
-4359638.955570832,922859.8346095068,-4368006.170180369
-4359193.91889455,923428.0776835266,-4368330.225935133
-4359261.060957906,923111.0656890974,-4368330.225935133
-4359328.179967321,922794.0488127975,-4368330.225935133
-4404190.526160327,677050.1063149862,-4368330.225935133
-4358950.267085358,923045.2524104508,-4368654.258587994
-4359017.381309518,922728.258135895,-4368654.258587994
-4359084.472464925,922411.2590575726,-4368654.258587994
-4358639.450167974,922979.434251862,-4368978.268129463
-4358706.559606524,922662.4625807261,-4368978.268129463
-4358773.6459779665,922345.4861061662,-4368978.268129463
-4358840.709314146,922028.5046777129,-4368978.268129463
-4358462.796432187,922279.7082753599,-4369302.2545733815
-4358529.85498569,921962.7494526994,-4369302.2545733815
-4358218.977607163,921896.9893518888,-4369626.217910258
-4358286.008329202,921580.0482612469,-4369626.217910258
-4357975.103127964,921514.3058960569,-4369950.158130608
-4357664.174872128,921448.558655864,-4370274.075248261
-4357353.223570801,921382.8065425936,-4370597.969253732
-4357042.249233083,921317.0495581705,-4370921.84013754
-4357109.237767746,921000.1941192143,-4370921.84013754
-4356731.251845701,921251.2876997872,-4371245.687913513
-4356798.235598849,920934.4548773695,-4371245.687913513
-4356420.231417758,921185.5209693694,-4371569.512572166
-4356487.210389039,920868.7107651659,-4371569.512572166
-4356109.187958363,921119.7493688429,-4371893.314104018
-4356176.162147421,920802.9617845282,-4371893.314104018
-4355865.090860718,920737.2079326499,-4372217.092522893
-4351836.745540398,938085.0037794638,-4372540.847819313
-4355553.996538035,920671.4492114552,-4372540.847819313
-4351389.418490364,938650.890253249,-4372864.579983797
-4355242.879188482,920605.6856228702,-4372864.579983797
-4354931.738798776,920539.9171640872,-4373188.289030168
-4354620.575378024,920474.1438370311,-4373511.974948948
-4354687.502637326,920157.4644333669,-4373511.974948948
-4354309.388935348,920408.3656436299,-4373835.637730652
-4354376.311411947,920091.7088702583,-4373835.637730652
-4398208.1452611415,680387.3345939491,-4373835.637730652
-4349940.993197136,939331.6622652067,-4374159.277389108
-4353998.179457451,920342.582581073,-4374159.277389108
-4354065.097150993,920025.948439669,-4374159.277389108
-4353753.859863575,919960.1831435246,-4374482.893914839
-4353820.749748888,919643.5667705553,-4374482.893914839
-4349250.773375587,939513.6555601546,-4374806.487298364
-4395908.272665373,680686.2265404499,-4376100.629477144
-4394137.408135479,681720.9256696949,-4377717.786464594
-4345274.441344206,938323.9612605462,-4379011.095341632
-4343557.269823469,943244.112432237,-4379657.610832794
-4342797.521516825,943740.5679500777,-4380304.0336844865
-4342486.23054353,943672.9207898129,-4380627.210355598
-4341726.301787275,944169.099946769,-4381273.494210822
-4339966.764385977,947753.6585883517,-4382242.7462039925
-4388895.9657260105,676005.8024030456,-4383857.702657714
-4388945.114653794,675686.6310688925,-4383857.702657714
-4388531.698060734,676276.4136773059,-4384180.624406336
-4388580.866668889,675957.2688327334,-4384180.624406336
-4388630.012068045,675638.1204133605,-4384180.624406336
-4388679.134246155,675318.9684974751,-4384180.624406336
-4387278.033894873,682290.4883126043,-4384503.522961486
-4388216.579332731,676227.8536171495,-4384503.522961486
-4388265.744410332,675908.7316887878,-4384503.522961486
-4388314.8862806,675589.6061858824,-4384503.522961486
-4388364.004931489,675270.4771867156,-4384503.522961486
-4388413.100386316,674951.3445397924,-4384503.522961486
-4386962.959354346,682241.4892839467,-4384826.398336951
-4387901.437390099,676179.2899795992,-4384826.398336951
-4387950.598936886,675860.1909691364,-4384826.398336951
-4387999.737278006,675541.0883843869,-4384826.398336951
-4388048.852401415,675221.9823036267,-4384826.398336951
-4388097.944330427,674902.8725753725,-4384826.398336951
-4388147.013052994,674583.759277894,-4384826.398336951
-4387586.272242065,676130.7227660769,-4385149.250523271
-4387635.430257777,675811.6466752009,-4385149.250523271
-4387684.56506949,675492.5670102944,-4385149.250523271
-4387733.676665158,675173.4838496288,-4385149.250523271
-4387782.765068097,674854.3970417309,-4385149.250523271
-4387831.830266257,674535.3066648652,-4385149.250523271
-4387320.238382233,675763.0988084021,-4385472.079511
-4387369.369664279,675444.0420650259,-4385472.079511
-4387418.477731948,675124.9818261416,-4385472.079511
-4387467.562608553,674805.9179402869,-4385472.079511
-4387516.624282046,674486.850485721,-4385472.079511
-4387565.662740401,674167.7795407114,-4385472.079511
-4386067.188248321,681775.5085992244,-4385794.885313919
-4387005.023296798,675714.5473666673,-4385794.885313919
-4387054.151048915,675395.5135465092,-4385794.885313919
-4387103.255588325,675076.4762310941,-4385794.885313919
-4387152.3369383365,674757.4352689708,-4385794.885313919
-4387201.395086904,674438.3907383924,-4385794.885313919
-4385752.0173525065,681726.5180597347,-4386117.667922575
-4385436.823270218,681677.5239161121,-4386440.427327517
-4385486.384666408,681358.6041229216,-4386440.427327517
-4333877.143355051,954682.0692204484,-4386763.163542526
-4385121.6059880005,681628.5261662648,-4386763.163542526
-4385171.163821807,681309.6292964532,-4386763.163542526
-4384855.919786239,681260.6508668807,-4387085.876558152
-4384905.450868101,680941.7733192854,-4387085.876558152
-4333045.654796195,955490.1492110254,-4387408.566364946
-4384540.652568939,681211.6688356387,-4387408.566364946
-4384590.180089559,680892.8142150537,-4387408.566364946
-4384639.684410406,680573.9560700982,-4387408.566364946
-4384225.362156443,681162.6832006354,-4387731.232976685
-4384274.886115562,680843.8515087476,-4387731.232976685
-4384324.386876575,680525.0162927427,-4387731.232976685
-4383910.048557985,681113.6939633051,-4388053.876383924
-4383959.568955339,680794.8852018006,-4388053.876383924
-4384009.066156255,680476.0729164325,-4388053.876383924
-4384058.540184232,680157.2569558524,-4388053.876383924
-4383495.608576417,681702.2619003282,-4388376.496577207
-4383545.171764845,681383.4833527063,-4388376.496577207
-4383594.711782803,681064.7011250836,-4388376.496577207
-4383644.228618131,680745.9152956479,-4388376.496577207
-4383693.72225869,680427.125942602,-4388376.496577207
-4383743.192727976,680108.3329146085,-4388376.496577207
-4383130.672925482,681971.9716783669,-4388699.093570319
-4383180.255740617,681653.2195923947,-4388699.093570319
-4383229.815363423,681334.4639780042,-4388699.093570319
-4383279.351817424,681015.7046838775,-4388699.093570319
-4383328.865090464,680696.941788197,-4388699.093570319
-4383378.355170404,680378.1753691599,-4388699.093570319
-4383427.822080738,680059.4052754395,-4388699.093570319
-4382765.698050707,682241.6283758081,-4389021.667353811
-4382815.300476798,681922.9028308488,-4389021.667353811
-4382864.879724381,681604.1736795398,-4389021.667353811
-4382914.435781301,681285.4410000663,-4389021.667353811
-4382963.968671084,680966.7046411217,-4389021.667353811
-4383013.478381574,680647.9646808822,-4389021.667353811
-4383062.964900632,680329.2211975396,-4389021.667353811
-4383112.428251753,680010.4740397781,-4389021.667353811
-4382400.683979299,682511.2319116421,-4389344.217918233
-4382450.306000573,682192.532987032,-4389344.217918233
-4382499.90485718,681873.8303781615,-4389344.217918233
-4382549.480536947,681555.1241632007,-4389344.217918233
-4382599.033027721,681236.4144203295,-4389344.217918233
-4382648.562353024,680917.7009982517,-4389344.217918233
-4382698.068500702,680598.9839751384,-4389344.217918233
-4382747.551458618,680280.2634291754,-4389344.217918233
-4382085.2723164335,682462.109976405,-4389666.745277364
-4382134.890766294,682143.4339893045,-4389666.745277364
-4382184.486053155,681824.7543182087,-4389666.745277364
-4382234.058164844,681506.0710412823,-4389666.745277364
-4382283.607089208,681187.3842366992,-4389666.745277364
-4382333.132849771,680868.6937531745,-4389666.745277364
-4382382.635434375,680549.9996688733,-4389666.745277364
-4382432.114830886,680231.302061976,-4389666.745277364
-4381819.452357111,682094.3313840638,-4389989.249421752
-4381869.044073964,681775.6746524282,-4389989.249421752
-4381918.612617312,681457.0143152215,-4389989.249421752
-4381968.157975006,681138.350450612,-4389989.249421752
-4382017.680170564,680819.6829073257,-4389989.249421752
-4381702.204324639,680770.66846214,-4390311.730341958
-4381386.705298524,680721.6504155244,-4390634.1880517565
-4328957.681449877,956239.4258260241,-4391279.033802341
-4328854.345227704,955226.1561696568,-4391601.421847452
-4380489.550409397,680256.018261886,-4391601.421847452
-4380173.95514459,680207.0087674563,-4391923.786667597
-4379858.336722818,680157.9956769297,-4392246.1282533305
-4379542.695130607,680108.9789882139,-4392568.446618418
-4379227.030377198,680059.9587027439,-4392890.741753422
-4378911.342471836,680010.9348219554,-4393213.013648902
-4376414.480202742,677341.8131024708,-4396112.415042957
-4320303.143788789,967186.7313482238,-4397400.43349166
-4372325.914753404,678662.6403103566,-4399975.354001745
-4372009.714183412,678613.5603657498,-4400297.11437462
-4371693.490492059,678564.4768322973,-4400618.851476536
-4371377.243688607,678515.3897114363,-4400940.565298076
-4371060.973759552,678466.2990010714,-4401262.255852971
-4314309.89180517,973425.6702925825,-4401905.567125162
-4369795.66290422,678269.9002827152,-4402548.785287216
-4369479.277417775,678220.7916357907,-4402870.3594370745
-4369162.868815757,678171.6794009187,-4403191.910310087
-4368480.659866156,678391.1307942456,-4403834.942187895
-4368164.185523406,678341.9847858363,-4404156.423197008
-4367847.688079637,678292.835190018,-4404477.880914749
-4367481.832718945,678561.2960693211,-4404799.315331709
-4367115.938308476,678829.7037330909,-4405120.726461618
-4366750.004875417,679098.0581006202,-4405442.114295059
-4365750.812105221,679267.8364755764,-4406406.137991866
-4365434.167326499,679218.569666033,-4406727.4326147325
-4365068.097322018,679486.7377949915,-4407048.703940343
-4364701.9883298,679754.8526022085,-4407369.95195929
-4364751.409948345,679437.4407701481,-4407369.95195929
-4364335.840341467,680022.9142355602,-4407691.176662167
-4364385.281466833,679705.5289536456,-4407691.176662167
-4363969.653361425,680290.9226108224,-4408012.37806269
-4306499.386503615,978906.6818410504,-4408333.556151453
-4309231.639543761,962404.8414612339,-4409296.9505224945
-4308988.656252359,962021.5915959583,-4409618.035339531
-4362336.227635373,680361.2418916239,-4409618.035339531
-4308745.617231371,961638.3769983413,-4409939.096844019
-4303910.615811262,981610.3873241282,-4410260.135026561
-4358770.345261521,682402.8458577889,-4412827.600669888
-4301238.08365363,980342.7423176568,-4413148.428878497
-4301309.364804669,980029.9449154116,-4413148.428878497
-4301380.623225355,979717.1422552082,-4413148.428878497
-4358403.65220519,682670.1613017155,-4413148.428878497
-4301210.131087856,979020.2914410579,-4413469.233740487
-4300469.611108018,980825.5833955505,-4413790.015269557
-4301323.905292939,977072.3426964153,-4413790.015269557
-4300910.878750887,975991.8399488658,-4414431.508291357
-4298673.295638963,984363.1114755996,-4414752.219788393
-4300455.813074225,976546.2803521262,-4414752.219788393
-4300720.202819009,971016.8462739604,-4415714.214180599
-4291602.16184914,989315.2603691316,-4420521.032639992
-4349708.254191699,690385.3296558749,-4420521.032639992
-4349123.405469966,689968.2613941822,-4421161.544465665
-4348805.849233852,689917.8825698307,-4421481.76531124
-4347551.661162395,691663.7672607919,-4422442.287535554
-4347601.948866864,691347.6026040276,-4422442.287535554
-4347133.397904375,692245.5075418483,-4422762.4148389995
-4346765.406751576,692511.0331541294,-4423082.518744999
-4287917.552893592,992407.4286214425,-4423402.599267221
-4345978.897653786,693357.9742341863,-4423722.656396289
-4345610.771369589,693623.3125604246,-4424042.690122839
-4345242.606489765,693888.5973408376,-4424362.70046053
-4344874.403041844,694153.8284952003,-4424682.687399994
-4344506.161017016,694419.0061707885,-4425002.6509318575
-4285096.08157336,991754.4195410903,-4426282.271049301
-4284710.342952794,991993.4323232675,-4426602.11756386
-4341342.163871629,695856.076712585,-4427881.269489119
-4340655.617313018,696069.8079817732,-4428520.704965166
-4340337.617389935,696018.8133475719,-4428840.3875660375
-4340019.594505362,695967.8150312541,-4429160.046752673
-4277133.210098564,996139.8252477053,-4432994.12943751
-4278766.752074133,987667.2689003045,-4433313.483985539
-4279712.874659697,980676.4419322624,-4433952.122735552
-4279784.180152082,980365.2098115586,-4433952.122735552
-4279926.723218489,979742.7300925158,-4433952.122735552
-4334841.31195946,697724.4251267662,-4433952.122735552
-4278755.842627298,983405.0685048215,-4434271.40694182
-4278970.2865028335,982471.5653921351,-4434271.40694182
-4277940.431599443,985510.6664695927,-4434590.667689796
-4280009.299119252,976486.563907204,-4434590.667689796
-4264991.763951862,1004108.575111553,-4442883.210575114
-4267211.577523712,988923.0405649294,-4444157.577369126
-4256465.402214932,1005041.9268712666,-4450841.831044793
-4255638.244431974,1007134.0247646054,-4451159.8700439185
-4260638.266835061,985767.4018201953,-4451159.8700439185
-4315003.938685557,700971.4775784974,-4452749.711891468
-4251879.01607138,1007550.5530446533,-4454656.744997451
-4254331.642268835,995723.0887200537,-4454974.50140626
-4254765.70343111,993866.6916274114,-4454974.50140626
-4253581.342085377,997505.3251239737,-4455292.2342549525
-4312140.137728268,702437.5701657472,-4455292.2342549525
-4249789.364817119,1009340.5061826766,-4456245.291415881
-4252054.004364968,999757.2938956893,-4456245.291415881
-4249327.220246154,1009883.6696510396,-4456562.929999671
-4309747.827370398,703013.0937351349,-4457515.704348453
-4309427.8848090945,702960.9041827879,-4457833.248655711
-4309056.791095054,703222.076249872,-4458150.769387731
-4308634.4892801205,703796.5288947488,-4458468.266535218
-4247559.523693589,1007505.740160443,-4458785.740111724
-4308263.300625775,704057.5660110844,-4458785.740111724
-4246804.035317114,1009284.0163122225,-4459103.1901079565
-4245458.850937345,1013531.8988577137,-4459420.61651462
-4307212.968628526,706458.9215818625,-4459420.61651462
-4306892.935035541,706406.4304260693,-4459738.019345269
-4306058.064864423,709485.5766813424,-4460055.398590605
-4305841.161268061,708806.5936144138,-4460372.754241337
-4305572.620605653,708440.7968049132,-4460690.086311017
-4242364.634578106,1016707.183959576,-4461641.940963658
-4247774.519710339,993862.5761812546,-4461641.940963658
-4248207.769695092,992009.0403500836,-4461641.940963658
-4241975.155422416,1016940.051691305,-4461959.1786618875
-4240175.284187034,1017486.8426507767,-4463545.013148401
-4239469.969923956,1017643.6545541394,-4464179.181715119
-4301998.803027912,708174.0833211533,-4464179.181715119
-4239006.23755227,1018184.4258489169,-4464496.230589926
-4239966.921088469,1014176.471391398,-4464496.230589926
-4301626.951178612,708434.1747418275,-4464496.230589926
-4300779.975302439,709579.7260392964,-4465130.257498829
-4236593.074687332,1019886.158098649,-4466398.027944903
-4238513.874165867,1011873.9024568856,-4466398.027944903
-4242861.139255549,992062.1211792995,-4466714.911511181
-4298867.873991643,711191.18473603,-4466714.911511181
-4240516.133141321,1000624.8435080191,-4467031.77144765
-4242039.304958372,994147.7194388965,-4467031.77144765
-4298547.389916646,711138.1648583164,-4467031.77144765
-4297864.345204055,713273.0801722931,-4467348.607767838
-4298226.883101107,711085.1412184788,-4467348.607767838
-4297543.842692716,713219.889611795,-4467665.420462466
-4240221.3789815875,997625.9983681642,-4467982.209522259
-4239614.7276552,998784.8774455495,-4468298.974960741
-4242502.134063323,986448.1298238358,-4468298.974960741
-4297058.244467668,712176.0414512932,-4468298.974960741
-4296417.057175843,712069.7738139139,-4468932.434936678
-4235080.613226505,1013658.9259360107,-4469249.12947838
-4235227.9991579335,1013042.9476608696,-4469249.12947838
-4295992.825385929,712641.4686848947,-4469249.12947838
-4296819.113128147,707642.3727515038,-4469249.12947838
-4296498.408735867,707589.5560023854,-4469565.800384474
-4295882.190409557,703317.2967485525,-4470832.247604052
-4236404.04574035,999654.5236971993,-4471148.800306977
-4231665.547757675,1016746.7305934007,-4471781.834766581
-4294496.274745213,703731.7624715089,-4472098.316527514
-4294547.440211487,703419.4560038367,-4472098.316527514
-4294598.582953786,703107.1458910883,-4472098.316527514
-4294124.139389085,703991.4481851057,-4472414.774637767
-4294175.323741222,703679.1687791976,-4472414.774637767
-4294226.485383622,703366.8856518819,-4472414.774637767
-4294277.624303746,703054.5988797625,-4472414.774637767
-4294328.740525868,702742.3083145891,-4472414.774637767
-4233363.591184808,1005439.3249124392,-4472731.209088076
-4233436.697607563,1005131.4633415317,-4472731.209088076
-4293905.507853456,703314.311581435,-4472731.209088076
-4293956.642951135,703002.0481515956,-4472731.209088076
-4294211.977854557,701440.6749682877,-4472731.209088076
-4292224.324365602,707526.8840958424,-4473680.370523345
-4291800.366403746,708098.1928153544,-4473996.710355105
-4293233.310026864,699357.6920342555,-4473996.710355105
-4230682.124169064,1009679.0108221289,-4474313.026526148
-4228227.0215508565,1018522.8085464007,-4474629.319027211
-4291106.786413727,708304.3165872522,-4474629.319027211
-4291350.902703935,704818.7110518727,-4474945.5878718
-4292218.972752569,699512.884462882,-4474945.5878718
-4290619.024146878,707262.2676694957,-4475261.833050653
-4290670.446369008,706950.2431541305,-4475261.833050653
-4290721.845899936,706638.2149000623,-4475261.833050653
-4290773.222727065,706326.1829838253,-4475261.833050653
-4291846.894059948,699772.6513576258,-4475261.833050653
-4290297.896029729,707209.3331630599,-4475578.054554512
-4290606.065897971,705337.2702966955,-4475578.054554512
-4226665.055508955,1019447.4728499233,-4475894.252396876
-4289334.3755343035,707050.5072018862,-4476526.577060087
-4290561.8778124545,699563.1333462095,-4476526.577060087
-4287700.448664686,710945.4995238854,-4477474.886498793
-4286042.3450589795,710990.8316371756,-4479054.928630504
-4287327.878811163,703197.416007318,-4479054.928630504
-4285098.9570563845,714677.251008422,-4479370.86599506
-4285150.918525958,714365.6279040902,-4479370.86599506
-4285565.794389829,711872.5074271008,-4479370.86599506
-4284673.651743881,715246.8483183829,-4479686.779678058
-4286991.344697572,701221.48174862,-4479686.779678058
-4284300.29303277,715504.7720782675,-4480002.669670248
-4284153.633869212,708436.8315058027,-4481265.9926823415
-4284975.037296999,703451.5140152427,-4481265.9926823415
-4283677.454676587,709318.2326195578,-4481581.764195426
-4278084.774553508,740395.4035465302,-4481897.512007679
-4278138.606318608,740084.2904599796,-4481897.512007679
-4282683.468010507,713314.0996004996,-4481897.512007679
-4283097.73253762,710822.4148058877,-4481897.512007679
-4277763.604678174,740339.8196317678,-4482213.2361098565
-4277871.23748958,739717.6363322492,-4482213.2361098565
-4277925.019966618,739406.5387763454,-4482213.2361098565
-4277334.69695736,740906.3527238017,-4482528.936515436
-4277388.565868792,740595.2942577384,-4482528.936515436
-4277442.412172196,740284.2318003874,-4482528.936515436
-4277657.571157626,739039.9429121746,-4482528.936515436
-4277121.197044976,740228.6400540156,-4482844.613215177
-4277282.588093087,739295.4993528422,-4482844.613215177
-4277443.775557639,738362.3234638094,-4482844.613215177
-4276314.601193171,742972.04468884,-4483160.266199835
-4276368.620341598,742661.0603261257,-4483160.266199835
-4276476.590778518,742039.0798942938,-4483160.266199835
-4276530.542079397,741728.0837538305,-4483160.266199835
-4276799.959305921,740173.0443942809,-4483160.266199835
-4276853.774904002,739862.0247427272,-4483160.266199835
-4276907.567871046,739551.0012530583,-4483160.266199835
-4276961.338232585,739239.9737776329,-4483160.266199835
-4277015.085975425,738928.9423927368,-4483160.266199835
-4277068.81108639,738617.9071746668,-4483160.266199835
-4275885.279278386,743538.1450028811,-4483475.895482887
-4275939.339582956,743227.1919344715,-4483475.895482887
-4275993.377287209,742916.2348608753,-4483475.895482887
-4276047.3923778795,742605.273858372,-4483475.895482887
-4276101.384841728,742294.309003232,-4483475.895482887
-4276155.354704385,741983.3401478416,-4483475.895482887
-4276209.301952603,741672.3673684741,-4483475.895482887
-4276263.22657316,741361.3907414062,-4483475.895482887
-4276371.007994853,740739.4255775864,-4483475.895482887
-4276532.510496931,739806.4485301176,-4483475.895482887
-4276586.299423208,739495.448403599,-4483475.895482887
-4276640.06574568,739184.4442916232,-4483475.895482887
-4276693.809451151,738873.4362704703,-4483475.895482887
-4218525.421223172,1018458.1707463409,-4483791.501055092
-4275401.736457989,744415.0501958837,-4483791.501055092
-4275455.8605341725,744104.1322893761,-4483791.501055092
-4275509.9620126095,743793.2103730543,-4483791.501055092
-4275564.040880023,743482.2845231857,-4483791.501055092
-4275618.097123154,743171.3548160356,-4483791.501055092
-4275672.130767666,742860.4211039998,-4483791.501055092
-4275726.141800295,742549.4834633522,-4483791.501055092
-4275780.130207801,742238.5419703572,-4483791.501055092
-4275834.096015814,741927.5964774124,-4483791.501055092
-4275888.039211088,741616.6470607852,-4483791.501055092
-4275941.9597804,741305.6937967468,-4483791.501055092
-4275995.857749346,740994.7365376891,-4483791.501055092
-4276049.733104698,740683.7753598805,-4483791.501055092
-4276157.415960562,740061.8413292288,-4483791.501055092
-4276211.223473428,739750.8684050435,-4483791.501055092
-4276265.008358655,739439.8916433197,-4483791.501055092
-4280234.402771635,716105.6014278005,-4483791.501055092
-4275134.607660764,744048.221154187,-4484107.082907203
-4275188.7050740775,743737.3226001831,-4484107.082907203
-4275242.779878067,743426.4201129279,-4484107.082907203
-4275296.832059474,743115.5137686812,-4484107.082907203
-4275350.861643959,742804.6034198498,-4484107.082907203
-4275404.86861826,742493.6891427014,-4484107.082907203
-4275458.85296914,742182.7710134953,-4484107.082907203
-4275512.814722223,741871.8488846399,-4484107.082907203
-4275566.753864267,741560.922832397,-4484107.082907203
-4275620.670382049,741249.9929330319,-4484107.082907203
-4275674.564301163,740939.0590389478,-4484107.082907203
-4275728.435608382,740628.1212264071,-4484107.082907203
-4275782.2842905,740317.1795716824,-4484107.082907203
-4275836.11037308,740006.2339271688,-4484107.082907203
-4275889.91384291,739695.2843691339,-4484107.082907203
-4275943.694686801,739384.330973849,-4484107.082907203
-4274813.3321706075,743992.3060827592,-4484422.6410527015
-4274867.425518513,743681.4308927179,-4484422.6410527015
-4274921.496258791,743370.551769721,-4484422.6410527015
-4274975.544378187,743059.6687900224,-4484422.6410527015
-4275029.56990236,742748.7818060399,-4484422.6410527015
-4275083.572818048,742437.8908940358,-4484422.6410527015
-4275137.553112015,742126.9961302634,-4484422.6410527015
-4275191.5108098835,741816.0973671423,-4484422.6410527015
-4275245.445898412,741505.1946809286,-4484422.6410527015
-4275299.358364379,741194.2881478817,-4484422.6410527015
-4275353.248233376,740883.3776204161,-4484422.6410527015
-4275407.115492177,740572.4631747884,-4484422.6410527015
-4275460.960127578,740261.5448872653,-4484422.6410527015
-4275514.782165138,739950.6226102532,-4484422.6410527015
-4275568.581591649,739639.6964200139,-4484422.6410527015
-4277596.202045631,727821.6187079833,-4484422.6410527015
-4277649.119420513,727510.541184679,-4484422.6410527015
-4277754.886290299,726888.3746720605,-4484422.6410527015
-4277807.735797334,726577.2856113772,-4484422.6410527015
-4274437.922198251,744247.2348922541,-4484738.175482348
-4274492.034073112,743936.3870767298,-4484738.175482348
-4274546.123355321,743625.5352522953,-4484738.175482348
-4274600.190031603,743314.6794952007,-4484738.175482348
-4274654.234088703,743003.8198816943,-4484738.175482348
-4274708.255552278,742692.9562642049,-4484738.175482348
-4274762.254409067,742382.0887189893,-4484738.175482348
-4274816.230645836,742071.2173222948,-4484738.175482348
-4274924.115322933,741449.4626080118,-4484738.175482348
-4274978.023736798,741138.5794429274,-4484738.175482348
-4275031.909555394,740827.6922837244,-4484738.175482348
-4275085.772765493,740516.8012066539,-4484738.175482348
-4275139.613353891,740205.9062879769,-4484738.175482348
-4275193.431346148,739895.0073801104,-4484738.175482348
-4217331.417585853,1017845.3449638779,-4485053.686186896
-4273954.146502232,745123.7384607424,-4485053.686186896
-4274008.3221195,744812.9258240561,-4485053.686186896
-4274062.475146689,744502.1091738344,-4485053.686186896
-4274116.60557051,744191.2885863131,-4485053.686186896
-4274170.713377691,743880.4641377375,-4485053.686186896
-4274224.798593919,743569.6356805532,-4485053.686186896
-4274278.861205918,743258.8032910043,-4485053.686186896
-4274332.901200436,742947.9670453335,-4485053.686186896
-4274386.918603128,742637.1267959807,-4485053.686186896
-4274440.913400734,742326.2826191969,-4485053.686186896
-4274494.885580018,742015.4345912238,-4485053.686186896
-4274548.835166601,741704.5825645032,-4485053.686186896
-4274602.762147243,741393.7266152797,-4485053.686186896
-4274656.666508724,741082.8668198014,-4485053.686186896
-4274710.548276632,740772.0030305047,-4485053.686186896
-4274764.407437745,740461.135323635,-4485053.686186896
-4273632.819477223,745067.7181137905,-4485369.173179825
-4273686.991021426,744756.9288448093,-4485369.173179825
-4273741.13997725,744446.1355625944,-4485369.173179825
-4273795.2663314035,744135.3383433758,-4485369.173179825
-4273849.370070619,743824.5372633934,-4485369.173179825
-4273903.4512205785,743513.7321751035,-4485369.173179825
-4273957.50976801,743202.9231547448,-4485369.173179825
-4274011.545699661,742892.1102785539,-4485369.173179825
-4274065.5590411825,742581.2933989823,-4485369.173179825
-4274119.549779318,742270.4725922748,-4485369.173179825
-4274281.386357618,741337.9867003514,-4485369.173179825
-4274335.286666428,741027.1502761235,-4485369.173179825
-4274389.164383364,740716.3098583777,-4485369.173179825
-4274443.019495203,740405.4655233533,-4485369.173179825
-4274604.449184383,739472.9091056696,-4485369.173179825
-4221605.7644963,997134.9514840429,-4485684.63645189
-4273419.782206148,744390.1580143541,-4485684.63645189
-4273582.081244718,743457.8247375846,-4485684.63645189
-4273636.135727295,743147.0390880596,-4485684.63645189
-4273690.167595793,742836.2495829926,-4485684.63645189
-4273744.1768758595,742525.4560748457,-4485684.63645189
-4273798.16355424,742214.6586398584,-4485684.63645189
-4273852.127617701,741903.8573542606,-4485684.63645189
-4273906.069091857,741593.0520705169,-4485684.63645189
-4273959.987963472,741282.24286486,-4485684.63645189
-4274013.884219326,740971.4298135267,-4485684.63645189
-4274067.757885006,740660.6127689756,-4485684.63645189
-4274121.608947288,740349.7918074405,-4485684.63645189
-4274175.437392972,740038.9670051651,-4485684.63645189
-4272935.911625429,745266.4042641905,-4486000.075993857
-4272990.09763334,744955.6656006639,-4486000.075993857
-4273044.261030557,744644.9230720229,-4486000.075993857
-4273098.401842789,744334.1765307517,-4486000.075993857
-4273260.688675743,743401.9133696326,-4486000.075993857
-4273314.73909318,743091.1510925845,-4486000.075993857
-4273368.766898237,742780.3849602843,-4486000.075993857
-4273422.772116564,742469.6148252053,-4486000.075993857
-4273476.7547349045,742158.8407635811,-4486000.075993857
-4273530.714740025,741848.0628516362,-4486000.075993857
-4273584.65215754,741537.2809418458,-4486000.075993857
-4273638.566974213,741226.4951104374,-4486000.075993857
-4273692.459176827,740915.7054336416,-4486000.075993857
-4273746.3287909655,740604.9117639284,-4486000.075993857
-4273800.175803406,740294.1141775257,-4486000.075993857
-4273907.802009145,739672.5073358282,-4486000.075993857
-4273961.581214789,739361.6980092283,-4486000.075993857
-4272560.316349862,745521.0600750523,-4486315.491819199
-4272614.5208778605,745210.3487249176,-4486315.491819199
-4272668.702810148,744899.6334337358,-4486315.491819199
-4272722.86213344,744588.9142777303,-4486315.491819199
-4272776.998873447,744278.1911093965,-4486315.491819199
-4272993.319851937,743035.2591659325,-4486315.491819199
-4273101.344749571,742413.769647676,-4486315.491819199
-4273155.323307584,742103.0189610592,-4486315.491819199
-4273209.279254079,741792.2644244111,-4486315.491819199
-4220217.860565436,998751.4810159943,-4486630.883918673
-4223392.0260327,985242.6634644674,-4486630.883918673
-4272347.285390962,744843.5973274088,-4486630.883918673
-4272401.4406400435,744532.901545682,-4486630.883918673
-4272455.57330754,744222.2017519288,-4486630.883918673
-4272725.897690306,742668.643927906,-4486630.883918673
-4272779.894784296,742357.9205438943,-4486630.883918673
-4272833.869281697,742047.1932339281,-4486630.883918673
-4219245.80671499,1001438.0418383796,-4486946.252283047
-4222930.937673381,985782.7472441051,-4486946.252283047
-4272188.231156005,743855.5281069343,-4486946.252283047
-4272242.314551097,743544.8438945687,-4486946.252283047
-4272404.429198758,742612.7675215087,-4486946.252283047
-4272458.42223015,742302.0675154949,-4486946.252283047
-4272512.392666654,741991.363583822,-4486946.252283047
-4271379.0257295575,746595.3250005459,-4487261.596925784
-4271758.529878919,744420.864270846,-4487261.596925784
-4271812.654400535,744110.2112311827,-4487261.596925784
-4271866.756330679,743799.5542562922,-4487261.596925784
-4271920.83565609,743488.89342238,-4487261.596925784
-4272028.926556458,742867.5598112635,-4487261.596925784
-4272190.893448732,741935.530008358,-4487261.596925784
-4271166.099555139,745917.9287975598,-4487576.917837654
-4271437.040606878,744364.8397273066,-4487576.917837654
-4271491.161055123,744054.2100671529,-4487576.917837654
-4271599.33416904,743432.9390182522,-4487576.917837654
-4271653.38684712,743122.2975582388,-4487576.917837654
-4271707.416934569,742811.6521682269,-4487576.917837654
-4271761.424418146,742501.0029244128,-4487576.917837654
-4270898.8374057505,745551.1968362901,-4487892.215009423
-4270953.044116743,745240.6063867853,-4487892.215009423
-4271007.228253823,744930.0119215366,-4487892.215009423
-4271061.389803691,744619.4135167234,-4487892.215009423
-4271169.645127658,743998.2049695384,-4487892.215009423
-4271223.738914177,743687.5947559017,-4487892.215009423
-4271277.810099364,743376.980683824,-4487892.215009423
-4271331.858708888,743066.3626058508,-4487892.215009423
-4271385.884729484,742755.7405981746,-4487892.215009423
-4273156.069015704,732503.0213535497,-4487892.215009423
-4270739.859430028,744563.357717845,-4488207.488454551
-4270793.994303764,744252.7788321549,-4488207.488454551
-4270848.106604411,743942.195935948,-4488207.488454551
-4270902.196318688,743631.6091054026,-4488207.488454551
-4270956.263433335,743321.0184167066,-4488207.488454551
-4215464.11632322,1010260.3194116635,-4488522.738163809
-4270093.047375822,746370.5485475159,-4488522.738163809
-4270147.313673874,746060.0166945377,-4488522.738163809
-4270201.557402288,745749.4808214982,-4488522.738163809
-4270255.778547751,745438.9410045623,-4488522.738163809
-4270309.97709697,745128.3973199066,-4488522.738163809
-4270418.30647057,744507.2979813454,-4488522.738163809
-4270472.437268378,744196.7424797909,-4488522.738163809
-4270526.545494797,743886.1829680216,-4488522.738163809
-4214337.241042873,1013555.7954857072,-4488837.964127963
-4214999.709068313,1010797.3013208725,-4488837.964127963
-4216026.625940245,1006505.4501424395,-4488837.964127963
-4216684.479163938,1003745.8517879241,-4488837.964127963
-4269717.211527661,746624.8491632012,-4488837.964127963
-4269771.496332992,746314.3445665813,-4488837.964127963
-4269825.758544626,746003.8360975997,-4488837.964127963
-4269879.998188321,745693.3236088594,-4488837.964127963
-4269934.215250766,745382.8071765199,-4488837.964127963
-4269988.409718669,745072.2868767517,-4488837.964127963
-4270042.581617758,744761.7625621466,-4488837.964127963
-4270096.730934737,744451.2343088669,-4488837.964127963
-4272137.668651449,732648.2593256416,-4488837.964127963
-4269395.641984846,746568.617848689,-4489153.166360477
-4269449.92270177,746258.1366374168,-4489153.166360477
-4269504.1808267,745947.6515540744,-4489153.166360477
-4269558.41638539,745637.1624512762,-4489153.166360477
-4269612.62936453,745326.6694051756,-4489153.166360477
-4269666.8197508305,745016.1724919378,-4489153.166360477
-4269720.987570016,744705.6715641653,-4489153.166360477
-4271655.988137194,733525.028862244,-4489153.166360477
-4271709.320291507,733214.3833084385,-4489153.166360477
-4271762.629842104,732903.7339515842,-4489153.166360477
-4269236.812002911,745580.997350393,-4489468.344852118
-4269291.02089846,745270.5276921735,-4489468.344852118
-4269345.207202871,744960.0541671079,-4489468.344852118
-4268915.185050304,745524.8283078547,-4489783.499593657
-4268969.389861975,745214.3820391574,-4489783.499593657
-4268485.06634879,746089.4891729578,-4490098.6305985525
-4268539.312211883,745779.0742563843,-4490098.6305985525
-4268593.535513836,745468.655321263,-4490098.6305985525
-4267783.07791547,748205.8959393007,-4490413.737857574
-4267837.4777028905,747895.5319926767,-4490413.737857574
-4267891.854906814,747585.1641652952,-4490413.737857574
-4267946.2095530545,747274.7923098258,-4490413.737857574
-4268000.54162827,746964.4165023955,-4490413.737857574
-4268054.851119145,746654.0368191347,-4490413.737857574
-4268109.138051458,746343.6531127057,-4490413.737857574
-4268163.402411885,746033.2654592418,-4490413.737857574
-4268217.644187124,745722.8739348748,-4490413.737857574
-4278711.295795772,682945.1735605433,-4490413.737857574
-4267352.561011961,748770.173696743,-4490728.821361497
-4267407.001822895,748459.8411311818,-4490728.821361497
-4267461.420078727,748149.5045329118,-4490728.821361497
-4267515.815766099,747839.1639780567,-4490728.821361497
-4267570.188871676,747528.8195427367,-4490728.821361497
-4267624.53942127,747218.4710796324,-4490728.821361497
-4267678.867401541,746908.118664865,-4490728.821361497
-4267194.131252844,747782.7920071392,-4491043.881123775
-4267248.500259787,747472.4709655223,-4491043.881123775
-4212435.521338014,1008886.6589659413,-4491673.929386491
-4215902.588524674,992875.0805685607,-4491988.917891154
-4268385.609672978,735200.5499723987,-4491988.917891154
-4268063.672237926,735145.0984267909,-4492303.88263995
-4211555.781387965,1008352.1239527651,-4492618.823623652
-4267741.712238964,735089.6429947021,-4492618.823623652
-4267419.729662334,735034.1836737626,-4492933.740855713
-4210626.820292865,1009424.8314509577,-4493248.634326906
-4267097.724517468,734978.7204655973,-4493248.634326906
-4211918.507128074,1002611.3527082858,-4493563.504028008
-4211964.8512281785,1001004.2295949869,-4493878.349972475
-4265809.478305165,734756.8287692054,-4494507.9705546005
-4265862.900053961,734446.6083823673,-4494507.9705546005
-4209665.899301702,1000781.2988678984,-4496081.606031264
-4263233.344439408,736228.6251988683,-4496710.893786454
-4207947.300113657,998109.8641486582,-4498283.696984366
-4260494.076267562,736712.8257823974,-4499227.093448021
-4219556.617749754,938834.084772894,-4500170.275764341
-4218484.850187232,942137.852649968,-4500484.62227624
-4218690.29238731,941217.4996100314,-4500484.62227624
-4219714.491270871,936615.0633070684,-4500484.62227624
-4219850.671772039,936001.3208324871,-4500484.62227624
-4219871.1767754415,934396.1195449749,-4500798.944987339
-4219939.116825778,934089.2393580655,-4500798.944987339
-4219755.336508967,933404.7705557371,-4501113.243888436
-4219639.242226185,932413.5116555421,-4501427.518992948
-4219707.038097809,932106.6483406329,-4501427.518992948
-4257377.533593597,739362.9488036702,-4501741.770291677
-4219270.9214153895,931044.9423056358,-4502055.997775419
-4257001.199152254,739616.5109775845,-4502055.997775419
-4219154.2094478505,930053.9371053783,-4502370.201457591
-4219221.83372764,929747.1090692921,-4502370.201457591
-4219037.243596295,929063.0222344105,-4502684.381328993
-4256785.527112448,737028.0444473955,-4502684.381328993
-4218532.694829876,928308.6244583076,-4503312.669625295
-4218600.192188581,928001.8416246586,-4503312.669625295
-4218667.667237229,927695.0538832737,-4503312.669625295
-4219004.7077847915,926161.0417643667,-4503312.669625295
-4219072.048965616,925854.2246106409,-4503312.669625295
-4219139.367817733,925547.4026341765,-4503312.669625295
-4202242.9618609715,998048.0617090224,-4503626.778054415
-4254849.299837199,742430.6564697482,-4503626.778054415
-4254688.510160708,741446.1458398135,-4503940.862658584
-4254904.008095904,740208.4757442778,-4503940.862658584
-4218246.897426655,925030.1059511218,-4504254.923451209
-4217994.184327041,924653.2008142623,-4504568.960423094
-4213256.644192929,944509.3142197469,-4504882.9735650495
-4217741.416403013,924276.3325123201,-4504882.9735650495
-4217808.620527242,923969.6072327252,-4504882.9735650495
-4253774.286139069,740968.0944991958,-4504882.9735650495
-4213005.633033788,944131.2734932491,-4505196.962890479
-4253073.814865144,743077.0154370667,-4505196.962890479
-4217302.86544958,923216.0176401512,-4505510.928390189
-4249246.841964373,762805.7093470041,-4505510.928390189
-4216982.783805608,923145.9480933114,-4505824.870054983
-4251778.315492377,746674.8933122087,-4505824.870054983
-4251832.603984456,746365.693268891,-4505824.870054983
-4252698.161528398,741417.957246096,-4505824.870054983
-4205707.692588949,971769.5347647358,-4506138.787898269
-4212046.439327528,943916.318932468,-4506138.787898269
-4216662.679852457,923075.8736627364,-4506138.787898269
-4248601.807279021,762689.9156171943,-4506138.787898269
-4248657.260411574,762380.9466078975,-4506138.787898269
-4251509.85464104,746309.0379252104,-4506138.787898269
-4251564.116528072,745999.8574058858,-4506138.787898269
-4251835.088665705,744453.8958121089,-4506138.787898269
-4252321.4218908,741670.9170025003,-4506138.787898269
-4205811.979952562,969860.7193746776,-4506452.681910856
-4251078.4998446535,746870.6808122689,-4506452.681910856
-4251782.681609529,742851.4347187729,-4506452.681910856
-4216424.710380909,921096.0355523379,-4506766.552083549
-4251351.761962561,743413.3716034376,-4506766.552083549
-4205314.254432584,969101.8024729895,-4507080.398429755
-4216238.422212458,920412.8688527123,-4507080.398429755
-4247744.945288966,761898.3933979074,-4507080.398429755
-4250758.334941395,744902.5842461138,-4507080.398429755
-4250812.494537213,744593.4584567575,-4507080.398429755
-4250866.63166562,744284.3286554329,-4507080.398429755
-4250920.746313328,743975.1949179627,-4507080.398429755
-4205206.159367529,968110.786145664,-4507394.220940278
-4205768.671699876,965664.1326993803,-4507394.220940278
-4204675.423903857,968954.5859323444,-4507708.019605928
-4204745.877140264,968648.8107938603,-4507708.019605928
-4204816.308156792,968343.0304592963,-4507708.019605928
-4205589.58153672,964979.1094371976,-4507708.019605928
-4208724.9434085945,951211.2072041272,-4507708.019605928
-4208794.106316183,950905.1375497811,-4507708.019605928
-4208932.365339814,950292.9832295954,-4507708.019605928
-4209139.586940704,949374.7140244705,-4507708.019605928
-4209346.608201401,948456.399632459,-4507708.019605928
-4205550.565263852,963682.4912085049,-4508021.794440113
-4206110.501260522,961235.6381444146,-4508021.794440113
-4206250.262839644,960623.8739560659,-4508021.794440113
-4206320.110245512,960317.9843141112,-4508021.794440113
-4206389.935423032,960012.0895201031,-4508021.794440113
-4209233.609883787,947466.0512533623,-4508021.794440113
-4209302.500434582,947159.9446176502,-4508021.794440113
-4209371.3687244905,946853.8329728831,-4508021.794440113
-4209577.840008746,945935.4680739236,-4508021.794440113
-4205371.110435428,962997.628914364,-4508335.545433638
-4205441.130484727,962691.8031264913,-4508335.545433638
-4205651.057171564,961774.29529558,-4508335.545433638
-4205720.988256783,961468.4491526394,-4508335.545433638
-4206140.107640811,959633.2657192235,-4508335.545433638
-4206209.8830079185,959327.3840905994,-4508335.545433638
-4207739.31281767,952596.7064546632,-4508335.545433638
-4206238.741493535,957725.1100639134,-4508649.272577315
-4206377.992468946,957113.3273343226,-4508649.272577315
-4206447.584597061,956807.4283394759,-4508649.272577315
-4206517.154462695,956501.5243579703,-4508649.272577315
-4206864.670157994,954971.9283123065,-4508649.272577315
-4206934.106541217,954665.9940043414,-4508649.272577315
-4207003.520692747,954360.0545742062,-4508649.272577315
-4247523.587179822,748156.8042267534,-4509590.3109529
-4247577.98343771,747847.9136662515,-4509590.3109529
-4247632.35724535,747539.0190766231,-4509590.3109529
-4247686.7085893955,747230.1205336363,-4509590.3109529
-4247091.749530046,748717.6360473171,-4509903.94271824
-4247309.362977419,747482.1754522439,-4509903.94271824
-4246768.749350189,748660.6945105273,-4510217.550632969
-4246931.980709532,747734.1754854872,-4510217.550632969
-4246986.346247606,747425.3278748074,-4510217.550632969
-4213248.937719801,917192.6034449072,-4510531.1346879
-4245900.203901213,751691.653221404,-4510531.1346879
-4245954.857224826,751382.8807072977,-4510531.1346879
-4246009.488106835,751074.1041454023,-4510531.1346879
-4246445.726719059,748603.7490158142,-4510531.1346879
-4246500.155495594,748294.9367642277,-4510531.1346879
-4246554.561814524,747986.1205552833,-4510531.1346879
-4245577.200305249,751634.4688563962,-4510844.694896423
-4245631.849471152,751325.7198319216,-4510844.694896423
-4244871.030523477,753738.2482358777,-4511158.231249361
-4212020.394026905,918208.530650464,-4511471.743737531
-4244548.011187379,753680.8914806816,-4511471.743737531
-4244224.969396251,753623.5307382701,-4511785.232374318
-4243682.522095215,754800.6351586899,-4512098.697150543
-4243847.093055247,753874.7892978612,-4512098.697150543
-4243901.905159552,753566.1660103226,-4512098.697150543
-4244066.206794974,752640.2723169144,-4512098.697150543
-4243194.691723717,755668.9119206248,-4512412.138057023
-4242761.667757027,756228.4673922751,-4512725.55510715
-4242218.433133232,757404.9226050611,-4513038.948291744
-4214844.462690329,895732.6680035345,-4513352.317601623
-4214909.591068194,895426.1534718557,-4513352.317601623
-4214974.697155521,895119.6342047157,-4513352.317601623
-4209375.131688708,919556.0248959841,-4513665.663050175
-4214653.6257636715,895051.4493809681,-4513665.663050175
-4214718.704586805,894744.9488027047,-4513665.663050175
-4241296.572853346,758831.7753654559,-4513665.663050175
-4209121.295932187,919179.8749238283,-4513978.9846282145
-4209388.496441617,917955.4522741389,-4513978.9846282145
-4214397.605947742,894676.782596249,-4513978.9846282145
-4214339.914600527,891782.3481693345,-4514605.556158634
-4214534.371032462,890862.9006124324,-4514605.556158634
-4214599.145271641,890556.408644134,-4514605.556158634
-4214728.626867432,889943.4106535995,-4514605.556158634
-4215245.661671117,887491.2304154991,-4514605.556158634
-4213304.036042205,895085.0652634264,-4514918.806115215
-4213888.965382867,892327.2727041817,-4514918.806115215
-4214277.915460874,890488.5319002811,-4514918.806115215
-4214342.662475868,890182.0585829495,-4514918.806115215
-4214988.906692657,887117.0670464045,-4514918.806115215
-4213047.934516068,894710.4542705655,-4515232.032187145
-4214732.097320243,886742.9409528172,-4515232.032187145
-4214796.571946954,886436.4346163503,-4515232.032187145
-4214861.024268258,886129.9236655289,-4515232.032187145
-4208251.143569002,915463.5704646223,-4515545.234387799
-4210304.254223331,905974.2397367418,-4515545.234387799
-4210370.127401375,905668.0553512829,-4515545.234387799
-4210435.9782970855,905361.8662496859,-4515545.234387799
-4212856.805290404,894029.5153494511,-4515545.234387799
-4214604.106070136,885755.87228897,-4515545.234387799
-4238583.078574528,762800.5782767367,-4515545.234387799
-4238638.539781187,762492.3378495398,-4515545.234387799
-4207597.1327361055,916923.7509003781,-4515858.412708007
-4210640.891105053,902843.332216816,-4515858.412708007
-4210968.895842581,901312.2403588177,-4515858.412708007
-4212665.544836826,893348.6462288778,-4515858.412708007
-4212730.499849484,893042.2901588912,-4515858.412708007
-4214282.735536598,885688.3319387739,-4515858.412708007
-4238259.879604678,762742.4134710623,-4515858.412708007
-4207142.85430782,917465.7375703718,-4516171.567138598
-4210188.428261024,903386.8355836619,-4516171.567138598
-4210975.17877515,899712.4095556781,-4516171.567138598
-4212409.225414207,892974.1842932396,-4516171.567138598
-4212474.1531959,892667.846864321,-4516171.567138598
-4208879.429434509,907909.6452778297,-4516484.697692944
-4208945.443362995,907603.564503442,-4516484.697692944
-4209011.435032482,907297.4789291987,-4516484.697692944
-4210784.7947935965,899031.3606546355,-4516484.697692944
-4212152.851523309,892599.7596400831,-4516484.697692944
-4213253.131028484,887391.700087485,-4516484.697692944
-4213704.3157291645,885246.8102799872,-4516484.697692944
-4213833.025084674,884633.9424932862,-4516484.697692944
-4237502.450136724,763242.3996285464,-4516484.697692944
-4206501.041992385,917325.7754084597,-4516797.804361874
-4207299.957928729,913654.5619240704,-4516797.804361874
-4208756.315088629,906922.1988204599,-4516797.804361874
-4208822.257208302,906616.1270018137,-4516797.804361874
-4210724.894729065,897737.9659013296,-4516797.804361874
-4211831.52757476,892531.6676953338,-4516797.804361874
-4213382.873427217,885179.2792547499,-4516797.804361874
-4213447.234329356,884872.8711142938,-4516797.804361874
-4206446.743395821,916032.2201157153,-4517110.88713622
-4208567.055420624,906240.9024887437,-4517110.88713622
-4211510.1813596655,892463.571032068,-4517110.88713622
-4213061.408850523,885111.7435498657,-4517110.88713622
-4213125.764842177,884805.358787148,-4517110.88713622
-4205925.829201464,916879.9327592338,-4517423.946029352
-4206857.132698704,912597.368450427,-4517423.946029352
-4210343.272308664,896376.2720898885,-4517423.946029352
-4213318.279718428,882286.7819655589,-4517423.946029352
-4206602.42227364,912221.8102723162,-4517736.981032101
-4210282.493345128,895083.1785071645,-4517736.981032101
-4210607.6764349425,893552.2174792548,-4517736.981032101
-4210802.519081281,892633.5841282823,-4517736.981032101
-4213060.872093061,881913.0672880502,-4517736.981032101
-4213124.9954858385,881606.6824992925,-4517736.981032101
-4205483.730317,915822.506059552,-4518049.992135303
-4206546.491147142,910928.5846782172,-4518049.992135303
-4206612.724625282,910622.6735519237,-4518049.992135303
-4207801.122619012,905115.4517808062,-4518049.992135303
-4207998.488038505,904197.4304497031,-4518049.992135303
-4205229.265764703,915446.7811809011,-4518362.9793523215
-4214711.741078455,870747.3378850105,-4518362.9793523215
-4214775.052472048,870440.8330711841,-4518362.9793523215
-4214838.341575813,870134.3236540369,-4518362.9793523215
-4204974.74656813,915071.0933165953,-4518675.942673989
-4205041.2812862145,914765.2965532397,-4518675.942673989
-4214263.260940093,871293.8038284904,-4518675.942673989
-4214326.612074999,870987.3316276213,-4518675.942673989
-4214389.940907253,870680.8548940922,-4518675.942673989
-4214453.247466916,870374.3734824122,-4518675.942673989
-4214516.531738454,870067.887467763,-4518675.942673989
-4208671.245936036,896340.2407388756,-4518988.882091146
-4212158.705324896,879805.9585455803,-4518988.882091146
-4213814.688727267,871840.153126099,-4518988.882091146
-4213941.448162452,871227.2694281009,-4518988.882091146
-4214004.794459691,870920.8206302951,-4518988.882091146
-4214068.118455981,870614.3673001755,-4518988.882091146
-4214131.420181381,870307.9092922623,-4518988.882091146
-4214194.699620357,870001.4466817313,-4518988.882091146
-4234915.760888008,762776.4952585752,-4518988.882091146
-4208414.980971714,895965.7415254362,-4519301.797617153
-4213619.6130916765,871160.7304186325,-4519301.797617153
-4213682.954550913,870854.3050255114,-4519301.797617153
-4213746.273710902,870547.8751004225,-4519301.797617153
-4213809.5706017045,870241.4404978973,-4519301.797617153
-4213872.845207783,869935.0012931059,-4519301.797617153
-4211579.245609282,879365.2931139744,-4519614.689242848
-4213171.015664888,871706.976880174,-4519614.689242848
-4213234.396834267,871400.5841820708,-4519614.689242848
-4213297.755737183,871094.1868020325,-4519614.689242848
-4213361.092358081,870787.7848152166,-4519614.689242848
-4213424.406681436,870481.3782967789,-4519614.689242848
-4213487.698737305,870174.9671012623,-4519614.689242848
-4213550.968510153,869868.551303831,-4519614.689242848
-4211321.43050071,878991.8593749936,-4519927.556959065
-4212722.326194941,872253.1067418146,-4519927.556959065
-4212785.747096404,871946.7465983528,-4519927.556959065
-4212849.14571856,871640.3818436045,-4519927.556959065
-4212912.522045864,871334.0125527165,-4519927.556959065
-4212975.876108404,871027.6385802514,-4519927.556959065
-4213039.20789063,870721.2600013603,-4519927.556959065
-4213102.517377016,870414.8768911939,-4519927.556959065
-4213165.804597617,870108.4891043057,-4519927.556959065
-4213229.069536899,869802.0967158546,-4519927.556959065
-4210999.654995546,878924.6980209497,-4520240.400779164
-4211063.561058076,878618.4632095394,-4520240.400779164
-4212400.443651183,872186.4602773532,-4520240.400779164
-4212463.859706829,871880.1235420285,-4520240.400779164
-4212527.25348487,871573.7821957698,-4520240.400779164
-4212590.624969764,871267.436313718,-4520240.400779164
-4212653.974191593,870961.0857504467,-4520240.400779164
-4212717.301134812,870654.7305811014,-4520240.400779164
-4212780.605783894,870348.3708808271,-4520240.400779164
-4210741.758399449,878551.3206092723,-4520553.2206939915
-4212268.705615385,871200.8554670232,-4520553.2206939915
-4212332.04999617,870894.5283145659,-4520553.2206939915
-4212395.372100046,870588.1965563867,-4520553.2206939915
-4212458.671911489,870281.8602676245,-4520553.2206939915
-4210483.807523593,878177.9806391994,-4520866.016694377
-4210225.802342641,877804.6781889038,-4521178.788793686
-4209645.836495163,877364.322387459,-4521804.261252418
-4209323.907865435,877297.2267919983,-4522116.961616046
-4209001.95697471,877230.1265569539,-4522429.638064468
-4208679.983832418,877163.021684291,-4522742.290588535
-4208357.98842481,877095.912171144,-4523054.919201596
-4208035.970761315,877028.7980194784,-4523367.523894492
-4207777.694183149,876655.6832961628,-4523680.104658074
-4207519.363332649,876282.6061399931,-4523992.661505688
-4202355.701246854,899149.0798906753,-4524305.194428181
-4227630.082104649,771625.8138204166,-4524305.194428181
-4227854.360094242,770396.0134257531,-4524305.194428181
-4208965.641967525,866050.1502036683,-4524617.703416402
-4202169.288777446,896872.3754272879,-4524930.188483692
-4206807.677799703,874857.6749131326,-4524930.188483692
-4208643.343210983,865983.8329869796,-4524930.188483692
-4226589.411083716,773659.3174414318,-4524930.188483692
-4226645.662005255,773351.9491157279,-4524930.188483692
-4226701.890574189,773044.576700152,-4524930.188483692
-4227430.8276809305,769048.3642280658,-4524930.188483692
-4206039.6363629475,876931.8898271478,-4525242.649620905
-4208321.022197042,865917.5111905378,-4525242.649620905
-4226209.446710744,773907.406984087,-4525242.649620905
-4226265.715661368,773600.0663632798,-4525242.649620905
-4227497.977551881,766837.5394089182,-4525242.649620905
-4228054.51964717,763763.0135998391,-4525242.649620905
-4205395.277082487,876797.5451108839,-4525867.5000909865
-4205522.757630131,876185.885914184,-4525867.5000909865
-4205713.811651701,875268.3623336806,-4525867.5000909865
-4205327.916680889,875507.1225989319,-4526179.889428049
-4205391.574240634,875201.3001835444,-4526179.889428049
-4226470.709650375,766968.6753737357,-4526179.889428049
-4204941.98701091,875745.8266637299,-4526492.254820922
-4204810.658273787,874761.3818285936,-4526804.596282955
-4204233.733118724,875917.3283177608,-4527116.913804997
-4203139.319111829,876327.192556553,-4528053.722707152
-4202816.950480468,876259.9807950004,-4528365.944445215
-4202239.50767056,877415.1834493743,-4528678.142242524
-4201917.114147443,877347.8686350445,-4528990.316089929
-4179543.8008146794,974052.2392995991,-4529926.693908745
-4179859.5332286344,971241.9635480772,-4530238.771932554
-4179930.1528903735,970937.9929927976,-4530238.771932554
-4180000.7504296205,970634.017375669,-4530238.771932554
-4180071.325879889,970330.0365523933,-4530238.771932554
-4180141.87922386,970026.0505975279,-4530238.771932554
-4206463.018858555,848649.2445376929,-4530238.771932554
-4206524.723255134,848343.339646358,-4530238.771932554
-4179609.2373071816,970863.4488925693,-4530550.826005697
-4179679.829426278,970559.4966132739,-4530550.826005697
-4179750.399458092,970255.5391282311,-4530550.826005697
-4179820.947385306,969951.5765119924,-4530550.826005697
-4201005.027886232,873650.9421122908,-4530550.826005697
-4179358.886318712,970484.9707180778,-4530862.856119036
-4179429.4509316985,970181.0365728753,-4530862.856119036
-4179499.9934417815,969877.097296871,-4530862.856119036
-4203205.8239219915,861360.8888201882,-4530862.856119036
-4218796.768523195,781431.7660161431,-4530862.856119036
-4218853.584693794,781124.9643668906,-4530862.856119036
-4218910.378539369,780818.1586602918,-4530862.856119036
-4218967.15008688,780511.3487507057,-4530862.856119036
-4219023.899322392,780204.5347133871,-4530862.856119036
-4179108.480310107,970106.5288885082,-4531174.862263433
-4179179.0174026866,969802.612954345,-4531174.862263433
-4201751.9947125865,866795.5598183211,-4531174.862263433
-4202695.021946969,862211.6446059663,-4531174.862263433
-4202757.712639156,861906.0136952586,-4531174.862263433
-4203195.925085208,859766.4700016293,-4531174.862263433
-4203258.437957942,859460.8026706805,-4531174.862263433
-4203320.928601751,859155.1307944751,-4531174.862263433
-4203383.39700132,858849.45444799,-4531174.862263433
-4203445.843186299,858543.7734861205,-4531174.862263433
-4218188.380938008,782905.5821180127,-4531174.862263433
-4218245.304275499,782598.8247816799,-4531174.862263433
-4218926.644310901,778917.4137965591,-4531174.862263433
-4219266.109524874,777076.4856864474,-4531174.862263433
-4177939.383896316,973678.326268278,-4531486.844452213
-4178858.0192543142,969728.1234812335,-4531486.844452213
-4201366.221333761,867034.5164941252,-4531486.844452213
-4201932.794191385,864284.5432237624,-4531486.844452213
-4201995.635631041,863978.9677383446,-4531486.844452213
-4202058.454848452,863673.3876837742,-4531486.844452213
-4202246.779148841,862756.6201946631,-4531486.844452213
-4202309.509458907,862451.0219529967,-4531486.844452213
-4202372.217560126,862145.4190769158,-4531486.844452213
-4202747.999416862,860311.7062751709,-4531486.844452213
-4205663.935591773,845941.9834830535,-4531486.844452213
-4205848.3914140845,845024.4298220505,-4531486.844452213
-4205909.832208305,844718.5696372713,-4531486.844452213
-4205971.250759579,844412.7049852019,-4531486.844452213
-4206032.647052852,844106.8359408643,-4531486.844452213
-4206094.02111727,843800.9623590643,-4531486.844452213
-4207621.1424955595,836152.6773149044,-4531486.844452213
-4207681.938098404,835846.6883089169,-4531486.844452213
-4207742.711463526,835540.6948091177,-4531486.844452213
-4219055.000228339,776403.1707848563,-4531486.844452213
-4200031.865469016,871855.4588388309,-4531798.802676239
-4201043.472003406,866967.9108247189,-4531798.802676239
-4201169.522949906,866356.8846030295,-4531798.802676239
-4202299.981841336,860856.8258883199,-4531798.802676239
-4205402.358906707,845571.1748659069,-4531798.802676239
-4207540.942915961,834864.555331027,-4531798.802676239
-4207601.6448587235,834558.5720872866,-4531798.802676239
-4207662.324549595,834252.5844299833,-4531798.802676239
-4177226.654395355,973832.504102039,-4532110.736926377
-4200720.700463589,866901.3005719535,-4532110.736926377
-4200846.741725435,866290.3212961898,-4532110.736926377
-4200972.694107497,865679.3237682469,-4532110.736926377
-4201726.542123197,862012.9543423944,-4532110.736926377
-4205017.754397293,845812.0083329418,-4532110.736926377
-4205079.252468038,845506.2085517151,-4532110.736926377
-4201152.763178481,863168.8174637811,-4532422.647215945
-4201966.913960417,859196.7184446056,-4532422.647215945
-4207137.016113364,833512.4921995751,-4532422.647215945
-4176584.6554608434,973682.835558349,-4532734.533535808
-4177079.771790383,971556.6008172253,-4532734.533535808
-4200452.889809383,864935.3553786103,-4532734.533535808
-4201581.488537907,859436.2359520978,-4532734.533535808
-4206874.28117266,833142.5033569766,-4532734.533535808
-4216283.343922522,784138.0058723285,-4532734.533535808
-4176334.414602477,973304.2845045893,-4533046.39587684
-4176688.0419321423,971785.6621750757,-4533046.39587684
-4198804.329450364,871282.1447825502,-4533046.39587684
-4199626.151512231,867312.2623153516,-4533046.39587684
-4200130.022588721,864868.8722441557,-4533046.39587684
-4203185.207067223,849896.75132881,-4533046.39587684
-4203247.002193732,849591.0848033935,-4533046.39587684
-4199303.30080707,867245.5867672478,-4533358.2342523495
-4202118.86470528,853498.7796267961,-4533358.2342523495
-4199798.370730945,863208.8595180688,-4533670.048653211
-4202353.44600805,850682.904946995,-4533670.048653211
-4206025.235249555,832338.639250102,-4533670.048653211
-4205822.803352747,831662.93038637,-4533981.839070288
-4201273.593157881,852690.855118572,-4534293.6055168975
-4205296.741701277,830923.3732855956,-4534605.347983913
-4204973.219525755,830859.4486320148,-4534917.066462198
-4204649.675104477,830795.5195829016,-4535228.760965073
-4209353.215983123,806626.0526463048,-4535228.760965073
-4196916.61191542,867389.1554589352,-4535540.431483401
-4211991.736518941,790947.9160321057,-4535540.431483401
-4203942.100585315,830973.3698238013,-4535852.078008056
-4210628.680936384,796399.4209603185,-4535852.078008056
-4211840.002198346,789968.1780374683,-4535852.078008056
-4208439.9982011635,806133.7750843567,-4536163.7005523555
-4203294.865406278,830845.4339043894,-4536475.299107166
-4210442.958886106,793827.4060253716,-4536475.299107166
-4210500.676501397,793521.2119230549,-4536475.299107166
-4203031.619503707,830475.8084422766,-4536786.873663363
-4207674.702295717,806621.6353510845,-4536786.873663363
-4202768.3198218215,830106.2213434571,-4537098.424234254
-4202444.615132119,830042.2850861256,-4537409.950810712
-4206615.513183039,808638.8950154056,-4537409.950810712
-4206909.26448799,807109.2730535641,-4537409.950810712
-4202120.888225566,829978.3444406519,-4537721.453383619
-4201270.217287214,829175.4549061301,-4538655.817124346
-4201511.236889692,827953.3199238899,-4538655.817124346
-4204198.205552235,814199.497736706,-4538655.817124346
-4205260.388008627,808695.5191720034,-4538655.817124346
-4204051.671811905,813219.578513018,-4538967.223703938
-4202600.01840215,818964.4802444375,-4539278.606279219
-4203786.708443936,812851.18225041,-4539278.606279219
-4202692.317211664,816762.0448847522,-4539589.964841068
-4202870.407029695,815845.140224734,-4539589.964841068
-4183170.638823283,906822.0067335236,-4540523.896489325
-4183631.718503798,904692.4280319622,-4540523.896489325
-4183697.4985206006,904388.1834046007,-4540523.896489325
-4180830.394197806,909816.8884158487,-4542079.9689685255
-4183919.6672133096,892341.1172178288,-4542702.229821817
-4179729.687336938,910214.082939725,-4543013.324216918
-4179406.86475496,910143.7823025098,-4543324.3945788415
-4178372.081161202,910236.7136596831,-4544257.4615088245
-4190597.407492898,850524.0155442808,-4544568.435758916
-4175942.0150123653,916707.8671031252,-4545190.312148184
-4189254.223624568,852154.7750954147,-4545501.214291533
-4176301.943170078,910422.0094064388,-4546122.946452524
-4180558.9722042247,889081.8837745381,-4546433.776474333
-4187848.1152660367,854089.0349349034,-4546433.776474333
-4173994.026858215,917871.2141102508,-4546744.582452341
-4175125.577980304,912710.3100299219,-4546744.582452341
-4188946.7335524033,847017.6889539758,-4546744.582452341
-4173737.8163571456,917496.6777032748,-4547055.364377449
-4174802.5466637025,912639.6932286741,-4547055.364377449
-4175142.0283279824,909533.0633818363,-4547366.122262925
-4179717.9296468846,888267.6278486161,-4547366.122262925
-4179459.029348279,887894.9456408388,-4547676.856099673
-4186427.880498188,854433.6216950106,-4547676.856099673
-4172132.839776541,915553.6503082319,-4548919.550911558
-4173070.667736272,909717.6005027189,-4549230.164479999
-4183025.742024202,857859.3602124894,-4550161.860819754
-4176473.302317632,881231.260808251,-4551714.206757971
-4170688.810312823,906656.9662652274,-4552024.6037399825
-4176149.4123979104,881162.9203923884,-4552024.6037399825
-4169915.9353561476,905536.2715459042,-4552955.650231793
-4175561.603066003,879136.0224807446,-4552955.650231793
-4169724.015975545,904859.5531219307,-4553265.950910483
-4175365.406080416,878460.5318317771,-4553265.950910483
-4169334.6045831502,905092.5341400028,-4553576.2275017975
-4168945.1593171963,905325.4584435669,-4553886.480018981
-4174648.51741079,877041.6733520781,-4554196.70845295
-4174196.796516794,877580.7001381462,-4554506.91279462
-4174260.6049536834,877277.1416363976,-4554506.91279462
-4172012.756816763,886313.0404951798,-4554817.093057238
-4167650.4826063127,905044.3072789379,-4555127.249231722
-4171624.2803861354,886547.5771776151,-4555127.249231722
-4167392.5588655765,904670.9486241745,-4555437.381308985
-4173351.8805635455,876769.2660953966,-4555437.381308985
-4170847.2252327576,887016.4809541155,-4555747.489302274
-4172963.899620134,877004.6215289537,-4555747.489302274
-4170649.9981874996,884755.6643294756,-4556367.633000602
-4171356.417413892,881419.1011343136,-4556367.633000602
-4170711.472465021,882867.1683385012,-4556677.668709804
-4170775.6653385703,882563.8633555046,-4556677.668709804
-4171224.3979116934,880440.5975121865,-4556677.668709804
-4172246.013222018,875586.5626163781,-4556677.668709804
-4170515.627956372,882191.9736508797,-4556987.680321028
-4171858.0151641103,875821.8898345368,-4556987.680321028
-4164999.077211212,903199.9263535313,-4557917.5705430135
-4168384.7818815648,887443.3673837741,-4557917.5705430135
-4168707.189827468,885927.6412981176,-4557917.5705430135
-4168835.9986972176,885321.3179978475,-4557917.5705430135
-4164675.134196929,903129.6777649438,-4558227.485738506
-4168125.096202875,887071.23201116,-4558227.485738506
-4168640.467912184,884646.1651659993,-4558227.485738506
-4171196.1590098403,872516.355903761,-4558227.485738506
-4164285.4858144224,903362.2621247998,-4558537.376835262
-4170998.5350677874,871841.8460123747,-4558537.376835262
-4163895.8035922404,903594.7898828167,-4558847.243824206
-4170293.25065202,873593.7334039493,-4558847.243824206
-4162253.2783061964,909579.1917455805,-4559157.086696265
-4163506.0875621643,903827.2609630784,-4559157.086696265
-4166829.581439351,888379.3660757658,-4559157.086696265
-4166894.1751969317,888076.343304506,-4559157.086696265
-4170286.1012519784,872009.4566756686,-4559157.086696265
-4167471.8240865176,883764.750042337,-4559466.905464673
-4167536.0822580256,883461.6805780707,-4559466.905464673
-4167600.318389528,883158.6064416212,-4559466.905464673
-4169834.694974326,872548.0815180151,-4559466.905464673
-4161803.7292116806,908529.6718100576,-4559776.700120354
-4162660.7811033293,904594.7526399661,-4559776.700120354
-4161479.751486593,908458.9468563118,-4560086.470654236
-4161155.7517457586,908388.2170964866,-4560396.217079548
-4161359.463508935,905896.6552001284,-4560705.939387217
-4164690.647152704,890456.707514153,-4560705.939387217
-4164755.3919844846,890153.8402851034,-4560705.939387217
-4167887.030716527,872140.5280210786,-4561325.3116356535
-4158821.102653587,908195.4147204242,-4562563.7666561995
-4165309.905330341,876344.9420144446,-4562873.320087097
-4165373.6239238554,876042.0297889811,-4562873.320087097
-4165437.3204735173,875739.1130032712,-4562873.320087097
-4157914.544299265,907680.6553446043,-4563492.35456989
-4164820.50334711,868970.0682824606,-4564730.133899341
-4164883.6856259247,868667.1916668155,-4564730.133899341
-4154328.0148539525,911646.4706768547,-4565967.526987249
-4154737.0838619727,906670.47500693,-4566586.078651406
-4158280.4581256364,872655.7545232985,-4569986.385720183
-4158588.657447582,869563.5137910057,-4570295.359561761
-4157629.9067717167,872519.2299698617,-4570604.30924076
-4156011.107814973,873757.3515512383,-4571839.866216742
-4155749.261547433,873386.733257962,-4572148.69501386
-4152207.4755881475,882105.5559914676,-4573692.476299526
-4144959.6183946263,914014.8523175063,-4574001.15999339
-4150463.2102416265,887099.1013467872,-4574309.8195050685
-4145256.4797012825,903338.4138039298,-4575852.754147661
-4149287.274187268,884639.2985996371,-4575852.754147661
-4142360.3009224897,913441.6706718088,-4576469.758626362
-4144545.9260380985,900342.5549523125,-4577086.666287077
-4144873.0258366754,898835.4960662046,-4577086.666287077
-4144613.0695944927,898463.5496392047,-4577395.08381309
-4139277.99563899,918129.5672683088,-4578320.19113196
-4140818.949225943,908050.7339823126,-4578936.808282632
-4140427.636452756,908280.5071442144,-4579245.080538942
-4140823.5544352257,906473.8183722292,-4579245.080538942
-4137576.7634785804,919646.5827157005,-4579553.328570533
-4140036.2902882155,908510.2233190017,-4579553.328570533
-4140827.538512969,904897.0146216536,-4579553.328570533
-4139512.69605574,909341.9599512621,-4579861.552390567
-4139258.3702528956,907393.0246924239,-4580477.927359859
-4139719.746286418,905285.7997204198,-4580477.927359859
-4138470.5715745664,909428.5189669818,-4580786.078513251
-4136258.5970648057,908627.120072377,-4582942.458167728
-4132880.3961005355,920810.7824903746,-4583558.348529813
-4132947.3484272286,920510.2284879808,-4583558.348529813
-4132639.352350335,917287.71617938,-4584482.002271556
-4132388.150882105,915340.2146237035,-4585097.650207879
-4132594.375017296,912864.0109539846,-4585405.437808135
-4130391.056645089,885322.031000997,-4592785.061442625
-4199531.754586079,69179.03197606921,-4614839.900121998
-4199536.7743230425,68873.63320164947,-4614839.900121998
-4199541.771849569,68568.23413628507,-4614839.900121998
-4199191.146833006,69478.87818779636,-4615145.32792252
-4199196.188376304,69173.50418227866,-4615145.32792252
-4199245.382392305,66119.74449313655,-4615145.32792252
-4198860.5999671435,69167.9760227969,-4615450.731308533
-4198865.61890187,68862.62605615148,-4615450.731308533
-4198519.948606813,69467.77269195992,-4615756.110293075
-4198524.989344271,69162.44749738787,-4615756.110293075
-4198530.007877839,68857.12193705222,-4615756.110293075
-4198204.34430702,68241.01413149977,-4616061.464867205
-4198238.5387383755,66103.8911101879,-4616061.464867205
-4197873.639217893,67930.28027311193,-4616366.795021984
-4197878.568146267,67625.00215682041,-4616366.795021984
-4197898.061858374,66403.88591165809,-4616366.795021984
-4197902.879785324,66098.60595007184,-4616366.795021984
-4070004.9888129584,962577.1999319453,-4630993.902523389
-4070074.978645738,962281.2182481213,-4630993.902523389
-4070144.9469371457,961985.231546312,-4630993.902523389
-4069677.2438168493,962499.6865476832,-4631298.034520657
-4069747.2280135625,962203.7286983547,-4631298.034520657
-4075301.058306153,935396.1763398354,-4631906.225028478
-4072691.7406212306,940722.9279131907,-4633122.312088691
-4071104.6935329116,941603.8498877902,-4634338.00711286
-4070776.3323164186,941527.9033796851,-4634641.869595745
-4061667.6831415095,969967.0612135893,-4636768.220634341
-4061198.5920654596,970479.4230819944,-4637071.886997222
-4061269.156570522,970184.0818674512,-4637071.886997222
-4061339.6996145104,969888.7354512109,-4637071.886997222
-4060941.157270264,970105.7271247079,-4637375.528829674
-4061011.694617001,969810.4045614589,-4637375.528829674
-4061082.2104870877,969515.0768693681,-4637375.528829674
-4060542.583379138,970322.6607575215,-4637679.146144667
-4060613.1364858593,970027.3672496831,-4637679.146144667
-4060683.6681349725,969732.0685409878,-4637679.146144667
-4060754.1783091696,969436.7647038649,-4637679.146144667
-4060143.977923568,970539.53648869,-4637982.738933308
-4060214.5468199234,970244.2718968147,-4637982.738933308
-4060285.094226914,969949.0022446715,-4637982.738933308
-4060355.6201780303,969653.7273920914,-4637982.738933308
-4060426.1246559657,969358.4474114983,-4637982.738933308
-4060496.607643433,969063.1623753253,-4637982.738933308
-4059533.4581409898,971642.0301727118,-4638286.307186709
-4059604.1072145686,971346.8099761781,-4638286.307186709
-4059674.7348189414,971051.5846426754,-4638286.307186709
-4059745.34093679,970756.3542446276,-4638286.307186709
-4060098.049537082,969280.1249945618,-4638286.307186709
-4059769.952938511,969201.7974497111,-4638589.85091783
-4059512.300771514,968828.2513232501,-4638893.370117781
-4061510.3820513827,885707.1764280662,-4653735.726715974
-4061115.2972235945,885930.4013610727,-4654038.017313645
-4061179.713166956,885635.0663565883,-4654038.017313645
-4060784.612106835,885858.2625576224,-4654340.283298454
-4049154.1779987896,931564.818137,-4655549.101062551
-4049221.9126024796,931270.3528490483,-4655549.101062551
-4049289.6257756194,930975.8827067522,-4655549.101062551
-4049357.317550354,930681.4075703204,-4655549.101062551
-4048824.225445598,931488.9079155818,-4655851.243959056
-4048891.954529813,931194.4666226597,-4655851.243959056
-4048959.6621852242,930900.0204757885,-4655851.243959056
-4049027.348443974,930605.5693351887,-4655851.243959056
-4048494.2514802143,931412.9927679881,-4656153.362233104
-4048561.975044596,931118.5754716526,-4656153.362233104
-4047533.4664090304,924995.5305093821,-4658267.500566768
-4026518.938223126,894654.8205314912,-4682343.215979611
-4026583.9887000755,894362.0014926352,-4682343.215979611
-4026649.0178980595,894069.1776536742,-4682343.215979611
-4026714.0258011194,893776.3490864286,-4682343.215979611
-4026779.0123933177,893483.5158627289,-4682343.215979611
-4026843.9777055024,893190.6778435665,-4682343.215979611
-4026121.4578711335,894873.7514700879,-4682643.16122844
-4026186.524285852,894580.9612659676,-4682643.16122844
-4026576.4755889187,892824.1208852121,-4682643.16122844
-4025723.9456731505,895092.6245934188,-4682943.081720327
-4025789.028005824,894799.863296623,-4682943.081720327
-4026308.920138057,892457.6029058449,-4682943.081720327
-4025326.4016611944,895311.4398283693,-4683242.977446482
-4025391.4998919927,895018.707511471,-4683242.977446482
-4025456.5768501433,894725.970391012,-4683242.977446482
-4025976.42604949,892383.9034249684,-4683242.977446482
-4026041.3113977183,892091.1237744442,-4683242.977446482
-4011200.9479268887,955140.483159,-4683542.848398125
-4011270.397101813,954848.7778457059,-4683542.848398125
-4024928.8258204055,895530.1973126035,-4683542.848398125
-4024993.9399763695,895237.4938374043,-4683542.848398125
-4025059.0328305434,894944.7856979936,-4683542.848398125
-4025124.1044138265,894652.0727554191,-4683542.848398125
-4025189.15471025,894359.3550814807,-4683542.848398125
-4025708.790666726,892017.4437573642,-4683542.848398125
-4010869.604312385,955061.5841698551,-4683842.694588064
-4010939.047750489,954769.9029527592,-4683842.694588064
-4024400.8942010603,896334.2318062632,-4683842.694588064
-4024466.0668294644,896041.56672121,-4683842.694588064
-4024531.2181588546,895748.8969676855,-4683842.694588064
-4024596.34822016,895456.222406752,-4683842.694588064
-4024661.4569973964,895163.5431102036,-4683842.694588064
-4024726.5444746017,894870.8591498291,-4683842.694588064
-4024791.6106826733,894578.1703866875,-4683842.694588064
-4024856.6556056435,894285.476892573,-4683842.694588064
-4024921.6792275654,893992.7787392774,-4683842.694588064
-4025376.248637804,891943.7590210839,-4683842.694588064
-4023938.0131485765,896845.4471472184,-4684142.516007512
-4024003.222939188,896552.8157927095,-4684142.516007512
-4024068.4114645203,896260.1796265525,-4684142.516007512
-4024133.5787085765,895967.5387205239,-4684142.516007512
-4024198.7246553786,895674.8931464098,-4684142.516007512
-4024328.952734017,895089.5876489341,-4684142.516007512
-4024394.0348339095,894796.9278691437,-4684142.516007512
-4024459.0956664253,894504.2632869829,-4684142.516007512
-4024524.1352155986,894211.59397424,-4684142.516007512
-4024589.1534654833,893918.9200027011,-4684142.516007512
-4025043.685320695,891870.0695677627,-4684142.516007512
-4023409.7790033235,897649.1350724611,-4684442.312647697
-4023475.0472411574,897356.5421300918,-4684442.312647697
-4023540.294216519,897063.9443718333,-4684442.312647697
-4023605.519913398,896771.3418694526,-4684442.312647697
-4023801.0693140477,895893.5059832924,-4684442.312647697
-4023866.209877917,895600.8845901355,-4684442.312647697
-4024061.503918199,894722.9918581011,-4684442.312647697
-4024126.5593748153,894430.3514584684,-4684442.312647697
-4024191.5935498476,894137.7063286443,-4684442.312647697
-4024646.2368151317,892089.0583152032,-4684442.312647697
-4024711.100725134,891796.3753995573,-4684442.312647697
-4023077.280657553,897574.9525086937,-4684742.084521414
-4023142.5435015587,897282.3837464787,-4684742.084521414
-4023207.78508485,896989.8101687726,-4684742.084521414
-4023273.0053914166,896697.2318473362,-4684742.084521414
-4023338.2044052677,896404.6488539401,-4684742.084521414
-4023403.3821573537,896112.0610496913,-4684742.084521414
-4023468.5386316804,895819.4685063541,-4684742.084521414
-4023533.673812273,895526.8712957029,-4684742.084521414
-4023663.8803690383,894941.6625275245,-4684742.084521414
-4023728.9517132724,894649.0511135446,-4684742.084521414
-4023794.0017936453,894356.4348979881,-4684742.084521414
-4024248.756470744,892307.9891817783,-4684742.084521414
-4024313.636287332,892015.3352413772,-4684742.084521414
-4022548.861010677,898378.3705953024,-4685041.831619889
-4022614.1822822834,898085.8402587163,-4685041.831619889
-4022679.4822959825,897793.3051024008,-4685041.831619889
-4022744.7610357516,897500.7651981039,-4685041.831619889
-4022810.018485584,897208.2206175905,-4685041.831619889
-4022875.254676459,896915.6712219839,-4685041.831619889
-4022940.4695923678,896623.1170830391,-4685041.831619889
-4023005.6632173215,896330.5582725209,-4685041.831619889
-4023070.835582267,896037.9946515475,-4685041.831619889
-4023135.9866712126,895745.4262918776,-4685041.831619889
-4023201.116468183,895452.8532652792,-4685041.831619889
-4023266.225004099,895160.2754328606,-4685041.831619889
-4023331.3122629793,894867.6928663924,-4685041.831619889
-4023396.3782288684,894575.1056376395,-4685041.831619889
-4023851.244272778,892526.8623051001,-4685041.831619889
-4023916.1400228892,892234.2372017903,-4685041.831619889
-4022085.640727621,898889.1041885077,-4685341.553934341
-4022150.999157724,898596.6074666976,-4685341.553934341
-4022216.3363166903,898304.1059926616,-4685341.553934341
-4022281.6521885023,898011.5998381459,-4685341.553934341
-4022346.9468041644,897719.0888642996,-4685341.553934341
-4022412.2201476553,897426.5731428642,-4685341.553934341
-4022477.4722029692,897134.0527455988,-4685341.553934341
-4022542.7030010833,896841.5275336384,-4685341.553934341
-4022607.91252599,896548.9975787319,-4685341.553934341
-4022673.1007617014,896256.462952638,-4685341.553934341
-4022738.2677391623,895963.9235164868,-4685341.553934341
-4022803.4134423817,895671.3793420307,-4685341.553934341
-4022868.5378553867,895378.830501032,-4685341.553934341
-4022933.641009094,895086.2768546102,-4685341.553934341
-4022998.722887525,894793.7184745303,-4685341.553934341
-4023388.76732689,893038.2690142354,-4685341.553934341
-4023453.7002531923,892745.6776120686,-4685341.553934341
-4023518.6119170543,892453.0814183992,-4685341.553934341
-4021818.458586182,898522.3139283657,-4685641.25147757
-4021883.7903432483,898229.8366375607,-4685641.25147757
-4022144.9046395184,897059.8801273375,-4685641.25147757
-4022210.1300445264,896767.3791005709,-4685641.25147757
-4022275.334178086,896474.8733312503,-4685641.25147757
-4022340.51702421,896182.3628911285,-4685641.25147757
-4022405.6786138415,895889.847641347,-4685641.25147757
-4022470.8189309905,895597.3276536524,-4685641.25147757
-4022535.937959685,895304.802999801,-4685641.25147757
-4022991.175570696,893256.9975835771,-4685641.25147757
-4023056.124420022,892964.4350243008,-4685641.25147757
-4021942.7345583886,896400.7443427633,-4685940.924240801
-4022007.912014581,896108.2580901607,-4685940.924240801
-4022073.068216038,895815.7670282959,-4685940.924240801
-4022138.2031467715,895523.2712289097,-4685940.924240801
-4022658.516758488,893183.1346793736,-4685940.924240801
-4020367.8036427163,901882.4883301855,-4686240.572215258
-4020433.3797624167,901590.1165251065,-4686240.572215258
-4021610.1136766397,896326.6106154426,-4686240.572215258
-4021675.2857425557,896034.1485519052,-4686240.572215258
-4021740.4365554946,895741.6816795034,-4686240.572215258
-4022130.894741605,893986.7811599355,-4686240.572215258
-4022195.896664569,893694.2811601234,-4686240.572215258
-4022260.877300567,893401.7765042105,-4686240.572215258
-4019969.672285139,902100.2331665168,-4686540.195413738
-4020035.2642407455,901807.8903137937,-4686540.195413738
-4020100.8349364037,901515.5426918615,-4686540.195413738
-4020166.384356039,901223.1903724328,-4686540.195413738
-4021277.4715186385,896252.4721461228,-4686540.195413738
-4021342.6381939338,895960.0342731979,-4686540.195413738
-4021733.1916922,894205.3073051197,-4686540.195413738
-4019571.50927782,902317.9200245267,-4686839.793827461
-4019637.117049372,902025.6061966183,-4686839.793827461
-4019702.7035788307,901733.2875281936,-4686839.793827461
-4019768.2688501,901440.9640909545,-4686839.793827461
-4019833.8128471067,901148.6359566074,-4686839.793827461
-4020879.6255294015,896470.7379484845,-4686839.793827461
-4020944.8080941243,896178.3289369746,-4686839.793827461
-4021009.969378453,895885.9152562087,-4686839.793827461
-4021335.456879274,894423.7755342384,-4686839.793827461
-4019238.9382204465,902243.2641006161,-4687139.367447658
-4019304.540563747,901950.974458151,-4687139.367447658
-4019370.121666711,901658.6799755701,-4687139.367447658
-4019435.681513245,901366.3807245694,-4687139.367447658
-4020546.946241187,896396.5658083606,-4687139.367447658
-4020612.1234128387,896104.1809901694,-4687139.367447658
-4020677.279305857,895811.7915031085,-4687139.367447658
-4020937.690288007,894642.1859848252,-4687139.367447658
-4018840.727714941,902460.8641579075,-4687438.916287124
-4018906.34589936,902168.6034034034,-4687438.916287124
-4018971.942814061,901876.3379479279,-4687438.916287124
-4019037.518490184,901584.0676527373,-4687438.916287124
-4020214.245682339,896322.3889258665,-4687438.916287124
-4020279.417460575,896030.0283025407,-4687438.916287124
-4020344.5679619387,895737.6630107315,-4687438.916287124
-4020409.6972173573,895445.2929116492,-4687438.916287124
-4020474.8052108493,895152.9180770048,-4687438.916287124
-4018508.119570586,902386.1745014327,-4687738.440337082
-4018573.732324299,902093.9379350747,-4687738.440337082
-4018639.3238100545,901801.6966681345,-4687738.440337082
-4018175.490182344,902311.4800744833,-4688037.939588765
-4018241.0975050037,902019.2676978165,-4688037.939588765
-4004099.559239005,954064.9270187675,-4689834.414426022
-4004168.930199405,953773.738205804,-4689834.414426022
-4003698.3956431486,954277.0335037399,-4690133.740102918
-4003767.7820460754,953985.8737937724,-4690133.740102918
-4003837.147258441,953694.7091085325,-4690133.740102918
-4003906.491313173,953403.5393098001,-4690133.740102918
-4003366.603026462,954197.9511047424,-4690433.040976055
-4003435.9836792317,953906.8155236259,-4690433.040976055
-4003505.343143196,953615.6749676493,-4690433.040976055
-3902361.659088076,1101345.7533174523,-4743017.0791732315
-3902441.740898923,1101061.9626346237,-4743017.0791732315
-3902029.6938790493,1101252.0642888204,-4743311.93987764
-3901697.708026185,1101158.3694339723,-4743606.775504135
-3901365.7015392007,1101064.6687556503,-4743901.5860440815
-4040840.9102191655,82144.6917213654,-4754204.138225571
-4040846.873263777,81850.83330796215,-4754204.138225571
-4040852.814939813,81556.97439116376,-4754204.138225571
-4040513.058968059,81256.16336941984,-4754498.044612393
-4040518.957397943,80962.32880037803,-4754498.044612393
-4040524.8344609695,80668.49373264566,-4754498.044612393
-4040167.3613303625,81249.21126623018,-4754791.925848015
-4040173.259255589,80955.40183704435,-4754791.925848015
-4040179.135815787,80661.59190921062,-4754791.925848015
-4039815.7235314213,81536.0426618212,-4755085.781944985
-4039821.64231796,81242.25873318755,-4755085.781944985
-4039827.5397384986,80948.47444541211,-4755085.781944985
-4038402.7317330306,82976.53775268196,-4756260.954837714
-4038408.7552776304,82682.85664639366,-4756260.954837714
-4038056.9089917643,82969.43217761861,-4756554.685175816
-4038062.932020547,82675.77622028448,-4756554.685175816
-4037711.064886948,82962.32616360114,-4756848.39036594
-4037717.0873998813,82668.69535677478,-4756848.39036594
-4037723.0885608043,82375.06404228264,-4756848.39036594
-4037729.0683682384,82081.43229215016,-4756848.39036594
-4037735.0268207234,81787.8001784032,-4756848.39036594
-4037740.963921089,81494.16756164876,-4756848.39036594
-4037365.199428706,82955.21971083761,-4757142.070399488
-4037371.2214257577,82661.61405607189,-4757142.070399488
-4037377.222072629,82368.00789368388,-4757142.070399488
-4037383.2013678397,82074.40129569283,-4757142.070399488
-4037389.1593099306,81780.79433411846,-4757142.070399488
-4037013.2697948245,83241.69295247892,-4757435.725267857
-4037019.312627173,82948.11281953625,-4757435.725267857
-4037025.3341083117,82654.5323183833,-4757435.725267857
-4037031.3342410987,82360.95130965154,-4757435.725267857
-4037037.3130240547,82067.36986535408,-4757435.725267857
-4037043.270455721,81773.78805750443,-4757435.725267857
-4036667.3621529983,83234.56046720168,-4757729.3549835915
-4036673.4044675725,82941.00548939344,-4757729.3549835915
-4036679.4254327663,82647.45014340647,-4757729.3549835915
-4036685.4250514377,82353.89428988418,-4757729.3549835915
-4036691.4033221076,82060.3380008335,-4757729.3549835915
-4036697.3602433167,81766.7813482618,-4757729.3549835915
-4036327.4749600403,82933.89772061745,-4758022.959538087
-4036333.4954092572,82640.36753134891,-4758022.959538087
-4036339.4945137813,82346.83683458855,-4758022.959538087
-4036345.472272133,82053.30570233712,-4758022.959538087
-4035981.5241147066,82926.7895134164,-4758316.538922745
-4035987.544047915,82633.28448241804,-4758316.538922745
-4035993.54263826,82339.77894397134,-4758316.538922745
-4035999.5198842622,82046.27297007092,-4758316.538922745
-4036011.4103416908,81459.2597925606,-4758316.538922745
-4036017.3235544804,81165.75252161411,-4758316.538922745
-4035617.3656078544,83800.11798455284,-4758610.09315011
-4035623.4490522537,83506.63943359483,-4758610.09315011
-4035629.511155731,83213.16037057793,-4758610.09315011
-4035635.55191679,82919.68086748662,-4758610.09315011
-4035641.5713339583,82626.20099631122,-4758610.09315011
-4035647.569410092,82332.720617731,-4758610.09315011
-4035265.269361871,84086.38643317902,-4758903.622211578
-4035271.37362669,83792.93341619153,-4758903.622211578
-4035277.456549528,83499.48002649538,-4758903.622211578
-4035283.518133273,83206.02612478423,-4758903.622211578
-4035289.55837643,82912.5717830364,-4758903.622211578
-4035295.577277526,82619.11707323605,-4758903.622211578
-4035301.5748394174,82325.66185607437,-4758903.622211578
-4034900.8173173713,84959.4570771432,-4759197.126098557
-4034906.9850746477,84666.03056154978,-4759197.126098557
-4034913.131491855,84372.60366862218,-4759197.126098557
-4034919.2565719113,84079.17625907021,-4759197.126098557
-4034925.3603133066,83785.74840486393,-4759197.126098557
-4034931.442714551,83492.32017798096,-4759197.126098557
-4034937.503778532,83198.89143912689,-4759197.126098557
-4034560.951990131,84658.76961406886,-4759490.604823579
-4034567.0978802224,84365.36788539244,-4759490.604823579
-4034573.222434993,84071.96564013595,-4759490.604823579
-4034579.325652932,83778.5629502633,-4759490.604823579
-4034585.4075325504,83485.15988774589,-4759490.604823579
-4034214.8975688526,84651.50821887034,-4759784.058378048
-4034221.0429317956,84358.13165599674,-4759784.058378048
-4034227.1669612476,84064.7545765874,-4759784.058378048
-4034233.2696556984,83771.3770526,-4759784.058378048
-4034239.3510136586,83477.99915599983,-4759784.058378048
-4034245.4110380155,83184.6207475164,-4759784.058378048
-4034251.4497272745,82891.24189910947,-4759784.058378048
-4034257.467079963,82597.86268274472,-4759784.058378048
-4033862.6556506017,84937.59739444953,-4760077.486753375
-4033868.8218209427,84644.24637616676,-4760077.486753375
-4033874.9666567044,84350.89498064692,-4760077.486753375
-4033881.0901608057,84057.54306863563,-4760077.486753375
-4033887.192331736,83764.19071208443,-4760077.486753375
-4033893.273168006,83470.83798295242,-4760077.486753375
-4033899.332672503,83177.48474198107,-4760077.486753375
-4033516.5590903303,84930.30993505754,-4760370.889962087
-4033522.724731627,84636.98408564813,-4760370.889962087
-4033547.1739808186,83463.67636829794,-4760370.889962087
-4032854.911622373,83449.35181500648,-4760957.620845302
-4032860.969567097,83156.07408588039,-4760957.620845302
